id,address_raw,address_norm,community_area,primary_property_type_latest,year_built,of_buildings_latest,trusted_lat,trusted_lon,coord_source,footprint_ids,n_footprints,footprint_year_built,footprint_area_sqft,match_method,match_confidence,match_note
100001,1431 N Claremont Ave,1431 N CLAREMONT AVE,WEST TOWN,Mixed Use Property,1928,3,41.9076272,-87.6857858,row_2022,312873,1,,4940.2,coord_nearest,low,"year guard: address candidate 311900 built 1949, property built 1928; year guard: coord_nearest candidate 311240 built 1991, property built 1928; year guard: coord_nearest candidate 312911 built 1980, property built 1928; nearest footprint 52 m from the trusted coordinate"
100002,1147 N Western Ave,1147 N WESTERN AVE,WEST TOWN,,,,41.9026232,-87.6868693,row_2022,323537,1,1972,36980.5,T1,high,
100019,411 - 415 S Wells St,411-415 S WELLS ST,LOOP,Office,1908,1,41.8765621,-87.6335398,row_2022,814856,1,1908,4963,T1,high,
100068,555 W Roosevelt Rd,555 W ROOSEVELT RD,NEAR WEST SIDE,Other - Mall,2008,1,41.867122,-87.6414076,row_2022,888341,1,2008,50571.1,T1,high,
100148,7144 7148 S JEFFERY BLVD,7144-7148 S JEFFERY BLVD,SOUTH SHORE,,,,41.7647814,-87.5764175,row_2022,574786,1,1949,5988.6,coord_pip,medium,
100179,2875 W 19th St,2875 W 19TH ST,SOUTH LAWNDALE,Hospital (General Medical & Surgical),1897,1,41.8554029,-87.6987075,row_2022,,0,,,none,none,"year guard: address candidate 382002 built 1949, property built 1897; no footprint within 75 m of the trusted coordinate"
100211,73 E LAKE ST,73 E LAKE ST,LOOP,Multifamily Housing,2014,1,41.8856235,-87.6253738,row_2022,353177,1,1960,16195.9,T1,high,
100252,10426  S MICHIGAN AVE,10426 S MICHIGAN AVE,ROSELAND,Multifamily Housing,2011,1,41.7046087,-87.6207129,row_2022,892234,1,2011,14171.8,T1,high,
100256,4975 S Archer Ave,4975 S ARCHER AVE,ARCHER HEIGHTS,K-12 School,1973,2,41.8027603,-87.7224736,row_2022,457426,1,1963,9306.4,coord_nearest,medium,"year guard: coord_nearest candidate 456068 built 1978, property built 1973; nearest footprint 26 m from the trusted coordinate"
100303,6747 6759 S OGLESBY AVE,6747-6759 S OGLESBY AVE,SOUTH SHORE,,,1,41.7625923,-87.5723165,row_2018,556925,1,,16520.6,T1,high,
100317,5500 5518 S WABASH AVE,5500-5518 S WABASH AVE,WASHINGTON PARK,Multifamily Housing,1904,1,41.7942603,-87.6242244,row_2022,483580;483592;483607;483623;484871,5,1903,14578.5,T1_multi,high,
100320,4039 4051 N LAPORTE AVE,4039-4051 N LAPORTE AVE,PORTAGE PARK,Multifamily Housing,1934,1,41.9545834,-87.7509186,row_2022,150872,1,1934,20712.6,T1,high,
100332,6130 S Wolcott Ave,6130 S WOLCOTT AVE,WEST ENGLEWOOD,K-12 School,1919,1,41.7820428,-87.6716986,row_2022,521719,1,1917,109178.5,T1,high,
100334,860  N DEWITT PL,860 N DEWITT PL,NEAR NORTH SIDE,,,,41.8984835,-87.6203462,row_2022,331720,1,1961,7041.9,T1,high,
100346,2609 W BELMONT AVE,2609 W BELMONT AVE,AVONDALE,Multifamily Housing,2013,1,41.939309,-87.6933996,row_2022,848517,1,2006,5473.2,coord_nearest,medium,nearest footprint 25 m from the trusted coordinate
100372,2701 W 68th St,2701 W 68TH ST,CHICAGO LAWN,Hospital (General Medical & Surgical),1963,4,41.7699292,-87.6908413,row_2022,565206,1,,3906,coord_nearest,medium,nearest footprint 15 m from the trusted coordinate
100375,3600 3612 W FRANKLIN BLVD,3600-3612 W FRANKLIN BLVD,HUMBOLDT PARK,Multifamily Housing,1917,1,41.8900659,-87.7163882,row_2022,349400,1,,15352.5,T1,high,
100393,7601 S Cicero Ave,7601 S CICERO AVE,WEST LAWN,Retail Store,1965,1,41.7546601,-87.7413848,row_2022,598914,1,,916095.1,T1,high,
100395,7500 S Pulaski Ave,7500 S PULASKI AVE,WEST LAWN,,,,41.7568764,-87.7223217,row_2022,598129,1,,15343.6,T1_multi,medium,8 in-range footprints more than 60 m apart; nearest the trusted coordinate kept
100396,7740 S Western Ave,7740 S WESTERN AVE,ASHBURN,K-12 School,1960,1,41.7526695,-87.6830596,row_2022,608180,1,1961,148484.1,T1,high,
100397,3939 W 79th St,3939 W 79TH ST,ASHBURN,,,,41.7493482,-87.7210967,row_2022,621686,1,1956,131697.3,coord_nearest,medium,nearest footprint 7 m from the trusted coordinate
100417,4200 W 115th St,4200 W 115TH ST,MOUNT GREENWOOD,K-12 School,1963,2,41.6839918,-87.7250173,row_2022,781391;782433;782499,3,,185275.2,T1_multi,high,
100418,1744 W Pryor Ave,1744 W PRYOR AVE,MORGAN PARK,K-12 School,1914,2,41.6920604,-87.6656431,row_2022,768020,1,,109175.8,T1,high,
100429,875 N Michigan Ave,875 N MICHIGAN AVE,NEAR NORTH SIDE,Mixed Use Property,1970,1,41.8989485,-87.623975,row_2022,331204,1,1969,54428.4,T1,high,
100431,1100 N Clark St,1100 N CLARK ST,NEAR NORTH SIDE,,,,41.9019057,-87.6315371,row_2022,322966,1,1988,46588.5,T1,high,
100433,2233 W Division St,2233 W DIVISION ST,WEST TOWN,Hospital (General Medical & Surgical),1976,5,41.9029719,-87.6834849,row_2022,323484,1,1975,87274.4,T1,high,
100438,913 - 921 N Michigan Ave,913-921 N MICHIGAN AVE,NEAR NORTH SIDE,Multifamily Housing,1929,1,41.8996823,-87.6239935,row_2022,837491,1,1929,16090.1,T1,high,
100447,211 E Chicago Ave,211 E CHICAGO AVE,NEAR NORTH SIDE,Office,1965,1,41.8966531,-87.6222397,row_2022,815096,1,1965,16822.4,T1,high,
100448,198 E Delaware Pl,198 E DELAWARE PL,NEAR NORTH SIDE,Hotel,1989,1,41.8993517,-87.6219869,row_2022,813521,1,1990,13677.6,T1,high,
100469,5527 5537 S EVERETT AVE,5527-5537 S EVERETT AVE,HYDE PARK,,,,41.7944268,-87.5823727,row_2022,481766,1,1922,10772,T1,high,
100470,30 W Chicago,30 W CHICAGO,NEAR NORTH SIDE,,,,41.8967697,-87.6294484,row_2022,336598,1,1931,8165,T1,high,
100485,1900 1910 W FARWELL AVE,1900-1910 W FARWELL AVE,ROGERS PARK,Multifamily Housing,1915,1,42.0065933,-87.6781168,row_2022,13359,1,,10480.5,coord_nearest,medium,"year guard: coord_nearest candidate 13415 built 1969, property built 1915; year guard: coord_nearest candidate 13418 built 1969, property built 1915; year guard: coord_nearest candidate 13420 built 1969, property built 1915; year guard: coord_nearest candidate 13990 built 1930, property built 1915; year guard: coord_nearest candidate 14040 built 1929, property built 1915; year guard: coord_nearest candidate 14086 built 1919, property built 1915; nearest footprint 4 m from the trusted coordinate"
100489,4520 4528 S DREXEL BLVD,4520-4528 S DREXEL BLVD,KENWOOD,,,,41.8125431,-87.6045825,row_2022,437310,1,1922,18583.1,T1,high,
100507,4950 4952 S PRAIRIE AVE,4950-4952 S PRAIRIE AVE,GRAND BOULEVARD,,,,41.8041891,-87.6196051,row_2022,453972,1,1956,7089.9,T1,high,
100533,6201 S Stewart Ave,6201 S STEWART AVE,ENGLEWOOD,K-12 School,1979,1,41.7814927,-87.6349416,row_2022,522470,1,1977,99004.2,T1,high,
100572,8131 S May St,8131 S MAY ST,AUBURN GRESHAM,,,,41.745937,-87.6522549,row_2022,630551,1,1926,117837.7,T1,high,
100598,2345 S Christiana Ave,2345 S CHRISTIANA AVE,SOUTH LAWNDALE,,,,41.8485793,-87.7086695,row_2022,390324,1,1972,94814.9,T1,high,
100623,1345 1359 W ESTES AVE,1345-1359 W ESTES AVE,ROGERS PARK,,,,42.011475,-87.6646296,row_2022,7824,1,1930,19031.4,T1,high,
100631,6200 S Hamlin Ave,6200 S HAMLIN AVE,WEST LAWN,K-12 School,1929,3,41.7805076,-87.7180499,row_2022,531113,1,,88646.8,T1,high,
100637,510 534 W ADDISON ST,510-534 W ADDISON ST,LAKE VIEW,Multifamily Housing,1920,1,41.9485852,-87.6439742,row_2022,,0,,,none,none,"year guard: address candidate 815105 built 1926, property built 1920; year guard: coord_nearest candidate 172376 built 1961, property built 1920; year guard: coord_nearest candidate 815104 built 1959, property built 1920; year guard: coord_nearest candidate 846665 built 1979, property built 1920; no footprint within 75 m of the trusted coordinate"
100668,3245 W ARTHINGTON ST,3245 W ARTHINGTON ST,EAST GARFIELD PARK,,,,41.8699312,-87.7075638,row_2022,868769,1,,28783.9,T1,high,
100674,3301 W Arthington St,3301 W ARTHINGTON ST,NORTH LAWNDALE,Multifamily Housing,1909,2,41.869922,-87.7083341,row_2022,868774,1,,51723.7,coord_nearest,medium,"year guard: coord_nearest candidate 368985 built 1997, property built 1909; year guard: coord_nearest candidate 368993 built 1997, property built 1909; year guard: coord_nearest candidate 369002 built 1997, property built 1909; year guard: coord_nearest candidate 868767 built 1969, property built 1909; nearest footprint 4 m from the trusted coordinate"
100683,7000  S PARNELL AVE,7000 S PARNELL AVE,ENGLEWOOD,,,,41.7670166,-87.6385466,row_2022,570995,1,1973,7841.8,T1,high,
100729,801 S Canal St,801 S CANAL ST,NEAR WEST SIDE,Office,1989,1,41.8719961,-87.6392043,row_2022,367263,1,1989,113731.9,T1,high,
100730,525 W Van Buren,525 W VAN BUREN,NEAR WEST SIDE,Office,2000,1,41.8766468,-87.6406951,row_2022,815881,1,2000,37116.3,T1,high,
100733,840 S CANAL ST,840 S CANAL ST,NEAR WEST SIDE,,,,41.8708811,-87.6394603,row_2022,367970,1,1940,63572.7,T1,high,
100770,7419 7425 S COLFAX AVE,7419-7425 S COLFAX AVE,SOUTH SHORE,,,,41.7625923,-87.5723165,row_2019,588891;589475,2,,8798.2,T1_multi,high,
100851,600 W Chicago,600 W CHICAGO,NEAR NORTH SIDE,Office,1908,1,41.8965852,-87.6429962,row_2022,852412,1,,64238.4,coord_nearest,low,"year guard: address candidate 838072 built 2005, property built 1908; year guard: coord_nearest candidate 338617 built 2002, property built 1908; year guard: coord_nearest candidate 834545 built 2005, property built 1908; nearest footprint 31 m from the trusted coordinate"
100856,1901 W Madison St,1901 W MADISON ST,NEAR WEST SIDE,,,,41.8812415,-87.6742825,row_2022,357638,1,1994,200707.2,T1,high,
100858,2245 W. Ogden Ave.,2245 W OGDEN AVE,NEAR WEST SIDE,Courthouse,1993,1,41.8676164,-87.681036,row_2017,370877,1,1971,184569,T1,high,
100867,1653 W Congress Pkwy,1653 W CONGRESS PKWY,NEAR WEST SIDE,Hospital (General Medical & Surgical),1982,19,41.8750333,-87.668753,row_2022,837999,1,,93421.8,coord_nearest,medium,nearest footprint 13 m from the trusted coordinate
100878,1521 1523 W SHERWIN AVE,1521-1523 W SHERWIN AVE,ROGERS PARK,,,,42.0148405,-87.6689867,row_2022,4463,1,1932,5731.1,T1,high,
100946,6425 S Lowe,6425 S LOWE,ENGLEWOOD,Multifamily Housing,1966,1,41.7772212,-87.6406536,row_2022,538123,1,1966,14847.5,T1,high,
100947,7131 7143 S YATES BLVD,7131-7143 S YATES BLVD,SOUTH SHORE,Multifamily Housing,1930,1,41.7652478,-87.566349,row_2022,573771,1,1913,3316.7,coord_nearest,medium,"year guard: coord_nearest candidate 572662 built 1949, property built 1930; nearest footprint 26 m from the trusted coordinate"
100984,1604 1610 W SHERWIN AVE,1604-1610 W SHERWIN AVE,ROGERS PARK,,,,42.0150341,-87.6705378,row_2022,3811,1,1931,7560.1,T1,high,
101013,7320 7332 N DAMEN AVE,7320-7332 N DAMEN AVE,ROGERS PARK,,,,42.0146516,-87.6806358,row_2022,4281,1,,14487.5,T1,high,
101030,3750  S COTTAGE GROVE AVE,3750 S COTTAGE GROVE AVE,OAKLAND,Multifamily Housing,2012,1,41.8263706,-87.6082868,row_2022,894158,1,2013,16878.7,coord_nearest,medium,nearest footprint 4 m from the trusted coordinate
101032,5110  S DR MARTIN LUTHER KING JR DR,5110 S DR MARTIN LUTHER KING JR DR,WASHINGTON PARK,Multifamily Housing,1969,1,41.801795,-87.6162909,row_2022,459729,1,1968,5773.2,T1,high,
101038,2111 W Roosevelt Rd,2111 W ROOSEVELT RD,NEAR WEST SIDE,Office,2006,1,41.866602,-87.6792007,row_2022,836485,1,2005,97144.1,T1,high,
101039,3250 W Adams St,3250 W ADAMS ST,EAST GARFIELD PARK,,,,41.8784719,-87.7080161,row_2022,359058,1,1916,116191.7,T1,high,
101043,2935 W Polk St,2935 W POLK ST,EAST GARFIELD PARK,,,,41.8709116,-87.6998865,row_2022,368696,1,1928,75458.9,T1,high,
101086,1016  W HOLLYWOOD AVE,1016 W HOLLYWOOD AVE,EDGEWATER,,,,41.9856288,-87.6560035,row_2022,854525,1,1972,12035.1,T1,high,
101090,4554  S DREXEL BLVD,4554 S DREXEL BLVD,KENWOOD,Multifamily Housing,1966,1,41.8115845,-87.6045627,row_2022,438587,1,1968,6804.6,T1,high,
101177,6901 6921 S PAXTON AVE,6901-6921 S PAXTON AVE,SOUTH SHORE,,,,41.7697655,-87.5713594,row_2022,563649,1,,20249,coord_nearest,medium,nearest footprint 2 m from the trusted coordinate
101179,2211 N Oak Park Ave,2211 N OAK PARK AVE,MONTCLARE,Hospital (General Medical & Surgical),1981,1,41.9203362,-87.7949943,row_2022,278949,1,,110895.5,T1,high,
101181,1900 n. Austin,1900 N AUSTIN,AUSTIN,Distribution Center,1962,1,41.9155197,-87.7791739,row_2015,291467,1,,583682.4,T1,high,
101185,350 E Cermak,350 E CERMAK,NEAR SOUTH SIDE,Data Center,1912,1,41.8531181,-87.618622,row_2022,385215,1,,25840.2,coord_nearest,medium,"year guard: address candidate 838359 built 1924, property built 1912; year guard: coord_nearest candidate 385853 built 1998, property built 1912; year guard: coord_nearest candidate 871170 built 1959, property built 1912; nearest footprint 23 m from the trusted coordinate"
101199,4934 S Wabash Ave,4934 S WABASH AVE,GRAND BOULEVARD,,,,41.8045638,-87.6244841,row_2022,451927,1,,130071.6,T1,high,
101217,850  W EASTWOOD AVE,850 W EASTWOOD AVE,UPTOWN,Multifamily Housing,1992,1,41.9665285,-87.6517186,row_2022,109471,1,1972,15134,coord_nearest,medium,"year guard: coord_nearest candidate 844675 built 2006, property built 1992; year guard: coord_nearest candidate 844676 built 2006, property built 1992; year guard: coord_nearest candidate 844677 built 2006, property built 1992; nearest footprint 3 m from the trusted coordinate"
101226,1200  E 78TH ST,1200 E 78TH ST,AVALON PARK,Multifamily Housing,2009,1,41.7533209,-87.5954564,row_2022,892824,1,2010,14368.2,coord_nearest,medium,nearest footprint 21 m from the trusted coordinate
101263,900  W ARGYLE ST,900 W ARGYLE ST,UPTOWN,,,,41.9734547,-87.6526563,row_2022,83769,1,1933,4844,T1,high,
101283,4058 W Melrose St,4058 W MELROSE ST,IRVING PARK,,,,41.940083,-87.7295461,row_2022,208442,1,1927,35204.9,T1,high,
101329,340  E 38TH ST,340 E 38TH ST,DOUGLAS,,,,41.8257532,-87.6175174,row_2022,422881,1,1981,7433.1,T1,high,
101343,2015  S MORGAN ST,2015 S MORGAN ST,LOWER WEST SIDE,Multifamily Housing,2009,1,41.8548019,-87.651327,row_2022,892684,1,2010,14463.3,coord_nearest,medium,nearest footprint 8 m from the trusted coordinate
101356,3633 N California,3633 N CALIFORNIA,IRVING PARK,,,,41.9476802,-87.6979141,row_2022,170296,1,,139849.4,T1,high,
101363,1101 1123 E HYDE PARK BLVD,1101-1123 E HYDE PARK BLVD,HYDE PARK,Multifamily Housing,1923,1,41.8022301,-87.5990854,row_2022,864471,1,,17936.7,T1,high,
101368,2901 W ADDISON ST,2901 W ADDISON ST,AVONDALE,Strip Mall,1988,1,41.9465528,-87.7005358,row_2022,181629,1,1987,73255.5,T1,high,
101396,4640 N SHERIDAN RD,4640 N SHERIDAN RD,UPTOWN,,,,41.9666667,-87.6549419,row_2022,109551,1,,8705,T1,high,
101407,15 23 N ABERDEEN ST,15-23 N ABERDEEN ST,NEAR WEST SIDE,Multifamily Housing,2012,1,41.8821369,-87.6542244,row_2022,888182,1,2008,13728.8,T1,high,
101409,2715  N CICERO AVE,2715 N CICERO AVE,BELMONT CRAGIN,Senior Living Community,2008,1,41.9301266,-87.7463885,row_2022,892626,1,2010,10885.7,coord_nearest,medium,nearest footprint 7 m from the trusted coordinate
101410,2400  W BALMORAL AVE,2400 W BALMORAL AVE,LINCOLN SQUARE,,,,41.9720824,-87.7023494,row_2019,65718,1,1961,5038.9,T1,high,
101420,3400 N Austin Ave,3400 N AUSTIN AVE,DUNNING,K-12 School,1920,2,41.9421544,-87.7765058,row_2022,195009,1,,64821.4,T1,high,
101448,1401  W ROOSEVELT RD,1401 W ROOSEVELT RD,NEAR WEST SIDE,,,,41.866806,-87.6616918,row_2022,371160,1,,11511.7,coord_nearest,low,nearest footprint 35 m from the trusted coordinate
101471,701 709 W BROMPTON AVE,701-709 W BROMPTON AVE,LAKE VIEW,Multifamily Housing,1980,1,41.9464595,-87.6468736,row_2022,180628,1,,14734.1,coord_pip,medium,
101492,4300 N Narragansett,4300 N NARRAGANSETT,DUNNING,,,,41.9585483,-87.786919,row_2022,135539,1,,159900.9,T1_multi,medium,4 in-range footprints more than 60 m apart; nearest the trusted coordinate kept
101503,5604 5624 S WABASH AVE,5604-5624 S WABASH AVE,WASHINGTON PARK,,,,41.7926666,-87.6241807,row_2022,488049,1,1932,17360.6,T1,high,
101507,5148 N KEDZIE AVE,5148 N KEDZIE AVE,NORTH PARK,College/University,1958,1,41.9754098,-87.7088218,row_2022,79189,1,1958,70543.1,T1,high,
101508,5500 N. Saint Louis Avenue,5500 N ST LOUIS AVE,NORTH PARK,College/University,1961,19,41.9803988,-87.7202661,row_2014,60059;61163;63680;63936;69257;70363;70790;72073;887560,9,,224269.5,T1_multi,high,"year guard: address candidate 842829 built 2006, property built 1961; year guard: address candidate 887562 built 2008, property built 1961; year guard: address candidate 887563 built 2008, property built 1961; year guard: address candidate 887564 built 2008, property built 1961; year guard: address candidate 887565 built 2008, property built 1961; year guard: address candidate 887566 built 2007, property built 1961; year guard: address candidate 887567 built 2008, property built 1961; year guard: address candidate 887568 built 2008, property built 1961; year guard: address candidate 887569 built 2008, property built 1961"
101519,7430  S ROCKWELL ST,7430 S ROCKWELL ST,CHICAGO LAWN,Senior Living Community,2010,1,41.7581541,-87.6881061,row_2022,892815,1,2009,14498.6,T1,high,
101527,4041  W ROOSEVELT RD,4041 W ROOSEVELT RD,NORTH LAWNDALE,Multifamily Housing,2008,1,41.86604,-87.7267241,row_2022,888655,1,2009,14022.1,T1,high,
101537,4532 4542 S DREXEL BLVD,4532-4542 S DREXEL BLVD,KENWOOD,,,,41.8122047,-87.6045753,row_2022,437800,1,1914,19583.1,T1,high,
101545,849 863 W BUENA AVE,849-863 W BUENA AVE,UPTOWN,Multifamily Housing,1925,1,41.9583528,-87.651806,row_2022,138491,1,1926,15087.1,T1,high,
101547,2525 S Michigan Ave,2525 S MICHIGAN AVE,NEAR SOUTH SIDE,,,,41.846717,-87.6233697,row_2022,392736,1,1967,176813,T1,high,
101549,400 S LaSalle St,400 S LA SALLE ST,LOOP,,,,41.8768083,-87.6319163,row_2022,814836,1,1983,48477,T1,high,1 in-range footprint(s) on the same-named street of another type ignored
101551,301 E Cermak Rd,301 E CERMAK RD,ARMOUR SQUARE,Convention Center,1971,10,41.85284,-87.634931,row_2021,825900,1,,2764.6,coord_nearest,low,"year guard: coord_nearest candidate 858474 built 2006, property built 1971; nearest footprint 35 m from the trusted coordinate"
101557,2 E 8th St,2 E 8TH ST,LOOP,Multifamily Housing,1985,1,41.8719172,-87.6274928,row_2022,366266,1,1984,33090.4,coord_nearest,medium,"year guard: coord_nearest candidate 888817 built 2009, property built 1985; year guard: coord_nearest candidate 893134 built 2012, property built 1985; nearest footprint 12 m from the trusted coordinate"
101559,77 W Jackson,77 W JACKSON,LOOP,,,,41.878041,-87.6304934,row_2022,360472,1,1991,37928.3,T1,high,
101560,536 S Clark St,536 S CLARK ST,LOOP,Office,1912,1,41.8749451,-87.6308325,row_2022,346846,1,1891,2020,T2,low,"year guard: address candidate 363567 built 1949, property built 1912; direction N vs S; 1886 m from the trusted coordinate"
101562,1 E Jackson Blvd,1 E JACKSON BLVD,LOOP,College/University,1910,1,41.8781102,-87.6275345,row_2022,360285,1,1911,55237.1,T1,high,
101567,53 W Jackson Blvd,53 W JACKSON BLVD,LOOP,Office,1890,1,41.8780507,-87.629781,row_2022,360441,1,1891,28870.9,T1,high,
101569,401 S State St,401 S STATE ST,LOOP,,,,41.8768674,-87.6275033,row_2022,361991,1,1998,56533.4,T1,high,
101572,4445 S Drexel Blvd,4445 S DREXEL BLVD,KENWOOD,,,,41.8136947,-87.6038376,row_2022,433468,1,,138421.9,T1,high,
101579,2901 S King Dr,2901 S DR MARTIN LUTHER KING JR DR,DOUGLAS,Multifamily Housing,1960,1,41.8419841,-87.6170542,row_2022,400461,1,1958,14630.6,T1,high,
101592,5452 5466 S ELLIS AVE,5452-5466 S ELLIS AVE,HYDE PARK,Multifamily Housing,1900,1,41.7964262,-87.6013838,row_2022,475406,1,,13450.1,coord_nearest,medium,"year guard: coord_nearest candidate 472650 built 1993, property built 1900; year guard: coord_nearest candidate 475367 built 1913, property built 1900; year guard: coord_nearest candidate 477418 built 1905, property built 1900; year guard: coord_nearest candidate 477784 built 1905, property built 1900; nearest footprint 5 m from the trusted coordinate"
101593,5034 5040 S WOODLAWN AVE,5034-5040 S WOODLAWN AVE,KENWOOD,Multifamily Housing,1920,1,41.8031587,-87.5968635,row_2022,456187,1,,16732.3,T1,high,
101643,1818  W PETERSON,1818 W PETERSON,WEST RIDGE,Multifamily Housing,2006,1,41.9908492,-87.6759931,row_2022,873515,1,2007,19883.4,T1,high,
101657,1329 1337 W TOUHY AVE,1329-1337 W TOUHY AVE,ROGERS PARK,,,,42.0126997,-87.664647,row_2022,842401,1,1924,12552.8,T1,high,
101671,6101 6115 N SEELEY AVE,6101-6115 N SEELEY AVE,WEST RIDGE,,,,41.9919276,-87.6809484,row_2022,38085,1,1958,9369.6,T1,high,
101674,8700 W Bryn Mawr Ave,8700 W BRYN MAWR AVE,OHARE,Office,1983,1,41.9810938,-87.8440756,row_2022,59247;61719,2,1985,97646,T1_multi,high,
101675,5615 N CUMBERLAND AVE,5615 N CUMBERLAND AVE,NORWOOD PARK,,,1,41.98187,-87.83561,covered_list,60964,1,1971,63156.6,T1,high,
101676,8725- 8745 W Higgins Rd,8725-8745 W HIGGINS RD,OHARE,Office,1969,1,41.9874096,-87.8443887,row_2022,50339,1,,62164.4,T1,high,"year guard: address candidate 838096 built 2005, property built 1969; year guard: address candidate 838101 built 2005, property built 1969"
101679,8600 W Bryn Mawr Ave,8600 W BRYN MAWR AVE,OHARE,Office,1980,1,41.9811345,-87.8416384,row_2022,59257,1,1979,43143,T1,high,
101681,7435 W Talcott Ave,7435 W TALCOTT AVE,NORWOOD PARK,Hospital (General Medical & Surgical),1953,2,41.9885752,-87.8129779,row_2022,46929;51236;52049,3,,380982,T1_multi,high,
101682,8750 W Bryn Mawr Ave,8750 W BRYN MAWR AVE,OHARE,Office,1985,1,41.9810632,-87.8456744,row_2022,59490,1,1985,22650.2,T1,high,
101686,7240 W Foster Ave,7240 W FOSTER AVE,NORWOOD PARK,Strip Mall,1958,3,41.9746095,-87.8088002,row_2022,,0,,,none,none,no footprint within 75 m of the trusted coordinate
101691,2701 2711 N MILDRED AVE,2701-2711 N MILDRED AVE,LINCOLN PARK,,,,41.9309574,-87.6512284,row_2022,243726,1,,16217,T1,high,
101703,1606  E 50TH PL,1606 E 50TH PL,KENWOOD,Multifamily Housing,1950,1,41.8035208,-87.5861369,row_2022,454939,1,1952,3789.2,T1,high,
101705,1607  E 50TH PL,1607 E 50TH PL,KENWOOD,Multifamily Housing,1950,1,41.8033013,-87.5861302,row_2022,455833,1,1953,3743,T1,high,
101707,111 E Wacker Dr,111 E WACKER DR,LOOP,Office,1969,1,41.8880794,-87.6240474,row_2022,351639,1,1970,33622.9,T1,high,
101708,233 N Michigan Ave,233 N MICHIGAN AVE,LOOP,Office,1972,1,41.8865674,-87.6243847,row_2022,352279,1,1972,33721.5,T1,high,
101709,20 N Wacker Dr,20 N WACKER DR,LOOP,Office,1929,1,41.8824109,-87.6371747,row_2022,355637,1,1929,76988,T1,high,
101710,1605  E 50TH ST,1605 E 50TH ST,KENWOOD,Multifamily Housing,1950,1,41.8042481,-87.5862418,row_2022,453812,1,1952,3680.3,T1,high,
101713,200 E Randolph St,200 E RANDOLPH ST,LOOP,Office,1972,1,41.8846321,-87.622248,row_2022,353242,1,1972,36209.5,T1,high,
101715,227 W Monroe,227 W MONROE,LOOP,Office,1989,1,41.8805392,-87.6345925,row_2022,357973,1,1992,85106.4,T1,high,
101716,311 S Wacker,311 S WACKER,LOOP,Office,1990,1,41.8777916,-87.6365243,row_2022,360936,1,1990,44888.4,T1,high,
101717,55 E Monroe St,55 E MONROE ST,LOOP,Office,1972,1,41.8806879,-87.6256435,row_2022,357849,1,1972,57987.9,T1,high,"year guard: address candidate 357894 built 1978, property built 1972"
101718,70 W Madison St,70 W MADISON ST,LOOP,Office,1981,1,41.8820934,-87.6303916,row_2022,356148,1,1979,45721.5,T1,high,
101720,131 S Dearborn,131 S DEARBORN,LOOP,Financial Office,2000,1,41.8798854,-87.6292116,row_2022,814677,1,2003,61301,T1,high,
101722,500 W Monroe,500 W MONROE,NEAR WEST SIDE,Office,1992,1,41.8806992,-87.639725,row_2022,357561,1,1991,52404.4,T1,high,
101724,435 N Michigan Ave,435 N MICHIGAN AVE,NEAR NORTH SIDE,Multifamily Housing,2000,1,41.8904242,-87.6239655,row_2022,348741,1,1925,60929,T1,high,
101727,500 W Madison St,500 W MADISON ST,NEAR WEST SIDE,Office,1986,1,41.8819943,-87.6397587,row_2022,356082,1,1988,64540.9,T1,high,
101729,540 W Madison,540 W MADISON,NEAR WEST SIDE,Financial Office,2004,1,41.8819664,-87.6412758,row_2022,824885,1,2003,66487.9,T1,high,
101731,175 W Jackson,175 W JACKSON,LOOP,Office,1928,1,41.8780145,-87.633189,row_2022,360536,1,1928,84279.4,T1,high,
101733,2 N Riverside Plz,2 N RIVERSIDE PLZ,NEAR WEST SIDE,Office,1929,1,41.881977,-87.6388758,row_2022,355670,1,1929,68647.4,T1,high,
101735,101 N State St E,101 N STATE ST,LOOP,Retail Store,1879,1,41.8832514,-87.6277234,row_2022,,0,,,none,none,"year guard: address candidate 354383 built 1914, property built 1879; year guard: coord_nearest candidate 814515 built 1979, property built 1879; year guard: coord_nearest candidate 814516 built 1914, property built 1879; year guard: coord_nearest candidate 847027 built 2009, property built 1879; year guard: coord_nearest candidate 847028 built 2006, property built 1879; year guard: coord_nearest candidate 868623 built 1913, property built 1879; year guard: coord_nearest candidate 868624 built 1911, property built 1879; year guard: coord_nearest candidate 868625 built 1960, property built 1879; no footprint within 75 m of the trusted coordinate"
101736,71 S Wacker Dr,71 S WACKER DR,LOOP,Office,2005,1,41.8807176,-87.6365891,row_2022,824754,1,2005,58426.1,T1,high,
101737,100 N Riverside Plz,100 N RIVERSIDE PLZ,NEAR WEST SIDE,Office,1990,1,41.8832659,-87.6387608,row_2022,354511,1,1990,46387.5,T1,high,
101738,300 E Randolph,300 E RANDOLPH,LOOP,Office,2010,1,41.8846238,-87.620476,row_2022,353753,1,1899,40298.7,T1,high,
101739,1 S Dearborn,1 S DEARBORN,LOOP,Office,2005,1,41.8819367,-87.6292535,row_2022,820540,1,2005,41604.6,T1,high,
101742,100 W Randolph St,100 W RANDOLPH ST,LOOP,,,,41.8845863,-87.6310104,row_2022,353226,1,1985,103843.6,T1,high,
101744,1 N Wacker Dr,1 N WACKER DR,LOOP,Office,2001,1,41.8819519,-87.6366203,row_2022,814558,1,2001,60222.3,T1,high,
101745,161 N Clark,161 N CLARK,LOOP,Office,1992,1,41.8847797,-87.6308007,row_2022,814411,1,,30604.7,T1,high,
101748,1 S Wacker,1 S WACKER,LOOP,Office,1982,1,41.8818862,-87.6366183,row_2022,357025,1,1982,36894.1,T1,high,"year guard: address candidate 814268 built 1990, property built 1982; year guard: address candidate 814558 built 2001, property built 1982"
101751,7500  S SOUTH SHORE DR,7500 S SOUTH SHORE DR,SOUTH SHORE,,,,41.7604369,-87.5572124,row_2022,821722,1,1950,40.7,T1,high,
101753,222 S Riverside Plz,222 S RIVERSIDE PLZ,NEAR WEST SIDE,Office,1971,1,41.8785816,-87.6385787,row_2022,359044,1,1972,40008.9,T1,high,
101755,115 S LaSalle St,115 S LA SALLE ST,LOOP,,,,41.8802063,-87.6321679,row_2022,358010,1,1974,18472.1,T1,high,
101756,118 N Clark St,118 N CLARK ST,LOOP,Office,1906,1,41.8837002,-87.6310651,row_2022,,0,,,none,none,"year guard: address candidate 837879 built 1911, property built 1906; year guard: coord_nearest candidate 354504 built 1965, property built 1906; year guard: coord_nearest candidate 355584 built 1915, property built 1906; year guard: coord_nearest candidate 355586 built 1924, property built 1906; no footprint within 75 m of the trusted coordinate"
101757,219 S Dearborn,219 S DEARBORN,LOOP,,,,41.8789668,-87.6291934,row_2022,358763,1,1965,41466,T1,high,
101760,35 W Wacker Dr,35 W WACKER DR,LOOP,Office,1989,1,41.8867097,-87.629303,row_2022,352492,1,1988,36984.6,T1,high,
101762,50 W Washington,50 W WASHINGTON,LOOP,,,,41.8833222,-87.6297751,row_2022,354504,1,1965,38589,T1,high,
101765,77 W Wacker Dr,77 W WACKER DR,LOOP,Office,1992,1,41.8867077,-87.6307946,row_2022,352489,1,1990,25557.7,T1,high,
101766,181 W Madison St,181 W MADISON ST,LOOP,Office,1990,1,41.8818406,-87.6332551,row_2022,357030,1,1990,23996.9,T1,high,
101770,10 S Wacker Dr,10 S WACKER DR,LOOP,Office,1983,1,41.8817225,-87.6371636,row_2022,355637,1,1929,76988,coord_nearest,low,"year guard: address candidate 357048 built 1987, property built 1983; year guard: coord_nearest candidate 814558 built 2001, property built 1983; year guard: coord_nearest candidate 824754 built 2005, property built 1983; nearest footprint 31 m from the trusted coordinate"
101776,151 E Wacker Dr,151 E WACKER DR,LOOP,Hotel,1974,1,41.8879999,-87.6225651,row_2022,351724,1,1974,15642.2,T1,high,
101784,430 S Michigan Ave,430 S MICHIGAN AVE,LOOP,College/University,1889,1,41.8762481,-87.6244192,row_2022,814863,1,1890,59379.5,T1,high,"year guard: address candidate 349335 built 1963, property built 1889"
101787,111 N Canal St,111 N CANAL ST,NEAR WEST SIDE,Office,1918,1,41.8835653,-87.6396373,row_2022,354513,1,1913,58894.1,T1,high,
101788,333 W Wacker Dr,333 W WACKER DR,LOOP,Office,1982,1,41.8860254,-87.6362977,row_2022,352713,1,1983,27686.1,T1,high,
101789,200 W Madison,200 W MADISON,LOOP,Office,1982,1,41.882055,-87.6338999,row_2022,356168,1,1982,22184.1,T1,high,
101790,35 E Wacker Dr,35 E WACKER DR,LOOP,Office,1927,1,41.8868315,-87.6265561,row_2022,352480,1,1926,24156.8,T1,high,"year guard: address candidate 352492 built 1988, property built 1927"
101791,55 W Monroe,55 W MONROE,LOOP,Office,1980,1,41.880599,-87.6299074,row_2022,357894,1,1978,21610.7,T1,high,
101793,625  W WRIGHTWOOD AVE,625 W WRIGHTWOOD AVE,LINCOLN PARK,Multifamily Housing,1965,1,41.9292967,-87.6438537,row_2022,249544,1,,12825.3,T1,high,
101794,225 W Wacker Dr,225 W WACKER DR,LOOP,,,,41.8867092,-87.6347109,row_2022,352508,1,1989,33866.5,T1,high,
101795,541 N Fairbanks,541 N FAIRBANKS,NEAR NORTH SIDE,Office,1969,1,41.892275,-87.6200988,row_2022,345865,1,1969,31292.4,T1,high,
101797,303 E Wacker,303 E WACKER,LOOP,Office,1979,1,41.8877054,-87.6205881,row_2022,351943,1,1979,29946.6,T1,high,
101798,225 W Randolph,225 W RANDOLPH,LOOP,Office,2000,1,41.8843556,-87.6346365,row_2022,354519,1,1966,30073.9,T1,high,
101799,200 S Wacker Dr,200 S WACKER DR,LOOP,Office,1981,1,41.8792836,-87.6371007,row_2022,358869,1,1981,22688.1,T1,high,
101801,205 N Michigan Ave,205 N MICHIGAN AVE,LOOP,Office,1981,1,41.8859061,-87.6243718,row_2022,352827,1,1960,21263.2,T1,high,
101804,401 N Michigan Ave,401 N MICHIGAN AVE,NEAR NORTH SIDE,Office,1965,1,41.8893543,-87.6241025,row_2022,350135,1,1965,22572.6,T1,high,
101807,408 410 S Michigan Ave,408-410 S MICHIGAN AVE,LOOP,Office,1884,1,41.8767537,-87.6244309,row_2022,885681,1,,21862.4,T2,low,"year guard: address candidate 814829 built 1949, property built 1884; year guard: address candidate 814849 built 1925, property built 1884; direction N vs S; 1430 m from the trusted coordinate"
101812,1 N Dearborn St,1 N DEARBORN ST,LOOP,Office,1904,1,41.8820298,-87.6292564,row_2022,356119,1,1906,51514.8,T1,high,"year guard: address candidate 820540 built 2005, property built 1904"
101813,150 N Michigan Ave,150 N MICHIGAN AVE,LOOP,Office,1984,1,41.884531,-87.624602,row_2022,353775,1,1985,18272.3,T1,high,
101815,4845 4859 N MAGNOLIA AVE,4845-4859 N MAGNOLIA AVE,UPTOWN,Multifamily Housing,1916,1,41.9702845,-87.6609301,row_2022,95680,1,1918,14975.9,T1,high,
101816,43 E Ohio St,43 E OHIO ST,NEAR NORTH SIDE,,,,41.8923948,-87.6264153,row_2022,837926,1,1999,42400.4,T1,high,
101826,8136 8142 S DREXEL AVE,8136-8142 S DREXEL AVE,CHATHAM,,,,41.7465376,-87.602766,row_2022,630197,1,,19023.9,coord_nearest,medium,nearest footprint 1 m from the trusted coordinate
101827,111 W Washington,111 W WASHINGTON,LOOP,,,,41.883101,-87.6312632,row_2022,355584,1,1915,34918.4,T1,high,
101828,6000  S INDIANA AVE,6000 S INDIANA AVE,WASHINGTON PARK,,,,41.785523,-87.6207578,row_2022,511694,1,1971,5204.4,T1,high,
101830,555 W Monroe St,555 W MONROE ST,NEAR WEST SIDE,,,,41.8804479,-87.641839,row_2022,814660,1,2002,40225.8,T1,high,
101834,1 N Franklin,1 N FRANKLIN,LOOP,Office,1991,1,41.8819675,-87.6351654,row_2022,356208,1,1990,17182,T1,high,
101835,230 W Monroe,230 W MONROE,LOOP,Office,1971,1,41.8807572,-87.6347093,row_2022,357442,1,1970,22920.4,T1,high,
101838,191 N Wacker Dr,191 N WACKER DR,LOOP,Office,2003,1,41.8855345,-87.6366761,row_2022,814363,1,2002,18899.3,T1,high,
101839,120 S Riverside Plz,120 S RIVERSIDE PLZ,NEAR WEST SIDE,Office,1966,1,41.8799233,-87.6388025,row_2022,358139,1,1965,36646.1,T1,high,
101840,710 N Lakeshore Dr,710 N LAKE SHORE DR,NEAR NORTH SIDE,College/University,1939,1,41.8953964,-87.6162509,row_2022,815081,1,1939,20999,T1,high,
101841,122 S Michigan Ave,122 S MICHIGAN AVE,LOOP,Office,1910,1,41.8802634,-87.624505,row_2022,357799,1,1908,34223.3,T1,high,
101846,200 W Adams St,200 W ADAMS ST,LOOP,Office,1985,1,41.8794955,-87.6338297,row_2022,814685,1,1985,22575.4,T1,high,
101848,200 W Monroe,200 W MONROE,LOOP,Office,1973,1,41.880769,-87.633875,row_2022,357426,1,1973,28349.2,T1,high,
101850,1 E Wacker Dr,1 E WACKER DR,LOOP,Office,1962,1,41.8867076,-87.6278835,row_2022,352488,1,1961,15570.8,T1,high,"year guard: address candidate 357025 built 1982, property built 1962; year guard: address candidate 814268 built 1990, property built 1962; year guard: address candidate 814558 built 2001, property built 1962"
101851,150 160 E Huron,150-160 E HURON,NEAR NORTH SIDE,,,,41.8950608,-87.6235075,row_2022,340546,1,1973,15782.4,T1,high,
101852,301 E N Water St,301 E NORTH WATER ST,NEAR NORTH SIDE,Hotel,1990,1,41.8894583,-87.6203684,row_2022,350525,1,1991,85236.1,T1,high,
101854,10 S Riverside Plz,10 S RIVERSIDE PLZ,NEAR WEST SIDE,Office,1964,1,41.8816643,-87.6388874,row_2022,814599,1,1965,36096.1,T1,high,
101856,111 W Jackson Blvd,111 W JACKSON BLVD,LOOP,Office,1962,1,41.8780344,-87.6311714,row_2022,360585,1,1961,25509.5,T1,high,
101862,101 N Wacker Dr,101 N WACKER DR,LOOP,Office,1980,1,41.8832343,-87.6366491,row_2022,354943,1,1980,25560,T1,high,"year guard: address candidate 824755 built 2005, property built 1980"
101865,150 S Wacker Dr,150 S WACKER DR,LOOP,Office,1971,1,41.8794108,-87.637104,row_2022,358416,1,1969,17374,T1,high,
101867,125 S Wacker Dr,125 S WACKER DR,LOOP,Office,1974,1,41.8800134,-87.6365724,row_2022,358341,1,1973,18980.9,T1,high,
101868,300 S Wacker Dr,300 S WACKER DR,LOOP,Office,1971,1,41.8780109,-87.6370585,row_2022,360650,1,1971,15790.7,T1,high,
101869,333 N Dearborn,333 N DEARBORN,NEAR NORTH SIDE,Hotel,1998,1,41.8884137,-87.6294108,row_2022,351057,1,1962,43677.8,T1,high,
101871,123 N Wacker,123 N WACKER,LOOP,Office,1986,1,41.8837482,-87.6366618,row_2022,354486,1,1986,19339.9,T1,high,
101872,100 N LaSalle St,100 N LA SALLE ST,LOOP,,,,41.8832372,-87.6325556,row_2022,892336,1,1929,6918.2,T1,high,
101873,24 W Randolph,24 W RANDOLPH,LOOP,Performing Arts,1926,,41.8845957,-87.628795,row_2022,814395,1,1926,23476.6,T1,high,"year guard: address candidate 353759 built 1990, property built 1926"
101874,444 N Michigan Ave,444 N MICHIGAN AVE,NEAR NORTH SIDE,Office,1976,1,41.8907145,-87.6242699,row_2022,348832,1,1976,16825,T1,high,
101876,55 E Jackson Blvd,55 E JACKSON BLVD,LOOP,Office,1961,1,41.8781479,-87.6255727,row_2022,814791,1,1962,21807.1,T1,high,
101878,200 W Jackson Blvd,200 W JACKSON BLVD,LOOP,Office,1971,1,41.8782277,-87.6338048,row_2022,814767,1,1970,18949,T1,high,
101881,25 E Washington St,25 E WASHINGTON ST,LOOP,Office,1914,1,41.8831091,-87.626976,row_2022,868623,1,1913,21683.6,T1,high,
101883,676 N Michigan Ave,676 N MICHIGAN AVE,NEAR NORTH SIDE,Hotel,1990,1,41.8948269,-87.6243962,row_2022,813762,1,1989,18083.7,T1,high,
101887,550 W Adams,550 W ADAMS,NEAR WEST SIDE,Office,2006,1,41.8793928,-87.6416262,row_2022,836307,1,2005,25886.8,T1,high,
101889,333 N Michigan Ave,333 N MICHIGAN AVE,LOOP,Office,1928,1,41.8875429,-87.624407,row_2022,868606,1,1927,12917.4,T1,high,
101890,345 E Superior St,345 E SUPERIOR ST,NEAR NORTH SIDE,College/University,1974,1,41.8957188,-87.6187314,row_2022,339641,1,1973,25575.9,T1,high,
101891,224 S Michigan Ave,224 S MICHIGAN AVE,LOOP,Office,1904,1,41.8789374,-87.6244833,row_2022,258603,1,1904,29943.5,T1,high,
101894,7600 7612 S SOUTH SHORE DR,7600-7612 S SOUTH SHORE DR,SOUTH SHORE,,,,41.7587122,-87.555468,row_2022,821720,1,,6976.5,T1,high,
101899,6830  N SHERIDAN RD,6830 N SHERIDAN RD,ROGERS PARK,Multifamily Housing,1967,1,42.0064964,-87.6613588,row_2022,13545,1,,2615.4,coord_nearest,medium,"year guard: address candidate 13689 built 1973, property built 1967; year guard: coord_nearest candidate 12802 built 1971, property built 1967; year guard: coord_nearest candidate 13557 built 1986, property built 1967; year guard: coord_nearest candidate 815714 built 1990, property built 1967; year guard: coord_nearest candidate 815715 built 1990, property built 1967; year guard: coord_nearest candidate 842591 built 1973, property built 1967; nearest footprint 8 m from the trusted coordinate"
101900,309 W Washngton St,309 W WASHNGTON ST,LOOP,Office,1922,1,41.8830946,-87.6356327,row_2022,814527,1,1901,7092.9,coord_nearest,medium,"street 'WASHNGTON' is not in the footprint table; year guard: coord_nearest candidate 354943 built 1980, property built 1922; year guard: coord_nearest candidate 355610 built 1986, property built 1922; year guard: coord_nearest candidate 814482 built 1999, property built 1922; year guard: coord_nearest candidate 814529 built 1962, property built 1922; year guard: coord_nearest candidate 814558 built 2001, property built 1922; year guard: coord_nearest candidate 891471 built 2010, property built 1922; year guard: coord_nearest candidate 894280 built 2015, property built 1922; nearest footprint 0 m from the trusted coordinate"
101901,151 171 W Randolph St,151-171 W RANDOLPH ST,LOOP,Hotel,1926,1,41.8843631,-87.6325084,row_2022,354460;814454,2,1926,40970.1,T1_multi,high,
101904,2115  W FARWELL AVE,2115 W FARWELL AVE,WEST RIDGE,,,,42.0062529,-87.6844788,row_2022,14207,1,1961,12638.6,T1,high,
101907,225 W Washington St,225 W WASHINGTON ST,LOOP,Office,1987,1,41.8830992,-87.6346004,row_2022,355610,1,1986,18862.2,T1,high,
101910,160 N LaSalle St,160 N LA SALLE ST,LOOP,Office,1920,1,41.8848189,-87.632577,row_2022,814410,1,1920,21123.9,T1,high,
101912,550 W Washington,550 W WASHINGTON,NEAR WEST SIDE,Office,2000,1,41.8832856,-87.6417468,row_2022,814489,1,2000,26275.3,T1,high,
101913,567 W Lake St,567 W LAKE ST,NEAR WEST SIDE,Office,2004,1,41.8855943,-87.642526,row_2022,834537,1,2005,34539.9,T1,high,
101918,205 W Randolph St,205 W RANDOLPH ST,LOOP,Office,1914,1,41.8843592,-87.6340799,row_2022,821496,1,,14380.3,T2,low,"year guard: address candidate 354471 built 1928, property built 1914; direction E vs W; 1004 m from the trusted coordinate"
101919,140 S Dearborn St,140 S DEARBORN ST,LOOP,,,,41.879676,-87.6295023,row_2022,358289,1,1895,26595.1,T1,high,
101920,410 N MICHIGAN AVE,410 N MICHIGAN AVE,NEAR NORTH SIDE,Office,1921,1,41.8898748,-87.6242598,row_2022,885681,1,,21862.4,T1,high,"year guard: address candidate 814849 built 1925, property built 1921"
101923,311 W Monroe,311 W MONROE,LOOP,Office,1969,1,41.8805276,-87.6356239,row_2022,357442,1,1970,22920.4,coord_nearest,low,"year guard: address candidate 358005 built 1973, property built 1969; year guard: coord_nearest candidate 357973 built 1992, property built 1969; year guard: coord_nearest candidate 824754 built 2005, property built 1969; year guard: coord_nearest candidate 824755 built 2005, property built 1969; nearest footprint 48 m from the trusted coordinate"
101924,550 W Van Buren,550 W VAN BUREN,NEAR WEST SIDE,Office,1999,1,41.8768551,-87.6415441,row_2022,815880,1,1998,23255.6,T1,high,
101929,200 S Michigan Ave,200 S MICHIGAN AVE,LOOP,Office,1955,1,41.8794893,-87.6244981,row_2022,814712,1,1958,17887,T1,high,
101934,321 N Clark St,321 N CLARK ST,NEAR NORTH SIDE,Office,1987,1,41.8880874,-87.6308881,row_2022,814194,1,1988,29178.3,T1,high,
101935,500 N Michigan Ave,500 N MICHIGAN AVE,NEAR NORTH SIDE,Office,1968,1,41.8909712,-87.6242769,row_2022,865989,1,,17790.4,coord_nearest,low,"year guard: address candidate 348062 built 1972, property built 1968; year guard: coord_nearest candidate 348832 built 1976, property built 1968; nearest footprint 34 m from the trusted coordinate"
101940,5 S Wabash Ave,5 S WABASH AVE,LOOP,Enclosed Mall,1912,1,41.8819216,-87.6260631,row_2022,814569,1,1910,16823.6,T1,high,
101942,55 E Grand Ave,55 E GRAND AVE,NEAR NORTH SIDE,Retail Store,2000,1,41.891297,-87.6260419,row_2017,814016,1,2000,57696.6,T1,high,
101943,303 W Madison St,303 W MADISON ST,LOOP,Office,1987,1,41.8818225,-87.6354366,row_2022,814582,1,1987,13057.6,T1,high,
101950,332 S Michigan Ave,332 S MICHIGAN AVE,LOOP,Office,1910,1,41.8774802,-87.6244466,row_2022,814823,1,1910,17141.7,T1,high,
101954,111 N Wabash Ave,111 N WABASH AVE,LOOP,Office,1914,1,41.8835265,-87.6260822,row_2022,355046,1,1915,15368.8,T1,high,
101958,17 N State St,17 N STATE ST,LOOP,Office,1914,1,41.8824566,-87.6277,row_2022,868624,1,1911,15695.3,T1,high,
101960,78 E Washington St,78 E WASHINGTON ST,LOOP,Other - Entertainment/Public Assembly,1897,1,41.8833343,-87.6250501,row_2022,354427,1,,51690.1,T1,high,
101961,30 W Monroe,30 W MONROE,LOOP,Office,1958,1,41.8808386,-87.6289019,row_2022,880580,1,,23488.5,T2,low,"year guard: address candidate 868395 built 2006, property built 1958; direction E vs W; 140 m from the trusted coordinate"
101968,30 N Michigan Ave,30 N MICHIGAN AVE,LOOP,Office,1914,1,41.8827546,-87.6245353,row_2022,355497,1,1916,14894.4,T1,high,
101969,77 W Washington,77 W WASHINGTON,LOOP,Office,1924,1,41.8831005,-87.6303312,row_2022,355586,1,1924,12947.6,T1,high,
101971,25 E Pearson St,25 E PEARSON ST,NEAR NORTH SIDE,,,,41.8974266,-87.6271102,row_2022,813600,1,1994,19705.4,T1,high,
101972,150 N Wacker Dr,150 N WACKER DR,LOOP,Office,1970,1,41.8845255,-87.6372164,row_2022,814425,1,1971,9425.9,T1,high,
101975,14 E Jackson Blvd,14 E JACKSON BLVD,LOOP,College/University,1930,1,41.8783329,-87.627179,row_2022,814761,1,1913,18210.7,T1,high,
101978,42 46 N WALLER AVE,42-46 N WALLER AVE,AUSTIN,,,,41.8814513,-87.768315,row_2022,357593,1,1927,15260.1,T1,high,
101980,30 E Lake St,30 E LAKE ST,LOOP,,,,41.8858621,-87.6268586,row_2022,352778,1,1983,27769.2,T1,high,
101981,4724 4730 S WOODLAWN AVE,4724-4730 S WOODLAWN AVE,KENWOOD,Multifamily Housing,1925,1,41.8087865,-87.5969627,row_2022,444701,1,1924,18700.2,T1,high,
101987,20 S Clark St,20 S CLARK ST,LOOP,Office,1970,1,41.8814795,-87.6310149,row_2022,357247,1,1973,13956.4,T1,high,
101988,205 W Wacker Dr,205 W WACKER DR,LOOP,Office,1929,1,41.8867073,-87.6341504,row_2022,352506,1,1928,11232,T1,high,"year guard: address candidate 358897 built 1974, property built 1929"
101989,330 S Wells St,330 S WELLS ST,LOOP,Multifamily Housing,2019,1,41.8773678,-87.6338536,row_2022,,0,,,none,none,"built 2019, after the City's 2015 footprint layer: no footprint in it can be this building"
101998,555 W Adams St,555 W ADAMS ST,NEAR WEST SIDE,Office,1990,1,41.8791706,-87.6417961,row_2022,814741,1,1989,23954.9,T1,high,
101999,1415  W LUNT AVE,1415 W LUNT AVE,ROGERS PARK,Multifamily Housing,1972,1,42.009003,-87.6665391,row_2022,10664,1,1970,10472.9,T1,high,
102029,5220  S DREXEL AVE,5220 S DREXEL AVE,HYDE PARK,Multifamily Housing,1926,1,41.7998359,-87.6040753,row_2022,868637,1,,13595.4,T1,high,
102032,450  W BRIAR PL,450 W BRIAR PL,LAKE VIEW,Multifamily Housing,1972,1,41.9388418,-87.6414713,row_2022,861579,1,,16137.5,T1,high,
102055,740 750 W ADDISON ST,740-750 W ADDISON ST,LAKE VIEW,,,,41.9474181,-87.6487856,row_2022,175015,1,1921,10693.7,T1,high,
102079,500 N Kingsbury St,500 N KINGSBURY ST,NEAR NORTH SIDE,Fitness Center/Health Club/Gym,1980,1,41.8906843,-87.6393953,row_2022,348752,1,,118398.3,T1,high,
102083,1645 1663 W PRATT BLVD,1645-1663 W PRATT BLVD,ROGERS PARK,Multifamily Housing,1930,1,42.0052471,-87.671768,row_2022,842368,1,,15522,coord_nearest,medium,"1 in-range footprint(s) on the same-named street of another type ignored; year guard: coord_nearest candidate 14458 built 1953, property built 1930; year guard: coord_nearest candidate 14571 built 1959, property built 1930; year guard: coord_nearest candidate 14623 built 1965, property built 1930; year guard: coord_nearest candidate 14674 built 1966, property built 1930; nearest footprint 3 m from the trusted coordinate"
102091,101 W SUPERIOR ST,101 W SUPERIOR ST,NEAR NORTH SIDE,Multifamily Housing,2001,1,41.8955237,-87.6312931,row_2022,824936,1,2004,9250.4,T1,high,
102093,551 555 N PINE AVE,551-555 N PINE AVE,AUSTIN,,,,41.8903401,-87.7632409,row_2022,869960,1,1928,4586.8,T1,high,
102125,259 E Erie St,259 E ERIE ST,NEAR NORTH SIDE,Medical Office,2014,1,41.8940854,-87.6204043,row_2022,342764,1,,13075.5,T1,high,
102136,5301 5311 W WASHINGTON BLVD,5301-5311 W WASHINGTON BLVD,AUSTIN,,,,41.8822287,-87.7576393,row_2022,357261,1,,7960.3,coord_nearest,medium,nearest footprint 7 m from the trusted coordinate
102157,130 E Randolph St,130 E RANDOLPH ST,LOOP,Office,1972,1,41.8845884,-87.6232726,row_2022,,0,,,none,none,"year guard: address candidate 860336 built 2006, property built 1972; year guard: coord_nearest candidate 353205 built 1982, property built 1972; year guard: coord_nearest candidate 815725 built 1990, property built 1972; year guard: coord_nearest candidate 860335 built 2006, property built 1972; no footprint within 75 m of the trusted coordinate"
102160,108 N State St,108 N STATE ST,LOOP,,,,41.8834226,-87.6280217,row_2022,847027,1,2009,72368.5,coord_nearest,medium,nearest footprint 6 m from the trusted coordinate
102232,2800 N Lake Shore Dr,2800 N LAKE SHORE DR,LAKE VIEW,Multifamily Housing,1969,1,41.9329025,-87.6363732,row_2022,861929,1,1968,50999.2,T1,high,
102238,444 W FULLERTON PKWY,444 W FULLERTON PKWY,LINCOLN PARK,Multifamily Housing,1971,1,41.9256873,-87.6409582,row_2022,259426,1,1972,23525.3,coord_nearest,medium,nearest footprint 10 m from the trusted coordinate
102239,1061  E 41ST PL,1061 E 41ST PL,OAKLAND,Multifamily Housing,2004,1,41.8197813,-87.5999253,row_2022,821927,1,2004,15245.7,coord_pip,medium,
102270,2700 2714 N SPAULDING AVE,2700-2714 N SPAULDING AVE,LOGAN SQUARE,Multifamily Housing,1920,1,41.9301872,-87.7110562,row_2022,864307,1,,4261.4,T1,high,
102283,2900 N Lake Shore Dr,2900 N LAKE SHORE DR,LAKE VIEW,Hospital (General Medical & Surgical),1960,2,41.934403,-87.6368058,row_2022,226881,1,1962,67174.5,T1,high,
102284,330 W Diversey Pkwy,330 W DIVERSEY PKWY,LAKE VIEW,Multifamily Housing,1957,2,41.933042,-87.6380227,row_2022,234600,1,1955,31344.4,coord_nearest,medium,"year guard: coord_nearest candidate 853772 built 2006, property built 1957; year guard: coord_nearest candidate 861929 built 1968, property built 1957; year guard: coord_nearest candidate 861930 built 1962, property built 1957; nearest footprint 10 m from the trusted coordinate"
102285,836 W Wellington Ave,836 W WELLINGTON AVE,LAKE VIEW,Hospital (General Medical & Surgical),1908,12,41.9364502,-87.6505525,row_2022,222267,1,,823.3,coord_nearest,medium,"year guard: address candidate 220136 built 1965, property built 1908; year guard: coord_nearest candidate 220752 built 1995, property built 1908; year guard: coord_nearest candidate 226010 built 1974, property built 1908; year guard: coord_nearest candidate 860960 built 1988, property built 1908; year guard: coord_nearest candidate 862724 built 1957, property built 1908; nearest footprint 17 m from the trusted coordinate"
102286,3000 N HALSTED ST,3000 N HALSTED ST,LAKE VIEW,Medical Office,1993,1,41.936448,-87.6492908,row_2022,220752,1,1995,44971.5,T1,high,
102309,3601 N Milwaukee Ave,3601 N MILWAUKEE AVE,IRVING PARK,K-12 School,1910,1,41.9464079,-87.7356254,row_2022,176292,1,,166407.8,T1,high,
102311,4827 4855 N MILWAUKEE AVE,4827-4855 N MILWAUKEE AVE,JEFFERSON PARK,,,,41.9685094,-87.7611135,row_2022,102709,1,1990,32927.6,T1,high,
102323,3515 3525 W FRANKLIN BLVD,3515-3525 W FRANKLIN BLVD,HUMBOLDT PARK,,,,41.8898732,-87.7143794,row_2022,350833,1,,16381.7,coord_nearest,medium,nearest footprint 27 m from the trusted coordinate
102331,4140 N Marine Dr,4140 N MARINE DR,UPTOWN,K-12 School,1973,2,41.9568071,-87.6461175,row_2022,141570,1,1972,137340,T1,high,
102332,1145 W Wilson Ave,1145 W WILSON AVE,UPTOWN,,,,41.9652674,-87.659238,row_2022,114579,1,1975,108713.8,T1,high,
102335,4302 4312 N SHERIDAN RD,4302-4312 N SHERIDAN RD,UPTOWN,Multifamily Housing,1970,1,41.959958,-87.6548457,row_2022,131256,1,1929,11723.1,T1,high,
102336,4750 N Sheridan Rd,4750 N SHERIDAN RD,UPTOWN,Office,1921,1,41.9687526,-87.6549633,row_2022,826365,1,1922,36949.6,T1,high,
102337,833  W BUENA AVE,833 W BUENA AVE,UPTOWN,Multifamily Housing,1970,1,41.9583624,-87.6511138,row_2022,138603,1,1970,8425.4,T1,high,
102340,200  W GRAND AVE,200 W GRAND AVE,NEAR NORTH SIDE,Multifamily Housing,2004,1,41.8916961,-87.6341459,row_2022,815885,1,2004,15906.7,T1,high,
102362,1945 W WILSON AVE,1945 W WILSON AVE,LINCOLN SQUARE,Mixed Use Property,1979,1,41.9650014,-87.6779643,row_2022,115304,1,1972,112031.4,coord_nearest,medium,nearest footprint 16 m from the trusted coordinate
102363,2501 W Addison St,2501 W ADDISON ST,NORTH CENTER,K-12 School,1934,2,41.9466169,-87.691056,row_2022,182556,1,,210975.4,T1,high,
102365,4015 N Ashland Ave,4015 N ASHLAND AVE,LAKE VIEW,K-12 School,1898,3,41.9547836,-87.6689164,row_2022,146655,1,1893,77256.4,T1,high,
102368,2500 W Bradley Pl,2500 W BRADLEY PL,NORTH CENTER,Other,1956,1,41.9495758,-87.6908924,row_2022,162094,1,,299570,T1,high,
102380,4600  N CUMBERLAND AVE,4600 N CUMBERLAND AVE,OHARE,Multifamily Housing,1974,1,41.9631421,-87.836841,row_2022,122786,1,1974,9686.3,T1,high,
102397,1734  N PAULINA ST,1734 N PAULINA ST,WEST TOWN,Multifamily Housing,1984,1,41.9134214,-87.6703563,row_2022,295852,1,1985,8380.6,T1,high,
102408,1020 W Sheridan Rd,1020 W SHERIDAN RD,ROGERS PARK,,,,41.9983354,-87.6572101,row_2022,23592,1,,41524.2,coord_nearest,medium,nearest footprint 11 m from the trusted coordinate
102409,5900 N Glenwood Ave,5900 N GLENWOOD AVE,EDGEWATER,K-12 School,1913,3,41.9890506,-87.6652622,row_2022,43395,1,1913,166250.5,T1,high,
102435,60 W ERIE ST,60 W ERIE ST,NEAR NORTH SIDE,Multifamily Housing,2003,1,41.8941522,-87.6304109,row_2022,815873,1,2003,9136.4,T1,high,
102451,947 E 58th St,947 E 58TH ST,HYDE PARK,Laboratory,1926,1,41.7881573,-87.6032109,row_2019,815642,1,1929,390774.2,T1,high,
102452,1100 E 57th St,1100 E 57TH ST,HYDE PARK,Library,1971,1,41.7915214,-87.5995006,row_2022,487268,1,,88624.5,T1,high,
102455,5807 S Woodlawn Ave,5807 S WOODLAWN AVE,HYDE PARK,College/University,2004,1,41.7893644,-87.5962627,row_2022,824800,1,2004,111503,T1,high,
102456,5840 S Kenwood Ave,5840 S KENWOOD AVE,HYDE PARK,K-12 School,1961,1,41.7889901,-87.5932942,row_2022,499334,1,1930,95933,coord_nearest,medium,"year guard: coord_nearest candidate 854430 built 2006, property built 1961; nearest footprint 3 m from the trusted coordinate"
102460,5700 S Lake Shore Dr,5700 S LAKE SHORE DR,HYDE PARK,Museum,1893,1,41.7914203,-87.5801478,row_2022,491095,1,,252519.4,T1,high,
102473,523 531 W CORNELIA AVE,523-531 W CORNELIA AVE,LAKE VIEW,,,,41.9463372,-87.6433109,row_2022,181029,1,1927,14412.5,T1,high,
102487,3639 3649 N PINE GROVE AVE,3639-3649 N PINE GROVE AVE,LAKE VIEW,Multifamily Housing,1968,1,41.9490321,-87.6460591,row_2022,169025,1,,7749.2,coord_nearest,medium,"year guard: address candidate 815106 built 1972, property built 1968; year guard: coord_nearest candidate 165975 built 1986, property built 1968; year guard: coord_nearest candidate 167503 built 1972, property built 1968; year guard: coord_nearest candidate 169486 built 1978, property built 1968; year guard: coord_nearest candidate 861377 built 1974, property built 1968; nearest footprint 22 m from the trusted coordinate"
102532,2320 E 93rd St,2320 E 93RD ST,CALUMET HEIGHTS,Hospital (General Medical & Surgical),1960,1,41.7263292,-87.5672709,row_2022,688580,1,1939,105822.8,T1,high,
102544,10001 S Woodlawn Ave,10001 S WOODLAWN AVE,PULLMAN,,,,41.7129086,-87.5922997,row_2022,720390,1,,32440.1,T1_multi,medium,9 in-range footprints more than 60 m apart; nearest the trusted coordinate kept
102545,2106 E 87th St,2106 E 87TH ST,AVALON PARK,,,,41.7372054,-87.572991,row_2022,664068,1,1968,3657.6,coord_nearest,medium,nearest footprint 22 m from the trusted coordinate
102550,809 817 W EASTWOOD AVE,809-817 W EASTWOOD AVE,UPTOWN,,,,41.96633,-87.65042,row_2022,110797,1,1917,8965.1,T1,high,
102552,3127 3139 W PALMER ST,3127-3139 W PALMER ST,LOGAN SQUARE,Multifamily Housing,2005,1,41.9205578,-87.7063389,row_2022,277272,1,,17632.1,coord_nearest,medium,nearest footprint 7 m from the trusted coordinate
102556,7450  N ROGERS AVE,7450 N ROGERS AVE,ROGERS PARK,Multifamily Housing,2003,1,42.0171497,-87.6731786,row_2022,830499,1,2002,10373.4,T1,high,
102568,639  W GRACE ST,639 W GRACE ST,LAKE VIEW,Multifamily Housing,1973,1,41.9518659,-87.6465021,row_2022,861305,1,1973,13238.4,T1,high,
102585,9501 S Martin Luther King Dr,9501 S DR MARTIN LUTHER KING JR DR,ROSELAND,College/University,1971,12,41.7218041,-87.6139941,row_2022,701332;702653;703197;704889;704912;705126;705468;706205;706754;707517;708650;709177;709830,13,,428419.7,T1_multi,high,
102587,13100 S Carver Dr,13100 S CARVER DR,RIVERDALE,,,,41.6572965,-87.5920449,row_2022,,0,,,none,none,no footprint within 75 m of the trusted coordinate
102590,4627 4637 S DREXEL BLVD,4627-4637 S DREXEL BLVD,KENWOOD,,,,41.810561,-87.6037714,row_2022,440915,1,1923,17406.5,T1,high,
102610,420  432 W ONTARIO ST,420-432 W ONTARIO ST,NEAR NORTH SIDE,Multifamily Housing,1999,1,41.8932274,-87.6394373,row_2022,876280,1,,15019,T1,high,
102613,7914 7932 S WABASH AVE,7914-7932 S WABASH AVE,CHATHAM,,,,41.7504896,-87.6231277,row_2022,879199,1,1927,17679.5,T1,high,
102643,5400  N NORTHWEST HWY,5400 N NORTHWEST HWY,JEFFERSON PARK,Senior Living Community,2004,1,41.9783904,-87.7743996,row_2022,843047,1,2006,10620.3,T1,high,
102644,6701 N Glenwood Ave,6701 N GLENWOOD AVE,ROGERS PARK,Multifamily Housing,1917,1,42.0103619,-87.6682976,row_2016,815717,1,,2794.9,T1,high,
102690,1250  N LASALLE DR,1250 N LA SALLE DR,NEAR NORTH SIDE,Multifamily Housing,1985,1,41.9053321,-87.6331182,row_2022,316853,1,1984,28061.3,T1,high,
102705,65  E GOETHE ST,65 E GOETHE ST,NEAR NORTH SIDE,Multifamily Housing,2002,1,41.9057365,-87.6261857,row_2022,815575,1,2002,24510.9,coord_nearest,medium,nearest footprint 1 m from the trusted coordinate
102725,3656  W HURON ST,3656 W HURON ST,HUMBOLDT PARK,Senior Living Community,2009,1,41.8937119,-87.7185549,row_2022,821781,1,,13925.3,T1,high,
102731,1025 W Hollywood,1025 W HOLLYWOOD,EDGEWATER,Multifamily Housing,1970,1,41.9909006,-87.6666074,row_2018,52604,1,1972,14775.3,T1,high,
102745,5309 5343 S HARPER AVE,5309-5343 S HARPER AVE,HYDE PARK,Multifamily Housing,1920,1,41.7992331,-87.5889373,row_2022,464890,1,1906,24509.9,T1,high,
102766,6150  N KENMORE AVE,6150 N KENMORE AVE,EDGEWATER,Multifamily Housing,1962,1,41.9937829,-87.6570742,row_2022,34329,1,1924,5887.1,coord_nearest,medium,"year guard: address candidate 33721 built 1973, property built 1962; year guard: coord_nearest candidate 32746 built 1970, property built 1962; year guard: coord_nearest candidate 32861 built 1968, property built 1962; year guard: coord_nearest candidate 34812 built 1968, property built 1962; year guard: coord_nearest candidate 882754 built 1972, property built 1962; year guard: coord_nearest candidate 891047 built 2009, property built 1962; nearest footprint 15 m from the trusted coordinate"
102803,4845  S WESTERN AVE,4845 S WESTERN AVE,NEW CITY,Senior Living Community,2004,1,41.8052538,-87.6842131,row_2022,843480,1,2006,14874.4,T1,high,
102809,5101 5111 N WINCHESTER AVE,5101-5111 N WINCHESTER AVE,LINCOLN SQUARE,Multifamily Housing,1903,1,41.9747947,-87.677704,row_2022,79591,1,,13953,T1,high,
102825,4510 4518 N ASHLAND AVE,4510-4518 N ASHLAND AVE,UPTOWN,,,,41.9637859,-87.6694596,row_2022,118200,1,1926,11426.5,T1,high,
102838,13550  S AVENUE O,13550 S AVENUE O,HEGEWISCH,Senior Living Community,2002,1,41.6484574,-87.5401232,row_2022,821754,1,,12227.8,T1,high,
102854,5325  S COTTAGE GROVE AVE,5325 S COTTAGE GROVE AVE,HYDE PARK,,,,41.7978708,-87.606155,row_2022,469556,1,1968,9478,T1,high,
102914,8915  S LOOMIS ST,8915 S LOOMIS ST,WASHINGTON HEIGHTS,,,,41.7316445,-87.6579319,row_2022,815654,1,1900,9780.5,T1,high,
102926,5736 5752 S STONY ISLAND AVE,5736-5752 S STONY ISLAND AVE,HYDE PARK,,,,41.7904896,-87.5868415,row_2022,494641,1,1924,15237.8,T1,high,
102946,7947  S SOUTH CHICAGO AVE,7947 S SOUTH CHICAGO AVE,SOUTH CHICAGO,,,,41.7505621,-87.5840682,row_2022,822408,1,2001,6848.9,T1,high,
102987,4048  S LAKE PARK AVE,4048 S LAKE PARK AVE,OAKLAND,,,,41.8211145,-87.6016383,row_2022,427375,1,1971,5178.4,T1,high,
103036,4424 4432 N SEELEY AVE,4424-4432 N SEELEY AVE,LINCOLN SQUARE,Multifamily Housing,1927,1,41.9720824,-87.7023494,row_2017,124001,1,1927,9962.9,T1,high,
103052,825 835 W CORNELIA AVE,825-835 W CORNELIA AVE,LAKE VIEW,,,,41.9453493,-87.6504237,row_2022,185065,1,1916,12193.9,T1,high,
103182,1000  N LASALLE DR,1000 N LA SALLE DR,NEAR NORTH SIDE,Multifamily Housing,1988,1,41.9005848,-87.6329861,row_2022,325555,1,1981,14230.6,T1,high,
103205,7260  S SOUTH SHORE DR,7260 S SOUTH SHORE DR,SOUTH SHORE,,,,41.7642684,-87.5609968,row_2022,575488,1,1963,9047.6,T1,high,
103264,2941 S Michigan Ave,2941 S MICHIGAN AVE,DOUGLAS,Multifamily Housing,1964,1,41.8407712,-87.62312,row_2022,402044,1,,14360.9,T1,high,
103271,1344  N DEARBORN ST,1344 N DEARBORN ST,NEAR NORTH SIDE,Multifamily Housing,1963,2,41.9070549,-87.6302279,row_2022,868940,1,,955.4,coord_nearest,medium,"year guard: address candidate 858573 built 1967, property built 1963; year guard: coord_nearest candidate 315013 built 1997, property built 1963; year guard: coord_nearest candidate 815336 built 1968, property built 1963; year guard: coord_nearest candidate 815338 built 1974, property built 1963; year guard: coord_nearest candidate 858562 built 2006, property built 1963; year guard: coord_nearest candidate 858566 built 2006, property built 1963; year guard: coord_nearest candidate 858571 built 2006, property built 1963; year guard: coord_nearest candidate 858575 built 1969, property built 1963; year guard: coord_nearest candidate 858579 built 1967, property built 1963; nearest footprint 21 m from the trusted coordinate"
103273,221  E 121ST PL,221 E 121ST PL,WEST PULLMAN,Multifamily Housing,1973,3,41.673438,-87.6168451,row_2022,795772,1,,12658.1,T1,high,1 in-range footprint(s) on the same-named street of another type ignored
103278,33  W HURON ST,33 W HURON ST,NEAR NORTH SIDE,Multifamily Housing,1998,1,41.8947467,-87.6295597,row_2022,341666,1,1998,26877.3,T1,high,
103310,1336 1352 N SEDGWICK ST,1336-1352 N SEDGWICK ST,NEAR NORTH SIDE,Multifamily Housing,1929,10,41.9065236,-87.6385969,row_2022,313446;314497,2,1932,22824,T1_multi,high,
103312,199  E LAKE SHORE DR,199 E LAKE SHORE DR,NEAR NORTH SIDE,,,,41.9007849,-87.6218928,row_2022,813465,1,1916,12562.4,T1,high,
103314,1333  N CLEVELAND AVE,1333 N CLEVELAND AVE,NEAR NORTH SIDE,Multifamily Housing,1970,1,41.906692,-87.6407347,row_2022,314545,1,,1212.2,coord_nearest,medium,"year guard: address candidate 314391 built 1981, property built 1970; year guard: coord_nearest candidate 312794 built 1999, property built 1970; year guard: coord_nearest candidate 313437 built 1988, property built 1970; year guard: coord_nearest candidate 851851 built 2006, property built 1970; year guard: coord_nearest candidate 859017 built 2006, property built 1970; year guard: coord_nearest candidate 859018 built 2006, property built 1970; year guard: coord_nearest candidate 859019 built 2006, property built 1970; year guard: coord_nearest candidate 859020 built 2006, property built 1970; year guard: coord_nearest candidate 859021 built 2006, property built 1970; year guard: coord_nearest candidate 859031 built 2006, property built 1970; year guard: coord_nearest candidate 859035 built 2006, property built 1970; year guard: coord_nearest candidate 859036 built 2006, property built 1970; year guard: coord_nearest candidate 859038 built 2006, property built 1970; nearest footprint 24 m from the trusted coordinate"
103315,230  E ONTARIO ST,230 E ONTARIO ST,NEAR NORTH SIDE,Multifamily Housing,1969,1,41.8934837,-87.6218828,row_2022,343329,1,1972,7210,T1,high,
103317,27 39 E CEDAR ST,27-39 E CEDAR ST,NEAR NORTH SIDE,Multifamily Housing,1958,1,41.9022808,-87.6271777,row_2022,323872,1,1957,9165.8,T1,high,
103409,7733  S SOUTH SHORE DR,7733 S SOUTH SHORE DR,SOUTH SHORE,,,,41.756371,-87.5525707,row_2022,597134,1,1968,11208.3,T1,high,
103449,7616  S SOUTH SHORE DR,7616 S SOUTH SHORE DR,SOUTH SHORE,,,,41.7583615,-87.5550928,row_2022,821717,1,1971,1859.9,T1,high,
103475,7235 7245 S JEFFERY BLVD,7235-7245 S JEFFERY BLVD,SOUTH SHORE,,,,41.7633257,-87.5760926,row_2022,578918,1,,15082.1,T1,high,
103495,7465  S SOUTH SHORE DR,7465 S SOUTH SHORE DR,SOUTH SHORE,,,,41.7609145,-87.5573199,row_2022,585741,1,1970,14840.1,T1,high,
103573,6446 6458 S KENWOOD AVE,6446-6458 S KENWOOD AVE,WOODLAWN,,,,41.777489,-87.5931497,row_2022,537795,1,1923,17923.6,T1,high,
103580,6720  S CORNELL AVE,6720 S CORNELL AVE,SOUTH SHORE,,,,41.7726833,-87.5852083,row_2022,554953,1,1916,9158.4,T1,high,
103593,6145  S MICHIGAN AVE,6145 S MICHIGAN AVE,WASHINGTON PARK,,,,41.7825163,-87.6220058,row_2022,521554,1,1899,7999.5,T1,high,
103594,455 N Cityfront Plaza Dr,455 N CITYFRONT PLAZA DR,NEAR NORTH SIDE,Office,1988,1,41.8900013,-87.6214387,row_2022,349416,1,1988,61617.6,coord_pip,medium,
103595,141 W Jackson Blvd,141 W JACKSON BLVD,LOOP,Office,1930,1,41.8780257,-87.6320623,row_2022,868402,1,1930,71414.6,T1,high,
103596,550 W Jackson Blvd,550 W JACKSON BLVD,NEAR WEST SIDE,Office,2001,1,41.8781318,-87.6415854,row_2022,814778,1,2002,25128,T1,high,
103597,30 N LaSalle St,30 N LA SALLE ST,LOOP,Office,1974,1,41.8826947,-87.6325314,row_2022,355660,1,1974,25153.7,T1,high,
103598,222 N LaSalle St,222 N LA SALLE ST,LOOP,Office,1986,1,41.8863516,-87.6326139,row_2022,352500,1,1986,44551.3,T1,high,
103600,10 S LaSalle St,10 S LA SALLE ST,LOOP,Office,1986,1,41.8816748,-87.6325042,row_2022,356929,1,1949,22573.4,T1,high,
103601,120 S LaSalle St,120 S LA SALLE ST,LOOP,Office,1929,1,41.8800751,-87.6324579,row_2022,358064,1,1928,33157,T1,high,"year guard: address candidate 354922 built 1990, property built 1929"
103602,190 S LaSalle St,190 S LA SALLE ST,LOOP,Office,1985,1,41.8794308,-87.6324394,row_2022,358320,1,1985,22243.4,T1,high,
103604,525 W Monroe St,525 W MONROE ST,NEAR WEST SIDE,Office,1983,1,41.8804631,-87.6408039,row_2022,358055,1,1983,38675.5,coord_pip,medium,
103605,515 N STATE ST,515 N STATE ST,NEAR NORTH SIDE,Office,1990,1,41.8914181,-87.6279148,row_2022,886007,1,1989,43427.1,T1,high,
103606,233 S Wacker Dr,233 S WACKER DR,LOOP,Office,1973,1,41.8785602,-87.6365239,row_2022,358897,1,1974,59529.3,T1,high,"year guard: address candidate 351869 built 1980, property built 1973; year guard: address candidate 352508 built 1989, property built 1973"
103608,329 W 18th St,329 W 18TH ST,LOWER WEST SIDE,Office,1970,1,41.8576169,-87.6360711,row_2022,377658,1,,2222,coord_nearest,low,"year guard: coord_nearest candidate 836688 built 2005, property built 1970; nearest footprint 45 m from the trusted coordinate"
103611,105 W Adams St,105 W ADAMS ST,LOOP,Office,1927,1,41.8793027,-87.6310022,row_2022,358766,1,1927,20850.4,coord_pip,medium,
103614,225 E Chicago Ave,225 E CHICAGO AVE,NEAR NORTH SIDE,Hospital (General Medical & Surgical),2012,1,41.8966599,-87.6217552,row_2022,338255,1,,14347.1,T2,low,direction W vs E; 1113 m from the trusted coordinate
103615,250 E Superior St,250 E SUPERIOR ST,NEAR NORTH SIDE,Hospital (General Medical & Surgical),2007,1,41.8958982,-87.6207729,row_2022,847029,1,2006,61665.4,T1,high,
103617,33 E Congress Pkwy,33 E CONGRESS PKWY,LOOP,College/University,1925,,41.8755732,-87.6263761,row_2022,363343,1,1926,23642.3,T1,high,
103620,1530 N Dayton St,1530 N DAYTON ST,NEAR NORTH SIDE,,,,41.9095422,-87.6496096,row_2022,878209,1,,100550.2,coord_pip,medium,
103621,400 410 N Dearborn St,400-410 N DEARBORN ST,NEAR NORTH SIDE,Hotel,2008,1,41.8892695,-87.6297353,row_2022,886021,1,2008,13561.7,T1,high,
103624,3300 South Federal Street,3300 S FEDERAL ST,DOUGLAS,College/University,1896,50,41.8342998,-87.6292618,row_2016,412839,1,,16105.9,T1,high,
103626,151 N Franklin St,151 N FRANKLIN ST,LOOP,Office,2018,1,41.8844995,-87.6352336,row_2022,,0,,,none,none,"built 2018, after the City's 2015 footprint layer: no footprint in it can be this building"
103628,1000 W Fulton St,1000 W FULTON ST,NEAR WEST SIDE,Office,1923,1,41.8868483,-87.6522342,row_2022,352036,1,1918,75664,coord_nearest,medium,"year guard: coord_nearest candidate 834421 built 2005, property built 1923; year guard: coord_nearest candidate 834422 built 2005, property built 1923; year guard: coord_nearest candidate 834423 built 2005, property built 1923; year guard: coord_nearest candidate 834424 built 2005, property built 1923; year guard: coord_nearest candidate 834425 built 2005, property built 1923; nearest footprint 5 m from the trusted coordinate"
103630,1901 W Harrison St,1901 W HARRISON ST,NEAR WEST SIDE,Hospital (General Medical & Surgical),2002,4,41.8739705,-87.6740559,row_2022,365295,1,1913,227183.7,coord_pip,medium,
103632,251 E Huron St,251 E HURON ST,NEAR NORTH SIDE,Hospital (General Medical & Surgical),1999,1,41.8949033,-87.6207437,row_2022,876222,1,,115456,T1,high,
103634,25 E Jackson Blvd,25 E JACKSON BLVD,LOOP,College/University,1928,1,41.8781204,-87.6267374,row_2022,874143,1,,6817.6,coord_pip,medium,
103638,1400 S Lake Shore Dr,1400 S LAKE SHORE DR,NEAR SOUTH SIDE,Mixed Use Property,1921,1,41.8640356,-87.6192971,row_2022,371641,1,,245772.1,T1,high,"year guard: address candidate 310719 built 1927, property built 1921"
103639,221 N LaSalle St,221 N LA SALLE ST,LOOP,Office,1930,1,41.8863086,-87.6323188,row_2022,352495,1,1930,18986.4,T1,high,
103640,1 N LaSalle St,1 N LA SALLE ST,LOOP,Office,1929,1,41.8819901,-87.6322129,row_2022,814554,1,1930,17457.1,T1,high,
103641,33 N LaSalle St,33 N LA SALLE ST,LOOP,Office,1929,1,41.8827977,-87.6322421,row_2022,355588,1,1928,15765.8,T1,high,
103643,180 N LaSalle St,180 N LA SALLE ST,LOOP,Office,1972,1,41.8854444,-87.6325821,row_2022,353237,1,1972,20981.1,T1,high,
103644,200 N LaSalle Ave,200 N LA SALLE AVE,LOOP,Office,1984,1,41.8857611,-87.6325952,row_2022,352799,1,1984,23311.2,T1,high,
103645,203 N LaSalle St,203 N LA SALLE ST,LOOP,Office,1985,1,41.885822,-87.6323037,row_2022,352788,1,1986,45213.5,T1,high,
103647,135 S LaSalle St,135 S LA SALLE ST,LOOP,Office,1934,1,41.8800165,-87.6321623,row_2022,358297,1,1934,55253.4,T1,high,
103651,440 S LaSalle St,440 S LA SALLE ST,LOOP,Office,1984,1,41.8758885,-87.6318847,row_2022,362902,1,1983,24915.1,T1,high,1 in-range footprint(s) on the same-named street of another type ignored
103653,350 N Orleans St,350 N ORLEANS ST,NEAR NORTH SIDE,Office,1975,1,41.888741,-87.6370805,row_2022,350999,1,,141326.1,T1,high,
103655,5825  S DORCHESTER AVE,5825 S DORCHESTER AVE,HYDE PARK,Multifamily Housing,1966,1,41.7888946,-87.5913915,row_2022,497863,1,1927,17559,coord_nearest,low,"year guard: address candidate 499699 built 1971, property built 1966; nearest footprint 31 m from the trusted coordinate"
103656,222 Merchandise Mart Plz,222 MERCHANDISE MART PLZ,NEAR NORTH SIDE,Office,1930,1,41.8880743,-87.6349552,row_2022,351004,1,1933,192694.3,coord_nearest,medium,street 'MERCHANDISE MART' is not in the footprint table; nearest footprint 4 m from the trusted coordinate
103661,980 N Michigan Ave,980 N MICHIGAN AVE,NEAR NORTH SIDE,Mixed Use Property,1983,1,41.9008016,-87.6242725,row_2022,813467,1,1984,35201.2,T1,high,
103664,50 S LaSalle St,50 S LA SALLE ST,LOOP,Financial Office,1963,1,41.8807051,-87.6324763,row_2022,814612,1,1965,12731.5,T1,high,
103669,1410 South Museum Campus Drive,1410 S MUSEUM CAMPUS DR,NEAR SOUTH SIDE,Stadium (Open),1924,1,41.863884,-87.614512,row_2015,373305,1,,610.5,coord_nearest,low,street 'MUSEUM CAMPUS' is not in the footprint table; nearest footprint 60 m from the trusted coordinate
103677,150 N RIVERSIDE PLAZA,150 N RIVERSIDE PLZ,NEAR WEST SIDE,Office,2017,1,41.8850895,-87.6384056,row_2022,,0,,,none,none,"built 2017, after the City's 2015 footprint layer: no footprint in it can be this building"
103679,300 S Riverside Plz,300 S RIVERSIDE PLZ,NEAR WEST SIDE,Office,1983,1,41.8779751,-87.6384222,row_2022,360681,1,1983,51169.9,coord_nearest,medium,nearest footprint 2 m from the trusted coordinate
103681,6427-6455 N Sheridan Rd,6427-6455 N SHERIDAN RD,ROGERS PARK,,,,41.9990404,-87.6605122,row_2022,21639,1,1991,39043.1,T1,high,
103682,4624  S ELLIS AVE,4624 S ELLIS AVE,KENWOOD,,,,41.8106374,-87.6018688,row_2022,441110,1,1971,9273,T1,high,
103684,676 N St Clair St,676 N ST CLAIR ST,NEAR NORTH SIDE,Medical Office,1980,1,41.894853,-87.6229018,row_2022,341431,1,1979,26432,coord_nearest,medium,"year guard: coord_nearest candidate 339881 built 1994, property built 1980; year guard: coord_nearest candidate 813798 built 1992, property built 1980; nearest footprint 4 m from the trusted coordinate"
103685,1 N State St,1 N STATE ST,LOOP,Office,1910,1,41.8821176,-87.6276736,row_2022,868627,1,,27132.7,T1,high,
103687,1 S State St,1 S STATE ST,LOOP,Office,1899,1,41.8819952,-87.6276472,row_2022,880593,1,,39243,T1,high,
103689,404 W HARRISON ST,404 W HARRISON ST,NEAR WEST SIDE,Office,2018,1,41.8745322,-87.6381704,row_2022,,0,,,none,none,"built 2018, after the City's 2015 footprint layer: no footprint in it can be this building"
103692,333 S Wabash Ave,333 S WABASH AVE,LOOP,Office,1972,1,41.8774504,-87.625922,row_2022,360907,1,1972,29616.5,T1,high,
103696,111 S Wacker,111 S WACKER,LOOP,Office,2004,1,41.8803341,-87.6365802,row_2022,351639,1,1970,33622.9,T2,low,direction E vs S; 1315 m from the trusted coordinate
103698,22 W Washington St,22 W WASHINGTON ST,LOOP,Office,2008,1,41.8833278,-87.6286899,row_2022,847028,1,2006,40370.2,T1,high,
103699,69 W Washington St,69 W WASHINGTON ST,LOOP,Office,1965,1,41.8831005,-87.6301472,row_2022,355581,1,1965,29855.4,T1,high,
103705,125 S Clark St,125 S CLARK ST,LOOP,Office,1907,1,41.8799885,-87.6306888,row_2022,814680,1,1907,37033.4,coord_nearest,medium,"year guard: coord_nearest candidate 357894 built 1978, property built 1907; year guard: coord_nearest candidate 358297 built 1934, property built 1907; nearest footprint 3 m from the trusted coordinate"
103711,2 N LaSalle St,2 N LA SALLE ST,LOOP,Office,1978,1,41.8819923,-87.6325066,row_2022,356153,1,1978,27743,T1,high,
103712,845 N Michigan Ave,845 N MICHIGAN AVE,NEAR NORTH SIDE,Mixed Use Property,1976,1,41.8980799,-87.6239457,row_2022,333187,1,1976,113357.7,coord_nearest,medium,"year guard: coord_nearest candidate 877669 built 1993, property built 1976; nearest footprint 5 m from the trusted coordinate"
103716,17 E Monroe St,17 E MONROE ST,LOOP,Hotel,1925,3,41.8806646,-87.6270894,row_2022,814667,1,1927,82372.2,T1,high,
103721,209 S LaSalle St,209 S LA SALLE ST,LOOP,,,,41.8791146,-87.6321367,row_2022,358774,1,1886,29753.5,T1,high,
103727,5040 5060 N BROADWAY,5040-5060 N BROADWAY,UPTOWN,,,,41.9738556,-87.659948,row_2022,81415,1,1965,42854.6,T1,high,
103731,900  W FULLERTON AVE,900 W FULLERTON AVE,LINCOLN PARK,Multifamily Housing,2000,1,41.9255232,-87.6513078,row_2022,833109,1,1971,9070.8,T1,high,
103733,8550 W Bryn Mawr Ave,8550 W BRYN MAWR AVE,OHARE,,,,41.981144,-87.8410874,row_2022,837923,1,2002,149171.2,coord_nearest,medium,nearest footprint 26 m from the trusted coordinate
103738,4825  S DREXEL BLVD,4825 S DREXEL BLVD,KENWOOD,,,,41.8069784,-87.6036961,row_2022,448387,1,1970,5269.6,T1,high,
103739,20 N Clark St,20 N CLARK ST,LOOP,Office,1981,1,41.882434,-87.631037,row_2022,356188,1,1922,12130.5,T1,high,
103743,33 N Dearborn St,33 N DEARBORN ST,LOOP,Office,1966,1,41.8828062,-87.6292815,row_2022,355522,1,1966,17394,T1,high,
103745,900 North Michigan,900 N MICHIGAN,NEAR NORTH SIDE,Mixed Use Property,1989,1,41.8992486,-87.624275,row_2022,837712,1,1988,97396,T1,high,
103748,710 N Fairbanks Ct,710 N FAIRBANKS CT,NEAR NORTH SIDE,Laboratory,1978,1,41.8954036,-87.6204826,row_2022,339886,1,1979,46104.1,coord_nearest,medium,"year guard: coord_nearest candidate 824884 built 2005, property built 1978; year guard: coord_nearest candidate 847029 built 2006, property built 1978; nearest footprint 6 m from the trusted coordinate"
103759,547 W Jackson Blvd,547 W JACKSON BLVD,NEAR WEST SIDE,Office,1922,1,41.8779142,-87.6414054,row_2022,360730,1,1911,22980.2,coord_pip,medium,
103761,20 W Kinzie St,20 W KINZIE ST,NEAR NORTH SIDE,Office,2000,1,41.889352,-87.6288489,row_2022,814154,1,2000,26412.1,coord_pip,medium,
103766,640 N LaSalle St,640 N LA SALLE ST,NEAR NORTH SIDE,Office,1969,1,41.8936079,-87.6328006,row_2022,344106,1,,3197.7,coord_nearest,low,"1 in-range footprint(s) on the same-named street of another type ignored; year guard: coord_nearest candidate 343260 built 1973, property built 1969; nearest footprint 38 m from the trusted coordinate"
103767,11 S LaSalle St,11 S LA SALLE ST,LOOP,Hotel,2015,1,41.8816454,-87.6322095,row_2022,868399,1,1919,9802.8,T1,high,
103770,333 S LaSalle St,333 S LA SALLE ST,LOOP,,,,41.8770088,-87.6316309,row_2022,868401,1,,66932.8,coord_pip,medium,
103778,4646 N Marine Dr,4646 N MARINE DR,UPTOWN,,,,41.9668596,-87.649135,row_2022,107690,1,1956,53851.4,T1,high,
103780,360 N Michigan Ave,360 N MICHIGAN AVE,LOOP,Hotel,2016,1,41.8881402,-87.6246958,row_2022,,0,,,none,none,"built 2016, after the City's 2015 footprint layer: no footprint in it can be this building"
103781,625 N Michigan Ave,625 N MICHIGAN AVE,NEAR NORTH SIDE,Office,1969,1,41.8932995,-87.6240647,row_2022,344505,1,1970,14677,coord_nearest,medium,"year guard: coord_nearest candidate 342981 built 1985, property built 1969; year guard: coord_nearest candidate 343478 built 1988, property built 1969; year guard: coord_nearest candidate 344526 built 1996, property built 1969; year guard: coord_nearest candidate 813854 built 1987, property built 1969; year guard: coord_nearest candidate 824835 built 2004, property built 1969; nearest footprint 12 m from the trusted coordinate"
103782,136 148 E Huron St,136-148 E HURON ST,NEAR NORTH SIDE,Hotel,1924,1,41.8950523,-87.6241798,row_2022,339927,1,1926,14871,T1,high,
103789,3434 S Michigan Ave,3434 S MICHIGAN AVE,DOUGLAS,,,,41.8318186,-87.6234218,row_2022,416218,1,,104331,coord_nearest,medium,nearest footprint 6 m from the trusted coordinate
103798,844 W Rush St,844 W RUSH ST,NEAR NORTH SIDE,Office,1923,1,41.8979744,-87.6263377,row_2022,333430,1,1923,26633.9,T2,medium,direction N vs W; 0 m from the trusted coordinate
103804,190 N State St,190 N STATE ST,LOOP,Office,1917,1,41.8855552,-87.6280827,row_2022,353189,1,1917,27556.6,T1,high,
103812,400 W Superior St,400 W SUPERIOR ST,NEAR NORTH SIDE,Office,1998,1,41.8956436,-87.6386324,row_2022,876186,1,,7500.2,T1,high,
103815,328 S Jefferson,328 S JEFFERSON,NEAR WEST SIDE,Office,1970,1,41.8770941,-87.642655,row_2022,361378,1,1922,28836.9,T1,high,
103816,330 N Wabash Av,330 N WABASH AVE,NEAR NORTH SIDE,Office,1971,1,41.8879387,-87.6270356,row_2022,350946,1,1973,33603.1,T1,high,
103849,1632 S INDIANA AVE,1632 S INDIANA AVE,NEAR SOUTH SIDE,Multifamily Housing,1997,1,41.8594416,-87.6225072,row_2022,376283,1,1907,9707.5,T1,high,
103871,111 S PEORIA ST,111 S PEORIA ST,NEAR WEST SIDE,Multifamily Housing,2017,1,41.880088,-87.6494993,row_2022,,0,,,none,none,"built 2017, after the City's 2015 footprint layer: no footprint in it can be this building"
103933,3161  N CAMBRIDGE AVE,3161 N CAMBRIDGE AVE,LAKE VIEW,Multifamily Housing,1968,1,41.9394763,-87.6430239,row_2022,210181,1,1971,10175,T1,high,
103962,2828  N CAMBRIDGE AVE,2828 N CAMBRIDGE AVE,LAKE VIEW,,,,41.933699,-87.6429146,row_2022,233443,1,1973,16761.4,T1,high,
103965,447 457 W WELLINGTON AVE,447-457 W WELLINGTON AVE,LAKE VIEW,Multifamily Housing,1967,1,41.9364541,-87.6412823,row_2022,222762,1,1953,14304.3,coord_nearest,medium,"year guard: address candidate 222878 built 1973, property built 1967; year guard: coord_nearest candidate 224837 built 1972, property built 1967; year guard: coord_nearest candidate 224941 built 1971, property built 1967; year guard: coord_nearest candidate 861656 built 1974, property built 1967; nearest footprint 1 m from the trusted coordinate"
103970,424  W OAKDALE AVE,424 W OAKDALE AVE,LAKE VIEW,Multifamily Housing,1970,1,41.9356943,-87.6404261,row_2022,224837,1,1972,8750.6,T1,high,
104084,841 849 W CORNELIA AVE,841-849 W CORNELIA AVE,LAKE VIEW,,,,41.9398511,-87.6584475,row_2019,185137,1,1913,54702.8,T1,high,
104095,4600 4650 W Diversey Ave,4600-4650 W DIVERSEY AVE,HERMOSA,,,,41.9317031,-87.7419968,row_2022,234958,1,,55914,T1_multi,medium,3 in-range footprints more than 60 m apart; nearest the trusted coordinate kept
104100,711  W GORDON TER,711 W GORDON TER,UPTOWN,Multifamily Housing,1979,1,41.95777,-87.647885,row_2022,140366,1,1979,13678.6,T1,high,
104105,640  W SHERIDAN RD,640 W SHERIDAN RD,LAKE VIEW,Multifamily Housing,1970,1,41.9530484,-87.6464647,row_2022,153958,1,1970,10044.7,T1,high,
104206,4501 4519 N MALDEN ST,4501-4519 N MALDEN ST,UPTOWN,Multifamily Housing,1925,1,41.9637801,-87.6622087,row_2022,117848,1,,20135.4,T1,high,
104208,4401-09 N. Malden St.,4401-4409 N MALDEN ST,UPTOWN,Multifamily Housing,1918,1,41.97223,-87.6646,covered_list,125179,1,,8839.4,T1,high,
104226,606 620 W CORNELIA AVE,606-620 W CORNELIA AVE,LAKE VIEW,Multifamily Housing,1969,1,41.9460767,-87.6447944,row_2022,861413,1,1971,16793.8,T1,high,
104237,536 552 W ADDISON ST,536-552 W ADDISON ST,LAKE VIEW,Multifamily Housing,1970,1,41.9482768,-87.6448781,row_2022,861378,1,1971,14422.9,T1,high,
104238,3510  N PINE GROVE AVE,3510 N PINE GROVE AVE,LAKE VIEW,Multifamily Housing,1970,1,41.9463435,-87.6447455,row_2022,861412,1,1972,16669.3,T1,high,
104239,517 525 W BROMPTON AVE,517-525 W BROMPTON AVE,LAKE VIEW,Multifamily Housing,1924,1,41.9473862,-87.6435153,row_2022,176724,1,1926,11308.2,T1,high,
104250,544  W MELROSE ST,544 W MELROSE ST,LAKE VIEW,Multifamily Housing,1967,1,41.9412582,-87.6436988,row_2022,200735,1,1958,7900.7,coord_nearest,medium,"year guard: address candidate 200679 built 1973, property built 1967; year guard: coord_nearest candidate 203269 built 1972, property built 1967; year guard: coord_nearest candidate 847687 built 2006, property built 1967; year guard: coord_nearest candidate 847688 built 2006, property built 1967; nearest footprint 14 m from the trusted coordinate"
104261,500  W BELMONT AVE,500 W BELMONT AVE,LAKE VIEW,Multifamily Housing,1965,1,41.9401915,-87.6420437,row_2022,205187,1,1968,9819.8,T1,high,
104263,444 454 W MELROSE ST,444-454 W MELROSE ST,LAKE VIEW,Multifamily Housing,1967,1,41.9412924,-87.6411318,row_2022,200449,1,1969,23894.6,T1,high,
104267,912 932 W GORDON TER,912-932 W GORDON TER,UPTOWN,,,,41.9576351,-87.6531438,row_2022,139953,1,1916,16271.9,T1,high,
104278,429 431 W ROSCOE ST,429-431 W ROSCOE ST,LAKE VIEW,Multifamily Housing,1931,1,41.9432483,-87.6417013,row_2022,861514,1,1933,6905.1,T1,high,
104285,528 534 W ALDINE AVE,528-534 W ALDINE AVE,LAKE VIEW,Multifamily Housing,1966,1,41.9423595,-87.6431949,row_2022,861515,1,1969,9144.8,coord_nearest,medium,"year guard: address candidate 861516 built 1970, property built 1966; year guard: coord_nearest candidate 195776 built 1971, property built 1966; year guard: coord_nearest candidate 847687 built 2006, property built 1966; year guard: coord_nearest candidate 847688 built 2006, property built 1966; year guard: coord_nearest candidate 847689 built 2006, property built 1966; year guard: coord_nearest candidate 847690 built 2006, property built 1966; nearest footprint 11 m from the trusted coordinate"
104288,452  W ALDINE AVE,452 W ALDINE AVE,LAKE VIEW,Multifamily Housing,1966,1,41.9423722,-87.6420547,row_2022,195972,1,1917,4677,coord_nearest,medium,"year guard: address candidate 195776 built 1971, property built 1966; year guard: coord_nearest candidate 847689 built 2006, property built 1966; year guard: coord_nearest candidate 847690 built 2006, property built 1966; year guard: coord_nearest candidate 847691 built 2006, property built 1966; nearest footprint 12 m from the trusted coordinate"
104300,434 436 W ROSCOE ST,434-436 W ROSCOE ST,LAKE VIEW,,,,41.9434649,-87.6419448,row_2022,861480,1,1931,4786.6,T1,high,
104340,4701 4705 N BEACON ST,4701-4705 N BEACON ST,UPTOWN,Multifamily Housing,1930,1,41.9672344,-87.663986,row_2022,107424,1,1933,7851.4,T1,high,
104374,6000  N SHERIDAN RD,6000 N SHERIDAN RD,EDGEWATER,,,,41.9910859,-87.655563,row_2022,40405,1,1973,9149,T1,high,
104384,6011 6015 N KENMORE AVE,6011-6015 N KENMORE AVE,EDGEWATER,,,,41.9913323,-87.6567047,row_2022,39766,1,1969,9025.8,T1,high,
104385,6001  N KENMORE AVE,6001 N KENMORE AVE,EDGEWATER,,,,41.9910711,-87.6566968,row_2022,40832,1,1969,8606.8,T1,high,
104430,1215 1225 W GRANVILLE AVE,1215-1225 W GRANVILLE AVE,EDGEWATER,Multifamily Housing,1920,2,41.994437,-87.6610465,row_2022,32286,1,,12522.4,T1,high,
104431,5948 5958 N BROADWAY,5948-5958 N BROADWAY,EDGEWATER,Office,1924,1,41.9904562,-87.6604282,row_2022,41544,1,,16106.5,T1,high,
104511,1040  W HOLLYWOOD AVE,1040 W HOLLYWOOD AVE,EDGEWATER,Multifamily Housing,1973,1,41.9856128,-87.6569034,row_2022,51324,1,1973,14674.3,T1,high,
104549,920  W LAWRENCE AVE,920 W LAWRENCE AVE,UPTOWN,,,,41.9692187,-87.6533383,row_2022,100312,1,1979,16752.6,coord_nearest,medium,nearest footprint 20 m from the trusted coordinate
104635,1900 1912 W PRATT BLVD,1900-1912 W PRATT BLVD,ROGERS PARK,Multifamily Housing,2000,1,42.0053627,-87.6780447,row_2022,14667,1,,18870.5,coord_nearest,medium,nearest footprint 2 m from the trusted coordinate
104710,4645  W BELMONT AVE,4645 W BELMONT AVE,BELMONT CRAGIN,,,,41.9387585,-87.7439203,row_2022,821758,1,1998,12377.8,T1,high,
104735,2516 2526 N KEDZIE BLVD,2516-2526 N KEDZIE BLVD,LOGAN SQUARE,Multifamily Housing,1920,1,41.9271025,-87.7074337,row_2022,256527,1,1912,13012.7,T1,high,
104789,2322 2326 N COMMONWEALTH AVE,2322-2326 N COMMONWEALTH AVE,LINCOLN PARK,,,,41.9245081,-87.6382229,row_2022,850989,1,1926,13330.8,T1,high,
104834,515 523 W BARRY AVE,515-523 W BARRY AVE,LAKE VIEW,Multifamily Housing,1967,1,41.937577,-87.6425306,row_2022,218335,1,,1638.2,coord_nearest,medium,"year guard: address candidate 218236 built 1972, property built 1967; year guard: coord_nearest candidate 215623 built 1979, property built 1967; year guard: coord_nearest candidate 848746 built 1974, property built 1967; nearest footprint 9 m from the trusted coordinate"
104836,445  W BARRY AVE,445 W BARRY AVE,LAKE VIEW,Multifamily Housing,1971,1,41.9375987,-87.6412343,row_2022,848746,1,1974,17561.8,T1,high,
104838,421  W BARRY AVE,421 W BARRY AVE,LAKE VIEW,Multifamily Housing,1969,1,41.9376134,-87.6403349,row_2022,848745,1,1972,17765.3,T1,high,
104849,660  W WRIGHTWOOD AVE,660 W WRIGHTWOOD AVE,LINCOLN PARK,Multifamily Housing,1970,1,41.9292928,-87.6451635,row_2022,248137,1,1971,10180.1,T1,high,
104879,2600  N HAMPDEN CT,2600 N HAMPDEN CT,LINCOLN PARK,Multifamily Housing,2005,1,41.9292686,-87.6408106,row_2022,248317,1,1969,7610.5,T1,high,
104931,4600 4616 N WINCHESTER AVE,4600-4616 N WINCHESTER AVE,LINCOLN SQUARE,Multifamily Housing,1906,1,41.9652062,-87.6777444,row_2022,113058,1,,18845.1,T1,high,
104993,6705 6707 N CALIFORNIA AVE,6705-6707 N CALIFORNIA AVE,WEST RIDGE,,,,42.008802,-87.6950281,row_2019,17482;17629,2,1961,5723.2,T1_multi,high,
105006,5527 5539 N KENMORE AVE,5527-5539 N KENMORE AVE,EDGEWATER,Multifamily Housing,1915,1,41.9826868,-87.6564426,row_2022,855015,1,1916,6562.7,coord_nearest,medium,"year guard: address candidate 58206 built 1926, property built 1915; year guard: coord_nearest candidate 57114 built 1949, property built 1915; year guard: coord_nearest candidate 57662 built 1928, property built 1915; year guard: coord_nearest candidate 57879 built 1966, property built 1915; year guard: coord_nearest candidate 58284 built 1925, property built 1915; year guard: coord_nearest candidate 58769 built 1969, property built 1915; year guard: coord_nearest candidate 59023 built 1923, property built 1915; year guard: coord_nearest candidate 59315 built 1926, property built 1915; year guard: coord_nearest candidate 59332 built 1927, property built 1915; year guard: coord_nearest candidate 59439 built 1931, property built 1915; year guard: coord_nearest candidate 59561 built 1919, property built 1915; year guard: coord_nearest candidate 59815 built 1968, property built 1915; year guard: coord_nearest candidate 834623 built 2005, property built 1915; year guard: coord_nearest candidate 855016 built 1973, property built 1915; nearest footprint 23 m from the trusted coordinate"
105011,5439 5443 N KENMORE AVE,5439-5443 N KENMORE AVE,EDGEWATER,Multifamily Housing,1929,1,41.9811992,-87.6564005,row_2022,61456,1,1930,6518.9,T1,high,
105012,1016 1030 W BALMORAL AVE,1016-1030 W BALMORAL AVE,EDGEWATER,,,,41.9801487,-87.6558475,row_2022,855037,1,1968,13350.9,T1,high,
105014,5416 5422 N KENMORE AVE,5416-5422 N KENMORE AVE,EDGEWATER,,,1,,,none,62786,1,1969,9150.6,T1,high,
105034,5030 N Marine Dr,5030 N MARINE DR,UPTOWN,Multifamily Housing,1971,1,41.9742708,-87.6514953,row_2022,879031,1,,24329.4,T1,high,
105044,2018 2040 W FARWELL AVE,2018-2040 W FARWELL AVE,WEST RIDGE,,,,42.0065309,-87.681498,row_2022,13457;13707,2,1963,14892.8,T1_multi,high,
105061,7618 7628 N EASTLAKE TER,7618-7628 N EASTLAKE TER,ROGERS PARK,,,,42.0198507,-87.6648904,row_2022,822230,1,1923,9351.1,T1,high,
105067,1025 1035 W LOYOLA AVE,1025-1035 W LOYOLA AVE,ROGERS PARK,Multifamily Housing,1932,1,42.001467,-87.6574048,row_2022,19503;19541;19890,3,1932,37618.1,T1_multi,high,
105070,1548 1558 W JUNEWAY TER,1548-1558 W JUNEWAY TER,ROGERS PARK,,,,42.0223724,-87.6701537,row_2022,11,1,1926,18243,T1,high,
105078,6825  N SHERIDAN RD,6825 N SHERIDAN RD,ROGERS PARK,Multifamily Housing,1966,1,42.0063641,-87.6610135,row_2022,842590,1,1964,3250.2,coord_nearest,medium,"year guard: address candidate 13529 built 1970, property built 1966; year guard: coord_nearest candidate 13557 built 1986, property built 1966; year guard: coord_nearest candidate 13689 built 1973, property built 1966; year guard: coord_nearest candidate 815714 built 1990, property built 1966; year guard: coord_nearest candidate 815715 built 1990, property built 1966; year guard: coord_nearest candidate 842591 built 1973, property built 1966; nearest footprint 12 m from the trusted coordinate"
105150,1533 W JARVIS AVE,1533 W JARVIS AVE,ROGERS PARK,,,,42.0159017,-87.6694421,row_2022,3351,1,1973,15769.7,T1,high,
105233,7064  N SHERIDAN RD,7064 N SHERIDAN RD,ROGERS PARK,,,,42.0110095,-87.662838,row_2022,8227,1,1971,5035.2,T1,high,
105244,1329 1341 W ESTES AVE,1329-1341 W ESTES AVE,ROGERS PARK,Multifamily Housing,2000,1,42.0114844,-87.6640495,row_2022,7805,1,,28829.3,T1,high,
105252,3500 S LAKE PARK AVE,3500 S LAKE PARK AVE,OAKLAND,Multifamily Housing,1971,8,41.8310968,-87.6083697,row_2022,417305,1,1974,12195.1,T1,high,
105288,9000 S Exchange Ave,9000 S EXCHANGE AVE,SOUTH CHICAGO,,,,41.7316822,-87.5528237,row_2022,678373,1,1962,57334.6,coord_nearest,medium,nearest footprint 4 m from the trusted coordinate
105302,810  E HYDE PARK BLVD,810 E HYDE PARK BLVD,KENWOOD,,,,41.8023735,-87.6058876,row_2022,457225,1,1965,6951.8,T1,high,
105315,468  W MELROSE ST,468 W MELROSE ST,LAKE VIEW,Multifamily Housing,1961,1,41.9412817,-87.6420057,row_2022,200968,1,,1927.7,coord_nearest,medium,"year guard: address candidate 200449 built 1969, property built 1961; year guard: coord_nearest candidate 200564 built 1965, property built 1961; year guard: coord_nearest candidate 200567 built 1970, property built 1961; year guard: coord_nearest candidate 203186 built 1973, property built 1961; year guard: coord_nearest candidate 203206 built 1967, property built 1961; year guard: coord_nearest candidate 205187 built 1968, property built 1961; year guard: coord_nearest candidate 847691 built 2006, property built 1961; year guard: coord_nearest candidate 847693 built 2006, property built 1961; year guard: coord_nearest candidate 847694 built 2006, property built 1961; nearest footprint 17 m from the trusted coordinate"
105339,5306  N CUMBERLAND AVE,5306 N CUMBERLAND AVE,OHARE,,,,41.9758964,-87.8367699,row_2022,78421,1,1974,22561,T1,high,
105340,531 535 W DEMING PL,531-535 W DEMING PL,LINCOLN PARK,Multifamily Housing,1967,1,41.9281072,-87.6433446,row_2022,825509,1,1969,14623.6,T1,high,
105360,200  N CENTRAL AVE,200 N CENTRAL AVE,AUSTIN,Multifamily Housing,1930,1,41.884306,-87.7651519,row_2022,354772,1,1914,19028.6,T1,high,
105391,6253  S MICHIGAN AVE,6253 S MICHIGAN AVE,WASHINGTON PARK,,,,41.7804037,-87.6218375,row_2022,837739,1,2005,10676.4,T1,high,
105441,2220 2242 S PRINCETON AVE,2220-2242 S PRINCETON AVE,ARMOUR SQUARE,,,,41.8522296,-87.6349335,row_2022,386410;387130,2,,22090.9,T1_multi,high,
105451,3616-18 N. Pine Grove Ave.,3616-3618 N PINE GROVE AVE,LAKE VIEW,Multifamily Housing,1924,1,41.9540202,-87.6620278,row_2017,861376,1,1926,9115.7,T1,high,
105454,530  W ARLINGTON PL,530 W ARLINGTON PL,LINCOLN PARK,Multifamily Housing,1924,1,41.9268611,-87.6424937,row_2022,862413,1,1926,9722.7,T1,high,
105472,5816  N SHERIDAN RD,5816 N SHERIDAN RD,EDGEWATER,,,,41.9878768,-87.6554667,row_2022,46630,1,1964,8961.6,T1,high,
105478,6230 6236 N KENMORE AVE,6230-6236 N KENMORE AVE,EDGEWATER,,,,41.9955653,-87.6571288,row_2022,29129,1,1937,8858.4,T1,high,
105483,5200 5220 N SHERIDAN RD,5200-5220 N SHERIDAN RD,EDGEWATER,,,,41.9764927,-87.6551336,row_2022,73655,1,1949,21860,T1,high,
105484,5220 5224 N KENMORE AVE,5220-5224 N KENMORE AVE,EDGEWATER,Multifamily Housing,1929,1,41.9770306,-87.65658,row_2022,856717,1,1930,6147.5,T1,high,
105488,5600  N SHERIDAN RD,5600 N SHERIDAN RD,EDGEWATER,Multifamily Housing,1965,1,41.983886,-87.6553424,row_2022,55898,1,1962,6639.3,T1,high,
105490,5620 5626 N KENMORE AVE,5620-5626 N KENMORE AVE,EDGEWATER,Multifamily Housing,1940,1,41.9843377,-87.6567809,row_2022,854536,1,,3662.2,coord_nearest,medium,"year guard: address candidate 854534 built 1968, property built 1940; year guard: coord_nearest candidate 54061 built 1949, property built 1940; year guard: coord_nearest candidate 54405 built 1970, property built 1940; nearest footprint 3 m from the trusted coordinate"
105530,6900 6910 S CRANDON AVE,6900-6910 S CRANDON AVE,SOUTH SHORE,,,,41.7697785,-87.5700153,row_2022,563610,1,1949,17877.3,T1,high,
105533,6228 6240 N WINTHROP AVE,6228-6240 N WINTHROP AVE,EDGEWATER,,,,41.9954125,-87.6585268,row_2022,852946;852947,2,1966,14758,T1_multi,high,
105551,5480 S CORNELL AVE,5480 S CORNELL AVE,HYDE PARK,Multifamily Housing,1923,1,41.7957727,-87.5855736,row_2022,476398,1,1923,28611.4,T1,high,
105586,712 720 W DIVERSEY PKWY,712-720 W DIVERSEY PKWY,LAKE VIEW,Multifamily Housing,1929,1,41.9328652,-87.6471712,row_2022,861747,1,1930,7271.9,T1,high,
105596,2751 2765 N PINE GROVE AVE,2751-2765 N PINE GROVE AVE,LINCOLN PARK,Multifamily Housing,1927,1,41.9324428,-87.6410303,row_2022,238451,1,1924,8491.1,T1,high,
105600,2740 2750 N HAMPDEN CT,2740-2750 N HAMPDEN CT,LINCOLN PARK,,,,41.9318609,-87.6423306,row_2022,241367,1,1927,17926.9,T1,high,
105604,525 531 W ARLINGTON PL,525-531 W ARLINGTON PL,LINCOLN PARK,,,,41.9266503,-87.6422623,row_2022,257860,1,1925,15660,T1,high,
105608,513 519 W BRIAR PL,513-519 W BRIAR PL,LAKE VIEW,Multifamily Housing,1932,1,41.9386059,-87.6425163,row_2022,213775,1,1932,6331.4,T1,high,
105609,426 432 W BRIAR PL,426-432 W BRIAR PL,LAKE VIEW,,,,41.9388557,-87.6405878,row_2022,211639,1,1929,7904.1,T1,high,
105615,426 W SURF ST,426 W SURF ST,LAKE VIEW,Multifamily Housing,1928,1,41.9344343,-87.6404472,row_2022,229124,1,1929,11725.2,T1,high,
105617,441  W OAKDALE AVE,441 W OAKDALE AVE,LAKE VIEW,Multifamily Housing,1971,1,41.9354653,-87.6410219,row_2022,227176,1,1965,8879.1,T1,high,
105619,521 541 W WELLINGTON AVE,521-541 W WELLINGTON AVE,LAKE VIEW,Multifamily Housing,1925,1,41.9364302,-87.6427292,row_2022,222880,1,1925,19618.6,T1,high,
105653,601  E 32ND ST,601 E 32ND ST,DOUGLAS,Multifamily Housing,1958,1,41.8359761,-87.6115408,row_2022,410834,1,1958,15112.5,T1,high,
105673,506  W HARRISON ST,506 W HARRISON ST,NEAR WEST SIDE,Hotel,1967,1,41.8745122,-87.6398647,row_2022,363801,1,,14659.3,coord_pip,medium,
105695,1034 1038 N DEARBORN ST,1034-1038 N DEARBORN ST,NEAR NORTH SIDE,Multifamily Housing,1929,1,41.9016744,-87.6300662,row_2022,874101,1,1929,7660.1,T1,high,
105697,1030 1032 N DEARBORN ST,1030-1032 N DEARBORN ST,NEAR NORTH SIDE,Multifamily Housing,1929,1,41.9015521,-87.6300626,row_2022,874100,1,1932,6128.9,T1,high,
105709,103 109 E DELAWARE PL,103-109 E DELAWARE PL,NEAR NORTH SIDE,,,,41.899075,-87.6258577,row_2022,331219,1,,8125.1,T1,high,
105725,7000 7008 S SOUTH SHORE DR,7000-7008 S SOUTH SHORE DR,SOUTH SHORE,,,,41.7680285,-87.5666499,row_2022,567831,1,1926,9783.5,T1,high,
105739,5346 5350 S CORNELL AVE,5346-5350 S CORNELL AVE,HYDE PARK,Multifamily Housing,1928,1,41.7981945,-87.5856307,row_2022,468013,1,1929,7235.4,T1,high,
105744,5734 N Winthrop Ave,5734 N WINTHROP AVE,EDGEWATER,Multifamily Housing,1926,1,41.9909006,-87.6666074,row_2017,49657,1,1929,5026.2,T1,high,
105749,211 217 E CHESTNUT ST,211-217 E CHESTNUT ST,NEAR NORTH SIDE,Multifamily Housing,1955,1,41.8983185,-87.6213772,row_2022,333111,1,1930,4488.6,T1,high,
105768,4750  N CLARENDON AVE,4750 N CLARENDON AVE,UPTOWN,Multifamily Housing,1959,1,41.9688579,-87.6502586,row_2022,102035,1,1959,3915.2,T1,high,
105785,5528 5530 S HYDE PARK BLVD,5528-5530 S HYDE PARK BLVD,HYDE PARK,,,,41.7943492,-87.5840762,row_2022,821438,1,1929,6100.3,T1,high,
105788,4242 4246 N SHERIDAN RD,4242-4246 N SHERIDAN RD,UPTOWN,Multifamily Housing,1933,1,41.9596597,-87.6548378,row_2022,132673,1,1918,15120.8,T1,high,
105790,5046 5052 N SHERIDAN RD,5046-5052 N SHERIDAN RD,UPTOWN,Multifamily Housing,1928,1,41.9747319,-87.6551137,row_2022,80117,1,1930,13902,T1,high,
105792,424  W DIVERSEY PKWY,424 W DIVERSEY PKWY,LAKE VIEW,Multifamily Housing,1926,1,41.933001,-87.6403377,row_2022,861836,1,1929,11296.8,T1,high,
105819,532 542 W BRIAR PL,532-542 W BRIAR PL,LAKE VIEW,Multifamily Housing,1903,1,41.9388154,-87.6432075,row_2022,211836,1,,14691.4,T1,high,
105820,7353  S CICERO AVE,7353 S CICERO AVE,WEST LAWN,,,,41.7591297,-87.7415536,row_2022,594761,1,1971,31615.3,T1,high,
105852,7100  S SOUTH SHORE DR,7100 S SOUTH SHORE DR,SOUTH SHORE,,,,41.7661952,-87.5629082,row_2022,571651,1,1948,18670.7,T1,high,
105858,546 550 W ARLINGTON PL,546-550 W ARLINGTON PL,LINCOLN PARK,Multifamily Housing,1927,1,41.926851,-87.6430662,row_2022,255931,1,1930,2976.1,coord_nearest,medium,"year guard: address candidate 255783 built 1932, property built 1927; year guard: coord_nearest candidate 253202 built 1973, property built 1927; year guard: coord_nearest candidate 254796 built 1973, property built 1927; year guard: coord_nearest candidate 258134 built 1970, property built 1927; year guard: coord_nearest candidate 825509 built 1969, property built 1927; year guard: coord_nearest candidate 850332 built 2006, property built 1927; year guard: coord_nearest candidate 850333 built 2006, property built 1927; year guard: coord_nearest candidate 850337 built 2006, property built 1927; nearest footprint 4 m from the trusted coordinate"
105864,600 E Grand Ave,600 E GRAND AVE,NEAR NORTH SIDE,Mixed Use Property,1914,1,41.8920941,-87.6115699,row_2022,815730,1,,96641.1,coord_nearest,low,"year guard: address candidate 346210 built 1994, property built 1914; year guard: coord_nearest candidate 346990 built 1967, property built 1914; nearest footprint 33 m from the trusted coordinate"
105921,1246 1248 W PRATT BLVD,1246-1248 W PRATT BLVD,ROGERS PARK,Multifamily Housing,1934,1,42.0056204,-87.6628239,row_2022,14219,1,1930,4899,T1,high,
105936,12 18 W ELM ST,12-18 W ELM ST,NEAR NORTH SIDE,Multifamily Housing,1930,1,41.9032784,-87.6291285,row_2022,874104,1,1931,6326.8,T1,high,
105938,5235 S Harper Ct,5235 S HARPER CT,HYDE PARK,Office,2013,1,41.8000044,-87.5880857,row_2022,893034,1,2013,30575.7,T1,high,
105967,5424  S CORNELL AVE,5424 S CORNELL AVE,HYDE PARK,,,,41.8022404,-87.6033268,row_2019,471474,1,1928,8217,T1,high,
105983,1330  N DEARBORN ST,1330 N DEARBORN ST,NEAR NORTH SIDE,Multifamily Housing,1962,1,41.9066873,-87.6302166,row_2022,314761,1,1934,1678.5,coord_nearest,medium,"year guard: address candidate 858579 built 1967, property built 1962; year guard: coord_nearest candidate 315013 built 1997, property built 1962; year guard: coord_nearest candidate 815336 built 1968, property built 1962; year guard: coord_nearest candidate 815338 built 1974, property built 1962; year guard: coord_nearest candidate 858562 built 2006, property built 1962; year guard: coord_nearest candidate 858563 built 2006, property built 1962; year guard: coord_nearest candidate 858573 built 1967, property built 1962; year guard: coord_nearest candidate 858575 built 1969, property built 1962; nearest footprint 14 m from the trusted coordinate"
105987,7020 7038 S JEFFERY BLVD,7020-7038 S JEFFERY BLVD,SOUTH SHORE,Multifamily Housing,1925,1,41.767353,-87.576478,row_2022,568065,1,,12522.4,coord_nearest,medium,"year guard: address candidate 569350 built 1929, property built 1925; year guard: coord_nearest candidate 568346 built 1952, property built 1925; nearest footprint 24 m from the trusted coordinate"
105989,5501 5511 W WASHINGTON BLVD,5501-5511 W WASHINGTON BLVD,AUSTIN,Multifamily Housing,1929,1,41.8821557,-87.763339,row_2022,357297,1,1929,14668.2,T1,high,
105991,162 164 E ONTARIO ST,162-164 E ONTARIO ST,NEAR NORTH SIDE,Hotel,1980,1,41.8934695,-87.6228942,row_2022,344469,1,,9578.3,coord_nearest,low,"year guard: address candidate 813854 built 1987, property built 1980; year guard: coord_nearest candidate 342854 built 1991, property built 1980; year guard: coord_nearest candidate 343478 built 1988, property built 1980; year guard: coord_nearest candidate 813880 built 1985, property built 1980; year guard: coord_nearest candidate 824835 built 2004, property built 1980; nearest footprint 38 m from the trusted coordinate"
106000,1519 1525 W WARREN BLVD,1519-1525 W WARREN BLVD,NEAR WEST SIDE,Multifamily Housing,2013,1,41.8822718,-87.665981,row_2022,356656,1,1934,8266.6,T1,high,
106014,211 213 E DELAWARE PL,211-213 E DELAWARE PL,NEAR NORTH SIDE,Multifamily Housing,1931,1,41.899141,-87.6213935,row_2022,330981,1,1930,3459.5,T1,high,
106017,6900 S SOUTH SHORE DR,6900 S SOUTH SHORE DR,SOUTH SHORE,Multifamily Housing,1963,1,41.7698126,-87.5666924,row_2022,563556,1,1952,8904.4,T1,high,
106025,640 644 N WABASH AVE,640-644 N WABASH AVE,NEAR NORTH SIDE,Hotel,1980,1,41.8936913,-87.6269202,row_2022,343348,1,1929,3314.8,T1,high,
106027,505  W BELMONT AVE,505 W BELMONT AVE,LAKE VIEW,Multifamily Housing,1925,1,41.9399697,-87.642206,row_2022,848738,1,,5706.4,coord_pip,medium,"year guard: address candidate 848737 built 1933, property built 1925"
106030,433 W BRIAR PL,433 W BRIAR PL,LAKE VIEW,Multifamily Housing,1929,1,41.9386327,-87.6408024,row_2022,213700,1,1930,6431.3,T1,high,
106042,1211 1217 N LASALLE DR,1211-1217 N LA SALLE DR,NEAR NORTH SIDE,,,,41.9042475,-87.6327864,row_2022,815415,1,1933,4093.1,T1,high,
106046,162  E OHIO ST,162 E OHIO ST,NEAR NORTH SIDE,,,,41.8926669,-87.622866,row_2022,345059,1,1931,7544.7,T1,high,
106052,6214 6218 N WINTHROP AVE,6214-6218 N WINTHROP AVE,EDGEWATER,Multifamily Housing,1969,1,41.9950155,-87.658516,row_2022,30330,1,,6566.6,T1,high,
106067,4653 4661 S LAKE PARK AVE,4653-4661 S LAKE PARK AVE,KENWOOD,Multifamily Housing,1970,1,41.8104772,-87.5931787,row_2022,440119,1,1927,22396.6,T1,high,
106101,443 447 W WRIGHTWOOD AVE,443-447 W WRIGHTWOOD AVE,LINCOLN PARK,Multifamily Housing,1928,1,41.9307454,-87.6408401,row_2022,862493,1,1931,6731,T1,high,
106102,190  E WALTON PL,190 E WALTON PL,NEAR NORTH SIDE,Multifamily Housing,1996,1,41.9001488,-87.6222173,row_2022,813493,1,,9571.8,T1,high,
106103,4180  N MARINE DR,4180 N MARINE DR,UPTOWN,Multifamily Housing,1951,1,41.9579255,-87.6464832,row_2022,857270,1,1919,7980.4,coord_nearest,low,"year guard: address candidate 140394 built 1974, property built 1951; year guard: coord_nearest candidate 138743 built 1960, property built 1951; nearest footprint 43 m from the trusted coordinate"
106108,2 10 W ELM ST,2-10 W ELM ST,NEAR NORTH SIDE,Multifamily Housing,1929,1,41.9032883,-87.6286996,row_2022,874105,1,1931,6851.6,T1,high,"year guard: address candidate 894474 built 2015, property built 1929"
106109,1117 1123 N DEARBORN ST,1117-1123 N DEARBORN ST,NEAR NORTH SIDE,Multifamily Housing,1929,1,41.9024197,-87.6297938,row_2022,323421,1,1931,9194.4,T1,high,
106112,732  W BITTERSWEET PL,732 W BITTERSWEET PL,UPTOWN,Multifamily Housing,1933,1,41.9557827,-87.6486559,row_2022,146320,1,1933,4178.6,T1,high,
106113,721 729 W SHERIDAN RD,721-729 W SHERIDAN RD,LAKE VIEW,,,,41.9526858,-87.6487623,row_2022,156232,1,1921,7258.6,T1,high,
106118,3410 3412 N LAKE SHORE DR,3410-3412 N LAKE SHORE DR,LAKE VIEW,Multifamily Housing,1952,1,41.9437289,-87.6408588,row_2022,837167,1,1955,12015.1,T1,high,
106121,2828  N PINE GROVE AVE,2828 N PINE GROVE AVE,LAKE VIEW,Multifamily Housing,1922,1,41.9337258,-87.6415192,row_2022,234073,1,1925,16221.5,T1,high,
106122,344 358 W OAKDALE AVE,344-358 W OAKDALE AVE,LAKE VIEW,Multifamily Housing,1950,1,41.9357025,-87.6387986,row_2022,224970,1,1951,11618,T1,high,
106125,5631 5635 N KENMORE AVE,5631-5635 N KENMORE AVE,EDGEWATER,Multifamily Housing,1932,1,41.9846261,-87.6564961,row_2022,54327,1,1930,5354.7,T1,high,
106128,5530 5548 N SHERIDAN RD,5530-5548 N SHERIDAN RD,EDGEWATER,Multifamily Housing,1969,1,41.9827432,-87.6553098,row_2022,57879,1,1966,14752.5,T1,high,
106158,1100  N LASALLE DR,1100 N LA SALLE DR,NEAR NORTH SIDE,Multifamily Housing,1921,1,41.9018864,-87.6330051,row_2022,861179,1,,1587.7,coord_nearest,medium,"year guard: address candidate 324108 built 1933, property built 1921; year guard: coord_nearest candidate 325555 built 1981, property built 1921; year guard: coord_nearest candidate 837360 built 1981, property built 1921; year guard: coord_nearest candidate 837361 built 1995, property built 1921; nearest footprint 18 m from the trusted coordinate"
106159,101 113 W DIVISION ST,101-113 W DIVISION ST,NEAR NORTH SIDE,Multifamily Housing,1932,1,41.9037898,-87.6315154,row_2022,321074,1,,12775.8,coord_nearest,medium,"year guard: coord_nearest candidate 318498 built 1977, property built 1932; year guard: coord_nearest candidate 320142 built 1987, property built 1932; year guard: coord_nearest candidate 321282 built 1974, property built 1932; year guard: coord_nearest candidate 321395 built 1981, property built 1932; nearest footprint 6 m from the trusted coordinate"
106184,5300 5308 S PULASKI RD,5300-5308 S PULASKI RD,WEST ELSDON,,,,41.7967546,-87.7234092,row_2022,474781,1,1957,26421.4,T1,high,
106221,532 536 W STRATFORD PL,532-536 W STRATFORD PL,LAKE VIEW,Multifamily Housing,1926,1,41.9458118,-87.6432378,row_2022,181029,1,1927,14412.5,coord_pip,medium,
106223,4521 4523 N MALDEN ST,4521-4523 N MALDEN ST,UPTOWN,Multifamily Housing,1988,1,41.964287,-87.6622231,row_2022,117384,1,1931,4330.9,T1,high,
106236,5131 S Linder Ave,5131 S LINDER AVE,GARFIELD RIDGE,K-12 School,1927,2,41.7991538,-87.7598961,row_2022,465496,1,,63249.3,coord_nearest,medium,"year guard: coord_nearest candidate 465936 built 1958, property built 1927; year guard: coord_nearest candidate 466266 built 1947, property built 1927; year guard: coord_nearest candidate 466598 built 1947, property built 1927; year guard: coord_nearest candidate 466912 built 1947, property built 1927; year guard: coord_nearest candidate 467255 built 1947, property built 1927; year guard: coord_nearest candidate 467591 built 1947, property built 1927; year guard: coord_nearest candidate 469243 built 1956, property built 1927; year guard: coord_nearest candidate 469534 built 1956, property built 1927; year guard: coord_nearest candidate 854663 built 2006, property built 1927; year guard: coord_nearest candidate 854664 built 2006, property built 1927; year guard: coord_nearest candidate 854666 built 2006, property built 1927; nearest footprint 10 m from the trusted coordinate"
106618,215 W Washington St,215 W WASHINGTON ST,LOOP,Multifamily Housing,2010,1,41.8831002,-87.6343227,row_2022,891471,1,2010,24163.3,T1,high,
106819,5015 S Blackstone Ave,5015 S BLACKSTONE AVE,KENWOOD,K-12 School,1969,4,41.8037548,-87.5903839,row_2022,453997,1,1968,128131.4,coord_nearest,medium,nearest footprint 7 m from the trusted coordinate
107850,300 W Adams,300 W ADAMS,LOOP,Office,1926,1,41.8794779,-87.635311,row_2022,358356,1,1927,25042.1,T1,high,
107939,5040 N KENMORE AVE,5040 N KENMORE AVE,UPTOWN,,,,41.9744961,-87.656511,row_2022,80569,1,1928,11092.1,T1,high,
107970,37 41 W 47TH ST,37-41 W 47TH ST,GRAND BOULEVARD,,,,41.8090974,-87.6275994,row_2022,444583,1,1961,30248.1,T1,high,
108602,2701 2741 N LEAVITT ST,2701-2741 N LEAVITT ST,LINCOLN PARK,Multifamily Housing,1990,1,41.9305301,-87.6801069,row_2022,241659,1,,19713.4,T1,high,
109191,1020 W BRYN MAWR,1020 W BRYN MAWR,EDGEWATER,,,,41.9838021,-87.6561316,row_2022,55705,1,1927,16776.9,coord_pip,medium,
109238,4572  N MILWAUKEE AVE,4572 N MILWAUKEE AVE,PORTAGE PARK,Multifamily Housing,1975,1,41.9641543,-87.7577043,row_2022,120043,1,1972,14184.6,coord_nearest,medium,"year guard: address candidate 119579 built 1979, property built 1975; nearest footprint 15 m from the trusted coordinate"
109276,5337 5353 N DELPHIA AVE,5337-5353 N DELPHIA AVE,OHARE,,,,41.9766701,-87.8413935,row_2022,77294,1,1974,22359.8,T1,high,
109278,8509 8525 W CATHERINE AVE,8509-8525 W CATHERINE AVE,OHARE,,,,41.9773356,-87.839497,row_2022,75918,1,1979,21972.1,T1,high,
109326,4825 4835 N CENTRAL AVE,4825-4835 N CENTRAL AVE,JEFFERSON PARK,Multifamily Housing,1970,1,41.9685302,-87.7673521,row_2022,105085,1,1972,16679.4,T1,high,
109413,550 558 W SURF ST,550-558 W SURF ST,LAKE VIEW,,,,41.9343759,-87.6434904,row_2022,229490,1,,24387.4,T1,high,
109510,4922 4942 S CORNELL AVE,4922-4942 S CORNELL AVE,KENWOOD,,,,41.8051629,-87.5866477,row_2022,815791,1,,4281.9,T1_multi,medium,31 in-range footprints more than 60 m apart; nearest the trusted coordinate kept
109549,1327 1337 W LUNT AVE,1327-1337 W LUNT AVE,ROGERS PARK,Multifamily Housing,1925,1,42.0090339,-87.6647683,row_2022,10581,1,1919,4858.4,coord_nearest,medium,"year guard: address candidate 10584 built 1930, property built 1925; year guard: coord_nearest candidate 9812 built 1930, property built 1925; year guard: coord_nearest candidate 9898 built 1970, property built 1925; year guard: coord_nearest candidate 9914 built 1971, property built 1925; year guard: coord_nearest candidate 10575 built 1929, property built 1925; year guard: coord_nearest candidate 10637 built 1969, property built 1925; year guard: coord_nearest candidate 886520 built 2007, property built 1925; nearest footprint 1 m from the trusted coordinate"
109550,1217 1227 W LUNT AVE,1217-1227 W LUNT AVE,ROGERS PARK,Multifamily Housing,1924,1,42.0090653,-87.6626198,row_2022,10553,1,1927,17769,T1,high,
109573,7340 7352 N RIDGE BLVD,7340-7352 N RIDGE BLVD,WEST RIDGE,Multifamily Housing,1920,1,42.0152223,-87.6842577,row_2022,3948,1,,1474,coord_nearest,low,"year guard: address candidate 3746 built 1930, property built 1920; year guard: coord_nearest candidate 3424 built 1957, property built 1920; year guard: coord_nearest candidate 3602 built 1959, property built 1920; year guard: coord_nearest candidate 4171 built 1967, property built 1920; year guard: coord_nearest candidate 4265 built 1933, property built 1920; year guard: coord_nearest candidate 4273 built 1961, property built 1920; year guard: coord_nearest candidate 4412 built 1954, property built 1920; year guard: coord_nearest candidate 825736 built 1965, property built 1920; year guard: coord_nearest candidate 825738 built 1965, property built 1920; nearest footprint 54 m from the trusted coordinate"
109576,7200 7216 N RIDGE BLVD,7200-7216 N RIDGE BLVD,WEST RIDGE,,,,42.0123832,-87.6832571,row_2022,6585,1,1970,14025.1,T1,high,
109613,2700 S California Ave,2700 S CALIFORNIA AVE,SOUTH LAWNDALE,Prison/Incarceration,1926,57,41.8425063,-87.6952971,row_2022,859091,1,,36445.3,T1,high,
109891,5460 5472 S WOODLAWN AVE,5460-5472 S WOODLAWN AVE,HYDE PARK,Multifamily Housing,1905,1,41.7962807,-87.5967169,row_2022,475399,1,,420.5,coord_nearest,medium,"year guard: address candidate 475584 built 1916, property built 1905; year guard: coord_nearest candidate 475061 built 1916, property built 1905; year guard: coord_nearest candidate 475112 built 1923, property built 1905; year guard: coord_nearest candidate 476071 built 1929, property built 1905; nearest footprint 22 m from the trusted coordinate"
110223,6520 S Wood St,6520 S WOOD ST,WEST ENGLEWOOD,,,,41.7751122,-87.6691256,row_2022,882794,1,2006,48858.1,T1,high,
110254,110 W SUPERIOR ST,110 W SUPERIOR ST,NEAR NORTH SIDE,Multifamily Housing,2009,1,41.8957359,-87.6317401,row_2022,888380,1,2008,5819.8,T1,high,
110743,30  W OAK ST,30 W OAK ST,NEAR NORTH SIDE,Multifamily Housing,2006,1,41.900688,-87.6294972,row_2022,836039,1,2005,8744.2,T1,high,
110848,929 E 57th St,929 E 57TH ST,HYDE PARK,Laboratory,2005,1,41.7912672,-87.6027113,row_2022,815133,1,,79972.1,coord_pip,medium,
110854,845  N KINGSBURY,845 N KINGSBURY,NEAR NORTH SIDE,Multifamily Housing,2007,1,41.897917,-87.6431329,row_2022,836104,1,2005,19372.7,T1,high,
110887,2510 W IRVING PARK RD,2510 W IRVING PARK RD,NORTH CENTER,Multifamily Housing,2005,1,41.9541116,-87.6913183,row_2022,845818,1,2006,17539,T1,high,
111000,2740  W ARMITAGE AVE,2740 W ARMITAGE AVE,LOGAN SQUARE,,,,41.9176078,-87.6964329,row_2022,285342,1,,19978.7,T1,high,
111038,600 N Lake Shore Dr,600 N LAKE SHORE DR,NEAR NORTH SIDE,Multifamily Housing,2007,1,41.8927482,-87.6146868,row_2022,847030,1,2006,37948.9,coord_nearest,medium,nearest footprint 2 m from the trusted coordinate
111083,3506  S STATE ST,3506 S STATE ST,DOUGLAS,,,,41.8307822,-87.6267902,row_2022,892594,1,2010,12152.1,T1,high,
111157,3963  W BELMONT AVE,3963 W BELMONT AVE,AVONDALE,Multifamily Housing,1924,1,41.9389962,-87.7261834,row_2022,848455,1,,33639.4,T1,high,
111290,10 West 35th Street,10 W 35TH ST,DOUGLAS,College/University,1964,1,41.8313975,-87.6272302,row_2014,416920,1,1962,17080.2,T1,high,1 in-range footprint(s) on the same-named street of another type ignored
111431,15 25 S THROOP ST,15-25 S THROOP ST,NEAR WEST SIDE,Multifamily Housing,2001,1,41.8810345,-87.6594057,row_2022,357679,1,1913,14791.5,T1,high,
111452,1301 1309 W WASHINGTON BLVD,1301-1309 W WASHINGTON BLVD,NEAR WEST SIDE,Multifamily Housing,1998,1,41.8828264,-87.6597383,row_2022,831977,1,1999,12228.5,T1,high,
111466,939 W HURON ST,939 W HURON ST,WEST TOWN,Multifamily Housing,1992,1,41.8949167,-87.6515885,row_2022,341593,1,1990,19305.8,T1,high,
111536,2333 2341 N COMMONWEALTH AVE,2333-2341 N COMMONWEALTH AVE,LINCOLN PARK,Multifamily Housing,1917,1,41.9247975,-87.6379374,row_2022,866425,1,1916,11283.2,coord_nearest,medium,"year guard: address candidate 866424 built 1928, property built 1917; year guard: coord_nearest candidate 261607 built 1974, property built 1917; year guard: coord_nearest candidate 261626 built 1921, property built 1917; year guard: coord_nearest candidate 263856 built 1927, property built 1917; year guard: coord_nearest candidate 264633 built 1961, property built 1917; year guard: coord_nearest candidate 837269 built 1978, property built 1917; year guard: coord_nearest candidate 850986 built 1970, property built 1917; year guard: coord_nearest candidate 850988 built 1967, property built 1917; year guard: coord_nearest candidate 850989 built 1926, property built 1917; nearest footprint 6 m from the trusted coordinate"
111545,2314 N LINCOLN PARK WEST,2314 N LINCOLN PARK,LINCOLN PARK,Multifamily Housing,1973,1,41.9243076,-87.6366754,row_2022,837268,1,1926,18528.7,T1,high,"year guard: address candidate 837269 built 1978, property built 1973"
111553,1660  N HUDSON AVE,1660 N HUDSON AVE,LINCOLN PARK,Multifamily Housing,1985,1,41.9127832,-87.640005,row_2022,823848,1,,23160.9,T1,high,
111555,300 W NORTH AVE,300 W NORTH AVE,LINCOLN PARK,,,,41.9112514,-87.6367128,row_2022,301375,1,1974,7291.6,T1,high,
111633,2130  N LINCOLN PARK WEST,2130 N LINCOLN PARK,LINCOLN PARK,Multifamily Housing,1927,1,41.9211105,-87.6365775,row_2022,273574,1,1929,4569,T1,high,
111687,2120  N LINCOLN PARK WEST,2120 N LINCOLN PARK,LINCOLN PARK,Multifamily Housing,2001,1,41.9208289,-87.6365692,row_2022,815893,1,2000,3945.6,T1,high,
111695,399  W FULLERTON PKWY,399 W FULLERTON PKWY,LINCOLN PARK,Multifamily Housing,1928,1,41.9255037,-87.6390604,row_2022,261747,1,1930,10512.1,T1,high,
111708,2970  N LAKE SHORE DR,2970 N LAKE SHORE DR,LAKE VIEW,Multifamily Housing,1954,1,41.93644,-87.6369602,row_2022,,0,,,none,none,"year guard: address candidate 222386 built 1959, property built 1954; year guard: coord_nearest candidate 223659 built 1990, property built 1954; no footprint within 75 m of the trusted coordinate"
111724,1872  N CLYBOURN AVE,1872 N CLYBOURN AVE,LINCOLN PARK,Multifamily Housing,1983,1,41.9149972,-87.6554263,row_2022,292324,1,,18870.6,T1,high,
111837,400 414 W DEMING PL,400-414 W DEMING PL,LINCOLN PARK,Multifamily Housing,1912,3,41.9297733,-87.6393936,row_2022,,0,,,none,none,"year guard: address candidate 246938 built 1926, property built 1912; year guard: coord_nearest candidate 245705 built 1968, property built 1912; no footprint within 75 m of the trusted coordinate"
111862,2444 2458 N LAKEVIEW AVE,2444-2458 N LAKEVIEW AVE,LINCOLN PARK,Multifamily Housing,1923,1,41.9268926,-87.6393105,row_2022,255469,1,,7469,T1,high,
111893,120 N Racine Ave,120 N RACINE AVE,NEAR WEST SIDE,Office,1994,1,41.8836116,-87.6568432,row_2022,354847,1,,39966,T1,high,
111959,2100  N RACINE AVE,2100 N RACINE AVE,LINCOLN PARK,Multifamily Housing,1900,1,41.9199355,-87.6584285,row_2022,278777,1,,2004.3,coord_nearest,medium,"year guard: address candidate 276693 built 1925, property built 1900; year guard: coord_nearest candidate 278035 built 1988, property built 1900; year guard: coord_nearest candidate 279844 built 1994, property built 1900; year guard: coord_nearest candidate 280086 built 1989, property built 1900; year guard: coord_nearest candidate 280100 built 1930, property built 1900; nearest footprint 19 m from the trusted coordinate"
111976,2800  N PINE GROVE AVE,2800 N PINE GROVE AVE,LAKE VIEW,Multifamily Housing,1893,1,41.932939,-87.6414926,row_2022,235774,1,1893,8870.3,T1,high,
111978,2920 2926 N COMMONWEALTH AVE,2920-2926 N COMMONWEALTH AVE,LAKE VIEW,Multifamily Housing,1929,1,41.9350135,-87.6381667,row_2022,861917,1,1932,7227.6,T1,high,
111987,442 444 W WELLINGTON AVE,442-444 W WELLINGTON AVE,LAKE VIEW,Multifamily Housing,1928,1,41.9366759,-87.6411382,row_2022,848747,1,1929,7959.8,T1,high,
112013,6455  W BELLE PLAINE AVE,6455 W BELLE PLAINE AVE,DUNNING,,,,41.9549396,-87.7887402,row_2022,152016,1,1989,15382.3,T1,high,
112016,4106  N NARRAGANSETT AVE,4106 N NARRAGANSETT AVE,DUNNING,,,,41.9550169,-87.7867753,row_2022,151906,1,1989,15288.2,T1,high,
112078,5555 N CUMBERLAND AVE,5555 N CUMBERLAND AVE,NORWOOD PARK,Multifamily Housing,2000,1,41.9809425,-87.8364344,row_2022,833410,1,1999,20302.3,coord_nearest,medium,nearest footprint 22 m from the trusted coordinate
112110,1835 W HARRISON ST,1835 W HARRISON ST,NEAR WEST SIDE,,,,41.873988,-87.6729974,row_2022,365295,1,1913,227183.7,coord_nearest,medium,nearest footprint 6 m from the trusted coordinate
112141,3470  N LAKE SHORE DR,3470 N LAKE SHORE DR,LAKE VIEW,Multifamily Housing,1968,1,41.9457457,-87.6419546,row_2022,185439,1,1966,33861.1,coord_nearest,low,"year guard: address candidate 847107 built 1973, property built 1968; nearest footprint 32 m from the trusted coordinate"
112157,626 640 W WAVELAND AVE,626-640 W WAVELAND AVE,LAKE VIEW,,,,41.9502145,-87.6456351,row_2022,162828,1,1926,20335.6,T1,high,
112188,3000 S King Dr,3000 S DR MARTIN LUTHER KING JR DR,DOUGLAS,,,,41.8401877,-87.6176731,row_2022,400549;403959,2,,211256,T1_multi,high,
112300,5301  N DELPHIA AVE,5301 N DELPHIA AVE,OHARE,,,,41.9756727,-87.8413993,row_2022,79795,1,1974,22438.6,T1,high,
112320,1020  W THORNDALE AVE,1020 W THORNDALE AVE,EDGEWATER,Multifamily Housing,1976,1,41.9902003,-87.6563178,row_2022,42328,1,1904,8139.2,T1,high,
112395,3600 3608 N PINE GROVE AVE,3600-3608 N PINE GROVE AVE,LAKE VIEW,,,,41.9479328,-87.6457119,row_2022,173281,1,,9770.6,T1,high,
112437,415 421 W ALDINE AVE,415-421 W ALDINE AVE,LAKE VIEW,Multifamily Housing,1927,1,41.9421711,-87.6405591,row_2022,853755,1,1929,10319.2,coord_nearest,medium,"year guard: address candidate 197897 built 1931, property built 1927; year guard: coord_pip candidate 837170 built 1931, property built 1927; year guard: coord_nearest candidate 195690 built 1968, property built 1927; year guard: coord_nearest candidate 847693 built 2006, property built 1927; nearest footprint 22 m from the trusted coordinate"
112468,3300 3308 N LAKE SHORE DR,3300-3308 N LAKE SHORE DR,LAKE VIEW,Multifamily Housing,1926,1,41.9423054,-87.6401054,row_2022,853755,1,1929,10319.2,T1,high,
112515,1237 W Fullerton Ave,1237 W FULLERTON AVE,LINCOLN PARK,Multifamily Housing,2006,1,41.9251605,-87.6598892,row_2022,883631,1,2007,50457.5,T1,high,
112530,4240 4248 N CLARENDON AVE,4240-4248 N CLARENDON AVE,UPTOWN,Multifamily Housing,1912,1,41.959691,-87.6499988,row_2022,132396;133011,2,,17965.6,T1_multi,high,
112607,6118  N SHERIDAN RD,6118 N SHERIDAN RD,EDGEWATER,Multifamily Housing,1960,1,41.9929456,-87.6556227,row_2022,35806,1,1957,10696.5,T1,high,
112622,5918  N KENMORE AVE,5918 N KENMORE AVE,EDGEWATER,Multifamily Housing,1969,1,41.9897332,-87.6569513,row_2022,853488,1,1971,16218.8,T1,high,
112638,1100 S Hamilton Ave,1100 S HAMILTON AVE,NEAR WEST SIDE,Mixed Use Property,1973,3,41.867808,-87.6804533,row_2022,370877,1,1971,184569,coord_nearest,medium,nearest footprint 3 m from the trusted coordinate
112698,6300 6326 N SHERIDAN RD,6300-6326 N SHERIDAN RD,EDGEWATER,Multifamily Housing,1978,1,41.9965101,-87.6557308,row_2022,26369,1,1964,14472.9,T1,high,
112699,6245 6259 N SHERIDAN RD,6245-6259 N SHERIDAN RD,EDGEWATER,Multifamily Housing,1923,1,41.9959383,-87.6554193,row_2022,27749,1,1923,17419.1,T1,high,
112724,6119 6125 N WINCHESTER AVE,6119-6125 N WINCHESTER AVE,WEST RIDGE,Multifamily Housing,1951,1,41.9925114,-87.67833,row_2022,36760;37300,2,,6256,T1_multi,high,
112760,2416 2458 W GREENLEAF AVE,2416-2458 W GREENLEAF AVE,WEST RIDGE,Multifamily Housing,1927,1,42.0096149,-87.6906099,row_2022,9270,1,,29297.4,T1,high,
112762,6800  N CALIFORNIA AVE,6800 N CALIFORNIA AVE,WEST RIDGE,Multifamily Housing,1963,1,42.0048964,-87.6999767,row_2022,15359,1,1958,10751.2,coord_nearest,low,"year guard: address candidate 14597 built 1969, property built 1963; nearest footprint 32 m from the trusted coordinate"
112765,5333 N Sheridan Rd,5333 N SHERIDAN RD,EDGEWATER,Senior Living Community,2005,1,41.979135,-87.6549097,row_2022,65309,1,1988,71098.1,T1,high,
112801,5740  N SHERIDAN RD,5740 N SHERIDAN RD,EDGEWATER,Multifamily Housing,1977,1,41.9867615,-87.6554323,row_2022,49510,1,1961,6257.5,T1,high,
112834,5525 N WINTHROP AVE,5525 N WINTHROP AVE,EDGEWATER,Multifamily Housing,1990,1,41.9826062,-87.6578395,row_2022,58769,1,1969,16779.9,T1,high,
112954,1509 1521 W MORSE AVE,1509-1521 W MORSE AVE,ROGERS PARK,Multifamily Housing,1972,1,42.0077578,-87.6682802,row_2022,12163,1,1972,14286.1,T1,high,
113026,1909 1935 S STATE ST,1909-1935 S STATE ST,NEAR SOUTH SIDE,Multifamily Housing,2002,1,41.8562758,-87.6270206,row_2022,821174,1,,23468.1,T1,high,
113086,1001  W MADISON ST,1001 W MADISON ST,NEAR WEST SIDE,Multifamily Housing,2005,1,41.8815893,-87.6520862,row_2022,357286,1,,20903.9,T1,high,
113146,4101 4115 S MICHIGAN AVE,4101-4115 S MICHIGAN AVE,GRAND BOULEVARD,Multifamily Housing,2003,1,41.8200598,-87.6229754,row_2022,428392,1,,23220.8,T1,high,
113158,2001  S CALUMET AVE,2001 S CALUMET AVE,NEAR SOUTH SIDE,Multifamily Housing,2002,1,41.8554987,-87.6189531,row_2022,381279,1,1900,16173.2,T1,high,
113199,30  E DIVISION ST,30 E DIVISION ST,NEAR NORTH SIDE,Multifamily Housing,1977,1,41.9040708,-87.6274976,row_2022,815437,1,1974,9420.6,T1,high,
113335,2024 2030 S WABASH AVE,2024-2030 S WABASH AVE,NEAR SOUTH SIDE,Multifamily Housing,1920,1,41.8547211,-87.6256876,row_2022,821185,1,,10653.3,T1,high,"year guard: address candidate 821187 built 1950, property built 1920"
113396,5815 N Sheridan Rd,5815 N SHERIDAN RD,EDGEWATER,,,,41.9878283,-87.6551708,row_2022,46045,1,1953,14610.5,T1,high,
113414,6430  W BELLE PLAINE AVE,6430 W BELLE PLAINE AVE,DUNNING,Multifamily Housing,1990,1,41.9551787,-87.7879042,row_2022,149875,1,1989,15141.3,T1,high,
113452,1115  S PLYMOUTH CT,1115 S PLYMOUTH CT,LOOP,Multifamily Housing,1978,1,41.8690168,-87.6284101,row_2022,370218,1,,20853.1,T1,high,
113466,720  S DEARBORN ST,720 S DEARBORN ST,LOOP,Multifamily Housing,1912,1,41.8729244,-87.6292997,row_2022,814942,1,1910,8282.1,T1,high,
113474,517 525 N HALSTED ST,517-525 N HALSTED ST,WEST TOWN,Multifamily Housing,1935,1,41.891754,-87.6474933,row_2022,346720,1,1891,19129.4,T1,high,
113485,1366  N DEARBORN ST,1366 N DEARBORN ST,NEAR NORTH SIDE,Multifamily Housing,1923,1,41.9076327,-87.6302462,row_2022,877998,1,,4777.8,coord_nearest,medium,"year guard: address candidate 311974 built 1929, property built 1923; year guard: coord_nearest candidate 311079 built 1972, property built 1923; year guard: coord_nearest candidate 815336 built 1968, property built 1923; year guard: coord_nearest candidate 815337 built 1928, property built 1923; year guard: coord_nearest candidate 815338 built 1974, property built 1923; year guard: coord_nearest candidate 815610 built 1974, property built 1923; year guard: coord_nearest candidate 858566 built 2006, property built 1923; year guard: coord_nearest candidate 858571 built 2006, property built 1923; year guard: coord_nearest candidate 858573 built 1967, property built 1923; year guard: coord_nearest candidate 858575 built 1969, property built 1923; nearest footprint 8 m from the trusted coordinate"
113487,1340  N DEARBORN ST,1340 N DEARBORN ST,NEAR NORTH SIDE,Multifamily Housing,1967,1,41.9069499,-87.6302246,row_2022,858575,1,1969,4499.3,T1,high,
113489,1339  N DEARBORN ST,1339 N DEARBORN ST,NEAR NORTH SIDE,Multifamily Housing,1972,1,41.9069327,-87.6299301,row_2022,815338,1,1974,11408.8,T1,high,
113507,1540 N LaSalle St,1540 N LA SALLE ST,NEAR NORTH SIDE,Multifamily Housing,1976,1,41.9103517,-87.6332695,row_2022,815216,1,1974,14224.9,coord_nearest,medium,"1 in-range footprint(s) on the same-named street of another type ignored; year guard: coord_nearest candidate 303039 built 1990, property built 1976; year guard: coord_nearest candidate 887650 built 2008, property built 1976; year guard: coord_nearest candidate 891305 built 2008, property built 1976; nearest footprint 9 m from the trusted coordinate"
113509,1330  N LASALLE DR,1330 N LA SALLE DR,NEAR NORTH SIDE,Multifamily Housing,1980,1,41.9066721,-87.6331615,row_2022,314291,1,1980,16929.9,T1,high,
113540,1  E SCHILLER ST,1 E SCHILLER ST,NEAR NORTH SIDE,Multifamily Housing,1964,1,41.9076905,-87.6287294,row_2022,312161,1,1963,7463.3,T1,high,
113548,1450  N ASTOR ST,1450 N ASTOR ST,NEAR NORTH SIDE,Multifamily Housing,1972,1,41.9092046,-87.6277426,row_2022,308246,1,1972,5099.5,T1,high,
113569,1310  N RITCHIE CT,1310 N RITCHIE CT,NEAR NORTH SIDE,Multifamily Housing,1963,1,41.906212,-87.6267466,row_2022,314787,1,1964,6059.4,T1,high,
113573,1534 1542 N LAKE SHORE DR,1534-1542 N LAKE SHORE DR,NEAR NORTH SIDE,Multifamily Housing,1929,1,41.9105155,-87.626371,row_2022,304077,1,1929,7107,T1,high,
113587,1240  N LAKE SHORE DR,1240 N LAKE SHORE DR,NEAR NORTH SIDE,Multifamily Housing,1970,1,41.9052088,-87.6252777,row_2022,317953,1,1969,4799.2,T1,high,
113591,1200 N LAKE SHORE DR,1200 N LAKE SHORE DR,NEAR NORTH SIDE,Multifamily Housing,1925,1,41.9040224,-87.6251604,row_2022,815416,1,1917,8912.9,T1,high,
113593,1335 1343 N ASTOR ST,1335-1343 N ASTOR ST,NEAR NORTH SIDE,Multifamily Housing,1949,1,41.9068478,-87.6273732,row_2022,313699,1,1949,6550.9,T1,high,
113598,1300 1306 N ASTOR ST,1300-1306 N ASTOR ST,NEAR NORTH SIDE,Multifamily Housing,1963,1,41.9058572,-87.6274704,row_2022,316660,1,1929,5027.6,coord_nearest,medium,"year guard: address candidate 315956 built 1968, property built 1963; year guard: coord_nearest candidate 815401 built 1967, property built 1963; year guard: coord_nearest candidate 815575 built 2002, property built 1963; year guard: coord_nearest candidate 858592 built 2006, property built 1963; nearest footprint 14 m from the trusted coordinate"
113602,1209 1217 N ASTOR ST,1209-1217 N ASTOR ST,NEAR NORTH SIDE,Multifamily Housing,1925,1,41.9042889,-87.6267862,row_2022,319406,1,1926,5642.1,T1,high,
113617,1418  N LAKE SHORE DR,1418 N LAKE SHORE DR,NEAR NORTH SIDE,Multifamily Housing,1983,1,41.9083963,-87.626056,row_2022,310472,1,1984,3062.1,T1,high,
113621,1414  N WELLS ST,1414 N WELLS ST,NEAR NORTH SIDE,Multifamily Housing,1994,1,41.9080999,-87.6347638,row_2022,310423,1,1995,25112.2,T1,high,
113632,1130 N LAKE SHORE DR,1130 N LAKE SHORE DR,NEAR NORTH SIDE,Multifamily Housing,1910,1,41.9032553,-87.6249163,row_2022,815484,1,1891,2361.9,coord_nearest,low,"year guard: address candidate 321436 built 1918, property built 1910; year guard: coord_nearest candidate 320848 built 1958, property built 1910; year guard: coord_nearest candidate 322336 built 1925, property built 1910; year guard: coord_nearest candidate 322678 built 1970, property built 1910; year guard: coord_nearest candidate 322981 built 1979, property built 1910; year guard: coord_nearest candidate 815480 built 1914, property built 1910; year guard: coord_nearest candidate 815485 built 1918, property built 1910; year guard: coord_nearest candidate 815503 built 1927, property built 1910; nearest footprint 50 m from the trusted coordinate"
113652,233 E Walton Place,233 E WALTON PL,NEAR NORTH SIDE,Multifamily Housing,1926,1,41.899957,-87.6206113,row_2022,329069,1,1922,5946.5,coord_nearest,medium,"1 in-range footprint(s) on the same-named street of another type ignored; year guard: coord_nearest candidate 327683 built 1974, property built 1926; year guard: coord_nearest candidate 328962 built 1956, property built 1926; year guard: coord_nearest candidate 328974 built 1974, property built 1926; year guard: coord_nearest candidate 329879 built 1955, property built 1926; year guard: coord_nearest candidate 813461 built 1949, property built 1926; year guard: coord_nearest candidate 813513 built 1956, property built 1926; nearest footprint 6 m from the trusted coordinate"
113668,229 235 E LAKE SHORE DR,229-235 E LAKE SHORE DR,NEAR NORTH SIDE,Multifamily Housing,1920,1,41.9008258,-87.6207057,row_2022,815094,1,1920,10312.7,T1,high,
113670,219 227 E LAKE SHORE DR,219-227 E LAKE SHORE DR,NEAR NORTH SIDE,,,,41.9008139,-87.6210528,row_2022,813462,1,1922,13320.8,T1,high,
113677,221  E WALTON PL,221 E WALTON PL,NEAR NORTH SIDE,Multifamily Housing,1991,1,41.8999495,-87.6210578,row_2022,813515,1,1908,5308.9,T1,high,
113688,70 76 E CEDAR ST,70-76 E CEDAR ST,NEAR NORTH SIDE,Multifamily Housing,1929,1,41.9025256,-87.6256502,row_2022,815503,1,1927,6400.4,T1,high,
113690,20  E CEDAR ST,20 E CEDAR ST,NEAR NORTH SIDE,Multifamily Housing,1940,1,41.9024958,-87.627476,row_2022,815495,1,1925,10012,T1,high,
113706,233  E ERIE ST,233 E ERIE ST,NEAR NORTH SIDE,Multifamily Housing,1968,,41.8940632,-87.6213958,row_2022,342804,1,1969,10268.6,T1,high,
113726,227 239 E DELAWARE PL,227-239 E DELAWARE PL,NEAR NORTH SIDE,Multifamily Housing,1929,1,41.8991495,-87.620766,row_2022,330947,1,1926,10564.1,T1,high,
113745,360 W Illinois St,360 W ILLINOIS ST,NEAR NORTH SIDE,Multifamily Housing,1915,1,41.8908436,-87.637895,row_2022,348447,1,,50879.3,coord_pip,medium,
113752,1540  N STATE PKWY,1540 N STATE PKWY,NEAR NORTH SIDE,Multifamily Housing,1970,1,41.9107272,-87.6290185,row_2022,815196,1,1959,8827,T1,high,
113754,1530 1534 N STATE PKWY,1530-1534 N STATE PKWY,NEAR NORTH SIDE,Multifamily Housing,1929,1,41.9104365,-87.62901,row_2022,815198,1,,6868.1,coord_nearest,medium,"year guard: address candidate 375204 built 2001, property built 1929; year guard: address candidate 815197 built 1949, property built 1929; year guard: coord_nearest candidate 815196 built 1959, property built 1929; year guard: coord_nearest candidate 815200 built 1974, property built 1929; year guard: coord_nearest candidate 815259 built 1974, property built 1929; year guard: coord_nearest candidate 815606 built 1972, property built 1929; nearest footprint 5 m from the trusted coordinate"
113764,1230  N STATE PKWY,1230 N STATE PKWY,NEAR NORTH SIDE,Multifamily Housing,1979,1,41.9048061,-87.6288557,row_2022,318620,1,1981,5590,T1,high,
113768,1555  N DEARBORN PKWY,1555 N DEARBORN PKWY,NEAR NORTH SIDE,Multifamily Housing,1962,1,41.911061,-87.6300555,row_2022,303957,1,1901,6738.2,coord_nearest,low,"year guard: address candidate 302881 built 1967, property built 1962; year guard: coord_nearest candidate 305092 built 1974, property built 1962; nearest footprint 30 m from the trusted coordinate"
113933,6927 6939 S CRANDON AVE,6927-6939 S CRANDON AVE,SOUTH SHORE,Multifamily Housing,1927,1,41.769047,-87.5697026,row_2022,565317,1,1927,15114.5,T1,high,
114008,4950 N Marine Dr,4950 N MARINE DR,UPTOWN,Multifamily Housing,1953,1,41.9731278,-87.6510764,row_2022,85841,1,1949,27886.8,T1,high,
114120,1169 S PLYMOUTH CT,1169 S PLYMOUTH CT,LOOP,Multifamily Housing,1978,1,41.868168,-87.6283899,row_2022,370699,1,,20882,T1,high,
114125,1430 1440 S MICHIGAN AVE,1430-1440 S MICHIGAN AVE,NEAR SOUTH SIDE,,,,41.8632073,-87.6242058,row_2022,821014,1,,25926.1,T1,high,
114191,228 240 E WALTON ST,228-240 E WALTON ST,NEAR NORTH SIDE,Multifamily Housing,1920,1,41.9001733,-87.6208165,row_2022,813491,1,1923,8886.9,coord_pip,medium,1 in-range footprint(s) on the same-named street of another type ignored
114196,1544 1554 N STATE PKWY,1544-1554 N STATE PKWY,NEAR NORTH SIDE,Multifamily Housing,1912,1,41.9108433,-87.6290218,row_2022,815195,1,,3832,T1,high,"year guard: address candidate 302721 built 1918, property built 1912"
114197,1316 1326 N STATE PKWY,1316-1326 N STATE PKWY,NEAR NORTH SIDE,,,,41.9063166,-87.628909,row_2022,314577,1,1926,8273.6,T1,high,
114198,1415  N DEARBORN ST,1415 N DEARBORN ST,NEAR NORTH SIDE,Multifamily Housing,1973,1,41.9082714,-87.6299709,row_2022,815610,1,1974,5197.4,T1,high,
114200,1515  N ASTOR ST,1515 N ASTOR ST,NEAR NORTH SIDE,Multifamily Housing,1968,1,41.9099961,-87.6274758,row_2022,305647,1,1968,5282.9,T1,high,
114201,1350 1358 N ASTOR ST,1350-1358 N ASTOR ST,NEAR NORTH SIDE,Multifamily Housing,1949,1,41.9072819,-87.6277647,row_2022,815347,1,1901,1533.1,coord_nearest,medium,"year guard: address candidate 312675 built 1953, property built 1949; year guard: coord_nearest candidate 312161 built 1963, property built 1949; year guard: coord_nearest candidate 313439 built 1969, property built 1949; nearest footprint 24 m from the trusted coordinate"
114204,1301 1307 N ASTOR ST,1301-1307 N ASTOR ST,NEAR NORTH SIDE,Multifamily Housing,2000,1,41.9058969,-87.6271813,row_2022,315865,1,1928,3720.9,T1,high,
114228,331  S PEORIA ST,331 S PEORIA ST,NEAR WEST SIDE,Multifamily Housing,1910,1,41.8769446,-87.6494002,row_2022,362010,1,1904,11151.7,coord_nearest,medium,"year guard: address candidate 361998 built 1914, property built 1910; year guard: coord_nearest candidate 360942 built 1915, property built 1910; year guard: coord_nearest candidate 362674 built 1947, property built 1910; year guard: coord_nearest candidate 851751 built 2006, property built 1910; nearest footprint 22 m from the trusted coordinate"
114252,607  W WRIGHTWOOD AVE,607 W WRIGHTWOOD AVE,LINCOLN PARK,Multifamily Housing,1974,1,41.9294578,-87.6432451,row_2022,249013,1,1974,14031.2,T1,high,
114282,420 W BELMONT AVE,420 W BELMONT AVE,LAKE VIEW,Multifamily Housing,1973,1,41.9402129,-87.6404498,row_2022,204201,1,1967,19670,T1,high,
114291,2912 2914 N COMMONWEALTH AVE,2912-2914 N COMMONWEALTH AVE,LAKE VIEW,Multifamily Housing,1926,1,41.934781,-87.638159,row_2022,,0,,,none,none,"year guard: address candidate 861925 built 1932, property built 1926; year guard: coord_nearest candidate 226881 built 1962, property built 1926; year guard: coord_nearest candidate 226991 built 1953, property built 1926; year guard: coord_nearest candidate 229048 built 1956, property built 1926; year guard: coord_nearest candidate 861917 built 1932, property built 1926; year guard: coord_nearest candidate 861918 built 1953, property built 1926; year guard: coord_nearest candidate 861924 built 1988, property built 1926; year guard: coord_nearest candidate 861930 built 1962, property built 1926; no footprint within 75 m of the trusted coordinate"
114316,6433  W BELLE PLAINE AVE,6433 W BELLE PLAINE AVE,DUNNING,,,,41.9549583,-87.787933,row_2022,151933,1,1989,15300.9,T1,high,
114339,6325  N SHERIDAN RD,6325 N SHERIDAN RD,EDGEWATER,Multifamily Housing,1969,1,41.9971138,-87.655455,row_2022,26369,1,1964,14472.9,coord_nearest,medium,"year guard: address candidate 26053 built 1974, property built 1969; year guard: coord_nearest candidate 861045 built 2006, property built 1969; nearest footprint 30 m from the trusted coordinate"
114455,1321 1327 N ASTOR ST,1321-1327 N ASTOR ST,NEAR NORTH SIDE,Multifamily Housing,1926,1,41.9065082,-87.6273266,row_2022,815356,1,,9814.6,T1,high,"year guard: address candidate 314443 built 1930, property built 1926"
114515,6901 6915 S OGLESBY AVE,6901-6915 S OGLESBY AVE,SOUTH SHORE,Multifamily Housing,1928,1,41.7697974,-87.5680948,row_2022,563575,1,,16653,coord_nearest,medium,"year guard: address candidate 563562 built 1949, property built 1928; year guard: coord_nearest candidate 563556 built 1952, property built 1928; nearest footprint 22 m from the trusted coordinate"
114543,1755  E 55TH ST,1755 E 55TH ST,HYDE PARK,Multifamily Housing,1926,1,41.79514,-87.5818233,row_2022,479442,1,1925,14371,T1,high,
114638,5543 5559 S KIMBARK AVE,5543-5559 S KIMBARK AVE,HYDE PARK,Multifamily Housing,1928,1,41.7938268,-87.5947471,row_2022,871276,1,,14890.9,T1,high,
114789,4720 4726 S GREENWOOD AVE,4720-4726 S GREENWOOD AVE,KENWOOD,Multifamily Housing,1906,1,41.8089588,-87.5994004,row_2022,444361,1,,14322.9,T1,high,
114798,5042 5056 S WOODLAWN AVE,5042-5056 S WOODLAWN AVE,KENWOOD,Multifamily Housing,1908,1,41.8028888,-87.5968601,row_2022,456748,1,1908,15526.6,T1,high,
114817,5471  S HYDE PARK BLVD,5471 S HYDE PARK BLVD,HYDE PARK,,,,41.7961259,-87.583825,row_2022,475665,1,1971,8184,T1,high,
114819,5401  S HYDE PARK BLVD,5401 S HYDE PARK BLVD,HYDE PARK,Multifamily Housing,1962,1,41.7980004,-87.5838708,row_2022,468556,1,1962,9064.9,T1,high,
114858,5100 5110 S CORNELL AVE,5100-5110 S CORNELL AVE,HYDE PARK,,,,41.802387,-87.5867583,row_2022,457683,1,1933,5266.2,T1,high,
114861,1640  E 50TH ST,1640 E 50TH ST,KENWOOD,Multifamily Housing,1928,1,41.8044898,-87.5847398,row_2022,452905,1,1929,5636.2,T1,high,
114866,4940  S EASTEND AVE,4940 S EASTEND AVE,KENWOOD,Multifamily Housing,1928,1,41.8049232,-87.5856246,row_2022,452133,1,1929,6720.1,T1,high,
114874,4900 4918 S DREXEL BLVD,4900-4918 S DREXEL BLVD,KENWOOD,,,,41.8058266,-87.6044403,row_2022,869293,1,1925,19314.5,T1,high,
115022,4211 4221 N PAULINA ST,4211-4221 N PAULINA ST,LAKE VIEW,,,,41.9583012,-87.6705901,row_2022,137636,1,1934,16102.1,T1,high,
115046,4200 4212 N MARINE DR,4200-4212 N MARINE DR,UPTOWN,Multifamily Housing,1957,1,41.9585506,-87.6466261,row_2022,136382,1,1954,8459.3,T1,high,
115065,700  W BITTERSWEET PL,700 W BITTERSWEET PL,UPTOWN,Multifamily Housing,1980,1,41.9558034,-87.647474,row_2022,146297,1,1951,9637.1,T1,high,
115108,3825  N PINE GROVE AVE,3825 N PINE GROVE AVE,LAKE VIEW,,,,41.9523903,-87.6477516,row_2022,155809,1,,18910,T1,high,
115231,1209 1213 W SHERWIN AVE,1209-1213 W SHERWIN AVE,ROGERS PARK,,,,42.014938,-87.6631111,row_2022,4242;822228,2,1930,22162.5,T1_multi,high,
115316,5858  N SHERIDAN RD,5858 N SHERIDAN RD,EDGEWATER,,,,41.9890057,-87.6555,row_2022,44301,1,1957,7320.5,T1,high,
115341,4880  N MARINE DR,4880 N MARINE DR,UPTOWN,,,,41.9714493,-87.650506,row_2022,92304,1,1950,19906.2,T1,high,
115376,3950  W BRYN MAWR AVE,3950 W BRYN MAWR AVE,NORTH PARK,Multifamily Housing,1997,1,41.9829359,-87.7278678,row_2022,56174,1,1994,15457.4,T1,high,
115605,6250 6258 S PARK SHORE EAST CT,6250-6258 S PARK SHORE EAST CT,WOODLAWN,,,,41.7813778,-87.5879985,row_2022,523856;524998,2,1980,13387.1,T1_multi,high,
115692,460  E 41ST ST,460 E 41ST ST,GRAND BOULEVARD,,,,41.8203815,-87.6143824,row_2022,427580,1,1984,8202.9,T1,high,
115754,1504  W VAN BUREN ST,1504 W VAN BUREN ST,NEAR WEST SIDE,Multifamily Housing,1984,1,41.876501,-87.6645221,row_2022,362193,1,,18812.4,T1,high,
115775,6715 6723 S PAXTON AVE,6715-6723 S PAXTON AVE,SOUTH SHORE,,,,41.7730179,-87.5714508,row_2022,554488,1,,18263.9,T1,high,
115784,7455 7469 N GREENVIEW AVE,7455-7469 N GREENVIEW AVE,ROGERS PARK,Multifamily Housing,1915,1,42.0176461,-87.6680467,row_2022,1582,1,,8601.7,coord_nearest,medium,"year guard: address candidate 1180 built 1919, property built 1915; year guard: coord_nearest candidate 1216 built 1971, property built 1915; year guard: coord_nearest candidate 1595 built 1926, property built 1915; year guard: coord_nearest candidate 1657 built 1921, property built 1915; year guard: coord_nearest candidate 1708 built 1970, property built 1915; nearest footprint 3 m from the trusted coordinate"
115816,2061  N CAMPBELL AVE,2061 N CAMPBELL AVE,LOGAN SQUARE,Multifamily Housing,1985,1,41.9193834,-87.6890739,row_2022,279523,1,1984,14624.5,T1,high,
115860,722 740 S FINANCIAL PL,722-740 S FINANCIAL PL,LOOP,Multifamily Housing,1908,1,41.8728765,-87.6327245,row_2022,363575,1,,237706.9,coord_nearest,medium,"year guard: address candidate 366163 built 1939, property built 1908; year guard: coord_nearest candidate 365333 built 1986, property built 1908; year guard: coord_nearest candidate 366002 built 1923, property built 1908; year guard: coord_nearest candidate 814949 built 1913, property built 1908; year guard: coord_nearest candidate 815887 built 2003, property built 1908; year guard: coord_nearest candidate 886018 built 2007, property built 1908; nearest footprint 17 m from the trusted coordinate"
115942,501  W SURF ST,501 W SURF ST,LAKE VIEW,,,,41.9341952,-87.6414039,row_2022,232190,1,1949,21076.4,coord_nearest,medium,nearest footprint 8 m from the trusted coordinate
115956,1245  S WOOD ST,1245 S WOOD ST,NEAR WEST SIDE,Senior Living Community,2001,1,41.8653979,-87.6711622,row_2022,,0,,,none,none,"year guard: address candidate 836488 built 2005, property built 2001; no footprint within 75 m of the trusted coordinate"
116066,3850  W BRYN MAWR AVE,3850 W BRYN MAWR AVE,NORTH PARK,Multifamily Housing,1997,1,41.9829656,-87.7251673,row_2022,56830,1,1994,15576.7,T1,high,
116122,4520  N CLARENDON AVE,4520 N CLARENDON AVE,UPTOWN,,,,41.9643993,-87.6501314,row_2022,116696,1,1921,7902.6,T1,high,
116144,633  S PLYMOUTH CT,633 S PLYMOUTH CT,LOOP,Multifamily Housing,1895,1,41.8736343,-87.6285267,row_2022,365479,1,,5453.6,coord_nearest,medium,"year guard: address candidate 814922 built 1986, property built 1895; year guard: coord_pip candidate 365045 built 1986, property built 1895; year guard: coord_nearest candidate 364561 built 1911, property built 1895; year guard: coord_nearest candidate 814932 built 1927, property built 1895; year guard: coord_nearest candidate 893134 built 2012, property built 1895; nearest footprint 21 m from the trusted coordinate"
116166,447 455 W MELROSE ST,447-455 W MELROSE ST,LAKE VIEW,Multifamily Housing,1923,1,41.9410703,-87.6413538,row_2022,203140,1,1925,8812,T1,high,
116171,4724  S VINCENNES AVE,4724 S VINCENNES AVE,GRAND BOULEVARD,Multifamily Housing,1908,1,41.8086565,-87.6140025,row_2022,444502,1,1908,20335.8,T1,high,
116215,1745  N KEYSTONE AVE,1745 N KEYSTONE AVE,HUMBOLDT PARK,Multifamily Housing,1983,1,41.9129904,-87.7275039,row_2022,297375,1,1984,20360.9,T1,high,
116336,1212 N LaSalle St,1212 N LA SALLE ST,NEAR NORTH SIDE,Multifamily Housing,1986,1,41.9042963,-87.6330821,row_2022,319886,1,1987,44682.4,coord_nearest,medium,"1 in-range footprint(s) on the same-named street of another type ignored; year guard: coord_nearest candidate 891313 built 2009, property built 1986; nearest footprint 4 m from the trusted coordinate"
116385,1010  W 95TH ST,1010 W 95TH ST,WASHINGTON HEIGHTS,Senior Living Community,1996,1,41.7215049,-87.6485945,row_2022,699199,1,,22808.5,T1,high,"year guard: address candidate 839801 built 2006, property built 1996"
116408,3244  W 59TH ST,3244 W 59TH ST,GAGE PARK,Senior Living Community,2005,1,41.786328,-87.7051362,row_2022,509981,1,1993,9481.7,T1,high,
116413,2108  S PRINCETON AVE,2108 S PRINCETON AVE,ARMOUR SQUARE,Multifamily Housing,1997,1,41.8540488,-87.6360455,row_2022,383638,1,1998,9413.6,T1,high,
116418,6950  S VINCENNES AVE,6950 S VINCENNES AVE,GREATER GRAND CROSSING,Multifamily Housing,1983,1,41.767661,-87.6271008,row_2022,568221,1,,9509.1,T1,high,
116428,900  W 63RD PKWY,900 W 63RD PKWY,ENGLEWOOD,,,,41.781575,-87.6474384,row_2022,523162,1,1983,7191.6,T1,high,
116462,2355  E 67TH ST,2355 E 67TH ST,SOUTH SHORE,Senior Living Community,1998,1,41.7734358,-87.5677838,row_2022,553181,1,1902,9639.3,T1,high,
116534,410  E BOWEN AVE,410 E BOWEN AVE,GRAND BOULEVARD,,,,41.8194542,-87.6160916,row_2022,866234,1,,9397.3,T1,high,
116536,4101  S CALUMET AVE,4101 S CALUMET AVE,GRAND BOULEVARD,Multifamily Housing,1989,1,41.8201242,-87.6183033,row_2022,428386,1,1989,8122.2,coord_nearest,medium,"year guard: coord_nearest candidate 856414 built 2006, property built 1989; year guard: coord_nearest candidate 856415 built 2006, property built 1989; nearest footprint 14 m from the trusted coordinate"
116550,4161  S DREXEL BLVD,4161 S DREXEL BLVD,OAKLAND,,,,41.8182064,-87.6040608,row_2022,429755,1,1993,9798.9,T1,high,
116552,4001 4013 S ELLIS AVE,4001-4013 S ELLIS AVE,OAKLAND,,,,41.8219121,-87.6036292,row_2022,873026,1,,11919.1,T1,high,
116559,3939  S CALUMET AVE,3939 S CALUMET AVE,GRAND BOULEVARD,Multifamily Housing,1987,1,41.8226899,-87.6183742,row_2022,426201,1,1987,7193.8,T1,high,
116644,60  E 36TH PL,60 E 36TH PL,DOUGLAS,,,,41.828853,-87.6241984,row_2022,419262,1,1978,13364,T1,high,
116662,533  E 33RD PL,533 E 33RD PL,DOUGLAS,Multifamily Housing,1952,1,41.8335723,-87.6124305,row_2022,414672,1,1954,8937.1,T1,high,
116697,1322 1328 S WABASH AVE,1322-1328 S WABASH AVE,NEAR SOUTH SIDE,,,,41.8650756,-87.6259249,row_2022,871092,1,,12794.6,T1,high,
116702,1521  S WABASH AVE,1521 S WABASH AVE,NEAR SOUTH SIDE,Multifamily Housing,2000,1,41.8613245,-87.6255423,row_2022,882983,1,,11021.4,T1,high,
116715,1801  S WABASH AVE,1801 S WABASH AVE,NEAR SOUTH SIDE,Multifamily Housing,1995,1,41.8577929,-87.6254624,row_2022,821198,1,1996,10228.6,T1,high,
116716,1819 S MICHIGAN AVE,1819 S MICHIGAN AVE,NEAR SOUTH SIDE,Multifamily Housing,2005,1,41.8573516,-87.6237739,row_2022,882019,1,,22682.7,T1,high,
116720,1400  S INDIANA AVE,1400 S INDIANA AVE,NEAR SOUTH SIDE,Senior Living Community,1998,1,41.8640267,-87.6226204,row_2022,373826,1,1900,11850.1,T1,high,
116749,3300  W MAYPOLE AVE,3300 W MAYPOLE AVE,EAST GARFIELD PARK,Multifamily Housing,1995,1,41.883698,-87.7089025,row_2022,355121,1,1996,15123.9,T1,high,
116750,3222 W Maypole Ave,3222 W MAYPOLE AVE,EAST GARFIELD PARK,,,,41.8837201,-87.7070999,row_2022,355226,1,,6025.7,T1,high,
116752,3333  W MAYPOLE AVE,3333 W MAYPOLE AVE,EAST GARFIELD PARK,Multifamily Housing,1981,1,41.8834652,-87.7100399,row_2022,355715,1,1981,1118,T1,high,
116786,1111  N FRANCISCO AVE,1111 N FRANCISCO AVE,WEST TOWN,Multifamily Housing,1993,1,41.9014697,-87.6991722,row_2022,876112,1,,1055.3,T1,high,
116810,680 N GREEN ST,680 N GREEN ST,WEST TOWN,Multifamily Housing,1999,1,41.8945953,-87.6490304,row_2022,342085,1,1997,16014.2,T1,high,
116876,3720  W ARMITAGE AVE,3720 W ARMITAGE AVE,LOGAN SQUARE,Multifamily Housing,2006,2,41.9173529,-87.7200685,row_2022,287154,1,,8835.9,T1,high,
116966,9510  S CONSTANCE AVE,9510 S CONSTANCE AVE,SOUTH DEERING,Multifamily Housing,1980,5,41.722058,-87.5791387,row_2022,699390,1,,11529.5,T1,high,
117005,1343  N CLEVELAND AVE,1343 N CLEVELAND AVE,NEAR NORTH SIDE,Multifamily Housing,1970,1,41.9069465,-87.6407419,row_2022,859023,1,,1321.6,coord_nearest,medium,"year guard: coord_nearest candidate 312794 built 1999, property built 1970; year guard: coord_nearest candidate 312919 built 1995, property built 1970; year guard: coord_nearest candidate 313088 built 1995, property built 1970; year guard: coord_nearest candidate 313437 built 1988, property built 1970; year guard: coord_nearest candidate 314391 built 1981, property built 1970; year guard: coord_nearest candidate 851851 built 2006, property built 1970; year guard: coord_nearest candidate 859015 built 2006, property built 1970; year guard: coord_nearest candidate 859016 built 2006, property built 1970; year guard: coord_nearest candidate 859017 built 2006, property built 1970; year guard: coord_nearest candidate 859018 built 2006, property built 1970; year guard: coord_nearest candidate 859019 built 2006, property built 1970; year guard: coord_nearest candidate 859020 built 2006, property built 1970; year guard: coord_nearest candidate 859021 built 2006, property built 1970; year guard: coord_nearest candidate 859031 built 2006, property built 1970; nearest footprint 23 m from the trusted coordinate"
117014,6045  W GRAND AVE,6045 W GRAND AVE,BELMONT CRAGIN,Senior Living Community,1996,1,41.920791,-87.7774776,row_2022,277733,1,1995,9934.5,T1,high,
117024,1830  N WINCHESTER AVE,1830 N WINCHESTER AVE,LOGAN SQUARE,Multifamily Housing,1994,1,41.9150963,-87.6764937,row_2022,292874,1,1994,21568.6,T1,high,
117067,525  W DEMING PL,525 W DEMING PL,LINCOLN PARK,Multifamily Housing,1970,1,41.9281606,-87.643127,row_2022,253202,1,1973,17449.3,T1,high,
117115,1733 1735 W IRVING PARK RD,1733-1735 W IRVING PARK RD,LAKE VIEW,Multifamily Housing,1980,1,41.9541278,-87.6727754,row_2022,854303,1,,17204.7,T1,high,
117159,3919  W FOSTER AVE,3919 W FOSTER AVE,ALBANY PARK,,,,41.9754396,-87.726486,row_2022,80518,1,1993,19467.6,T1,high,
117167,4848  N KEDZIE AVE,4848 N KEDZIE AVE,ALBANY PARK,Multifamily Housing,1983,1,41.9698961,-87.7086653,row_2022,99485,1,1984,14567.2,T1,high,
117174,4444  W LAWRENCE AVE,4444 W LAWRENCE AVE,ALBANY PARK,Multifamily Housing,1997,1,41.9682242,-87.7397475,row_2022,104979,1,,15255.3,T1,high,
117179,3318  N LAKE SHORE DR,3318 N LAKE SHORE DR,LAKE VIEW,,,,41.942818,-87.6403727,row_2022,853753,1,1925,11811,T1,high,
117188,4040  N SHERIDAN RD,4040 N SHERIDAN RD,UPTOWN,Multifamily Housing,1999,1,41.955685,-87.6547251,row_2022,146759,1,1997,9344,T1,high,
117189,4225  N SHERIDAN RD,4225 N SHERIDAN RD,UPTOWN,Multifamily Housing,1979,1,41.9591963,-87.6545309,row_2022,135827,1,1979,3051.4,T1,high,
117248,936  E 47TH ST,936 E 47TH ST,KENWOOD,Multifamily Housing,1983,1,41.80969,-87.6023919,row_2022,442259,1,1984,7636.9,T1,high,
117309,2800  W MONTROSE AVE,2800 W MONTROSE AVE,ALBANY PARK,Senior Living Community,1995,1,41.9613587,-87.6985442,row_2022,127778,1,,10680.9,T1,high,
117311,6130  N SHERIDAN RD,6130 N SHERIDAN RD,EDGEWATER,Other - Specialty Hospital,2000,1,41.9932639,-87.6556335,row_2022,34142,1,1961,20804.6,T1,high,
117313,4848  N CENTRAL AVE,4848 N CENTRAL AVE,JEFFERSON PARK,Multifamily Housing,1992,1,41.9691934,-87.7676688,row_2022,102949,1,1993,17053.9,T1,high,
117348,5969  N RAVENSWOOD AVE,5969 N RAVENSWOOD AVE,EDGEWATER,Multifamily Housing,1981,1,41.9903629,-87.6745475,row_2022,42616,1,1982,14743.7,T1,high,"year guard: address candidate 42099 built 1985, property built 1981"
117358,5125  S KENWOOD AVE,5125 S KENWOOD AVE,HYDE PARK,,,,41.8015897,-87.5933085,row_2022,459516,1,,6575.9,T1,high,
117367,6526  W IRVING PARK RD,6526 W IRVING PARK RD,DUNNING,,,,41.9529673,-87.7900551,row_2022,154671;155672,2,1994,27640.4,T1_multi,high,
117390,220  S DAMEN AVE,220 S DAMEN AVE,NEAR WEST SIDE,Multifamily Housing,1978,10,41.8780798,-87.6767089,row_2022,360710,1,,4397,T1,high,
117398,1111  S ASHLAND AVE,1111 S ASHLAND AVE,NEAR WEST SIDE,Multifamily Housing,1982,17,41.8680943,-87.6662739,row_2022,370834,1,1981,12144.1,T1,high,
117509,1500 1554 E 55th St,1500-1554 E 55TH ST,HYDE PARK,Strip Mall,1991,1,41.7953104,-87.5891703,row_2022,821453,1,1902,74170.3,T1,high,
117535,6800 S Stewart Ave,6800 S STEWART AVE,ENGLEWOOD,,,,41.7707961,-87.6353099,row_2022,815733,1,,54050.4,T1,high,
117599,1307  E 60TH ST,1307 E 60TH ST,WOODLAWN,College/University,1963,2,41.7859578,-87.5943095,row_2022,509741,1,1961,56831.9,T1,high,
117702,5400 S State St,5400 S STATE ST,WASHINGTON PARK,,,,41.7963808,-87.6258922,row_2022,476436,1,1962,32978.1,coord_nearest,medium,nearest footprint 13 m from the trusted coordinate
117750,6009 N BROADWAY,6009 N BROADWAY,EDGEWATER,Supermarket/Grocery Store,2015,1,41.9911818,-87.6601551,row_2022,40052,1,1923,51878.6,T1,high,
117814,3119 N Pulaski Rd,3119 N PULASKI RD,AVONDALE,,,,41.9378725,-87.7270018,row_2022,411046,1,1909,1140.3,T2,low,direction S vs N; 11283 m from the trusted coordinate
117948,5130  W JACKSON BLVD,5130 W JACKSON BLVD,AUSTIN,Senior Living Community,1980,1,41.8767714,-87.7547714,row_2022,362144,1,,38464,T1,high,
118140,1030 W DIVISION ST,1030 W DIVISION ST,NEAR NORTH SIDE,Wholesale Club/Supercenter,1950,1,41.9036684,-87.6536994,row_2022,317590,1,1899,142447.6,T1,high,
118332,840 N Michigan Ave,840 N MICHIGAN AVE,NEAR NORTH SIDE,Retail Store,1992,1,41.8979497,-87.6242411,row_2022,877669,1,1993,19251.6,T1,high,
118349,321 S Plymouth Ct,321 S PLYMOUTH CT,LOOP,Office,1990,1,41.8775935,-87.6285871,row_2022,814815,1,1990,6752.9,T1,high,
118351,46 64 W Hubbard St,46-64 W HUBBARD ST,NEAR NORTH SIDE,Office,1910,1,41.8901491,-87.6296819,row_2022,349590,1,,14846.6,T1,high,
118557,4437  S CICERO AVE,4437 S CICERO AVE,GARFIELD RIDGE,Senior Living Community,2000,1,41.8119896,-87.7431282,row_2022,439620,1,1998,16429.1,T1,high,
118695,2825  S HALSTED,2825 S HALSTED,BRIDGEPORT,Senior Living Community,2005,1,41.8427292,-87.6462473,row_2022,858181,1,2006,12655.4,T1,high,
118700,4555 S Western Blvd,4555 S WESTERN BLVD,NEW CITY,Retail Store,2005,1,41.8104515,-87.6837744,row_2022,837451,1,2005,124014.5,coord_nearest,medium,nearest footprint 3 m from the trusted coordinate
118737,2112 W Peterson Ave,2112 W PETERSON AVE,WEST RIDGE,Retail Store,2006,1,41.9907292,-87.6829795,row_2022,,0,,,none,none,no footprint within 75 m of the trusted coordinate
118776,450 N Cityfront Plz,450 N CITYFRONT PLAZA,NEAR NORTH SIDE,College/University,1993,1,41.8901115,-87.6221039,row_2022,350045,1,1996,26547.3,T1,high,
118831,2140 N Elston Ave,2140 N ELSTON AVE,LOGAN SQUARE,Multifamily Housing,2021,1,41.9203343,-87.6708647,row_2022,,0,,,none,none,"built 2021, after the City's 2015 footprint layer: no footprint in it can be this building"
118850,11045  S WENTWORTH,11045 S WENTWORTH,ROSELAND,Multifamily Housing,2005,1,41.6930159,-87.6277673,row_2022,834458,1,2005,16860.7,T1,high,
118872,2630 N NARRAGANSETT AVE,2630 N NARRAGANSETT AVE,BELMONT CRAGIN,Wholesale Club/Supercenter,2005,1,41.928279,-87.7857613,row_2022,835111,1,2005,157383.6,T1,high,
118892,849 N Franklin St,849 N FRANKLIN ST,NEAR NORTH SIDE,Multifamily Housing,2006,1,41.8981471,-87.6355931,row_2022,836108,1,2005,31379.6,coord_nearest,medium,nearest footprint 8 m from the trusted coordinate
118998,3845  S STATE ST,3845 S STATE ST,DOUGLAS,,,,41.8242011,-87.6262712,row_2022,834049,1,2005,16031.6,T1,high,
119039,2626 2644 W 63RD ST,2626-2644 W 63RD ST,CHICAGO LAWN,Senior Living Community,2004,1,41.779281,-87.6896795,row_2022,837728,1,2005,17569,T1,high,
119055,6525 W Diversey Ave,6525 W DIVERSEY AVE,BELMONT CRAGIN,Retail Store,2004,1,41.9308339,-87.7891338,row_2022,835109,1,2005,138375.9,T1,high,
119071,1154 S Clark St,1154 S CLARK ST,LOOP,Retail Store,2004,1,41.867571,-87.6305865,row_2022,834521,1,2005,112404.1,T1,high,
119128,440 N Wells St,440 N WELLS ST,NEAR NORTH SIDE,Office,1905,1,41.8903819,-87.6341848,row_2022,349131,1,1903,12703.9,T1,high,
119215,919 S California Ave,919 S CALIFORNIA AVE,EAST GARFIELD PARK,Other,2002,1,41.8695364,-87.6958388,row_2022,370038,1,1926,4167.6,coord_nearest,medium,"year guard: coord_nearest candidate 859269 built 2006, property built 2002; nearest footprint 23 m from the trusted coordinate"
119223,3500 N Kimball Ave,3500 N KIMBALL AVE,AVONDALE,Retail Store,2003,1,41.9448811,-87.7128051,row_2022,847253,1,2006,127434.2,coord_nearest,medium,nearest footprint 19 m from the trusted coordinate
119238,2520 N Narragansett Ave,2520 N NARRAGANSETT AVE,BELMONT CRAGIN,Supermarket/Grocery Store,2004,1,41.926297,-87.7856948,row_2022,835118,1,2005,65515.4,T1,high,
119269,1101 W LAKE ST,1101 W LAKE ST,NEAR WEST SIDE,,,,41.8854334,-87.6545276,row_2022,876459,1,,10147.7,T1,high,
119323,2647 2679 N Halsted St,2647-2679 N HALSTED ST,LINCOLN PARK,Retail Store,2003,1,41.9304245,-87.6487873,row_2022,849927,1,2006,49926,T1,high,"year guard: address candidate 883907 built 2007, property built 2003"
119347,2101 S WABASH AVE,2101 S WABASH AVE,NEAR SOUTH SIDE,Multifamily Housing,1900,1,41.8541946,-87.6253815,row_2022,871214,1,1898,8069.3,T1,high,
119349,4343 S Pulaski Rd,4343 S PULASKI RD,ARCHER HEIGHTS,Supermarket/Grocery Store,2003,,41.8139143,-87.7236649,row_2022,837462,1,2005,54432.3,T1,high,
119387,1747 W ROOSEVELT RD,1747 W ROOSEVELT RD,NEAR WEST SIDE,Office,2004,1,41.866722,-87.6708132,row_2022,836487,1,2005,26094.2,T1,high,
119405,226 W ONTARIO ST,226 W ONTARIO ST,NEAR NORTH SIDE,,,,41.8932808,-87.6352884,row_2022,343993,1,,13677.8,T1,high,
119419,3729 W Leland Ave,3729 W LELAND AVE,ALBANY PARK,,,,41.9663782,-87.7218258,row_2022,844484,1,2006,51571.5,T1,high,
119422,913 949 W North Ave,913-949 W NORTH AVE,NEAR NORTH SIDE,Mixed Use Property,2002,1,41.9107543,-87.651653,row_2022,304524,1,,54909.5,coord_pip,medium,
119450,2656 N Elston Ave,2656 N ELSTON AVE,LOGAN SQUARE,Retail Store,1994,1,41.929849,-87.6846438,row_2022,249574,1,1900,235380.9,T1,high,
119504,1201 W ADAMS ST,1201 W ADAMS ST,NEAR WEST SIDE,Multifamily Housing,2001,1,41.878947,-87.6571778,row_2022,880421,1,1889,2027,coord_nearest,medium,"year guard: address candidate 859829 built 2006, property built 2001; year guard: coord_nearest candidate 859838 built 2006, property built 2001; nearest footprint 26 m from the trusted coordinate"
119552,1220 S Ashland Ave,1220 S ASHLAND AVE,NEAR WEST SIDE,Supermarket/Grocery Store,2002,1,41.8662542,-87.6665241,row_2022,836489,1,2005,98490.7,T1,high,
119564,501 525 N CENTRAL AVE,501-525 N CENTRAL AVE,AUSTIN,,,,41.8893836,-87.7650387,row_2022,350832,1,,27550.1,T1,high,
119609,700 N SACRAMENTO BLVD,700 N SACRAMENTO BLVD,HUMBOLDT PARK,,,,41.8937931,-87.702298,row_2022,342448,1,,55093.5,T1,high,
119629,2746 N Clybourn Ave,2746 N CLYBOURN AVE,LINCOLN PARK,Supermarket/Grocery Store,2001,1,41.931021,-87.676864,row_2022,820044,1,,51580.3,coord_nearest,medium,"year guard: address candidate 835166 built 2005, property built 2001; nearest footprint 25 m from the trusted coordinate"
119676,1919 N Cicero Ave,1919 N CICERO AVE,BELMONT CRAGIN,Retail Store,2003,1,41.9157101,-87.7459078,row_2022,835707,1,2005,138570.2,T1,high,
119685,216  E ONTARIO ST,216 E ONTARIO ST,NEAR NORTH SIDE,Hotel,2001,1,41.8934787,-87.6222175,row_2022,880219,1,,5671.8,T1,high,
119689,303 W Erie St,303 W ERIE ST,NEAR NORTH SIDE,Office,1900,1,41.8938568,-87.6357958,row_2022,343386,1,,9816.5,coord_pip,medium,
119757,4433 S Pulaski Rd,4433 S PULASKI RD,ARCHER HEIGHTS,Retail Store,2004,1,41.8123747,-87.7236084,row_2022,837463,1,2005,121263.7,T1,high,
119758,6107 S Archer Ave,6107 S ARCHER AVE,GARFIELD RIDGE,Supermarket/Grocery Store,2002,1,41.7943549,-87.7705272,row_2022,837653,1,2005,50220.6,T1,high,
119799,7971 S CICERO AVE,7971 S CICERO AVE,ASHBURN,Wholesale Club/Supercenter,2009,1,41.747682,-87.7411573,row_2022,893919,1,2008,143956,T1,high,
119808,1110 W Belden,1110 W BELDEN,LINCOLN PARK,College/University,2008,1,41.9236184,-87.6564572,row_2022,891069,1,2009,29444.8,T1,high,
119885,1050  W 79TH ST,1050 W 79TH ST,AUBURN GRESHAM,Senior Living Community,2005,1,41.7506486,-87.6509223,row_2022,831025,1,,1497,coord_nearest,medium,nearest footprint 22 m from the trusted coordinate
119914,8411 S HOLLAND RD,8411 S HOLLAND RD,CHATHAM,Wholesale Club/Supercenter,2007,1,41.7410569,-87.631826,row_2022,891682,1,2008,130310.6,T1,high,
119987,7030 S Ashland Ave,7030 S ASHLAND AVE,WEST ENGLEWOOD,,,,41.7657908,-87.6639669,row_2022,837871,1,2005,65017.2,T1,high,
120010,1001 N Crosby,1001 N CROSBY,NEAR NORTH SIDE,,,,41.9003552,-87.6437291,row_2022,326330,1,,29724.4,T1,high,
120015,3900 S Ashland Ave,3900 S ASHLAND AVE,NEW CITY,,,,41.8230277,-87.665744,row_2022,156317,1,1926,2659.5,T2,low,direction N vs S; 14390 m from the trusted coordinate
120030,205 W Monroe St,205 W MONROE ST,,,,,41.880653,-87.6341202,row_2018,357993,1,1949,9279.6,T1,high,
120083,1940 W 33rd St,1940 W 33RD ST,MCKINLEY PARK,Retail Store,2006,1,41.8341474,-87.6745979,row_2022,889940,1,2009,7117.4,T1,high,
120103,814 W. Eastman,814 W EASTMAN,NEAR NORTH SIDE,K-12 School,2007,1,41.907456,-87.648585,row_2016,886260,1,2007,18452.8,T1,high,
120137,1300 S Clinton St,1300 S CLINTON ST,NEAR WEST SIDE,Retail Store,2007,1,41.8655347,-87.6408133,row_2022,836574,1,2005,156421.6,coord_nearest,medium,nearest footprint 16 m from the trusted coordinate
120218,4650 W North Ave,4650 W NORTH AVE,AUSTIN,,,,41.9097645,-87.7433763,row_2022,883824,1,,8387.9,coord_nearest,medium,nearest footprint 16 m from the trusted coordinate
120267,2333 W Madison,2333 W MADISON,NEAR WEST SIDE,Supermarket/Grocery Store,2013,,41.8810694,-87.6853076,row_2022,357808,1,,6847.2,coord_nearest,medium,nearest footprint 4 m from the trusted coordinate
120299,2112 N ASHLAND AVE,2112 N ASHLAND AVE,LOGAN SQUARE,,,,41.9202455,-87.668573,row_2022,384256,1,1917,5706.6,T2,low,direction S vs N; 7377 m from the trusted coordinate
120324,1800 W LAWRENCE AVE,1800 W LAWRENCE AVE,LINCOLN SQUARE,Supermarket/Grocery Store,2014,1,41.9689262,-87.6745865,row_2022,103946,1,1967,3477,coord_nearest,low,nearest footprint 33 m from the trusted coordinate
120343,5101 5115 N SHERIDAN RD,5101-5115 N SHERIDAN RD,UPTOWN,Multifamily Housing,1951,1,41.9753396,-87.6548358,row_2022,79347,1,,8760.6,coord_nearest,medium,"year guard: address candidate 77795 built 1969, property built 1951; year guard: coord_nearest candidate 76094 built 1969, property built 1951; year guard: coord_nearest candidate 79421 built 1991, property built 1951; nearest footprint 17 m from the trusted coordinate"
120344,4043 N Ravenswood Ave,4043 N RAVENSWOOD AVE,LAKE VIEW,Other,1910,1,41.9555193,-87.6736796,row_2022,147863,1,,1351.9,coord_nearest,low,"year guard: address candidate 146937 built 1921, property built 1910; year guard: coord_nearest candidate 147066 built 1934, property built 1910; year guard: coord_nearest candidate 890068 built 2009, property built 1910; nearest footprint 51 m from the trusted coordinate"
120347,1033 W VAN BUREN ST,1033 W VAN BUREN ST,NEAR WEST SIDE,,,,41.8764706,-87.6532462,row_2022,876554,1,,12955.3,T1,high,
120445,1 - 15 E Oak St,1-15 E OAK ST,NEAR NORTH SIDE,Retail Store,2009,1,41.9006316,-87.6282724,row_2022,892632,1,2010,9243.9,T1,high,
120503,1040 W Randolph St,1040 W RANDOLPH ST,NEAR WEST SIDE,Office,1932,1,41.8844077,-87.6536815,row_2022,353798,1,,27831.4,coord_nearest,medium,"year guard: coord_nearest candidate 353802 built 1957, property built 1932; year guard: coord_nearest candidate 860357 built 2006, property built 1932; nearest footprint 11 m from the trusted coordinate"
120518,3500  S GILES AVE,3500 S GILES AVE,DOUGLAS,Residential Care Facility,1974,1,41.8309851,-87.6194841,row_2022,417590,1,,14243.1,T1,high,
120614,16 - 40 S Halsted St,16-40 S HALSTED ST,NEAR WEST SIDE,Supermarket/Grocery Store,2012,1,41.881285,-87.6474906,row_2022,355781,1,1984,35647.5,T2,low,direction N vs S; 99 m from the trusted coordinate
120624,2641 W Harrison St,2641 W HARRISON ST,EAST GARFIELD PARK,Other,2007,1,41.8737145,-87.6928315,row_2022,888074,1,2008,57052.8,T1,high,
120631,4707 S. Marshfield Ave.,4707 S MARSHFIELD AVE,NEW CITY,,,,41.808364,-87.6660334,row_2022,446356,1,1930,29822.7,coord_pip,medium,
120830,6300  N CALIFORNIA AVE,6300 N CALIFORNIA AVE,WEST RIDGE,,,,41.9958559,-87.6997275,row_2022,28215,1,1972,13899.9,T1,high,
120876,224 N Desplaines St,224 N DESPLAINES ST,NEAR WEST SIDE,,,,41.8865619,-87.6444173,row_2022,352549,1,,13197.8,T1,high,
120931,10 S STATE ST,10 S STATE ST,LOOP,Retail Store,1970,1,41.8817819,-87.6279103,row_2022,814584,1,,19191.4,T1,high,
120958,156 N. Jefferson,156 N JEFFERSON,NEAR WEST SIDE,Office,1898,1,41.8849106,-87.6427672,row_2015,353756,1,,23438.6,T1,high,
120965,1615 S Clark St,1615 S CLARK ST,NEAR SOUTH SIDE,,,,41.8596297,-87.6301249,row_2022,375718,1,,16720.9,coord_nearest,low,nearest footprint 61 m from the trusted coordinate
121038,163 W 87th St,163 W 87TH ST,CHATHAM,,,,41.7361125,-87.6286451,row_2022,884687,1,2007,61353.7,T1,high,
121043,209 W Jackson Blvd,209 W JACKSON BLVD,LOOP,Office,1897,1,41.8780061,-87.634022,row_2022,359596,1,1899,16625.6,coord_nearest,low,"year guard: address candidate 360584 built 1918, property built 1897; year guard: coord_nearest candidate 360536 built 1928, property built 1897; year guard: coord_nearest candidate 360610 built 1910, property built 1897; year guard: coord_nearest candidate 361281 built 1989, property built 1897; year guard: coord_nearest candidate 814767 built 1970, property built 1897; year guard: coord_nearest candidate 814769 built 1949, property built 1897; year guard: coord_nearest candidate 814813 built 1901, property built 1897; year guard: coord_nearest candidate 843501 built 2006, property built 1897; nearest footprint 32 m from the trusted coordinate"
121059,3656 N Halsted St,3656 N HALSTED ST,LAKE VIEW,Mixed Use Property,2007,1,41.9489662,-87.6496833,row_2022,846674,1,2006,36021.5,T1,high,
121093,1430 S Ashland Ave,1430 S ASHLAND AVE,NEAR WEST SIDE,Supermarket/Grocery Store,2012,1,41.8624024,-87.666419,row_2022,892834,1,2012,142325.5,T1,high,
121102,1333 W Belmont Ave,1333 W BELMONT AVE,LAKE VIEW,Medical Office,2011,1,41.9396756,-87.6625348,row_2022,209951,1,1970,4853.6,coord_pip,medium,
121212,333 E Benton PL,333 E BENTON PL,LOOP,Enclosed Mall,2011,1,41.88539,-87.6189867,row_2022,892694,1,2011,52105.7,T1,high,
121222,4500  N WINCHESTER AVE,4500 N WINCHESTER AVE,LINCOLN SQUARE,Multifamily Housing,1968,1,41.9633391,-87.6776891,row_2022,121603,1,,9387.6,coord_nearest,medium,"year guard: address candidate 120006 built 1973, property built 1968; year guard: coord_nearest candidate 115304 built 1972, property built 1968; year guard: coord_nearest candidate 845030 built 2006, property built 1968; year guard: coord_nearest candidate 845033 built 2006, property built 1968; year guard: coord_nearest candidate 889203 built 2008, property built 1968; nearest footprint 18 m from the trusted coordinate"
121264,1407 E 60th St,1407 E 60TH ST,WOODLAWN,College/University,2011,1,41.7859892,-87.5911816,row_2022,894277,1,2011,14867.8,T1,high,
121286,2600 W 35TH ST,2600 W 35TH ST,BRIGHTON PARK,,,,41.8302961,-87.6900586,row_2022,415348,1,,452062.6,coord_nearest,medium,nearest footprint 5 m from the trusted coordinate
121355,1520 W North Ave,1520 W NORTH AVE,WEST TOWN,,,,41.9107619,-87.666121,row_2022,892825,1,2010,24035.5,T1,high,
121374,5201 Sheridan Rd,5201 SHERIDAN RD,EDGEWATER,,,,41.97649,-87.65496,covered_list,73655,1,1949,21860,coord_nearest,medium,nearest footprint 15 m from the trusted coordinate
121587,1550  S INDIANA AVE,1550 S INDIANA AVE,NEAR SOUTH SIDE,Mixed Use Property,1910,1,41.8605435,-87.6225386,row_2022,375398,1,,14658,T1,high,
121761,2555 N Normandy Ave,2555 N NORMANDY AVE,MONTCLARE,Retail Store,1995,1,41.9269248,-87.792751,row_2022,258247,1,1995,167671.4,T1,high,
121774,1232 W North Ave,1232 W NORTH AVE,WEST TOWN,Retail Store,1996,1,41.9108755,-87.6582782,row_2022,299924,1,,192595.4,T1,high,
122005,5320 S Pulaski Rd,5320 S PULASKI RD,WEST ELSDON,Supermarket/Grocery Store,1973,1,41.7961976,-87.7233919,row_2022,478057,1,1974,94938.1,T1,high,
122919,1341 N Paulina St,1341 N PAULINA ST,WEST TOWN,Retail Store,1990,1,41.9062437,-87.6698623,row_2022,314628,1,,121023.2,coord_nearest,medium,"year guard: coord_nearest candidate 314895 built 1996, property built 1990; year guard: coord_nearest candidate 315008 built 1996, property built 1990; year guard: coord_nearest candidate 315172 built 1996, property built 1990; year guard: coord_nearest candidate 873547 built 2007, property built 1990; nearest footprint 5 m from the trusted coordinate"
123202,1936 N Clark,1936 N CLARK,LINCOLN PARK,Multifamily Housing,1932,1,41.9176515,-87.6357693,row_2022,285069,1,1929,18643.5,T1,high,
123973,4032 W Madison St,4032 W MADISON ST,WEST GARFIELD PARK,,,,41.8808199,-87.7270116,row_2022,859318,1,1925,15876.6,T1,high,
124019,4734 N Cumberland Ave,4734 N CUMBERLAND AVE,OHARE,Supermarket/Grocery Store,1965,1,41.9660114,-87.8368312,row_2022,113446,1,1968,75675,T1,high,
124056,211 223 S STATE ST,211-223 S STATE ST,LOOP,,,,41.8792035,-87.6275578,row_2022,358942,1,,20165,T1,high,
124139,2303  N CLYBOURN AVE,2303 N CLYBOURN AVE,LINCOLN PARK,Multifamily Housing,1981,5,41.9238383,-87.6672867,row_2022,265307,1,1929,11193.5,coord_nearest,medium,"year guard: coord_nearest candidate 266939 built 1991, property built 1981; year guard: coord_nearest candidate 267553 built 1985, property built 1981; year guard: coord_nearest candidate 835492 built 2005, property built 1981; year guard: coord_nearest candidate 891072 built 2009, property built 1981; nearest footprint 17 m from the trusted coordinate"
124236,830 N Michigan Ave,830 N MICHIGAN AVE,NEAR NORTH SIDE,Office,2002,1,41.8976292,-87.6242701,row_2022,877668,1,1964,18758.3,T1,high,
124308,10900 S Doty Ave,10900 S DOTY AVE,PULLMAN,,,,41.6963137,-87.5966322,row_2022,,0,,,none,none,no footprint within 75 m of the trusted coordinate
124312,5033 N Elston Ave,5033 N ELSTON AVE,ALBANY PARK,,,,41.9723493,-87.7468251,row_2022,86836,1,1989,86991.4,T1,high,
124456,4901 4917 W IRVINGPARK RD,4901-4917 W IRVINGPARK RD,PORTAGE PARK,,,,41.953274,-87.7499126,row_2022,155983,1,1957,27224.8,T1,high,
124699,210 214 W VANBUREN ST,210-214 W VANBUREN ST,LOOP,,,,41.8769504,-87.634048,row_2022,880247;880603,2,1892,8259.3,T1_multi,high,
124911,3131 N Clark St,3131 N CLARK ST,LAKE VIEW,Strip Mall,1995,1,41.9385879,-87.649396,row_2022,860964,1,1995,38617,T1,high,
124961,2769 2789 N MILWAUKEE AVE,2769-2789 N MILWAUKEE AVE,LOGAN SQUARE,Multifamily Housing,1920,1,41.9315795,-87.7112963,row_2022,242874,1,,17261.8,coord_nearest,low,"year guard: address candidate 874121 built 1929, property built 1920; year guard: coord_nearest candidate 241337 built 1954, property built 1920; year guard: coord_nearest candidate 244181 built 1974, property built 1920; year guard: coord_nearest candidate 244762 built 1925, property built 1920; year guard: coord_nearest candidate 851230 built 1929, property built 1920; year guard: coord_nearest candidate 851231 built 1972, property built 1920; year guard: coord_nearest candidate 851232 built 1924, property built 1920; year guard: coord_nearest candidate 851233 built 1931, property built 1920; year guard: coord_nearest candidate 874120 built 1930, property built 1920; nearest footprint 49 m from the trusted coordinate"
125013,122 160 W 79TH ST,122-160 W 79TH ST,GREATER GRAND CROSSING,,,,41.7510032,-87.6279552,row_2022,610334,1,1963,73886.3,T1,high,
125048,218 S Wabash Av,218 S WABASH AVE,LOOP,Office,1900,1,41.8790419,-87.6262554,row_2022,814750,1,1894,13549.5,T1,high,
125148,5829 S Archer Ave,5829 S ARCHER AVE,GARFIELD RIDGE,,,,41.7960196,-87.7596834,row_2022,479655,1,,68721.2,T1,high,
125204,1340  W MORSE AVE,1340 W MORSE AVE,ROGERS PARK,Multifamily Housing,1967,2,42.0080298,-87.665355,row_2022,842452,1,,1792.7,T1,high,
125235,2021 W Chicago Ave,2021 W CHICAGO AVE,WEST TOWN,,,,41.8957852,-87.6779309,row_2022,887658,1,2007,55224.5,T1,high,
125543,6103 N LINCOLN AVE,6103 N LINCOLN AVE,NORTH PARK,,,,41.9931118,-87.7115745,row_2022,842675,1,2006,9214.8,coord_nearest,medium,nearest footprint 11 m from the trusted coordinate
125763,7050 S Pulaski Rd,7050 S PULASKI RD,WEST LAWN,,,,41.7643729,-87.7225191,row_2022,580499,1,,109098.8,T1,high,
125766,11414 S HALSTED ST,11414 S HALSTED ST,MORGAN PARK,,,,41.686414,-87.64234,row_2022,889497,1,2008,3957.8,coord_nearest,low,nearest footprint 33 m from the trusted coordinate
125859,730 N Michigan Ave,730 N MICHIGAN AVE,NEAR NORTH SIDE,Other - Mall,1997,1,41.8957582,-87.6244186,row_2022,340007,1,1991,49609,coord_nearest,medium,"year guard: address candidate 337775 built 2001, property built 1997; nearest footprint 19 m from the trusted coordinate"
126126,4700 S Kedzie Ave,4700 S KEDZIE AVE,BRIGHTON PARK,Supermarket/Grocery Store,1990,,41.8080473,-87.7041188,row_2022,448186,1,1920,61942.1,T1,high,
126141,839 W 79TH ST,839 W 79TH ST,AUBURN GRESHAM,,,,41.75051,-87.6455648,row_2022,616123,1,1945,11052,T1,high,
126258,5630 W Belmont Ave,5630 W BELMONT AVE,PORTAGE PARK,,,,41.9386693,-87.7677755,row_2022,214049,1,,74437.5,T1,high,
126411,25 E Oak St,25 E OAK ST,NEAR NORTH SIDE,,,,41.9006498,-87.6274168,row_2022,813477,1,1993,14085.7,T1,high,
127031,424 W DIVISION ST,424 W DIVISION ST,NEAR NORTH SIDE,Supermarket/Grocery Store,2013,1,41.903884,-87.6394372,row_2022,820944,1,,74244,T1,high,
127047,669 N Michigan Ave,669 N MICHIGAN AVE,NEAR NORTH SIDE,,,,41.8945405,-87.6240953,row_2022,813785,1,,9828.8,T1,high,
127068,801- 831 W 119th St.,801-831 W 119TH ST,WEST PULLMAN,Strip Mall,1964,1,41.6777039,-87.6419845,row_2022,793105,1,1931,2599.6,coord_nearest,low,"year guard: address candidate 793143 built 1970, property built 1964; year guard: coord_nearest candidate 826374 built 2005, property built 1964; nearest footprint 45 m from the trusted coordinate"
127079,35 N State St,35 N STATE ST,LOOP,Retail Store,1998,1,41.8828525,-87.6277137,row_2022,880592,1,,5657.5,T2,low,direction S vs N; 185 m from the trusted coordinate
127778,7115 7129 N RIDGE BLVD,7115-7129 N RIDGE BLVD,ROGERS PARK,Multifamily Housing,1960,1,42.0117125,-87.6827185,row_2022,7625,1,1909,1161,coord_nearest,medium,"year guard: address candidate 7231 built 1974, property built 1960; year guard: coord_nearest candidate 7087 built 1964, property built 1960; year guard: coord_nearest candidate 8283 built 1968, property built 1960; nearest footprint 6 m from the trusted coordinate"
127877,7510 - 7578 N Western Ave,7510-7578 N WESTERN AVE,WEST RIDGE,Strip Mall,1957,1,42.0180174,-87.6903374,row_2022,842500;842502,2,,92108.3,T1_multi,high,"year guard: address candidate 842504 built 2006, property built 1957"
127990,2829 S CALIFORNIA BLVD,2829 S CALIFORNIA BLVD,SOUTH LAWNDALE,Senior Living Community,1977,1,41.8404412,-87.6941146,row_2022,403056,1,1976,17336.4,coord_nearest,low,1 in-range footprint(s) on the same-named street of another type ignored; nearest footprint 53 m from the trusted coordinate
128007,7248 7256 N WESTERN AVE,7248-7256 N WESTERN AVE,WEST RIDGE,,,,42.0136044,-87.6903846,row_2022,5526,1,1966,14678,T1,high,
128088,5061  N PULASKI RD,5061 N PULASKI RD,ALBANY PARK,,,,41.9735894,-87.7280295,row_2022,84965,1,,61711.7,T1,high,
128170,1301 1311 W FLETCHER ST,1301-1311 W FLETCHER ST,LAKE VIEW,Multifamily Housing,1898,1,41.9387811,-87.661379,row_2022,853929,1,,17773.7,T1,high,
128243,4909 W DIVISION ST,4909 W DIVISION ST,AUSTIN,,,,41.9022123,-87.7488454,row_2022,325482,1,,12989.4,T1,high,
128292,6408 - 6450 W Irving Park Rd,6408-6450 W IRVING PARK RD,DUNNING,Strip Mall,1963,1,41.9530214,-87.7869561,row_2022,847059,1,,3414.4,coord_nearest,medium,"year guard: address candidate 156314 built 1989, property built 1963; year guard: coord_nearest candidate 847060 built 1996, property built 1963; nearest footprint 24 m from the trusted coordinate"
128321,2315  W LEMOYNE ST,2315 W LEMOYNE ST,WEST TOWN,,,,41.9084064,-87.6854308,row_2022,311240,1,1991,10928.2,T1,high,
128724,5540  S HYDE PARK BLVD,5540 S HYDE PARK BLVD,HYDE PARK,Multifamily Housing,1926,1,41.7940127,-87.584067,row_2022,821439,1,,9305.4,T1,high,
128798,112 S Michigan Ave,112 S MICHIGAN AVE,LOOP,,,,41.8804875,-87.6245034,row_2022,881849,1,1906,6611,T1,high,
128800,155 E Superior St,155 E SUPERIOR ST,NEAR NORTH SIDE,Office,1917,1,41.8956415,-87.6233898,row_2022,813687,1,1917,12437.6,T1,high,
128870,1334 E 79TH ST,1334 E 79TH ST,AVALON PARK,,,,41.751536,-87.5917094,row_2022,610070,1,,70887.9,T1,high,
128905,2026  N CLARK ST,2026 N CLARK ST,LINCOLN PARK,Residential Care Facility,1928,1,41.9192259,-87.6367757,row_2022,280137,1,,13670.5,T1,high,
128978,2242 N Kedzie Blvd,2242 N KEDZIE BLVD,LOGAN SQUARE,,,,41.922419,-87.7072924,row_2022,270636,1,,11064.8,T1,high,
129245,2011 2023 W BELMONT AVE,2011-2023 W BELMONT AVE,NORTH CENTER,,,,41.9394571,-87.6788503,row_2022,211328,1,1947,15325,T1,high,
129303,2940 N Ashland Ave,2940 N ASHLAND AVE,LAKE VIEW,Supermarket/Grocery Store,1982,1,41.935472,-87.6686545,row_2022,225832,1,1985,81991.6,T1,high,
129344,2300 2308 W DIVERSEY AVE,2300-2308 W DIVERSEY AVE,LOGAN SQUARE,,,,41.9323068,-87.685587,row_2022,239890,1,1902,12218.4,coord_pip,medium,
129398,1435 - 1471 W Webster Ave,1435-1471 W WEBSTER AVE,LINCOLN PARK,Movie Theater,1988,1,41.9215024,-87.6645801,row_2022,272187,1,1890,3535.9,coord_nearest,medium,"year guard: coord_nearest candidate 851965 built 2006, property built 1988; nearest footprint 24 m from the trusted coordinate"
129459,2430 N Halsted St,2430 N HALSTED ST,LINCOLN PARK,Laboratory,1993,1,41.9263522,-87.6489398,row_2022,259124,1,1906,4267.6,coord_nearest,medium,"year guard: address candidate 835305 built 2005, property built 1993; year guard: coord_nearest candidate 883932 built 2007, property built 1993; year guard: coord_nearest candidate 883933 built 2007, property built 1993; nearest footprint 25 m from the trusted coordinate"
129621,7350 7352 N SHERIDAN RD,7350-7352 N SHERIDAN RD,ROGERS PARK,,,,42.0155611,-87.6650807,row_2022,3496,1,1900,15192.4,T1,high,
129652,1247 1249 W MADISON ST,1247-1249 W MADISON ST,NEAR WEST SIDE,Multifamily Housing,2016,1,41.8814732,-87.6590544,row_2022,,0,,,none,none,"built 2016, after the City's 2015 footprint layer: no footprint in it can be this building"
129735,2649 E 75th St,2649 E 75TH ST,SOUTH SHORE,Senior Living Community,1998,1,41.7592309,-87.5595982,row_2022,592288,1,,25422.4,coord_nearest,medium,nearest footprint 8 m from the trusted coordinate
129920,350 N Clark St,350 N CLARK ST,NEAR NORTH SIDE,Office,1912,1,41.8888867,-87.6311991,row_2022,350893,1,1915,15387,T1,high,
129963,2290 S Grove Street,2290 S GROVE ST,ARMOUR SQUARE,,,,41.8503854,-87.6406928,row_2022,888856,1,2009,40184.7,coord_nearest,medium,nearest footprint 9 m from the trusted coordinate
130162,19 E OHIO ST,19 E OHIO ST,NEAR NORTH SIDE,Hotel,1927,1,41.892374,-87.6272429,row_2022,815084,1,1928,4679.2,T1,high,
130168,520 N Ridgeway Ave,520 N RIDGEWAY AVE,HUMBOLDT PARK,Other - Specialty Hospital,1964,1,41.8905692,-87.7199839,row_2022,349714,1,1928,12380,T1,high,
130218,2430 2458 W GEORGE ST,2430-2458 W GEORGE ST,AVONDALE,,,,41.9340866,-87.6891963,row_2022,851126,1,1921,58688,T1,high,
130379,444 N WABASH AVE,444 N WABASH AVE,NEAR NORTH SIDE,Office,1937,1,41.8906308,-87.6268291,row_2022,348881,1,1937,9789.4,T1,high,
130442,210 N GREEN ST,210 N GREEN ST,NEAR WEST SIDE,Office,1893,1,41.8860193,-87.6487988,row_2022,879741,1,,18787.2,T1,high,
130453,833 W Jackson Blvd,833 W JACKSON BLVD,NEAR WEST SIDE,Office,1930,1,41.877819,-87.6485132,row_2022,360925,1,1908,8567.7,T1,high,
130553,4700 N MARINE DR,4700 N MARINE DR,UPTOWN,,,,41.9673883,-87.6492881,row_2022,888720,1,2009,32288.2,T1,high,
130629,3510 3524 S WESTERN AVE,3510-3524 S WESTERN AVE,MCKINLEY PARK,,,,41.8299034,-87.6851688,row_2022,418664,1,,29384.2,T1,high,
130634,560 - 566 W Lake St,560-566 W LAKE ST,NEAR WEST SIDE,Office,1920,1,41.8858128,-87.6422616,row_2022,352882,1,1918,16550.4,coord_nearest,medium,"year guard: coord_nearest candidate 824850 built 2004, property built 1920; year guard: coord_nearest candidate 828055 built 2005, property built 1920; year guard: coord_nearest candidate 834537 built 2005, property built 1920; nearest footprint 2 m from the trusted coordinate"
130684,7431 7445 S EAST END AVE,7431-7445 S EAST END AVE,SOUTH SHORE,,,,41.759663,-87.583362,row_2022,589768,1,,127511,T1,high,
130726,766 778 W JACKSON BLVD,766-778 W JACKSON BLVD,NEAR WEST SIDE,Multifamily Housing,1885,1,41.878064,-87.6466377,row_2022,814786,1,,6880.1,T1,high,
130758,651  S WELLS ST,651 S WELLS ST,LOOP,,,,41.8735174,-87.63346,row_2022,365333,1,1986,12134.3,T1,high,
130882,832 854 W FULTON MARKET,832-854 W FULTON MARKET,NEAR WEST SIDE,Mixed Use Property,2017,1,41.8868931,-87.6487388,row_2022,,0,,,none,none,"built 2017, after the City's 2015 footprint layer: no footprint in it can be this building"
130910,1279 N. Milwaukee Avenue,1279 N MILWAUKEE AVE,WEST TOWN,Other - Mall,1990,1,41.9132062,-87.6814037,row_2017,317660,1,,62188.8,T1,high,
130949,1337 W 15TH ST,1337 W 15TH ST,NEAR WEST SIDE,,,,41.8614376,-87.6604594,row_2022,375146,1,1954,34083.1,T1,high,
131155,217 221 N JEFFERSON ST,217-221 N JEFFERSON ST,NEAR WEST SIDE,Office,1938,1,41.8862937,-87.6426439,row_2022,352668,1,1877,9854.1,T1,high,
131236,427 S LaSalle St,427 S LA SALLE ST,LOOP,Data Center,1919,1,41.876216,-87.6316021,row_2022,868403,1,,20607,coord_pip,medium,
131291,29 N Wacker Dr,29 N WACKER DR,LOOP,Office,1951,1,41.883091,-87.6366459,row_2022,355623,1,1915,24851.5,coord_nearest,medium,"year guard: address candidate 814529 built 1962, property built 1951; year guard: coord_nearest candidate 354943 built 1980, property built 1951; year guard: coord_nearest candidate 814558 built 2001, property built 1951; nearest footprint 25 m from the trusted coordinate"
131375,2828 N Clark St,2828 N CLARK ST,LAKE VIEW,Enclosed Mall,1925,1,41.933474,-87.6455993,row_2022,875336,1,,55836.5,T1,high,
131428,217 235 W HURON ST,217-235 W HURON ST,NEAR NORTH SIDE,,,,41.894671,-87.6349044,row_2022,341916,1,1925,21573.5,T1,high,
131481,8303 W Higgins Rd,8303 W HIGGINS RD,NORWOOD PARK,Office,1972,1,41.986023,-87.834204,row_2015,53725,1,,6594,T1,high,
131633,1400 W FULTON ST,1400 W FULTON ST,NEAR WEST SIDE,Office,1907,1,41.8866938,-87.6625793,row_2022,352281,1,,35014.9,coord_nearest,medium,"year guard: coord_nearest candidate 352969 built 1989, property built 1907; year guard: coord_nearest candidate 879611 built 1946, property built 1907; nearest footprint 2 m from the trusted coordinate"
131906,6125  S KENWOOD AVE,6125 S KENWOOD AVE,WOODLAWN,Senior Living Community,1975,1,41.7834324,-87.5929773,row_2022,517615,1,1975,14380.1,T1,high,
131935,5336 N Western Ave,5336 N WESTERN AVE,LINCOLN SQUARE,Senior Living Community,1976,1,41.9788101,-87.6894114,row_2022,68445,1,1880,13499.1,T1,high,
131999,646 652 S CLARK ST,646-652 S CLARK ST,LOOP,,,,41.8736392,-87.630795,row_2022,814930,1,1913,6060.3,T1,high,
132017,1300 1310 N DEARBORN ST,1300-1310 N DEARBORN ST,NEAR NORTH SIDE,,,,41.9058989,-87.6301928,row_2022,315819,1,,14119.5,T1,high,
132117,200 W 87th St,200 W 87TH ST,CHATHAM,Retail Store,1997,1,41.7362617,-87.6290647,row_2022,662757,1,1997,125187.3,T1,high,
132118,4314 S Wabash Ave,4314 S WABASH AVE,GRAND BOULEVARD,Senior Living Community,1969,1,41.8160142,-87.6247901,row_2022,432190,1,,16263.4,T1,high,
132161,4000 4006 W NORTH AVE,4000-4006 W NORTH AVE,HUMBOLDT PARK,,,,41.9099956,-87.7263947,row_2022,306978,1,1926,10256,T1,high,
132207,2600 N Western Ave,2600 N WESTERN AVE,LOGAN SQUARE,Movie Theater,2010,1,41.9286698,-87.6879222,row_2022,850004,1,2006,72579.8,T1,high,
132278,605 N Michigan Ave,605 N MICHIGAN AVE,NEAR NORTH SIDE,Office,1922,1,41.8927156,-87.6240443,row_2022,865992,1,1925,11837.1,T1,high,
132388,3913 3959 W MADISON ST,3913-3959 W MADISON ST,WEST GARFIELD PARK,,,,41.8806423,-87.7236614,row_2022,358244,1,1951,59717.4,T1,high,
132408,5838 N SHERIDAN RD,5838 N SHERIDAN RD,EDGEWATER,,,,41.9884681,-87.655485,row_2022,45516,1,1974,7160.9,T1,high,
132435,1335 1345 W LAKE ST,1335-1345 W LAKE ST,NEAR WEST SIDE,,,,41.8853427,-87.6602787,row_2022,876474,1,1930,40979.5,T1,high,
132489,4537  S DREXEL BLVD,4537 S DREXEL BLVD,KENWOOD,Multifamily Housing,1920,1,41.8120998,-87.603803,row_2022,437879,1,1920,10229.6,T1,high,
132533,1737-1747 N Elston Ave,1737-1747 N ELSTON AVE,WEST TOWN,Mixed Use Property,1923,1,41.9140704,-87.6644784,row_2022,293205,1,,84344.9,coord_pip,medium,
132551,5001 - 5013 S Michigan Ave,5001-5013 S MICHIGAN AVE,GRAND BOULEVARD,Other - Services,1975,1,41.803731,-87.6225451,row_2022,455422,1,,11526.9,T1,high,
132594,2319 2333 W PERSHING RD,2319-2333 W PERSHING RD,NEW CITY,Multifamily Housing,1940,1,41.8229007,-87.6832552,row_2022,426013,1,,2706.6,coord_nearest,low,"year guard: address candidate 426387 built 1946, property built 1940; year guard: coord_nearest candidate 426359 built 1951, property built 1940; nearest footprint 63 m from the trusted coordinate"
132798,8501 W Higgins Rd,8501 W HIGGINS RD,OHARE,Office,1967,1,41.9866779,-87.8393586,row_2022,52109,1,1970,24844,T1,high,
132821,2550 2558 S WABASH AVE,2550-2558 S WABASH AVE,NEAR SOUTH SIDE,Multifamily Housing,2020,1,41.8459164,-87.6254818,row_2022,,0,,,none,none,"built 2020, after the City's 2015 footprint layer: no footprint in it can be this building"
132823,8001 S Western Ave,8001 S WESTERN AVE,ASHBURN,Senior Living Community,1963,1,41.7482456,-87.6826573,row_2022,625659,1,1949,12360,T1,high,
132870,112 W 87th St,112 W 87TH ST,CHATHAM,,,,41.73638,-87.6275092,row_2022,661999,1,,157807,T1,high,
132904,4801 W Peterson Ave,4801 W PETERSON AVE,FOREST GLEN,,,,41.9897885,-87.7483738,row_2022,44228,1,1974,21152.5,T1,high,
133059,6104 6110 S WOODLAWN AVE,6104-6110 S WOODLAWN AVE,WOODLAWN,,,,41.7839605,-87.5964297,row_2022,516750,1,1926,7021.2,T1,high,
133159,467 W Deming Pl,467 W DEMING PL,LINCOLN PARK,Mixed Use Property,1972,1,41.9288793,-87.6413675,row_2022,850313,1,,8855.1,coord_nearest,medium,"year guard: coord_nearest candidate 894414 built 2015, property built 1972; year guard: coord_nearest candidate 894415 built 2015, property built 1972; year guard: coord_nearest candidate 894494 built 2015, property built 1972; year guard: coord_nearest candidate 894515 built 2014, property built 1972; year guard: coord_nearest candidate 894516 built 2014, property built 1972; year guard: coord_nearest candidate 894517 built 2015, property built 1972; nearest footprint 10 m from the trusted coordinate"
133242,1444  N ORLEANS ST,1444 N ORLEANS ST,NEAR NORTH SIDE,Multifamily Housing,2002,1,41.9088574,-87.6377045,row_2022,815273,1,2001,17353.6,T1,high,
133858,344 N Canal St,344 N CANAL ST,NEAR WEST SIDE,,,,41.888112,-87.6401071,row_2022,351483,1,,18897.5,T1,high,
133879,600 - 820 N Wabash St,600-820 N WABASH ST,NEAR NORTH SIDE,Retail Store,1912,1,41.8925311,-87.626896,row_2022,815083,1,,38326.9,T1,high,"year guard: address candidate 343348 built 1929, property built 1912; year guard: address candidate 814923 built 1927, property built 1912; year guard: address candidate 814931 built 1957, property built 1912; year guard: address candidate 814945 built 1921, property built 1912; year guard: address candidate 834527 built 2005, property built 1912"
133957,625 631 W JACKSON BLVD,625-631 W JACKSON BLVD,NEAR WEST SIDE,Multifamily Housing,1918,1,41.8778826,-87.643663,row_2022,360790,1,,35698.6,coord_nearest,low,"year guard: address candidate 360767 built 2000, property built 1918; year guard: coord_nearest candidate 360095 built 1949, property built 1918; year guard: coord_nearest candidate 361378 built 1922, property built 1918; nearest footprint 40 m from the trusted coordinate"
134126,1111 N Clark St,1111 N CLARK ST,NEAR NORTH SIDE,Vehicle Dealership,1910,1,41.9022164,-87.6312523,row_2022,322561,1,1891,57704.8,T1,high,
134136,141 173 W OAK ST,141-173 W OAK ST,NEAR NORTH SIDE,Multifamily Housing,1979,1,41.9004291,-87.6329166,row_2022,328058,1,1977,12258.1,T1,high,
134280,2512  N BOSWORTH AVE,2512 N BOSWORTH AVE,LINCOLN PARK,Multifamily Housing,1920,1,41.9273453,-87.6671639,row_2022,875438,1,,835.6,coord_nearest,medium,"year guard: address candidate 254765 built 1995, property built 1920; year guard: coord_nearest candidate 254976 built 1995, property built 1920; year guard: coord_nearest candidate 255221 built 1995, property built 1920; year guard: coord_nearest candidate 255478 built 1995, property built 1920; year guard: coord_nearest candidate 256059 built 1995, property built 1920; year guard: coord_nearest candidate 256373 built 1995, property built 1920; year guard: coord_nearest candidate 256478 built 1995, property built 1920; year guard: coord_nearest candidate 256691 built 1995, property built 1920; year guard: coord_nearest candidate 257615 built 1995, property built 1920; year guard: coord_nearest candidate 257617 built 1995, property built 1920; year guard: coord_nearest candidate 257628 built 1995, property built 1920; year guard: coord_nearest candidate 257637 built 1995, property built 1920; year guard: coord_nearest candidate 257659 built 1995, property built 1920; year guard: coord_nearest candidate 257661 built 1995, property built 1920; year guard: coord_nearest candidate 257679 built 1995, property built 1920; year guard: coord_nearest candidate 257683 built 1995, property built 1920; year guard: coord_nearest candidate 257688 built 1995, property built 1920; year guard: coord_nearest candidate 257703 built 1995, property built 1920; year guard: coord_nearest candidate 257721 built 1995, property built 1920; year guard: coord_nearest candidate 257723 built 1995, property built 1920; year guard: coord_nearest candidate 257732 built 1995, property built 1920; year guard: coord_nearest candidate 820109 built 1995, property built 1920; nearest footprint 0 m from the trusted coordinate"
134363,4001 W Devon Ave,4001 W DEVON AVE,FOREST GLEN,,,,41.9971291,-87.7289699,row_2022,26973,1,,11672.8,T1,high,
134421,4612 - 4730 W Irving Park Rd,4612-4730 W IRVING PARK RD,PORTAGE PARK,Other - Mall,1997,1,41.9535835,-87.7431252,row_2022,152842,1,1900,38957.3,T1_multi,medium,5 in-range footprints more than 60 m apart; nearest the trusted coordinate kept
134516,321 339 S DESPLAINES ST,321-339 S DESPLAINES ST,NEAR WEST SIDE,Multifamily Housing,1924,1,41.8773207,-87.6438335,row_2022,361706,1,1889,22178,T1,high,
134533,645 N Michigan Ave,645 N MICHIGAN AVE,NEAR NORTH SIDE,Office,1962,1,41.8939186,-87.6240858,row_2022,342918,1,1961,17493.4,coord_nearest,medium,"year guard: coord_nearest candidate 341431 built 1979, property built 1962; year guard: coord_nearest candidate 342981 built 1985, property built 1962; year guard: coord_nearest candidate 343478 built 1988, property built 1962; year guard: coord_nearest candidate 813798 built 1992, property built 1962; year guard: coord_nearest candidate 813854 built 1987, property built 1962; year guard: coord_nearest candidate 892077 built 2012, property built 1962; nearest footprint 10 m from the trusted coordinate"
134727,2451 W Touhy Ave,2451 W TOUHY AVE,WEST RIDGE,Senior Living Community,1978,1,42.0121284,-87.6922023,row_2022,7675,1,1974,17084.9,T1,high,
134735,5735 S Ellis Ave,5735 S ELLIS AVE,HYDE PARK,Laboratory,2009,1,41.790379,-87.601135,row_2022,870951,1,,15586.4,T1,high,
134741,4730 W Irving Park Rd,4730 W IRVING PARK RD,PORTAGE PARK,Retail Store,1938,1,41.9539979,-87.7465775,row_2017,891401,1,1926,7915.8,coord_nearest,low,"year guard: address candidate 891402 built 1957, property built 1938; nearest footprint 45 m from the trusted coordinate"
134775,116 S Michigan Ave,116 S MICHIGAN AVE,LOOP,,,,41.8803958,-87.6245017,row_2022,815571,1,1908,7158.6,T1,high,
134776,76 E Monroe St,76 E MONROE ST,LOOP,Hotel,1907,1,41.880924,-87.6249342,row_2022,814619,1,1908,11023.8,coord_pip,medium,
134779,243 S Wabash Ave,243 S WABASH AVE,LOOP,College/University,1916,1,41.8784964,-87.6259421,row_2022,814766,1,1916,16154.2,T1,high,
134783,37 S Wabash Ave,37 S WABASH AVE,LOOP,,,,41.8811472,-87.6260347,row_2022,814621,1,1902,12728.5,T1,high,
134790,815 823 S WABASH AVE,815-823 S WABASH AVE,LOOP,Office,1912,1,41.8716131,-87.6257851,row_2022,367341,1,1912,13869.2,T1,high,
134792,1006 1012 S MICHIGAN AVE,1006-1012 S MICHIGAN AVE,LOOP,Office,1904,1,41.8697676,-87.6242664,row_2022,369520,1,1904,9600.7,T1,high,
134800,47 W Polk St,47 W POLK ST,LOOP,Other,1885,1,41.872167,-87.6295768,row_2022,,0,,,none,none,"year guard: coord_nearest candidate 365818 built 1983, property built 1885; year guard: coord_nearest candidate 366011 built 1934, property built 1885; year guard: coord_nearest candidate 366934 built 1986, property built 1885; year guard: coord_nearest candidate 367029 built 1949, property built 1885; year guard: coord_nearest candidate 814933 built 1893, property built 1885; year guard: coord_nearest candidate 814942 built 1910, property built 1885; year guard: coord_nearest candidate 814948 built 1949, property built 1885; year guard: coord_nearest candidate 814951 built 1898, property built 1885; year guard: coord_nearest candidate 814954 built 1952, property built 1885; no footprint within 75 m of the trusted coordinate"
134835,900 902 S WABASH AVE,900-902 S WABASH AVE,LOOP,,,,41.87052,-87.6260535,row_2022,368701,1,,6777.9,T1,high,
134895,1357 1367 N DEARBORN ST,1357-1367 N DEARBORN ST,NEAR NORTH SIDE,Fitness Center/Health Club/Gym,1922,1,41.9074198,-87.6299455,row_2022,312121,1,,15485.1,T1,high,
134911,643 N Orleans St,643 N ORLEANS ST,NEAR NORTH SIDE,Office,1986,1,41.8936962,-87.63695,row_2022,343955,1,1985,7389.9,T1,high,
134914,401 W ONTARIO ST,401 W ONTARIO ST,NEAR NORTH SIDE,,,,41.893016,-87.6387717,row_2022,813872,1,,40876.5,T2,low,direction E vs W; 1756 m from the trusted coordinate
134953,747 N LASALLE DR,747 N LA SALLE DR,NEAR NORTH SIDE,Office,1921,1,41.8961301,-87.6324554,row_2020,870876,1,1921,3586.8,coord_nearest,medium,"year guard: coord_pip candidate 870874 built 1937, property built 1921; year guard: coord_nearest candidate 338134 built 1994, property built 1921; year guard: coord_nearest candidate 813632 built 1985, property built 1921; year guard: coord_nearest candidate 832858 built 2005, property built 1921; year guard: coord_nearest candidate 832859 built 2005, property built 1921; year guard: coord_nearest candidate 834559 built 2005, property built 1921; year guard: coord_nearest candidate 834563 built 2005, property built 1921; year guard: coord_nearest candidate 888380 built 2008, property built 1921; year guard: coord_nearest candidate 892514 built 2010, property built 1921; nearest footprint 7 m from the trusted coordinate"
134965,176 W WASHINGTON ST,176 W WASHINGTON ST,LOOP,,,,41.8833176,-87.6331877,row_2022,814498,1,1916,3987.5,T1,high,
134982,616  W FULTON ST,616 W FULTON ST,NEAR WEST SIDE,Multifamily Housing,1997,1,41.8869178,-87.6435861,row_2022,352217,1,,28566.5,coord_nearest,medium,nearest footprint 0 m from the trusted coordinate
135007,150 N Clinton St,150 N CLINTON ST,NEAR WEST SIDE,,,,41.8846241,-87.6414246,row_2022,353883,1,,23102.6,T1,high,
135032,350  N LaSalle St,350 N LA SALLE ST,NEAR NORTH SIDE,,,,41.8888779,-87.6326624,row_2022,814185,1,1989,8785.8,coord_nearest,medium,1 in-range footprint(s) on the same-named street of another type ignored; nearest footprint 8 m from the trusted coordinate
135050,626 640 N Michigan,626-640 N MICHIGAN,NEAR NORTH SIDE,,,,41.8933722,-87.6243614,row_2022,880974,1,1924,7976.2,T1,high,
135060,40-50 E. Huron,40-50 E HURON,NEAR NORTH SIDE,Office,1960,1,41.894924,-87.626552,row_2016,880192;880200,2,,14671.7,T1_multi,high,
135080,537  S DEARBORN ST,537 S DEARBORN ST,LOOP,Multifamily Housing,1892,1,41.8749665,-87.6290714,row_2022,814894,1,1892,5314.9,T1,high,
135082,320 S Plymouth Ct,320 S PLYMOUTH CT,LOOP,,,,41.8775885,-87.6288807,row_2022,814809,1,1926,13778.5,T1,high,
135103,6 W HUBBARD ST,6 W HUBBARD ST,NEAR NORTH SIDE,Office,1988,1,41.8901709,-87.6282439,row_2022,349442,1,1894,8095.1,T1,high,
135113,57 - 63 W Grand Ave,57-63 W GRAND AVE,NEAR NORTH SIDE,Office,1912,1,41.8915291,-87.6302534,row_2022,347683,1,,9500,coord_nearest,medium,"year guard: address candidate 347705 built 1931, property built 1912; year guard: coord_nearest candidate 346347 built 1978, property built 1912; year guard: coord_nearest candidate 824764 built 2004, property built 1912; nearest footprint 7 m from the trusted coordinate"
135134,500 - 510 N Dearborn St,500-510 N DEARBORN ST,NEAR NORTH SIDE,Office,1912,1,41.8908716,-87.629776,row_2022,814033,1,1912,12991.5,coord_nearest,medium,"year guard: address candidate 363543 built 1949, property built 1912; year guard: coord_nearest candidate 347705 built 1931, property built 1912; year guard: coord_nearest candidate 348962 built 1998, property built 1912; year guard: coord_nearest candidate 349012 built 1926, property built 1912; year guard: coord_nearest candidate 814091 built 1925, property built 1912; year guard: coord_nearest candidate 814092 built 1948, property built 1912; nearest footprint 7 m from the trusted coordinate"
135166,1 W Monroe St,1 W MONROE ST,LOOP,,,,41.8807348,-87.6278677,row_2019,814637,1,,9161.5,coord_nearest,medium,nearest footprint 11 m from the trusted coordinate
135179,300 310 W GRAND AVE,300-310 W GRAND AVE,NEAR NORTH SIDE,Multifamily Housing,1998,1,41.8916756,-87.6356514,row_2022,347032,1,,14713.2,coord_nearest,medium,"year guard: coord_nearest candidate 837920 built 2005, property built 1998; year guard: coord_nearest candidate 892956 built 2012, property built 1998; nearest footprint 5 m from the trusted coordinate"
135181,350 W Hubbard St,350 W HUBBARD ST,NEAR NORTH SIDE,Office,1989,1,41.8900472,-87.6374674,row_2022,349571,1,1939,26721.6,coord_pip,medium,
135316,11401 S OAKLEY AVE,11401 S OAKLEY AVE,MORGAN PARK,Senior Living Community,1984,1,41.6860334,-87.6786455,row_2022,780356,1,,22806,T1,high,
135620,8704 S CONSTANCE AVE,8704 S CONSTANCE AVE,CALUMET HEIGHTS,,,,41.7367987,-87.5795045,row_2022,664526,1,1956,16596.9,T1,high,
135660,558 W WEBSTER AVE,558 W WEBSTER AVE,LINCOLN PARK,,,,41.9219995,-87.6436691,row_2022,269039,1,1975,72009.1,coord_nearest,medium,nearest footprint 0 m from the trusted coordinate
135716,225 W Hubbard St,225 W HUBBARD ST,NEAR NORTH SIDE,,,,41.8898585,-87.6351179,row_2022,814142,1,,3816.4,coord_pip,medium,
135740,211 221 W LAKE ST,211-221 W LAKE ST,LOOP,Multifamily Housing,2017,4,41.8856203,-87.6343512,row_2022,,0,,,none,none,"built 2017, after the City's 2015 footprint layer: no footprint in it can be this building"
135812,6420 W FULLERTON AVE,6420 W FULLERTON AVE,BELMONT CRAGIN,,,,41.9237818,-87.7862537,row_2022,263847,1,1988,141511.3,T1,high,
136212,1155 E 60th St,1155 E 60TH ST,WOODLAWN,College/University,1954,1,41.7858573,-87.5973785,row_2022,510728,1,,6021.8,coord_nearest,medium,"year guard: address candidate 510241 built 1958, property built 1954; nearest footprint 25 m from the trusted coordinate"
136487,800 E 55th St,800 E 55TH ST,HYDE PARK,Medical Office,1964,1,41.7950752,-87.6060966,row_2022,476434,1,,43134.5,T1,high,
136695,3636 3646 S IRON ST,3636-3646 S IRON ST,MCKINLEY PARK,,,,41.8277327,-87.6594676,row_2022,420871;421318,2,1918,43401,T1_multi,high,
136784,5107 W. Jackson Blvd.,5107 W JACKSON BLVD,AUSTIN,Other - Lodging/Residential,1959,5,41.8764309,-87.7540808,row_2017,363081,1,,24207.5,T1,high,
136830,3400 3428 S INDIANA AVE,3400-3428 S INDIANA AVE,DOUGLAS,Senior Living Community,1977,1,41.832676,-87.6219441,row_2022,415597,1,1976,18975,T1,high,
136845,815 W 63rd St,815 W 63RD ST,ENGLEWOOD,Office,1920,1,41.7796311,-87.6454698,row_2022,865602,1,,10760.3,T1,high,
136887,5050 S Kedzie Ave,5050 S KEDZIE AVE,GAGE PARK,,,,41.8011241,-87.7039204,row_2022,458603,1,1942,178094.1,T1,high,
137063,300  S DAMEN AVE,300 S DAMEN AVE,NEAR WEST SIDE,Multifamily Housing,1978,1,41.8774128,-87.6766909,row_2022,362168,1,1978,9023.2,T1,high,
137104,1503 1509 S STATE ST,1503-1509 S STATE ST,NEAR SOUTH SIDE,,,,41.8618368,-87.62714,row_2022,374832,1,1894,14470.5,T1,high,
137144,1634 W Polk St,1634 W POLK ST,NEAR WEST SIDE,,,,41.8717147,-87.6679624,row_2022,367103,1,1964,24483,T1,high,
137157,2121 W 21st Street,2121 W 21ST ST,LOWER WEST SIDE,Wholesale Club/Supercenter,1900,1,41.8537071,-87.679322,row_2017,384317,1,,24507.1,T1,high,1 in-range footprint(s) on the same-named street of another type ignored
137211,1601  S MICHIGAN AVE,1601 S MICHIGAN AVE,NEAR SOUTH SIDE,,,,41.8601721,-87.6238396,row_2022,821223,1,1906,9169.5,T1,high,
137212,1439  S MICHIGAN AVE,1439 S MICHIGAN AVE,NEAR SOUTH SIDE,Multifamily Housing,1920,1,41.8630003,-87.6239064,row_2022,871020,1,1915,16400.5,T1,high,
137292,321  N CENTRAL AVE,321 N CENTRAL AVE,AUSTIN,Residential Care Facility,1935,1,41.8863843,-87.7649341,row_2022,870012,1,1929,24666.5,T1,high,
137334,222 S RACINE AVE,222 S RACINE AVE,NEAR WEST SIDE,Multifamily Housing,2000,1,41.8783387,-87.657181,row_2022,880499;880500;880501;880502;880503;880504;880505;880506;880507;880508,10,,7647.3,T1_multi,high,"year guard: address candidate 859838 built 2006, property built 2000"
137352,901 W Jackson Blvd,901 W JACKSON BLVD,NEAR WEST SIDE,Office,1907,1,41.8777993,-87.6496339,row_2022,360970,1,,11799.2,T1,high,
137570,2145 W Grand Ave,2145 W GRAND AVE,WEST TOWN,,,,41.8906446,-87.6811452,row_2022,349544,1,1931,31776.9,T1,high,
137642,800 N Kedzie Ave,800 N KEDZIE AVE,HUMBOLDT PARK,Strip Mall,1989,1,41.8956153,-87.7067053,row_2022,337404,1,,105589.4,T1,high,
137657,1327  W WASHINGTON BLVD,1327 W WASHINGTON BLVD,NEAR WEST SIDE,Multifamily Housing,2006,1,41.882813,-87.6606823,row_2022,876505,1,1909,19152.7,T1,high,
137704,346 N Justine St,346 N JUSTINE ST,NEAR WEST SIDE,Office,1915,1,41.8878927,-87.6656611,row_2022,879607,1,1904,18207.1,T1,high,
137812,1241 West Division Street,1241 W DIVISION ST,WEST TOWN,"Repair Services (Vehicle, Shoe, Locksmith, etc.)",1964,4,41.902394,-87.6583112,row_2015,325026,1,,151.5,coord_nearest,low,"year guard: address candidate 323150 built 1974, property built 1964; nearest footprint 61 m from the trusted coordinate"
138293,4617 4625 N SHERIDAN RD,4617-4625 N SHERIDAN RD,UPTOWN,,,,41.9659022,-87.6546434,row_2022,111032,1,1916,12924.7,T1,high,
138379,6200 N HIAWATHA AVE,6200 N HIAWATHA AVE,FOREST GLEN,,,,41.9935609,-87.7496717,row_2022,35470,1,1971,9350.4,T1,high,
138514,2323 N Sheffield Ave,2323 N SHEFFIELD AVE,LINCOLN PARK,College/University,2000,1,41.9242707,-87.6534225,row_2022,262566,1,,44169.6,T1,high,"year guard: address candidate 881152 built 2007, property built 2000"
138605,3300 W Belmont Ave,3300 W BELMONT AVE,AVONDALE,,,,41.9394147,-87.7101148,row_2022,887046,1,2007,5593.3,coord_nearest,medium,nearest footprint 17 m from the trusted coordinate
138730,5401 S WENTWORTH AVE,5401 S WENTWORTH AVE,FULLER PARK,,,,41.7962349,-87.6304049,row_2022,476385,1,,4114.3,T1,high,
138872,2367 W Logan Blvd,2367 W LOGAN BLVD,LOGAN SQUARE,Other - Recreation,1997,1,41.9289997,-87.6870243,row_2022,251711,1,1963,50175.9,coord_nearest,medium,nearest footprint 16 m from the trusted coordinate
138874,2020 W Fullerton Ave,2020 W FULLERTON AVE,LOGAN SQUARE,Fitness Center/Health Club/Gym,2017,1,41.925125,-87.6787513,row_2022,,0,,,none,none,"built 2017, after the City's 2015 footprint layer: no footprint in it can be this building"
139602,4541  N SHERIDAN RD,4541 N SHERIDAN RD,UPTOWN,,,,41.9648832,-87.6546344,row_2022,115105,1,1931,6183.6,T1,high,
140247,3443  W ADDISON ST,3443 W ADDISON ST,AVONDALE,,,,41.9464296,-87.7144372,row_2022,182466,1,1984,114258.2,T1,high,
140359,312 328 N MAY ST,312-328 N MAY ST,NEAR WEST SIDE,,,,41.8871324,-87.6558323,row_2022,352089,1,1990,22687.1,T1,high,
140570,720 726 W RANDOLPH ST,720-726 W RANDOLPH ST,NEAR WEST SIDE,Multifamily Housing,2003,1,41.8845229,-87.6465206,row_2022,880857,1,2003,13005.5,T1,high,
140771,551 557 W NORTH AVE,551-557 W NORTH AVE,NEAR NORTH SIDE,Multifamily Housing,2000,1,41.9109342,-87.6430329,row_2022,302002,1,,3674.5,coord_nearest,low,"year guard: address candidate 827060 built 2004, property built 2000; nearest footprint 31 m from the trusted coordinate"
140794,1546  N ORLEANS ST,1546 N ORLEANS ST,NEAR NORTH SIDE,Multifamily Housing,2002,1,41.9107255,-87.6377596,row_2022,838242,1,2000,22405.7,coord_pip,medium,
140901,2800 N Orchard St,2800 N ORCHARD ST,LAKE VIEW,Multifamily Housing,1978,1,41.9328656,-87.6468189,row_2022,236758,1,1891,3461.4,coord_nearest,medium,"year guard: address candidate 235835 built 1985, property built 1978; year guard: coord_nearest candidate 882364 built 1990, property built 1978; year guard: coord_nearest candidate 891113 built 2009, property built 1978; nearest footprint 20 m from the trusted coordinate"
140928,6049 6059 W IRVING PARK RD,6049-6059 W IRVING PARK RD,DUNNING,,,,41.9529095,-87.7787645,row_2022,157247,1,,5373.6,coord_pip,medium,
140991,1529  S STATE ST,1529 S STATE ST,NEAR SOUTH SIDE,Multifamily Housing,2001,1,41.8610781,-87.627124,row_2022,375204,1,2001,42786,coord_nearest,medium,"year guard: address candidate 859046 built 2006, property built 2001; year guard: coord_nearest candidate 831443 built 2005, property built 2001; nearest footprint 28 m from the trusted coordinate"
141031,4101 4123 N SHERIDAN RD,4101-4123 N SHERIDAN RD,UPTOWN,Multifamily Housing,1919,1,41.9565816,-87.6544563,row_2022,142217,1,,20165.2,T1,high,
141122,6801 6813 N SHERIDAN RD,6801-6813 N SHERIDAN RD,ROGERS PARK,,,,42.0056179,-87.6607859,row_2022,14285,1,1926,18833.4,T1,high,
141170,900 920 W MADISON,900-920 W MADISON,NEAR WEST SIDE,Multifamily Housing,2002,1,41.8818464,-87.64976,row_2022,821330,1,1902,26847.5,T1,high,
141321,950  W HURON ST,950 W HURON ST,WEST TOWN,Multifamily Housing,2001,1,41.8951257,-87.6521532,row_2022,820908,1,1902,17588.6,T1,high,
141524,949  W MADISON,949 W MADISON,NEAR WEST SIDE,Multifamily Housing,2001,1,41.881598,-87.6516211,row_2022,357267,1,,11326.5,T1,high,
142211,630 644 W ADDISON ST,630-644 W ADDISON ST,LAKE VIEW,Multifamily Housing,1925,1,41.9476578,-87.6467074,row_2022,173684,1,1926,15540.9,T1,high,
142232,2424  N CLARK ST,2424 N CLARK ST,LINCOLN PARK,Multifamily Housing,1962,1,41.9262015,-87.6410208,row_2022,257251,1,,59473.8,coord_nearest,medium,"year guard: address candidate 258477 built 1973, property built 1962; year guard: coord_nearest candidate 259426 built 1972, property built 1962; year guard: coord_nearest candidate 850326 built 2006, property built 1962; nearest footprint 22 m from the trusted coordinate"
142710,6200 6248 N CLARK ST,6200-6248 N CLARK ST,EDGEWATER,Multifamily Housing,1925,3,41.9944866,-87.6702981,row_2022,29761,1,,16872.6,T1,high,
142759,124  W POLK ST,124 W POLK ST,LOOP,Multifamily Housing,1993,1,41.8722942,-87.6314422,row_2022,366527,1,1989,9486.2,T1,high,
142943,420  W GRAND AVE,420 W GRAND AVE,NEAR NORTH SIDE,Multifamily Housing,1993,1,41.8916238,-87.6393942,row_2022,347194,1,1891,22675.2,T1,high,
144123,5726 5744 S DR MARTIN LUTHER KING JR DR,5726-5744 S DR MARTIN LUTHER KING JR DR,WASHINGTON PARK,,,,41.7903458,-87.6160187,row_2022,495973,1,1913,17596.5,T1,high,
144572,5301 5331 S KIMBARK AVE,5301-5331 S KIMBARK AVE,HYDE PARK,Multifamily Housing,1960,1,41.7994018,-87.5948773,row_2022,464558,1,,16633.5,coord_nearest,medium,"year guard: address candidate 466378 built 1989, property built 1960; nearest footprint 4 m from the trusted coordinate"
145637,4815 4835 W BELLE PLAINE AVE,4815-4835 W BELLE PLAINE AVE,PORTAGE PARK,,,,41.9551277,-87.7480227,row_2022,150721,1,1929,21270.5,T1,high,
145926,7301 N SHERIDAN RD,7301 N SHERIDAN RD,ROGERS PARK,Multifamily Housing,1922,1,42.0140411,-87.6639709,row_2022,4744,1,1920,9769.7,T1,high,
146019,4730  N KIMBALL AVE,4730 N KIMBALL AVE,ALBANY PARK,,,,41.9675172,-87.7134854,row_2022,886689,1,2008,16491.4,T1,high,
146136,533 549 W BARRY AVE,533-549 W BARRY AVE,LAKE VIEW,Multifamily Housing,1966,1,41.9375651,-87.6432114,row_2022,218326,1,1966,8548.9,T1,high,
146828,1373 1383 W GREENLEAF AVE,1373-1383 W GREENLEAF AVE,ROGERS PARK,Multifamily Housing,1925,1,42.0102438,-87.6652193,row_2022,9301,1,1922,12831.2,coord_nearest,medium,"year guard: coord_nearest candidate 8342 built 1932, property built 1925; year guard: coord_nearest candidate 9315 built 1931, property built 1925; year guard: coord_nearest candidate 9914 built 1971, property built 1925; nearest footprint 12 m from the trusted coordinate"
146897,1624  W DIVISION ST,1624 W DIVISION ST,WEST TOWN,,,,41.9034408,-87.6685055,row_2022,321693,1,,3075.9,coord_nearest,medium,nearest footprint 18 m from the trusted coordinate
146958,2601 2607 N MILWAUKEE AVE,2601-2607 N MILWAUKEE AVE,LOGAN SQUARE,Multifamily Housing,1920,1,41.9288491,-87.7068172,row_2022,865937,1,,4780.4,T1,high,
146962,1440  S WABASH AVE,1440 S WABASH AVE,NEAR SOUTH SIDE,Multifamily Housing,2009,1,41.8629317,-87.6258757,row_2022,888826,1,2009,15514.3,T1,high,
146965,1610 1620 W FULLERTON AVE,1610-1620 W FULLERTON AVE,LINCOLN PARK,,,,41.9252553,-87.6686086,row_2022,850437,1,2006,14598,T1,high,
147516,901  W MADISON,901 W MADISON,NEAR WEST SIDE,Multifamily Housing,2007,1,41.8816269,-87.6497519,row_2022,847032,1,2006,33355.8,T1,high,
147565,2025  S INDIANA AVE,2025 S INDIANA AVE,NEAR SOUTH SIDE,,,,41.8547697,-87.6221171,row_2022,821246,1,1922,30341.4,coord_nearest,low,nearest footprint 53 m from the trusted coordinate
147625,828  W GRACE ST,828 W GRACE ST,LAKE VIEW,Multifamily Housing,2007,1,41.9512933,-87.6507852,row_2022,834873,1,2005,28953.5,T1,high,
147673,2301 2305 S MICHIGAN AVE,2301-2305 S MICHIGAN AVE,NEAR SOUTH SIDE,,,,41.8510235,-87.6236114,row_2022,823777,1,1911,23308,T1,high,
147685,30  W ERIE ST,30 W ERIE ST,NEAR NORTH SIDE,Multifamily Housing,2006,1,41.8941654,-87.629389,row_2022,836110,1,,9229.6,T1,high,
147738,437  W DIVISION ST,437 W DIVISION ST,NEAR NORTH SIDE,Multifamily Housing,2008,1,41.9036615,-87.6396656,row_2022,891284,1,2009,20260.5,T1,high,
147816,6101 6111 N CLARK ST,6101-6111 N CLARK ST,EDGEWATER,Multifamily Housing,1928,1,41.992623,-87.6699382,row_2022,36147,1,,13305,T1,high,
147834,2620  W WASHINGTON BLVD,2620 W WASHINGTON BLVD,NEAR WEST SIDE,Multifamily Housing,1926,1,41.8830567,-87.6919074,row_2022,355374,1,1916,19372.5,T1,high,
147855,170  W POLK ST,170 W POLK ST,LOOP,Multifamily Housing,2007,1,41.8722726,-87.6329548,row_2022,886018,1,2007,10853.6,T1,high,
147871,4418 4424 N CLARK ST,4418-4424 N CLARK ST,UPTOWN,Multifamily Housing,2005,1,41.9622162,-87.6662297,row_2022,124537,1,1921,4294.5,coord_pip,medium,
147895,2472  W FOSTER,2472 W FOSTER,LINCOLN SQUARE,,,,41.9759781,-87.6920593,row_2022,871961,1,1991,5523.1,T1,high,
148480,865  N LARRABEE ST,865 N LARRABEE ST,NEAR NORTH SIDE,Multifamily Housing,2006,1,41.8983473,-87.6428599,row_2022,852422,1,2006,22469.2,coord_nearest,medium,nearest footprint 2 m from the trusted coordinate
148481,7001 7013 N SHERIDAN RD,7001-7013 N SHERIDAN RD,ROGERS PARK,Multifamily Housing,1920,1,42.0092697,-87.6619653,row_2022,9859,1,,15514,T1,high,
148504,6000 6038 N CICERO AVE,6000-6038 N CICERO AVE,FOREST GLEN,Multifamily Housing,2003,1,41.9899739,-87.748473,row_2022,834603,1,2005,52020.1,T1,high,
148673,1154  N CAMPBELL,1154 N CAMPBELL,WEST TOWN,Multifamily Housing,2005,1,41.9028781,-87.6896325,row_2022,851823,1,2006,15044.8,T1,high,
148904,3727 3741 N MILWAUKEE AVE,3727-3741 N MILWAUKEE AVE,Irving Park,,,,41.948621,-87.739248,row_2022,831456,1,1930,19195,T1,high,
149001,201  W 69TH ST,201 W 69TH ST,GREATER GRAND CROSSING,Senior Living Community,1976,1,41.768971,-87.6299178,row_2022,566380,1,,7088.5,coord_nearest,medium,"year guard: address candidate 566670 built 1980, property built 1976; nearest footprint 15 m from the trusted coordinate"
149143,950  W MONROE ST,950 W MONROE ST,NEAR WEST SIDE,Multifamily Housing,2005,1,41.8805249,-87.6516927,row_2022,827069,1,2004,21150.7,coord_pip,medium,
149732,1601  S STATE ST,1601 S STATE ST,NEAR SOUTH SIDE,Multifamily Housing,2004,1,41.8601212,-87.6271147,row_2022,375680,1,1898,12915.3,T1,high,
150175,1355 W. Washington Blvd.,1355 W WASHINGTON BLVD,NEAR WEST SIDE,Multifamily Housing,2013,1,41.8739938,-87.651678,row_2017,876506,1,1902,20635.9,T1,high,
150282,744  N CLARK ST,744 N CLARK ST,NEAR NORTH SIDE,Multifamily Housing,2003,1,41.8961978,-87.6313845,row_2022,834563,1,2005,6227.8,T1,high,
150324,201 W Grand Ave,201 W GRAND AVE,NEAR NORTH SIDE,Multifamily Housing,2003,1,41.8914766,-87.6341419,row_2022,347361,1,,2555.5,T2,low,direction E vs W; 962 m from the trusted coordinate
150992,4101 4113 N KEDZIE AVE,4101-4113 N KEDZIE AVE,IRVING PARK,Multifamily Housing,1929,1,41.9557858,-87.7079227,row_2022,146753,1,,12822,T1,high,
151257,2758 2768 N MILWAUKEE AVE,2758-2768 N MILWAUKEE AVE,LOGAN SQUARE,Multifamily Housing,1925,1,41.9312178,-87.7111647,row_2022,864308,1,,15676.1,coord_nearest,low,"year guard: address candidate 851230 built 1929, property built 1925; year guard: coord_nearest candidate 244181 built 1974, property built 1925; year guard: coord_nearest candidate 246088 built 1931, property built 1925; year guard: coord_nearest candidate 851231 built 1972, property built 1925; year guard: coord_nearest candidate 851233 built 1931, property built 1925; year guard: coord_nearest candidate 874120 built 1930, property built 1925; year guard: coord_nearest candidate 874121 built 1929, property built 1925; nearest footprint 46 m from the trusted coordinate"
151285,4651  N GREENVIEW AVE,4651 N GREENVIEW AVE,UPTOWN,Multifamily Housing,2008,1,41.966849,-87.6676951,row_2022,888712,1,2009,19063,T1,high,
151835,500 514 S LARAMIE AVE,500-514 S LARAMIE AVE,AUSTIN,Multifamily Housing,1929,1,41.8738935,-87.7549738,row_2022,365816;865974,2,,18253.8,T1_multi,high,
152061,2606  N ELSTON AVE,2606 N ELSTON AVE,LOGAN SQUARE,Distribution Center,2000,1,41.9289812,-87.6833814,row_2022,252423,1,1994,22722.1,coord_nearest,low,"year guard: address candidate 887134 built 2007, property built 2000; nearest footprint 39 m from the trusted coordinate"
152378,4901 4913 S DREXEL BLVD,4901-4913 S DREXEL BLVD,KENWOOD,Multifamily Housing,1960,1,41.8058346,-87.6036723,row_2022,450812,1,1916,22498,T1,high,
152408,735 745 W GARFIELD BLVD,735-745 W GARFIELD BLVD,ENGLEWOOD,,,,41.7938541,-87.6440826,row_2022,484731,1,,15519.7,T1,high,
155614,3447 3457 W FOSTER AVE,3447-3457 W FOSTER AVE,NORTH PARK,,,,41.9755603,-87.7154585,row_2022,79254,1,,12983.6,coord_pip,medium,
156021,717 N Michigan Ave,717 N MICHIGAN AVE,NEAR NORTH SIDE,Retail Store,1965,1,41.8955581,-87.6241201,row_2022,339927,1,1926,14871,coord_nearest,medium,"year guard: coord_nearest candidate 337775 built 2001, property built 1965; year guard: coord_nearest candidate 340007 built 1991, property built 1965; year guard: coord_nearest candidate 340546 built 1973, property built 1965; year guard: coord_nearest candidate 813688 built 1970, property built 1965; nearest footprint 26 m from the trusted coordinate"
156076,1340 S Damen Ave,1340 S DAMEN AVE,NEAR WEST SIDE,Office,1942,1,41.8637344,-87.6763127,row_2022,374057,1,,329525.1,coord_nearest,medium,nearest footprint 1 m from the trusted coordinate
156139,300 308 N MICHIGAN AVE,300-308 N MICHIGAN AVE,LOOP,,,,41.8868758,-87.6246852,row_2022,814250,1,,12100.2,T1,high,
156350,10 S Wabash Ave,10 S WABASH AVE,LOOP,Hotel,2007,1,41.8818188,-87.6263532,row_2022,815036,1,1896,14560.2,T1,high,
156373,225 W Ohio St,225 W OHIO ST,NEAR NORTH SIDE,Office,1907,1,41.8922647,-87.635178,row_2022,813972,1,1864,2328.2,coord_nearest,medium,"year guard: address candidate 346470 built 1931, property built 1907; year guard: coord_nearest candidate 815885 built 2004, property built 1907; year guard: coord_nearest candidate 892956 built 2012, property built 1907; nearest footprint 3 m from the trusted coordinate"
156406,17 23 N WABASH AVE,17-23 N WABASH AVE,LOOP,Office,1900,1,41.8824814,-87.6260768,row_2022,814543,1,1888,10944.9,T1,high,
156413,936 N Ashland Ave,936 N ASHLAND AVE,WEST TOWN,,,,41.8990051,-87.6675199,row_2022,330542,1,1934,59464.8,T1,high,
156414,1313 N Claremont Ave,1313 N CLAREMONT AVE,WEST TOWN,,,,41.9053155,-87.6857201,row_2022,315508,1,1939,69851.9,T1,high,
156500,1579 N. Milwaukee Avenue,1579 N MILWAUKEE AVE,WEST TOWN,,,,41.9102909,-87.6770956,row_2022,306082,1,,23475.4,T1,high,
156536,228 S Wabash Ave,228 S WABASH AVE,LOOP,,,,41.8788122,-87.6262472,row_2022,814750,1,1894,13549.5,coord_nearest,medium,nearest footprint 4 m from the trusted coordinate
156543,39 S STATE ST,39 S STATE ST,LOOP,Multifamily Housing,1903,1,41.881056,-87.6275864,row_2022,815101,1,1906,2702.1,T1,high,
156549,601 S LaSalle St,601 S LA SALLE ST,LOOP,Office,1917,1,41.8744498,-87.6315442,row_2022,364600,1,,15396.9,T1,high,
156557,542 S Dearborn St,542 S DEARBORN ST,LOOP,Office,1891,1,41.874862,-87.629363,row_2022,814896,1,1891,6439.7,T1,high,
156573,2 12 S HALSTED ST,2-12 S HALSTED ST,NEAR WEST SIDE,,,,41.8817101,-87.6475042,row_2022,357197,1,,16152.6,T1,high,
156576,815 W Van Buren St,815 W VAN BUREN ST,NEAR WEST SIDE,Office,1910,1,41.8765517,-87.6478697,row_2022,362471,1,,15813.3,T1,high,
156609,1360 N ASHLAND AVE,1360 N ASHLAND AVE,WEST TOWN,Wholesale Club/Supercenter,2016,1,41.9067951,-87.6677317,row_2022,,0,,,none,none,"built 2016, after the City's 2015 footprint layer: no footprint in it can be this building"
156693,1645 W Jackson Blvd,1645 W JACKSON BLVD,NEAR WEST SIDE,Medical Office,1991,1,41.8774855,-87.668521,row_2022,883948,1,,19180.8,T1,high,
156696,1307 1313 S WABASH AVE,1307-1313 S WABASH AVE,NEAR SOUTH SIDE,Multifamily Housing,1929,1,41.8655174,-87.6256481,row_2022,821269,1,,17411.6,T1,high,
156711,20 N Michigan Ave,20 N MICHIGAN AVE,LOOP,Office,1880,1,41.8825402,-87.6245309,row_2022,891332,1,,143.5,coord_nearest,medium,"year guard: address candidate 814542 built 1893, property built 1880; year guard: coord_nearest candidate 355497 built 1916, property built 1880; year guard: coord_nearest candidate 814543 built 1888, property built 1880; year guard: coord_nearest candidate 814547 built 1930, property built 1880; year guard: coord_nearest candidate 814561 built 1899, property built 1880; year guard: coord_nearest candidate 814564 built 1910, property built 1880; year guard: coord_nearest candidate 814568 built 1929, property built 1880; nearest footprint 15 m from the trusted coordinate"
156731,70 E Lake St,70 E LAKE ST,LOOP,Office,1927,1,41.8858423,-87.625455,row_2022,352769,1,1928,8810.9,T1,high,
156750,800 810 N CLARK ST,800-810 N CLARK ST,NEAR NORTH SIDE,Multifamily Housing,1901,1,41.8967011,-87.6313932,row_2022,874085;874086,2,,14421.6,T1_multi,high,
156772,401 S LASALLE ST,401 S LA SALLE ST,LOOP,,,,41.876814,-87.6316227,row_2022,868403,1,,20607,T1,high,
156782,515 N Dearborn St,515 N DEARBORN ST,NEAR NORTH SIDE,Office,1925,1,41.8913885,-87.629495,row_2022,347663,1,,8062.5,T1,high,
156829,3700 W 103rd St,3700 W 103RD ST,MOUNT GREENWOOD,College/University,1955,10,41.7061238,-87.7136936,row_2022,723360;723905;724273;730418;730638;730974;735356;815681;815682;815683;852326,11,,218302.5,T1_multi,high,"year guard: address candidate 840134 built 2006, property built 1955; year guard: address candidate 887570 built 2008, property built 1955"
156840,1 W Superior St,1 W SUPERIOR ST,NEAR NORTH SIDE,Multifamily Housing,1999,1,41.8955683,-87.6282519,row_2022,340206,1,1999,73129.7,T1,high,
156845,909 N Michigan Ave,909 N MICHIGAN AVE,NEAR NORTH SIDE,Hotel,1963,1,41.899539,-87.623989,row_2022,837491,1,1929,16090.1,coord_nearest,medium,"year guard: address candidate 329016 built 1972, property built 1963; year guard: coord_nearest candidate 331204 built 1969, property built 1963; year guard: coord_nearest candidate 813467 built 1984, property built 1963; year guard: coord_nearest candidate 837712 built 1988, property built 1963; nearest footprint 17 m from the trusted coordinate"
156854,875 N DEARBORN ST,875 N DEARBORN ST,NEAR NORTH SIDE,Multifamily Housing,1985,1,41.8987721,-87.6296858,row_2022,815621,1,1985,16857.6,T1,high,
156856,2800 - 2812 N Sheridan Rd,2800-2812 N SHERIDAN RD,LAKE VIEW,,,,41.9329872,-87.6394673,row_2022,861837,1,1959,21956.5,coord_nearest,medium,nearest footprint 5 m from the trusted coordinate
156868,11 21 W GOETHE ST,11-21 W GOETHE ST,NEAR NORTH SIDE,Multifamily Housing,1970,1,41.9057047,-87.6292547,row_2022,316750,1,1960,15405.9,T1,high,
156871,850 858 N LAKESHORE DR,850-858 N LAKE SHORE DR,NEAR NORTH SIDE,Multifamily Housing,1925,1,41.8981059,-87.6180972,row_2022,815076,1,1924,12762,T1,high,
156874,66 W Oak St,66 W OAK ST,NEAR NORTH SIDE,,,,41.9006703,-87.6308417,row_2022,813449,1,1940,12622.5,T2,low,direction E vs W; 388 m from the trusted coordinate
156876,60 W Walton St,60 W WALTON ST,NEAR NORTH SIDE,,,,41.8999083,-87.6305534,row_2022,825154,1,1893,21435.6,T1,high,
156879,170 W Oak St,170 W OAK ST,NEAR NORTH SIDE,Senior Living Community,1981,1,41.9006523,-87.6341924,row_2022,326058,1,1981,11025.7,T1,high,
156891,737 N Michigan Ave,737 N MICHIGAN AVE,NEAR NORTH SIDE,Mixed Use Property,1984,1,41.8960361,-87.624131,row_2022,837458,1,1902,31363.9,T1,high,
156900,6160 N CICERO AVE,6160 N CICERO AVE,FOREST GLEN,,,,41.9929494,-87.74848,row_2022,36510,1,1974,9353.6,T1,high,
156942,1005 E 60th St,1005 E 60TH ST,WOODLAWN,Residence Hall/Dormitory,1931,1,41.7858205,-87.600939,row_2022,510605,1,,27822.1,coord_nearest,medium,"year guard: address candidate 510262 built 1958, property built 1931; nearest footprint 17 m from the trusted coordinate"
156999,8101 S LaSalle St,8101 S LA SALLE ST,CHATHAM,K-12 School,1961,1,41.7471502,-87.6280023,row_2022,628918,1,1928,22906.5,T1,high,
157011,3120 S Kostner Ave,3120 S KOSTNER AVE,SOUTH LAWNDALE,K-12 School,2005,1,41.8360195,-87.7341947,row_2022,826623,1,2005,221395,T1,high,
157100,1611  W DIVISION ST,1611 W DIVISION ST,WEST TOWN,Multifamily Housing,2013,1,41.9032305,-87.6679782,row_2022,322692,1,1985,3414.1,coord_nearest,medium,nearest footprint 13 m from the trusted coordinate
157152,1200 W MONROE,1200 W MONROE,NEAR WEST SIDE,Multifamily Housing,2001,1,41.8804373,-87.6572247,row_2022,838265,1,2000,31249.1,coord_nearest,medium,"year guard: coord_nearest candidate 833446 built 2005, property built 2001; year guard: coord_nearest candidate 833447 built 2005, property built 2001; year guard: coord_nearest candidate 836305 built 2005, property built 2001; year guard: coord_nearest candidate 859847 built 2006, property built 2001; year guard: coord_nearest candidate 859848 built 2006, property built 2001; year guard: coord_nearest candidate 888335 built 2008, property built 2001; nearest footprint 1 m from the trusted coordinate"
157159,1100 S Canal St,1100 S CANAL ST,NEAR WEST SIDE,Strip Mall,2014,1,41.8688842,-87.6393925,row_2022,876924,1,1963,116579.9,coord_nearest,medium,nearest footprint 5 m from the trusted coordinate
157161,909 W WASHINGTON BLVD,909 W WASHINGTON BLVD,NEAR WEST SIDE,Multifamily Housing,2006,1,41.8829873,-87.6501402,row_2022,838356,1,2004,22128.2,coord_nearest,medium,nearest footprint 2 m from the trusted coordinate
157165,1611 S Racine Ave,1611 S RACINE AVE,LOWER WEST SIDE,Multifamily Housing,1951,1,41.8594096,-87.6563212,row_2022,376431,1,,656,coord_nearest,low,"year guard: address candidate 376119 built 1965, property built 1951; year guard: coord_nearest candidate 888814 built 2009, property built 1951; nearest footprint 67 m from the trusted coordinate"
157170,201 N CLARK ST,201 N CLARK ST,LOOP,,,,41.8860181,-87.6308365,row_2022,814300,1,,34714.2,T1,high,
157208,400 S Jefferson St,400 S JEFFERSON ST,NEAR WEST SIDE,Office,1946,1,41.8766842,-87.6426431,row_2022,362383,1,,68320.3,T1,high,
157280,1165 N MILWAUKEE AVE,1165 N MILWAUKEE AVE,WEST TOWN,Multifamily Housing,1969,1,41.903005,-87.6657065,row_2022,322562,1,1969,10678.7,T1,high,
157283,930 W EVERGREEN AVE,930 W EVERGREEN AVE,NEAR NORTH SIDE,,,1,,,none,313752,1,1899,290440.4,T3,low,"no trusted coordinate; nearest range 926-926, 4 house numbers away; no trusted coordinate"
157287,1611 W HARRISON ST,1611 W HARRISON ST,NEAR WEST SIDE,Medical Office,2009,1,41.874082,-87.6672228,row_2022,888270,1,2009,32878.1,T1,high,
157320,24  S MORGAN ST,24 S MORGAN ST,NEAR WEST SIDE,Multifamily Housing,2008,1,41.8809816,-87.6521551,row_2022,886019,1,2008,15068.3,T1,high,
157346,5236 5252 S HYDE PARK BLVD,5236-5252 S HYDE PARK BLVD,HYDE PARK,Multifamily Housing,1928,1,41.7998566,-87.5842608,row_2022,462348,1,1921,12272.1,coord_nearest,medium,"year guard: coord_nearest candidate 463058 built 1987, property built 1928; nearest footprint 1 m from the trusted coordinate"
157347,1460 N Halsted St,1460 N HALSTED ST,NEAR NORTH SIDE,Mixed Use Property,2008,2,41.90815,-87.64882,covered_list,886261,1,2007,59488.9,T1,high,
157348,1531 N Clybourn Ave,1531 N CLYBOURN AVE,NEAR NORTH SIDE,Multifamily Housing,1965,2,41.9093136,-87.6470771,row_2022,307263,1,1965,7077,T1,high,
157458,6 N Hamlin Blvd,6 N HAMLIN BLVD,WEST GARFIELD PARK,Multifamily Housing,1920,1,41.8809676,-87.7209069,row_2022,872225,1,,8235.3,coord_nearest,low,"year guard: address candidate 357771 built 1926, property built 1920; year guard: coord_nearest candidate 357418 built 1988, property built 1920; nearest footprint 47 m from the trusted coordinate"
157469,1224 W Van Buren St,1224 W VAN BUREN ST,NEAR WEST SIDE,Multifamily Housing,2007,1,41.8766124,-87.6580376,row_2022,361938,1,1945,53580.7,T1,high,
157587,645 S CENTRAL AVE,645 S CENTRAL AVE,AUSTIN,,,,41.8720858,-87.7644303,row_2022,367621,1,1949,46455.3,T1,high,
157599,1530 S State St,1530 S STATE ST,NEAR SOUTH SIDE,Multifamily Housing,2001,1,41.8610182,-87.6274171,row_2022,375204,1,2001,42786,T1,high,1 in-range footprint(s) on the same-named street of another type ignored
157602,1515 S Prairie Ave,1515 S PRAIRIE AVE,NEAR SOUTH SIDE,Multifamily Housing,2001,1,41.8615728,-87.6206642,row_2022,821019,1,2003,35944.6,T1,high,
157607,2111 S Clark Ave,2111 S CLARK AVE,NEAR SOUTH SIDE,Multifamily Housing,1966,2,41.8538236,-87.6299768,row_2022,866450,1,1891,922.5,T2,low,direction N vs S; 7429 m from the trusted coordinate
157614,50 E 16th St,50 E 16TH ST,NEAR SOUTH SIDE,Multifamily Housing,2008,1,41.8603236,-87.6253161,row_2022,885961,1,,24146.8,coord_pip,medium,
157618,61 W 15TH ST,61 W 15TH ST,NEAR SOUTH SIDE,Multifamily Housing,2000,1,41.8618097,-87.6296947,row_2022,838357,1,2002,18802.7,T1,high,
157767,3436 W Wilson Ave,3436 W WILSON AVE,ALBANY PARK,K-12 School,1927,1,41.9648552,-87.7148305,row_2022,113104,1,,116234.5,T1,high,
157832,5645 W Addison St,5645 W ADDISON ST,PORTAGE PARK,,,,41.9457476,-87.7685383,row_2022,185811,1,1995,71049.5,T1,high,
157887,4950-4952 W Thomas St,4950-4952 W THOMAS ST,AUSTIN,,,,41.9005812,-87.7504056,row_2022,326162;876119,2,,88582.9,T1_multi,high,
157919,5801 N Pulaski Rd - Bldg H,5801 N PULASKI RD,NORTH PARK,Residential Care Facility,1913,1,41.9859315,-87.7283692,row_2022,52559,1,,760.5,T1_multi,medium,22 in-range footprints more than 60 m apart; nearest the trusted coordinate kept
157955,720 S Michigan Ave,720 S MICHIGAN AVE,LOOP,Hotel,1927,1,41.8727989,-87.6243378,row_2022,365860,1,1927,144969.1,T1,high,
157964,400 S State St,400 S STATE ST,LOOP,Library,1991,1,41.8768625,-87.627797,row_2022,362058,1,1990,74565.9,T1,high,
157971,910 S Michigan Ave,910 S MICHIGAN AVE,LOOP,Multifamily Housing,1911,1,41.8702504,-87.6242776,row_2022,368657,1,1911,29913,T1,high,
157975,501 E 32nd St,501 E 32ND ST,DOUGLAS,Multifamily Housing,1956,1,41.8359549,-87.6133502,row_2022,410677,1,1955,23303,T1,high,
157986,800 S Michigan Ave,800 S MICHIGAN AVE,LOOP,,,,41.8718118,-87.6243155,row_2022,832378,1,1961,24704.9,T1,high,
157988,65 W Jackson Blvd,65 W JACKSON BLVD,LOOP,,,,41.8780457,-87.6301368,row_2022,815090,1,1926,14748,T1,high,
157993,343 S DEARBORN ST,343 S DEARBORN ST,LOOP,,,,41.8771468,-87.6291212,row_2022,814824,1,1906,11492,T1,high,
157997,407 415 S DEARBORN ST,407-415 S DEARBORN ST,LOOP,Multifamily Housing,1893,1,41.8766995,-87.6291107,row_2022,362038,1,1894,12116.5,T1,high,
158061,5700 N ASHLAND AVE,5700 N ASHLAND AVE,EDGEWATER,,,,41.9851557,-87.6700093,row_2022,51682,1,1964,25982.7,T1,high,
158083,8500 W Bryn Mawr Ave,8500 W BRYN MAWR AVE,OHARE,Hotel,2003,1,41.9811807,-87.8391676,row_2022,837923,1,2002,149171.2,T1,high,
158088,8765 W Higgins Rd,8765 W HIGGINS RD,OHARE,Office,1969,1,41.9875587,-87.8452963,row_2022,50339,1,,62164.4,coord_nearest,low,"year guard: address candidate 50116 built 1985, property built 1969; nearest footprint 40 m from the trusted coordinate"
158095,8755 W HIGGINS RD,8755 W HIGGINS RD,OHARE,Office,1969,1,41.9875256,-87.8450801,row_2022,50339,1,,62164.4,coord_nearest,medium,"year guard: address candidate 838099 built 2005, property built 1969; year guard: coord_nearest candidate 50116 built 1985, property built 1969; nearest footprint 27 m from the trusted coordinate"
158099,5530 W Homer St,5530 W HOMER ST,AUSTIN,Movie Theater,2007,1,41.9151583,-87.7644691,row_2022,888002,1,2008,63052.8,T1,high,
158121,10 S Dearborn St,10 S DEARBORN ST,LOOP,Financial Office,1967,1,41.881807,-87.6295431,row_2022,356863,1,1969,51635.9,T1,high,
158133,353 N Clark St,353 N CLARK ST,NEAR NORTH SIDE,Office,2009,1,41.888962,-87.6309068,row_2022,350893,1,1915,15387,coord_nearest,medium,nearest footprint 24 m from the trusted coordinate
158134,170 N Dearborn Ave,170 N DEARBORN AVE,LOOP,Performing Arts,1999,1,41.8851424,-87.6296243,row_2022,814346,1,1987,30341,coord_nearest,medium,"year guard: address candidate 814348 built 2004, property built 1999; nearest footprint 25 m from the trusted coordinate"
158142,445 E Ohio St,445 E OHIO ST,NEAR NORTH SIDE,Multifamily Housing,1985,1,41.8925592,-87.6160589,row_2022,345729,1,1986,48282.2,T1,high,
158158,61 67 E HARRISON ST,61-67 E HARRISON ST,LOOP,,,,41.8743098,-87.6254867,row_2022,814906,1,1930,11059.9,T1,high,
158184,33 W Monroe St,33 W MONROE ST,LOOP,Office,1980,1,41.880616,-87.6290494,row_2022,357885,1,1934,35386.9,T1,high,
158215,425 S Wabash Ave,425 S WABASH AVE,LOOP,Residence Hall/Dormitory,2011,1,41.8763552,-87.6258955,row_2022,814863,1,1890,59379.5,coord_nearest,medium,nearest footprint 13 m from the trusted coordinate
158219,323 E Wacker Dr,323 E WACKER DR,LOOP,Hotel,1988,1,41.887556,-87.6196551,row_2022,351992,1,1989,12701.4,T1,high,
158224,400 E South Water St,400 E SOUTH WATER ST,LOOP,Multifamily Housing,2005,1,41.8866335,-87.6174134,row_2022,825006,1,2005,17578,T1,high,
158227,540 N State St,540 N STATE ST,NEAR NORTH SIDE,Multifamily Housing,2003,1,41.8920695,-87.6282244,row_2022,815889,1,2003,14093.4,T1,high,
158236,1 W Wacker Dr,1 W WACKER DR,LOOP,Hotel,1990,1,41.8867042,-87.6280536,row_2022,814268,1,1990,28430.6,T1,high,"year guard: address candidate 814558 built 2001, property built 1990"
158265,188 W Randolph St,188 W RANDOLPH ST,LOOP,Multifamily Housing,1929,1,41.8845797,-87.6337568,row_2022,814415,1,1929,13693.5,T1,high,
158287,320 N Dearborn Ave,320 N DEARBORN AVE,NEAR NORTH SIDE,Hotel,1987,1,41.8880704,-87.6296923,row_2022,814196,1,1987,26937.9,T1,high,
158295,520 S Michigan Ave,520 S MICHIGAN AVE,LOOP,Hotel,1873,1,41.8752598,-87.6243967,row_2022,,0,,,none,none,"year guard: address candidate 814001 built 1932, property built 1873; year guard: address candidate 834528 built 1900, property built 1873; year guard: coord_nearest candidate 814863 built 1890, property built 1873; year guard: coord_nearest candidate 834529 built 1958, property built 1873; year guard: coord_nearest candidate 834530 built 1966, property built 1873; no footprint within 75 m of the trusted coordinate"
158303,644 N Lakeshore Dr,644 N LAKE SHORE DR,NEAR NORTH SIDE,Hotel,1965,1,41.8938713,-87.6152748,row_2022,342572,1,1964,35615.7,T1,high,
158304,511 North Columbus Drive,511 N COLUMBUS DR,NEAR NORTH SIDE,Hotel,2001,1,41.8914312,-87.6196857,row_2016,814006,1,2001,35881.4,T1,high,
158307,720 N Larrabee St,720 N LARRABEE ST,NEAR NORTH SIDE,Multifamily Housing,2004,1,41.8953476,-87.6431047,row_2022,825025,1,2004,27034.6,T1,high,
158316,230 N Michigan Ave,230 N MICHIGAN AVE,LOOP,Hotel,1929,1,41.8865173,-87.6246777,row_2022,814257,1,1929,11719.5,T1,high,
158336,200 N COLUMBUS DR,200 N COLUMBUS DR,LOOP,Hotel,1987,1,41.8860058,-87.620829,row_2022,825867,1,1986,37143.5,T1,high,
158361,30 E Hubbard St,30 E HUBBARD ST,NEAR NORTH SIDE,Hotel,1992,1,41.8901963,-87.6267355,row_2022,348898,1,1992,21649.4,T1,high,
158365,600 N State St,600 N STATE ST,NEAR NORTH SIDE,Hotel,1980,1,41.8925012,-87.6282427,row_2022,346213,1,1930,5167.6,coord_nearest,low,"year guard: address candidate 344733 built 1991, property built 1980; year guard: coord_nearest candidate 813956 built 1999, property built 1980; year guard: coord_nearest candidate 815144 built 2003, property built 1980; year guard: coord_nearest candidate 815889 built 2003, property built 1980; year guard: coord_nearest candidate 824764 built 2004, property built 1980; year guard: coord_nearest candidate 866001 built 2006, property built 1980; nearest footprint 55 m from the trusted coordinate"
158380,104 S Michigan Ave,104 S MICHIGAN AVE,LOOP,Office,1912,1,41.8806791,-87.6244909,row_2022,881851,1,1912,18577.3,T1,high,
158387,165 E Ontario St,165 E ONTARIO ST,NEAR NORTH SIDE,Hotel,2003,1,41.8932512,-87.6227918,row_2022,824835,1,2004,12428.8,T1,high,
158391,127 W Huron St,127 W HURON ST,NEAR NORTH SIDE,Hotel,2013,1,41.8947062,-87.6324223,row_2022,886024,1,,9543.2,T1,high,
158392,55 W Wacker Dr,55 W WACKER DR,LOOP,,,,41.8867069,-87.6300662,row_2022,352493,1,1966,17065.3,T1,high,
158394,180 N Michigan Ave,180 N MICHIGAN AVE,LOOP,Office,1927,1,41.8852538,-87.6246347,row_2022,814340,1,1927,11732.5,T1,high,
158396,180 N Jefferson St,180 N JEFFERSON ST,NEAR WEST SIDE,Multifamily Housing,2004,1,41.8855755,-87.6429168,row_2022,824850,1,2004,9552.7,T1,high,
158402,172 W Adams St,172 W ADAMS ST,LOOP,Hotel,2009,1,41.8795037,-87.6329697,row_2022,814688,1,1927,11504,T1,high,
158403,565 W Adams St,565 W ADAMS ST,NEAR WEST SIDE,College/University,1992,1,41.8791645,-87.6422391,row_2022,358982,1,1991,25643.5,T1,high,
158405,250 S Wacker Dr,250 S WACKER DR,LOOP,Office,1958,1,41.8781382,-87.637065,row_2022,359678,1,1958,16715.4,T1,high,
158406,65 E Wacker Pl,65 E WACKER PL,LOOP,Office,1928,1,41.8867042,-87.6254964,row_2022,352484,1,1928,9739.5,T1,high,1 in-range footprint(s) on the same-named street of another type ignored
158407,226 W Jackson Blvd,226 W JACKSON BLVD,LOOP,,,,41.8782203,-87.6345239,row_2022,814769,1,1949,17667,T1,high,
158412,630 N Rush St,630 N RUSH ST,NEAR NORTH SIDE,,,,41.8933524,-87.625567,row_2022,343364,1,2005,38129.1,T1,high,
158414,301 - 317 N Michigan Ave,301-317 N MICHIGAN AVE,LOOP,Office,1925,1,41.88688,-87.6243915,row_2022,352220;868605,2,1925,14909.8,T1_multi,high,
158420,29 S LaSalle St,29 S LA SALLE ST,LOOP,Multifamily Housing,2020,3,41.8811531,-87.6321957,row_2022,,0,,,none,none,"built 2020, after the City's 2015 footprint layer: no footprint in it can be this building"
158422,600 W Fulton St,600 W FULTON ST,NEAR WEST SIDE,Office,1901,1,41.8869212,-87.6428794,row_2022,352531,1,,9845.6,coord_nearest,medium,"year guard: address candidate 814240 built 1949, property built 1901; year guard: coord_nearest candidate 814247 built 1949, property built 1901; nearest footprint 25 m from the trusted coordinate"
158424,203 209 N WABASH AVE,203-209 N WABASH AVE,LOOP,,,,41.8858283,-87.6261383,row_2022,352770,1,1928,8195.3,T1,high,
158425,520 N Michigan Ave,520 N MICHIGAN AVE,NEAR NORTH SIDE,Hotel,1980,1,41.8914879,-87.6249624,row_2019,814001,1,1932,45354.1,T1,high,
158426,33 W Illinois St,33 W ILLINOIS ST,NEAR NORTH SIDE,Hotel,1999,1,41.8907289,-87.6293857,row_2022,348962,1,1998,16860.3,T1,high,
158429,623 S Wabash Ave,623 S WABASH AVE,LOOP,College/University,1960,,41.8739085,-87.6258377,row_2022,814916,1,1895,21205.3,T1,high,
158431,600 N MICHIGAN AVE,600 N MICHIGAN AVE,NEAR NORTH SIDE,Retail Store,1996,1,41.8925932,-87.624334,row_2022,344526,1,1996,50350.5,T1,high,"year guard: address candidate 892859 built 2007, property built 1996"
158433,226 N Clinton St,226 N CLINTON ST,NEAR WEST SIDE,Multifamily Housing,1885,1,41.8866239,-87.6414788,row_2022,352521,1,1874,56125.2,T1,high,
158438,430 N Michigan Ave,430 N MICHIGAN AVE,NEAR NORTH SIDE,Office,1962,1,41.8902996,-87.6242547,row_2022,349335,1,1963,15920.1,T1,high,
158453,59 E Van Buren St,59 E VAN BUREN ST,LOOP,,,,41.8768788,-87.625411,row_2022,361899,1,1929,8372.5,T1,high,
158472,8 W Monroe St,8 W MONROE ST,LOOP,Multifamily Housing,1912,1,41.8808533,-87.6280424,row_2022,814618,1,,9298.9,coord_nearest,medium,"year guard: coord_pip candidate 356814 built 2004, property built 1912; year guard: coord_nearest candidate 357867 built 1929, property built 1912; year guard: coord_nearest candidate 357885 built 1934, property built 1912; year guard: coord_nearest candidate 358194 built 1926, property built 1912; year guard: coord_nearest candidate 814667 built 1927, property built 1912; year guard: coord_nearest candidate 820540 built 2005, property built 1912; year guard: coord_nearest candidate 868395 built 2006, property built 1912; year guard: coord_nearest candidate 868396 built 2006, property built 1912; nearest footprint 17 m from the trusted coordinate"
158526,540 N Michigan Ave,540 N MICHIGAN AVE,NEAR NORTH SIDE,Hotel,1990,1,41.8921408,-87.6243128,row_2022,880206;880565,2,,97881.6,T1_multi,high,
158596,4025 4041 N KEDVALE AVE,4025-4041 N KEDVALE AVE,IRVING PARK,,,,41.9545949,-87.7307921,row_2022,846469;868938,2,1916,20885.6,T1_multi,high,
158630,375 425 W Erie St,375-425 W ERIE ST,NEAR NORTH SIDE,Multifamily Housing,1999,2,41.8938248,-87.6384532,row_2022,880959,1,,51750.5,T1,high,
158640,2000 - 2052 N Lincoln Park West,2000-2052 N LINCOLN PARK,LINCOLN PARK,Multifamily Housing,1930,1,41.9189591,-87.6365359,row_2022,280137,1,,13670.5,coord_nearest,medium,"year guard: address candidate 281085 built 1971, property built 1930; year guard: coord_nearest candidate 277387 built 1974, property built 1930; year guard: coord_nearest candidate 881539 built 2007, property built 1930; nearest footprint 17 m from the trusted coordinate"
158644,1340 N Astor St,1340 N ASTOR ST,NEAR NORTH SIDE,Multifamily Housing,1969,1,41.9069903,-87.6276929,row_2022,313439,1,1969,25221.4,T1,high,
158646,2550 N Lakeview Ave,2550 N LAKEVIEW AVE,LINCOLN PARK,Multifamily Housing,2012,1,41.9294644,-87.639404,row_2022,246938,1,1926,16681.6,coord_nearest,medium,nearest footprint 28 m from the trusted coordinate
158647,1317 1325 N STATE PKWY,1317-1325 N STATE PKWY,NEAR NORTH SIDE,Multifamily Housing,1966,1,41.9063553,-87.6286165,row_2022,314611,1,1966,22408.9,T1,high,
158651,1350 N Lake Shore Dr,1350 N LAKE SHORE DR,NEAR NORTH SIDE,Multifamily Housing,1951,2,41.9073602,-87.6258107,row_2022,313476,1,1951,15476.1,T1,high,
158654,2300 N Lincoln Park West,2300 N LINCOLN PARK,LINCOLN PARK,Multifamily Housing,1923,1,41.9239085,-87.6366632,row_2022,837268,1,1926,18528.7,T1,high,
158668,2720 N Sheffield Ave,2720 N SHEFFIELD AVE,LINCOLN PARK,Multifamily Housing,1968,2,41.9314069,-87.6539639,row_2022,241398,1,1965,11156.5,T1,high,
158724,2200 S Western Ave,2200 S WESTERN AVE,LOWER WEST SIDE,Supermarket/Grocery Store,1970,1,41.8519838,-87.6857857,row_2022,270964,1,1931,19104.3,T2,low,"year guard: address candidate 387480 built 1976, property built 1970; direction N vs S; 7749 m from the trusted coordinate"
158739,4334 N Hazel St,4334 N HAZEL ST,UPTOWN,Multifamily Housing,1981,1,41.9612176,-87.6524585,row_2022,126326,1,1981,88124,T1,high,
158740,707 W Waveland Ave,707 W WAVELAND AVE,LAKE VIEW,Multifamily Housing,1973,1,41.9495394,-87.6468986,row_2022,167503,1,1972,25462.3,T1,high,
158743,4344 4360 N BROADWAY,4344-4360 N BROADWAY,UPTOWN,Multifamily Housing,2004,1,41.9612331,-87.6549562,row_2022,838070,1,2003,27809.7,T1,high,
158748,640 W Irving Park Rd,640 W IRVING PARK RD,UPTOWN,,,,41.9547249,-87.6465823,row_2022,147649,1,1922,50006.1,coord_nearest,medium,nearest footprint 14 m from the trusted coordinate
158774,4950 N ASHLAND AVE,4950 N ASHLAND AVE,UPTOWN,,,,41.9724778,-87.6696861,row_2022,85891,1,1919,67145.2,T1,high,
158780,4001 N Ravenswood Ave,4001 N RAVENSWOOD AVE,LAKE VIEW,Other,2008,1,41.9543133,-87.6736455,row_2022,151201,1,1921,13167.9,T1,high,
158841,6631 N Bosworth Ave,6631 N BOSWORTH AVE,ROGERS PARK,K-12 School,1926,1,42.0026869,-87.6691553,row_2022,17149,1,,78069.5,T1,high,
158842,1068 W Sheridan Rd,1068 W SHERIDAN RD,ROGERS PARK,,,,41.9983175,-87.6587396,row_2022,23592,1,,41524.2,T1,high,
158867,1642 E 56th St,1642 E 56TH ST,HYDE PARK,Multifamily Housing,1923,1,41.7935141,-87.5849466,row_2022,483313,1,1923,31494.9,T1,high,
158868,900 E. 57th St,900 E 57TH ST,HYDE PARK,Laboratory,2009,1,41.7920732,-87.6033736,row_2019,488411,1,,38850,coord_nearest,low,nearest footprint 30 m from the trusted coordinate
158873,5801 5811 S DORCHESTER AVE,5801-5811 S DORCHESTER AVE,HYDE PARK,Multifamily Housing,1928,1,41.7895638,-87.5914061,row_2022,497863,1,1927,17559,T1,high,
158874,5800 S Stony Island Ave,5800 S STONY ISLAND AVE,HYDE PARK,K-12 School,2013,1,41.7895605,-87.5868173,row_2022,494641,1,1924,15237.8,coord_nearest,low,nearest footprint 72 m from the trusted coordinate
158958,7531 S Stony Island Ave,7531 S STONY ISLAND AVE,SOUTH SHORE,,,,41.7578154,-87.5855692,row_2022,594945,1,1978,80919.9,T1,high,
159000,9652 S Michigan Ave,9652 S MICHIGAN AVE,ROSELAND,,,,41.7184008,-87.6206607,row_2022,705023,1,1954,117236.6,T1,high,
159002,1000 E 111th St,1000 E 111TH ST,PULLMAN,,,,41.6926276,-87.5987626,row_2022,762923,1,1989,22627.7,T1,high,
159005,821 E 103rd St,821 E 103RD ST,PULLMAN,K-12 School,1974,2,41.707391,-87.6030784,row_2022,731073,1,1975,105625,T1,high,
159044,838 N Noble St,838 N NOBLE ST,WEST TOWN,Multifamily Housing,1965,2,41.8973115,-87.66258,row_2022,335504,1,1964,6931.6,T1,high,
159091,1330 1358 W 76th St,1330-1358 W 76TH ST,AUBURN GRESHAM,Multifamily Housing,2006,1,41.7560185,-87.6576526,row_2022,598068,1,1956,94631.5,T1,high,
159099,20 E Chestnut St,20 E CHESTNUT ST,NEAR NORTH SIDE,Hotel,2002,1,41.8984446,-87.6274056,row_2022,813551,1,2001,24405.6,T1,high,
159100,1111 N. Dearborn St,1111 N DEARBORN ST,NEAR NORTH SIDE,Multifamily Housing,1986,1,41.9022363,-87.6297884,row_2022,323777,1,1981,24914.6,T1,high,
159103,121 W Chestnut St,121 W CHESTNUT ST,NEAR NORTH SIDE,Multifamily Housing,2001,1,41.8978507,-87.6322255,row_2022,815868,1,2000,14973.9,T1,high,
159111,4840 N Marine Dr,4840 N MARINE DR,UPTOWN,,,,41.9703525,-87.6501347,row_2022,96488,1,,11347.4,T1,high,
159123,1516 N STATE PKWY,1516 N STATE PKWY,NEAR NORTH SIDE,Multifamily Housing,1972,1,41.9100303,-87.6289958,row_2022,815200,1,1974,10867.4,T1,high,
159156,1 E Delaware Pl,1 E DELAWARE PL,NEAR NORTH SIDE,Multifamily Housing,1989,1,41.899031,-87.6281923,row_2022,331346,1,1988,29684.4,T1,high,
159187,727 E 60TH ST,727 E 60TH ST,WOODLAWN,,,,41.7857417,-87.6074012,row_2022,510830,1,1950,17984.9,T1,high,
159245,150 W Maple St,150 W MAPLE ST,NEAR NORTH SIDE,Multifamily Housing,1996,1,41.9019359,-87.63341,row_2022,837361,1,1995,30475.7,T1,high,
159247,1633 W Madison St,1633 W MADISON ST,NEAR WEST SIDE,Multifamily Housing,1965,1,41.8813291,-87.6680499,row_2022,357783,1,1964,14369.4,T1,high,
159249,303 W Division St,303 W DIVISION ST,NEAR NORTH SIDE,Multifamily Housing,1976,1,41.9037181,-87.6362086,row_2022,320662,1,,2211,coord_nearest,medium,"year guard: coord_nearest candidate 320193 built 1997, property built 1976; year guard: coord_nearest candidate 321624 built 1981, property built 1976; year guard: coord_nearest candidate 815583 built 2004, property built 1976; nearest footprint 22 m from the trusted coordinate"
159250,2045 W Jackson Blvd,2045 W JACKSON BLVD,NEAR WEST SIDE,Multifamily Housing,1983,14,41.8773567,-87.6784335,row_2022,361810,1,1984,9033.6,T1,high,
159276,6201 S Emerald Dr,6201 S EMERALD DR,ENGLEWOOD,Other - Public Services,1985,1,41.7816667,-87.6447302,row_2022,526634,1,,2120.7,coord_nearest,low,nearest footprint 35 m from the trusted coordinate
159283,401 S Clinton St,401 S CLINTON ST,NEAR WEST SIDE,Office,1996,1,41.8767098,-87.640878,row_2022,362333,1,1996,23535,T1,high,
159287,901 903 S Ashland Ave,901-903 S ASHLAND AVE,NEAR WEST SIDE,Multifamily Housing,1971,3,41.8703862,-87.6663407,row_2022,368556,1,1967,68352.1,T1,high,
159288,1926 1960 W HARRISON ST,1926-1960 W HARRISON ST,NEAR WEST SIDE,,,,41.8741729,-87.675093,row_2022,364553,1,1965,13568.4,T1,high,
159298,1911 S Indiana Ave,1911 S INDIANA AVE,NEAR SOUTH SIDE,,,,41.8562988,-87.6221489,row_2022,821243,1,1996,17433.1,T1,high,
159302,6640 50 W Belden Ave,6640-6650 W BELDEN AVE,MONTCLARE,Multifamily Housing,2004,1,41.9213157,-87.7918239,row_2022,852167,1,2006,57177.9,T1,high,
159310,2138 S Indiana Ave,2138 S INDIANA AVE,NEAR SOUTH SIDE,Multifamily Housing,2009,2,41.853078,-87.6223843,row_2022,885986,1,2007,39816.9,T1,high,
159311,1212 S Michigan Ave,1212 S MICHIGAN AVE,NEAR SOUTH SIDE,Multifamily Housing,1981,1,41.8670615,-87.6242916,row_2022,371292,1,1980,42731.2,T1,high,
159312,2101 S Michigan Ave,2101 S MICHIGAN AVE,NEAR SOUTH SIDE,Multifamily Housing,1971,1,41.8542154,-87.6237029,row_2022,383370,1,1971,42185.8,T1,high,
159315,1401 S State St,1401 S STATE ST,NEAR SOUTH SIDE,Multifamily Housing,2008,1,41.863973,-87.6271941,row_2022,888370,1,2008,27125.8,T1,high,
159323,4250 S Princeton Ave,4250 S PRINCETON AVE,FULLER PARK,Multifamily Housing,1970,1,41.8166758,-87.6337085,row_2022,431160,1,1970,14368,T1,high,
159326,2030 S State St,2030 S STATE ST,NEAR SOUTH SIDE,Multifamily Housing,1966,1,41.854535,-87.6272677,row_2022,382508,1,1966,8508.1,T1,high,
159411,1130 S Michigan Ave,1130 S MICHIGAN AVE,LOOP,Multifamily Housing,1967,1,41.868305,-87.6242531,row_2022,370068,1,1969,51069,T1,high,
159415,8 E 9th St,8 E 9TH ST,LOOP,Multifamily Housing,2008,1,41.870635,-87.6272775,row_2022,888818,1,2009,18440.5,T1,high,
159416,900 S Clark St,900 S CLARK ST,LOOP,Multifamily Housing,2008,1,41.8704735,-87.6307062,row_2022,886064,1,2008,22863.3,T1,high,
159417,401 E 32nd St,401 E 32ND ST,DOUGLAS,Multifamily Housing,1956,1,41.8364878,-87.6170084,row_2022,410073,1,1958,14538.6,T1,high,
159418,3001 S King Dr,3001 S DR MARTIN LUTHER KING JR DR,DOUGLAS,Multifamily Housing,1960,1,41.8401846,-87.6170065,row_2022,404590,1,1960,14887.5,T1,high,
159419,2801 S King Dr,2801 S DR MARTIN LUTHER KING JR DR,DOUGLAS,Multifamily Housing,1960,1,41.8432712,-87.6170882,row_2022,397515,1,1961,14667.4,T1,high,
159421,400 E 33rd St,400 E 33RD ST,DOUGLAS,Multifamily Housing,1956,1,41.8347571,-87.6170097,row_2022,411628,1,1958,14582.4,T1,high,
159423,3601 3645 S LAKEPARK AVE,3601-3645 S LAKEPARK AVE,OAKLAND,,,,41.8298333,-87.6070625,row_2022,418235,1,1970,24761.5,T1,high,
159424,2951 S King Dr,2951 S DR MARTIN LUTHER KING JR DR,DOUGLAS,Multifamily Housing,1960,1,41.8405901,-87.6170173,row_2022,402557,1,1959,13851,T1,high,
159425,3510 S RHODES AVE,3510 S RHODES AVE,DOUGLAS,,,,41.8308381,-87.6146249,row_2022,417459,1,1969,10194.4,T1,high,
159494,7262 W Peterson Ave,7262 W PETERSON AVE,NORWOOD PARK,Multifamily Housing,1978,4,41.99002,-87.8092243,row_2022,41416,1,,86248.1,T1,high,
159510,555 W Madison St,555 W MADISON ST,NEAR WEST SIDE,Multifamily Housing,1986,4,41.8817375,-87.641808,row_2022,814591,1,1985,103263.9,T1,high,
159513,355 E Ohio St,355 E OHIO ST,NEAR NORTH SIDE,Multifamily Housing,2008,1,41.8925248,-87.6181338,row_2022,891308,1,2010,31571,T1,high,
159524,175 N Harbor Dr,175 N HARBOR DR,LOOP,Multifamily Housing,1989,1,41.8856639,-87.615625,row_2022,353130,1,1987,11903.7,T1,high,
159525,233 E Wacker Dr,233 E WACKER DR,LOOP,Multifamily Housing,1980,1,41.8877902,-87.6212787,row_2022,351869,1,1980,11345,T1,high,"year guard: address candidate 352508 built 1989, property built 1980"
159528,353 N Des Plaines St,353 N DES PLAINES ST,NEAR WEST SIDE,,,,41.8883657,-87.6441695,row_2022,886003,1,2008,9891.9,T1,high,
159529,700 N Michigan Ave,700 N MICHIGAN AVE,NEAR NORTH SIDE,Retail Store,2000,1,41.8949795,-87.6244,row_2022,340007,1,1991,49609,T1,high,
159533,555 W Kinzie St,555 W KINZIE ST,NEAR WEST SIDE,Multifamily Housing,2010,2,41.8889431,-87.641736,row_2022,888279,1,,23033.4,coord_nearest,low,nearest footprint 40 m from the trusted coordinate
159534,420 E Ohio St,420 E OHIO ST,NEAR NORTH SIDE,Multifamily Housing,1990,1,41.8927658,-87.6168641,row_2022,813903;815729,2,1989,21027,T1_multi,high,
159537,300 E Ohio St,300 E OHIO ST,NEAR NORTH SIDE,Hotel,2008,1,41.8927106,-87.6201307,row_2022,344226,1,1976,9500.3,T1,high,
159560,1730 N Clark St,1730 N CLARK ST,LINCOLN PARK,Multifamily Housing,1988,2,41.9138643,-87.6334413,row_2022,295018,1,1987,13639.5,T1,high,
159561,2555 N Clark St,2555 N CLARK ST,LINCOLN PARK,Multifamily Housing,1986,1,41.9292724,-87.6425019,row_2022,247447,1,1988,31308.3,T1,high,
159564,65 E SCOTT ST,65 E SCOTT ST,NEAR NORTH SIDE,Multifamily Housing,1975,1,41.9047871,-87.626179,row_2022,318846,1,1970,24347.5,T1,high,
159565,1501 N STATE PKWY,1501 N STATE PKWY,NEAR NORTH SIDE,Multifamily Housing,1974,1,41.909571,-87.628687,row_2022,815259,1,1974,15615.8,T1,high,
159567,2623 2627 N CLARK ST,2623-2627 N CLARK ST,LINCOLN PARK,Multifamily Housing,1986,1,41.9302376,-87.6434608,row_2022,245172,1,1985,17421.5,T1,high,
159571,2144 N Lincoln Park West,2144 N LINCOLN PARK,LINCOLN PARK,Multifamily Housing,1975,1,41.921505,-87.6365897,row_2022,866484,1,1974,11044.9,T1,high,
159573,401 411 W FULLERTON PKWY,401-411 W FULLERTON PKWY,LINCOLN PARK,Multifamily Housing,1927,1,41.9255005,-87.6391788,row_2022,261747;261765,2,1930,25847.9,T1_multi,high,
159575,2150 N LINCOLN PARK,2150 N LINCOLN PARK,LINCOLN PARK,,,,41.9216747,-87.6365945,row_2022,866485,1,1920,15906.6,T1,high,
159594,451 W Wrightwood Ave,451 W WRIGHTWOOD AVE,LINCOLN PARK,Multifamily Housing,1933,1,41.9307105,-87.6409479,row_2022,862494,1,1936,9030.9,T1,high,
159637,3450 N Lake Shore Dr,3450 N LAKE SHORE DR,LAKE VIEW,Multifamily Housing,1968,1,41.9451011,-87.6416024,row_2022,185439,1,1966,33861.1,T1,high,
159639,2960 N Lake Shore Dr,2960 N LAKE SHORE DR,LAKE VIEW,Multifamily Housing,1988,1,41.9361716,-87.6369391,row_2022,223659,1,1990,22748,T1,high,
159646,337 339 W BARRY AVE,337-339 W BARRY AVE,LAKE VIEW,Multifamily Housing,1967,1,41.9376293,-87.6383773,row_2022,217910,1,1967,14286.7,T1,high,
159647,2933 N Sheridan Rd,2933 N SHERIDAN RD,LAKE VIEW,Multifamily Housing,1952,1,41.9353577,-87.6392433,row_2022,226991,1,1953,27498,T1,high,
159649,510 W Belmont Ave,510 W BELMONT AVE,LAKE VIEW,Multifamily Housing,1970,1,41.9401867,-87.6423845,row_2022,206153,1,1969,11353.9,T1,high,
159651,352 360 W WELLINGTON AVE,352-360 W WELLINGTON AVE,LAKE VIEW,Multifamily Housing,1960,1,41.9366992,-87.6390691,row_2022,220398,1,1933,3461.9,coord_nearest,medium,"year guard: address candidate 219892 built 1966, property built 1960; year guard: coord_nearest candidate 217853 built 1967, property built 1960; year guard: coord_nearest candidate 217910 built 1967, property built 1960; year guard: coord_nearest candidate 217918 built 1978, property built 1960; year guard: coord_nearest candidate 219808 built 1966, property built 1960; nearest footprint 15 m from the trusted coordinate"
159652,3500 N Lake Shore Dr,3500 N LAKE SHORE DR,LAKE VIEW,Multifamily Housing,1927,1,41.946778,-87.642541,row_2022,851863,1,1929,11190.8,T1,high,
159655,3000 N SHERIDAN RD,3000 N SHERIDAN RD,LAKE VIEW,Multifamily Housing,1931,1,41.9366409,-87.6395829,row_2022,219878,1,1923,12382.1,T1,high,
159659,3130 N Lake Shore Dr,3130 N LAKE SHORE DR,LAKE VIEW,Multifamily Housing,1958,1,41.9385793,-87.6379031,row_2022,861893,1,1956,9272.8,T1,high,
159661,3101-3121 N Sheridan Rd,3101-3121 N SHERIDAN RD,LAKE VIEW,Multifamily Housing,2000,1,41.9377844,-87.6393227,row_2022,861889;861894,2,1954,30647.9,T1_multi,high,
159728,920 W Lakeside Pl,920 W LAKESIDE PL,UPTOWN,Multifamily Housing,1989,1,41.9683188,-87.6534092,row_2022,103480,1,1970,38670.5,T1,high,
159729,820 W Belle Plaine Ave,820 W BELLE PLAINE AVE,UPTOWN,Multifamily Housing,1972,1,41.9574439,-87.6506458,row_2022,140123,1,1972,25962.7,T1,high,
159733,4827 N SHERIDAN RD,4827 N SHERIDAN RD,UPTOWN,Multifamily Housing,1967,1,41.9699869,-87.654696,row_2022,98435,1,1929,5932,coord_nearest,medium,"year guard: address candidate 98877 built 1971, property built 1967; year guard: coord_nearest candidate 100312 built 1979, property built 1967; nearest footprint 25 m from the trusted coordinate"
159735,4601 4613 N SHERIDAN RD,4601-4613 N SHERIDAN RD,UPTOWN,Multifamily Housing,1920,1,41.9654796,-87.6546415,row_2022,112125,1,1920,28303.8,T1,high,
159736,4848 N Winthrop Ave,4848 N WINTHROP AVE,UPTOWN,Multifamily Housing,1970,1,41.970484,-87.6578062,row_2022,98271,1,1901,1669.7,coord_nearest,low,"year guard: address candidate 831891 built 1974, property built 1970; year guard: coord_nearest candidate 92768 built 1995, property built 1970; year guard: coord_nearest candidate 831878 built 2002, property built 1970; year guard: coord_nearest candidate 831879 built 2005, property built 1970; year guard: coord_nearest candidate 831880 built 2005, property built 1970; year guard: coord_nearest candidate 831881 built 2004, property built 1970; year guard: coord_nearest candidate 831882 built 2004, property built 1970; year guard: coord_nearest candidate 831883 built 2004, property built 1970; year guard: coord_nearest candidate 831884 built 2004, property built 1970; year guard: coord_nearest candidate 831885 built 2001, property built 1970; year guard: coord_nearest candidate 831886 built 2004, property built 1970; year guard: coord_nearest candidate 831887 built 2004, property built 1970; year guard: coord_nearest candidate 831888 built 2000, property built 1970; year guard: coord_nearest candidate 831893 built 2005, property built 1970; year guard: coord_nearest candidate 831894 built 2005, property built 1970; year guard: coord_nearest candidate 831895 built 2005, property built 1970; year guard: coord_nearest candidate 831896 built 2005, property built 1970; nearest footprint 45 m from the trusted coordinate"
159738,4100 N Marine Dr,4100 N MARINE DR,UPTOWN,Multifamily Housing,1964,1,41.9558066,-87.6457168,row_2022,146120,1,1967,15349.6,T1,high,
159739,4645 N Sherdian Rd,4645 N SHERDIAN RD,UPTOWN,Multifamily Housing,1968,1,41.9667561,-87.6546485,row_2022,108639,1,1967,14144,coord_nearest,medium,"street 'SHERDIAN' is not in the footprint table; year guard: coord_nearest candidate 824920 built 2004, property built 1968; year guard: coord_nearest candidate 844674 built 2006, property built 1968; nearest footprint 16 m from the trusted coordinate"
159740,840 W SUNNYSIDE AVE,840 W SUNNYSIDE AVE,UPTOWN,Multifamily Housing,1968,1,41.9637578,-87.6515778,row_2022,117743,1,1970,13007,T1,high,
159745,4500 N CLARENDON AVE,4500 N CLARENDON AVE,UPTOWN,Multifamily Housing,1980,1,41.9637078,-87.650114,row_2022,117839,1,1979,8300.4,T1,high,
159799,6101 N Sheridan Road,6101 N SHERIDAN RD,EDGEWATER,Multifamily Housing,1928,1,41.9924732,-87.6553124,row_2022,,0,,,none,none,"year guard: address candidate 36709 built 1932, property built 1928; year guard: coord_nearest candidate 34142 built 1961, property built 1928; year guard: coord_nearest candidate 35382 built 1967, property built 1928; year guard: coord_nearest candidate 35806 built 1957, property built 1928; year guard: coord_nearest candidate 35959 built 1970, property built 1928; year guard: coord_nearest candidate 36826 built 1988, property built 1928; year guard: coord_nearest candidate 38000 built 1952, property built 1928; year guard: coord_nearest candidate 38033 built 1974, property built 1928; year guard: coord_nearest candidate 38884 built 1954, property built 1928; no footprint within 75 m of the trusted coordinate"
159800,5320 N Sheridan Rd,5320 N SHERIDAN RD,EDGEWATER,Multifamily Housing,1984,1,41.9788884,-87.6551946,row_2022,65609,1,1985,36523.2,T1,high,
159807,5650 N SHERIDAN RD,5650 N SHERIDAN RD,EDGEWATER,Multifamily Housing,1967,1,41.9852421,-87.6553891,row_2022,52570,1,1970,18264.9,T1,high,
159810,5225 N Kenmore Ave,5225 N KENMORE AVE,EDGEWATER,Multifamily Housing,1974,1,41.9771483,-87.6562888,row_2022,73095,1,1974,9211.9,T1,high,
159812,5733 N Sheridan Rd,5733 N SHERIDAN RD,EDGEWATER,Multifamily Housing,1967,1,41.9865369,-87.6551382,row_2022,49207,1,1969,8050.6,T1,high,
159892,5530 S SHORE DR,5530 S SHORE DR,HYDE PARK,,,,41.7943513,-87.5805784,row_2022,481456,1,1947,7403.3,T1,high,
159893,6424 6444 S STONYISLAND AVE,6424-6444 S STONYISLAND AVE,WOODLAWN,Multifamily Housing,1969,1,41.77785,-87.58641,covered_list,535693,1,1970,37336.7,T1,high,
159894,6700 S OGLESBY AVE,6700 S OGLESBY AVE,SOUTH SHORE,,,,41.7734467,-87.5684904,row_2022,553248,1,1963,27530.4,T1,high,
159896,5020 - 5050 S Lake Shore Dr,5020-5050 S LAKE SHORE DR,KENWOOD,Multifamily Housing,1972,1,41.8037473,-87.582209,row_2022,885702,1,1974,17450.1,T1_multi,medium,2 in-range footprints more than 60 m apart; nearest the trusted coordinate kept
159897,5454 S Shore Dr,5454 S SHORE DR,HYDE PARK,Multifamily Housing,1925,1,41.7965435,-87.5810503,row_2022,473973,1,1921,40089.4,T1,high,
159898,5140 S Hyde Park Blvd,5140 S HYDE PARK BLVD,HYDE PARK,Multifamily Housing,1990,1,41.8015022,-87.5849221,row_2022,459619,1,1989,18295.5,T1,high,
159902,5550 S SHORE DR,5550 S SHORE DR,HYDE PARK,,,,41.7937966,-87.5805629,row_2022,483316,1,1902,17264.4,T1,high,
159905,7022 S SOUTH SHORE DR,7022 S SOUTH SHORE DR,SOUTH SHORE,Multifamily Housing,1950,1,41.7673316,-87.5666489,row_2022,568299,1,1918,3225.5,coord_nearest,low,"year guard: address candidate 568580 built 1958, property built 1950; year guard: coord_nearest candidate 826060 built 2004, property built 1950; year guard: coord_nearest candidate 826061 built 2004, property built 1950; year guard: coord_nearest candidate 826071 built 2004, property built 1950; year guard: coord_nearest candidate 826074 built 2004, property built 1950; year guard: coord_nearest candidate 826075 built 2004, property built 1950; year guard: coord_nearest candidate 826076 built 2004, property built 1950; year guard: coord_nearest candidate 826077 built 2004, property built 1950; nearest footprint 30 m from the trusted coordinate"
159924,1649 E 50th Pl,1649 E 50TH PL,KENWOOD,Multifamily Housing,1951,2,41.8033122,-87.5854844,row_2022,455820,1,1952,3678.3,coord_nearest,medium,"1 in-range footprint(s) on the same-named street of another type ignored; year guard: coord_nearest candidate 885702 built 1974, property built 1951; year guard: coord_nearest candidate 885703 built 1972, property built 1951; nearest footprint 8 m from the trusted coordinate"
159936,7130 S CYRIL CT,7130 S CYRIL CT,SOUTH SHORE,Multifamily Housing,1929,1,41.7651755,-87.5770961,row_2022,573966,1,1929,9819.9,T1,high,
159954,1606 E Hyde Park Blvd,1606 E HYDE PARK BLVD,KENWOOD,Multifamily Housing,1950,1,41.8026087,-87.5861142,row_2022,456875,1,1953,3592.3,T1,high,
159963,6840 N SACRAMENTO AVE,6840 N SACRAMENTO AVE,WEST RIDGE,Senior Living Community,1985,1,42.0059908,-87.7047257,row_2022,14105,1,1987,35873.5,T1,high,
159980,7345 S South Shore Dr,7345 S SOUTH SHORE DR,SOUTH SHORE,Multifamily Housing,1967,1,41.7630574,-87.559439,row_2022,578204,1,1967,19001,T1,high,
159981,7447 S South Shore Dr,7447 S SOUTH SHORE DR,SOUTH SHORE,Multifamily Housing,1968,1,41.7613055,-87.5577055,row_2022,586253,1,1888,1669.4,coord_nearest,low,nearest footprint 31 m from the trusted coordinate
159982,9141 - 9177 S South Chicago Ave,9141-9177 S SOUTH CHICAGO AVE,SOUTH CHICAGO,Multifamily Housing,1974,2,41.7292588,-87.5544684,row_2022,682816,1,1974,28439.5,T1,high,
159983,7251 S SOUTH SHORE DR,7251 S SOUTH SHORE DR,SOUTH SHORE,Multifamily Housing,1965,1,41.7646147,-87.5609753,row_2022,872843,1,1923,3121.3,coord_nearest,medium,"year guard: address candidate 574061 built 1969, property built 1965; nearest footprint 25 m from the trusted coordinate"
159999,7337 S SOUTH SHORE DR,7337 S SOUTH SHORE DR,SOUTH SHORE,Multifamily Housing,1958,1,41.763235,-87.5596167,row_2022,577088,1,1928,11703.2,coord_nearest,medium,"year guard: coord_nearest candidate 576673 built 1962, property built 1958; year guard: coord_nearest candidate 578204 built 1967, property built 1958; year guard: coord_nearest candidate 579133 built 1962, property built 1958; nearest footprint 25 m from the trusted coordinate"
160026,6101E N Sheridan Rd,6101 N SHERIDAN RD,EDGEWATER,Multifamily Housing,1968,1,41.9924732,-87.6553124,row_2022,36709,1,1932,7385.2,T1,high,
160029,8300 S Cottage Grove Ave,8300 S COTTAGE GROVE AVE,CHATHAM,Senior Living Community,2014,1,41.7438738,-87.6051762,row_2022,838664,1,2005,15547.5,T1,high,
160046,444 W Lake St,444 W LAKE ST,NEAR WEST SIDE,Office,2016,1,41.8858297,-87.6398064,row_2022,,0,,,none,none,"built 2016, after the City's 2015 footprint layer: no footprint in it can be this building"
160067,505 N Michigan Ave,505 N MICHIGAN AVE,NEAR NORTH SIDE,Hotel,1929,1,41.8911206,-87.6239887,row_2022,865989,1,,17790.4,coord_nearest,medium,"year guard: coord_nearest candidate 348062 built 1972, property built 1929; year guard: coord_nearest candidate 348832 built 1976, property built 1929; year guard: coord_nearest candidate 814030 built 1935, property built 1929; year guard: coord_nearest candidate 865990 built 1965, property built 1929; nearest footprint 9 m from the trusted coordinate"
160070,777 N Michigan Ave,777 N MICHIGAN AVE,NEAR NORTH SIDE,Multifamily Housing,1977,1,41.8966902,-87.6241022,row_2022,813620,1,1964,10074.5,T1,high,
160082,10000 W O'Hare Dr,10000 W OHARE DR,OHARE,Hotel,1970,1,41.9762011,-87.9053091,row_2022,843744,1,,100080.4,coord_pip,medium,street 'OHARE' is not in the footprint table
160085,55 E Pearson St,55 E PEARSON ST,NEAR NORTH SIDE,Multifamily Housing,2008,1,41.8974382,-87.6260204,row_2022,847026,1,,23302.6,T1,high,
160099,108 E Superior St,108 E SUPERIOR ST,NEAR NORTH SIDE,Hotel,2000,1,41.8958396,-87.6249881,row_2022,337775,1,2001,61990.1,coord_pip,medium,
160105,71 E Wacker Dr,71 E WACKER DR,LOOP,Hotel,2000,1,41.8877565,-87.6255182,row_2022,880573,1,1960,8879.9,T1,high,"year guard: address candidate 824754 built 2005, property built 2000"
160130,111 W Illinois St,111 W ILLINOIS ST,NEAR NORTH SIDE,Office,2008,1,41.8907048,-87.6316107,row_2022,891291,1,2009,23775.3,T1,high,
160134,400 E 41st St,400 E 41ST ST,GRAND BOULEVARD,,,,41.8203495,-87.6165141,row_2022,427927,1,1976,9363.6,T1,high,
160137,610 S Canal St,610 S CANAL ST,NEAR WEST SIDE,,,,41.8740685,-87.6395703,row_2022,364929,1,1949,21309.9,T1,high,
160142,8430 W Bryn Mawr Ave,8430 W BRYN MAWR AVE,OHARE,Office,1981,1,41.9812102,-87.8380133,row_2022,59348,1,1981,266461.1,coord_nearest,medium,nearest footprint 8 m from the trusted coordinate
160151,515 N Clark St,515 N CLARK ST,NEAR NORTH SIDE,Hotel,2013,1,41.8913716,-87.6309724,row_2022,347726,1,,10154.6,coord_nearest,medium,nearest footprint 24 m from the trusted coordinate
160157,2545 W Diversey Ave,2545 W DIVERSEY AVE,LOGAN SQUARE,Office,1914,1,41.9320249,-87.692169,row_2022,870128,1,,38913,T1,high,
160163,1366 W Fullerton Ave,1366 W FULLERTON AVE,LINCOLN PARK,Senior Living Community,1903,1,41.9253306,-87.6631224,row_2022,258417,1,,30842.3,coord_pip,medium,
160164,40 E GARFIELD BLVD,40 E GARFIELD BLVD,WASHINGTON PARK,,,,41.794773,-87.6241724,row_2022,475873,1,,110665.8,T1,high,
160179,39 S LaSalle St,39 S LA SALLE ST,LOOP,Hotel,2016,1,41.8809316,-87.6321891,row_2022,,0,,,none,none,"built 2016, after the City's 2015 footprint layer: no footprint in it can be this building"
160184,29 E Madison St,29 E MADISON ST,LOOP,Office,1904,1,41.8819653,-87.6267932,row_2022,815100,1,1905,11648.9,T1,high,
160186,733 W Madison St,733 W MADISON ST,NEAR WEST SIDE,,,,41.8816749,-87.6469741,row_2022,814537,1,2003,76378.2,coord_nearest,medium,nearest footprint 24 m from the trusted coordinate
160196,111 S Michigan Ave,111 S MICHIGAN AVE,LOOP,Museum,1892,1,41.8805278,-87.6242095,row_2022,881847,1,,372402.6,coord_nearest,low,"year guard: coord_nearest candidate 357799 built 1908, property built 1892; year guard: coord_nearest candidate 814619 built 1908, property built 1892; year guard: coord_nearest candidate 815571 built 1908, property built 1892; year guard: coord_nearest candidate 880223 built 1898, property built 1892; year guard: coord_nearest candidate 881849 built 1906, property built 1892; year guard: coord_nearest candidate 881851 built 1912, property built 1892; nearest footprint 61 m from the trusted coordinate"
160197,220 S Michigan Ave,220 S MICHIGAN AVE,LOOP,Performing Arts,1997,1,41.8790292,-87.6244859,row_2022,814732,1,1903,33136.6,T1,high,
160198,636 S Michigan Ave,636 S MICHIGAN AVE,LOOP,Hotel,1910,1,41.8736593,-87.6243595,row_2022,814918,1,1910,13999.5,coord_nearest,medium,"year guard: coord_nearest candidate 365860 built 1927, property built 1910; year guard: coord_nearest candidate 814908 built 1930, property built 1910; year guard: coord_nearest candidate 814925 built 1917, property built 1910; year guard: coord_nearest candidate 815091 built 1949, property built 1910; year guard: coord_nearest candidate 892859 built 2007, property built 1910; nearest footprint 9 m from the trusted coordinate"
160204,4025 W Peterson Ave,4025 W PETERSON AVE,NORTH PARK,,,,41.9901015,-87.7297402,row_2019,43631,1,1957,207068.6,T1,high,
160208,55 E Ontario St,55 E ONTARIO ST,NEAR NORTH SIDE,,,,41.8931967,-87.6259138,row_2022,813884,1,1929,14347.6,coord_pip,medium,
160211,633 N St Clair St,633 N ST CLAIR ST,NEAR NORTH SIDE,Office,1991,1,41.8934754,-87.6225747,row_2022,342854,1,1991,28933.9,coord_nearest,medium,"year guard: coord_nearest candidate 824835 built 2004, property built 1991; nearest footprint 2 m from the trusted coordinate"
160214,700 W Fullerton Ave,700 W FULLERTON AVE,LINCOLN PARK,,,,41.9256023,-87.6463818,row_2022,259702,1,,20464.9,coord_nearest,medium,nearest footprint 10 m from the trusted coordinate
160217,201 N State St,201 N STATE ST,LOOP,Hotel,2009,1,41.8857782,-87.6277937,row_2022,892216,1,2009,9794.2,T1,high,
160219,660 N State St,660 N STATE ST,NEAR NORTH SIDE,Hotel,1955,1,41.8941832,-87.6282858,row_2022,815550,1,1925,1729.8,coord_nearest,low,"year guard: coord_nearest candidate 341666 built 1998, property built 1955; year guard: coord_nearest candidate 342115 built 2002, property built 1955; year guard: coord_nearest candidate 343097 built 1983, property built 1955; year guard: coord_nearest candidate 813770 built 1988, property built 1955; year guard: coord_nearest candidate 815146 built 2000, property built 1955; year guard: coord_nearest candidate 885988 built 2007, property built 1955; nearest footprint 35 m from the trusted coordinate"
160229,110 N Wacker Drive,110 N WACKER DR,LOOP,Office,1998,1,41.8837656,-87.6374203,row_2016,354568,1,,39652,T1,high,
160237,134 N LaSalle St,134 N LA SALLE ST,LOOP,Office,1926,1,41.8841113,-87.6325764,row_2022,814451,1,1926,10396.7,T1,high,
160241,500 E 33rd St,500 E 33RD ST,DOUGLAS,Multifamily Housing,1956,1,41.8348429,-87.61339,row_2022,412035,1,1956,14601.5,T1,high,
160242,737 E 83rd Pl,737 E 83RD PL,CHATHAM,,,,41.743539,-87.60603,row_2020,641400,1,1978,2341.4,T1,high,
160243,765 W Adams St,765 W ADAMS ST,NEAR WEST SIDE,Multifamily Housing,2015,1,41.8791172,-87.6466072,row_2022,815116,1,,159.6,T1,high,
160244,1040 W Adams St,1040 W ADAMS ST,NEAR WEST SIDE,Multifamily Housing,2005,1,41.8792243,-87.6535842,row_2022,358446,1,1916,109837.1,coord_pip,medium,
160246,6415 S Calumet Ave,6415 S CALUMET AVE,GREATER GRAND CROSSING,Multifamily Housing,1952,36,41.7780463,-87.6171315,row_2022,537679,1,,1629.1,T1,high,
160248,305 N. Canal St,305 N CANAL ST,NEAR WEST SIDE,Multifamily Housing,2006,1,41.886954,-87.639858,row_2017,834536,1,2005,14652.7,coord_nearest,medium,"year guard: coord_nearest candidate 894394 built 2015, property built 2006; nearest footprint 29 m from the trusted coordinate"
160257,1130 N Dearborn St,1130 N DEARBORN ST,NEAR NORTH SIDE,Multifamily Housing,1976,1,41.9028428,-87.6301003,row_2022,322545,1,1974,10512.4,T1,high,
160258,6718 S. East End,6718 S EAST END,SOUTH SHORE,Multifamily Housing,1925,21,41.7730852,-87.5843396,row_2017,555548,1,1908,1766.8,T1,high,
160260,441 E Erie St,441 E ERIE ST,NEAR NORTH SIDE,Multifamily Housing,1985,1,41.8941612,-87.616202,row_2022,880959,1,,51750.5,T2,low,direction W vs E; 1841 m from the trusted coordinate
160262,2960 S Federal St,2960 S FEDERAL ST,DOUGLAS,Multifamily Housing,1950,17,41.8403502,-87.6291749,row_2022,403222,1,,6655.5,T1,high,
160264,365 N Halsted St,365 N HALSTED ST,WEST TOWN,Multifamily Housing,2011,1,41.8886812,-87.6474228,row_2022,893254,1,2013,33764.3,T1,high,
160266,469 West Huron St,469 W HURON ST,NEAR NORTH SIDE,Multifamily Housing,2010,1,41.8945933,-87.6412414,row_2022,892475,1,2010,26130.5,coord_pip,medium,
160270,520 N Kingsbury St,520 N KINGSBURY ST,NEAR NORTH SIDE,Multifamily Housing,2007,1,41.8912308,-87.639846,row_2022,836179,1,2005,32976.5,T1,high,
160277,208 S LaSalle St,208 S LA SALLE ST,LOOP,Hotel,1911,1,41.8791099,-87.6324304,row_2022,358801,1,1914,52088.1,T1,high,
160278,2851 S King Dr,2851 S DR MARTIN LUTHER KING JR DR,DOUGLAS,Multifamily Housing,1960,1,41.8421369,-87.6170582,row_2022,398885,1,1961,14505.5,T1,high,
160279,151 - 155 N Michigan Ave,151-155 N MICHIGAN AVE,LOOP,Multifamily Housing,1982,1,41.8845401,-87.6243085,row_2022,353205,1,1982,19246,T1,high,"year guard: address candidate 860335 built 2006, property built 1982"
160280,118 E Erie St,118 E ERIE ST,NEAR NORTH SIDE,Multifamily Housing,2012,1,41.8942429,-87.6244086,row_2022,892077,1,2012,9069.2,coord_nearest,medium,nearest footprint 8 m from the trusted coordinate
160283,345 E Ohio St,345 E OHIO ST,NEAR NORTH SIDE,Multifamily Housing,2006,1,41.8925183,-87.6185024,row_2022,836180,1,2005,30307.5,T1,high,
160284,1255 S Michigan Ave,1255 S MICHIGAN AVE,NEAR SOUTH SIDE,Multifamily Housing,2006,2,41.8659753,-87.6239706,row_2022,834949,1,2005,42903.8,T1,high,
160285,2001 S Michigan Ave,2001 S MICHIGAN AVE,NEAR SOUTH SIDE,Multifamily Housing,1969,1,41.855432,-87.6237282,row_2022,381726,1,1970,15782.4,T1,high,
160286,4643 S Wabash,4643 S WABASH,GRAND BOULEVARD,Multifamily Housing,1936,1,41.8098036,-87.6243272,row_2022,440410,1,,69150.6,coord_nearest,medium,"year guard: coord_nearest candidate 443633 built 1968, property built 1936; year guard: coord_nearest candidate 855959 built 2006, property built 1936; nearest footprint 4 m from the trusted coordinate"
160287,826 W Montrose Ave,826 W MONTROSE AVE,UPTOWN,Multifamily Housing,2018,1,41.9619369,-87.6509723,row_2022,,0,,,none,none,"built 2018, after the City's 2015 footprint layer: no footprint in it can be this building"
160293,33 W Ontario St,33 W ONTARIO ST,NEAR NORTH SIDE,Multifamily Housing,2003,1,41.8931418,-87.6295306,row_2022,815144,1,2003,34080,T1,high,
160294,1629 S Prairie Ave,1629 S PRAIRIE AVE,NEAR SOUTH SIDE,Multifamily Housing,2013,1,41.8596484,-87.6206605,row_2022,886006,1,,20398.5,T1,high,
160296,5441 N East River Rd,5441 N EAST RIVER RD,OHARE,Multifamily Housing,1992,5,41.9783071,-87.8463156,row_2022,838053,1,,13599.6,T1,high,
160297,150 W Roosevelt Rd,150 W ROOSEVELT RD,LOOP,Mixed Use Property,2009,1,41.8674527,-87.6323342,row_2022,891753,1,2010,28877.9,coord_nearest,medium,nearest footprint 23 m from the trusted coordinate
160299,111 W WACKER DR,111 W WACKER DR,LOOP,Multifamily Housing,2014,1,41.8867068,-87.631408,row_2022,351639,1,1970,33622.9,T2,low,direction E vs W; 637 m from the trusted coordinate
160300,750 N Rush St,750 N RUSH ST,NEAR NORTH SIDE,Multifamily Housing,1992,1,41.8964553,-87.6256452,row_2022,337830,1,1989,17885.6,coord_pip,medium,
160304,360 E South Water St,360 E SOUTH WATER ST,LOOP,Multifamily Housing,2007,1,41.8866175,-87.6186717,row_2022,883628,1,2007,12787.2,T1,high,
160305,550 N St Clair St,550 N ST CLAIR ST,NEAR NORTH SIDE,Multifamily Housing,2008,1,41.8925136,-87.6228347,row_2022,847025,1,2007,9420.6,coord_nearest,medium,nearest footprint 7 m from the trusted coordinate
160319,500 N Lake Shore Dr,500 N LAKE SHORE DR,NEAR NORTH SIDE,Multifamily Housing,2013,1,41.8911183,-87.6143847,row_2022,893335,1,2013,28647.6,T1,high,
160321,345 E Wacker Dr,345 E WACKER DR,LOOP,Multifamily Housing,2013,1,41.8874949,-87.6186727,row_2022,351992,1,1989,12701.4,coord_nearest,low,nearest footprint 47 m from the trusted coordinate
160322,210 N Wells St,210 N WELLS ST,LOOP,Multifamily Housing,2010,1,41.8860284,-87.634085,row_2022,353097,1,,357.5,coord_nearest,medium,nearest footprint 24 m from the trusted coordinate
160323,1 E 8th St,1 E 8TH ST,LOOP,Multifamily Housing,2008,1,41.8716978,-87.6274845,row_2022,888817,1,2009,34011.7,T1,high,
160325,300 E 26TH ST,300 E 26TH ST,NEAR SOUTH SIDE,Multifamily Housing,2009,1,41.8457959,-87.6204034,row_2022,892858,1,2009,11881.1,T1,high,
160326,1010 W 35TH ST,1010 W 35TH ST,BRIDGEPORT,Office,1970,1,41.8307881,-87.6514559,row_2022,417575,1,1957,1563.1,coord_nearest,medium,"year guard: address candidate 857437 built 2006, property built 1970; year guard: coord_nearest candidate 857438 built 2006, property built 1970; year guard: coord_nearest candidate 890243 built 2008, property built 1970; nearest footprint 14 m from the trusted coordinate"
160329,50 W 71st St,50 W 71ST ST,GREATER GRAND CROSSING,,,,41.7655526,-87.6268248,row_2022,573315,1,1965,12217.3,coord_nearest,medium,nearest footprint 9 m from the trusted coordinate
160330,901 E 104th St,901 E 104TH ST,PULLMAN,Multifamily Housing,1920,6,41.7055666,-87.601074,row_2022,734178,1,,98346.2,T1,high,
160336,1401 S Blue Island Ave,1401 S BLUE ISLAND AVE,NEAR WEST SIDE,,,,41.8633537,-87.6563005,row_2022,374335,1,,48923.1,T1,high,
160341,247 E Chestnut St,247 E CHESTNUT ST,NEAR NORTH SIDE,Multifamily Housing,1955,1,41.8983367,-87.6200196,row_2022,813566,1,,33804.3,coord_nearest,medium,"year guard: address candidate 813569 built 1965, property built 1955; year guard: coord_nearest candidate 331720 built 1961, property built 1955; year guard: coord_nearest candidate 331877 built 1966, property built 1955; year guard: coord_nearest candidate 815077 built 1969, property built 1955; year guard: coord_nearest candidate 825100 built 2003, property built 1955; year guard: coord_nearest candidate 867961 built 2006, property built 1955; year guard: coord_nearest candidate 891323 built 1961, property built 1955; nearest footprint 22 m from the trusted coordinate"
160342,200 E Chestnut St,200 E CHESTNUT ST,NEAR NORTH SIDE,Multifamily Housing,1922,1,41.8985303,-87.6217774,row_2022,877659,1,,13382.4,T1,high,
160343,100 W Chestnut St,100 W CHESTNUT ST,NEAR NORTH SIDE,Multifamily Housing,1983,1,41.8980795,-87.6313544,row_2022,332257,1,1927,3506.1,T2,low,direction E vs W; 470 m from the trusted coordinate
160345,4550 N Clarendon Ave,4550 N CLARENDON AVE,UPTOWN,Multifamily Housing,1970,2,41.9652022,-87.6501581,row_2022,113670,1,1971,55478,T1,high,
160347,642 S Clark St,642 S CLARK ST,LOOP,,,,41.8737107,-87.6307971,row_2022,343199,1,,4204.5,T2,low,direction N vs S; 2219 m from the trusted coordinate
160348,720 S. Clark Street,720 S CLARK ST,LOOP,Multifamily Housing,2008,1,41.8727605,-87.6309526,row_2017,886002,1,2008,31604.6,T1,high,
160349,850 S CLARK ST,850 S CLARK ST,LOOP,Multifamily Housing,2014,1,41.8713502,-87.6307328,row_2022,367029,1,1949,19008.9,coord_nearest,low,nearest footprint 31 m from the trusted coordinate
160354,750 N Dearborn St,750 N DEARBORN ST,NEAR NORTH SIDE,Multifamily Housing,1981,1,41.8964117,-87.6299178,row_2022,880557,1,,26585.9,coord_nearest,medium,"year guard: coord_nearest candidate 339639 built 1994, property built 1981; year guard: coord_nearest candidate 834564 built 2005, property built 1981; nearest footprint 0 m from the trusted coordinate"
160355,1133 N Dearborn St,1133 N DEARBORN ST,NEAR NORTH SIDE,Multifamily Housing,1992,1,41.902909,-87.6298084,row_2022,322492,1,1988,23415.1,T1,high,
160363,222 W Erie St,222 W ERIE ST,NEAR NORTH SIDE,Multifamily Housing,2010,1,41.8940869,-87.6351422,row_2022,891792,1,2010,17795.1,coord_pip,medium,
160368,550 N Kingsbury St,550 N KINGSBURY ST,NEAR NORTH SIDE,Multifamily Housing,1905,1,41.8918135,-87.6402794,row_2022,346350,1,,53544.4,T1,high,
160369,6040 S HARPER AVE,6040 S HARPER AVE,WOODLAWN,Multifamily Housing,1974,9,41.7847838,-87.588289,row_2022,513686,1,1974,14804.8,T1,high,
160370,2025 W Granville Ave,2025 W GRANVILLE AVE,WEST RIDGE,Multifamily Housing,1960,4,41.9941358,-87.6808893,row_2022,33572,1,,11977.6,T1,high,
160372,71 W Hubbard St,71 W HUBBARD ST,NEAR NORTH SIDE,Multifamily Housing,2013,1,41.8899146,-87.6308284,row_2022,893575,1,2013,10618.2,T1,high,
160373,360 W Hubbard St,360 W HUBBARD ST,NEAR NORTH SIDE,Multifamily Housing,2013,1,41.8900418,-87.6378686,row_2022,349571,1,1939,26721.6,coord_pip,medium,
160375,77 W Huron St,77 W HURON ST,NEAR NORTH SIDE,,,,41.8947244,-87.6311259,row_2022,880563,1,,13159.4,T1,high,
160379,200 E Illinios St,200 E ILLINIOS ST,NEAR NORTH SIDE,Multifamily Housing,2014,1,41.8910699,-87.6226194,row_2022,814030,1,1935,12149.5,coord_nearest,medium,street 'ILLINIOS' is not in the footprint table; nearest footprint 13 m from the trusted coordinate
160381,220 W Illinois St,220 W ILLINOIS ST,NEAR NORTH SIDE,,,,41.8908838,-87.6349741,row_2022,348643,1,1972,638,coord_nearest,medium,nearest footprint 12 m from the trusted coordinate
160383,2631 S Indiana Ave,2631 S INDIANA AVE,DOUGLAS,Multifamily Housing,1972,1,41.8447471,-87.621967,row_2022,396510,1,,452.5,coord_nearest,medium,nearest footprint 1 m from the trusted coordinate
160388,161 W Kinzie St,161 W KINZIE ST,NEAR NORTH SIDE,Multifamily Housing,2009,1,41.8890621,-87.6334852,row_2022,891915,1,2010,16557.8,T1,high,
160392,1120 N LaSalle St,1120 N LA SALLE ST,NEAR NORTH SIDE,Multifamily Housing,1988,1,41.902467,-87.6330223,row_2022,837360,1,1981,40806.9,coord_nearest,medium,"year guard: coord_nearest candidate 837361 built 1995, property built 1988; nearest footprint 11 m from the trusted coordinate"
160394,1020 W LAWRENCE AVE,1020 W LAWRENCE AVE,UPTOWN,Multifamily Housing,1935,1,41.9691874,-87.6557336,row_2022,100657,1,1935,16027.4,coord_pip,medium,
160395,305 W Fullerton Pkwy,305 W FULLERTON PKWY,LINCOLN PARK,,,,41.9255421,-87.6368046,row_2022,261475,1,,15950.6,coord_pip,medium,
160397,1324 S Loomis St,1324 S LOOMIS ST,NEAR WEST SIDE,Multifamily Housing,1997,26,41.864358,-87.6616435,row_2022,373055,1,,20403.3,T1,high,
160399,400 N McClurg Ct,400 N MCCLURG CT,NEAR NORTH SIDE,Multifamily Housing,1950,1,41.8891185,-87.6177549,row_2022,876354,1,,1048.6,coord_nearest,low,"year guard: address candidate 350578 built 1989, property built 1950; year guard: coord_nearest candidate 348534 built 1989, property built 1950; year guard: coord_nearest candidate 814171 built 2004, property built 1950; year guard: coord_nearest candidate 876352 built 1996, property built 1950; nearest footprint 69 m from the trusted coordinate"
160411,7717 North Paulina,7717 N PAULINA,ROGERS PARK,Multifamily Housing,1921,1,42.0217199,-87.6727222,row_2017,123,1,1924,7202.8,T1,high,
160412,26 E Pearson St,26 E PEARSON ST,NEAR NORTH SIDE,,,,41.8976461,-87.6271158,row_2022,861068,1,,10430.3,T1,high,
160414,32 W RANDOLPH ST,32 W RANDOLPH ST,LOOP,,,,41.8845929,-87.6290895,row_2022,814395,1,1926,23476.6,T1,high,
160419,6400 N Sherdian Rd,6400 N SHERDIAN RD,ROGERS PARK,Multifamily Housing,1970,1,41.9982179,-87.6606953,row_2022,24225,1,1968,9276.1,coord_nearest,medium,"street 'SHERDIAN' is not in the footprint table; year guard: coord_nearest candidate 25183 built 1995, property built 1970; year guard: coord_nearest candidate 25545 built 1985, property built 1970; nearest footprint 22 m from the trusted coordinate"
160422,505 N State St,505 N STATE ST,NEAR NORTH SIDE,Multifamily Housing,2010,1,41.8910552,-87.6278976,row_2022,891310,1,2010,15338.1,T1,high,
160425,850 N State St,850 N STATE ST,NEAR NORTH SIDE,Multifamily Housing,1982,1,41.8981604,-87.6283871,row_2022,815622,1,1981,26397.4,T1,high,
160427,5844 S Stony Island Ave,5844 S STONY ISLAND AVE,HYDE PARK,Multifamily Housing,1929,1,41.7883672,-87.5867904,row_2022,500556,1,1926,14562.3,T1,high,
160429,318 S THROOP ST,318 S THROOP ST,NEAR WEST SIDE,,,,41.8771777,-87.659581,row_2022,361584,1,,12200.9,T1,high,
160434,63 E Lake St,63 E LAKE ST,LOOP,,,,41.8856197,-87.6257604,row_2022,814341,1,1927,11870.8,T2,medium,direction W vs E; 0 m from the trusted coordinate
160436,747 N Wabash Ave,747 N WABASH AVE,NEAR NORTH SIDE,Multifamily Housing,2005,1,41.8963029,-87.626695,row_2022,836109,1,2005,17925.3,T1,high,
160438,155 N Wacker Dr,155 N WACKER DR,LOOP,Office,2009,1,41.8846156,-87.6366824,row_2022,880172,1,1954,24322.9,coord_pip,medium,
160440,55 E WASHINGTON ST,55 E WASHINGTON ST,LOOP,,,,41.8831117,-87.625851,row_2022,355581,1,1965,29855.4,T2,low,direction W vs E; 307 m from the trusted coordinate
160444,1225 N Wells St,1225 N WELLS ST,NEAR NORTH SIDE,Multifamily Housing,2012,1,41.9046505,-87.6343607,row_2022,875999,1,1970,21290.9,T1,high,
160445,1350 N Wells St,1350 N WELLS ST,NEAR NORTH SIDE,Multifamily Housing,1989,1,41.9071764,-87.6347378,row_2022,881567,1,,43503.9,T1,high,
160448,606 E WOODLAND PARK AVE,606 E WOODLAND PARK AVE,DOUGLAS,,,,41.8323826,-87.6108543,row_2022,415347,1,,15019,T1,high,
160450,840 W Blackhawk St,840 W BLACKHAWK ST,NEAR NORTH SIDE,Multifamily Housing,2012,1,41.9086564,-87.6498433,row_2022,883126,1,,15230.6,coord_nearest,medium,nearest footprint 22 m from the trusted coordinate
160451,50 E Chestnut St,50 E CHESTNUT ST,NEAR NORTH SIDE,Multifamily Housing,2007,1,41.898465,-87.6263325,row_2022,885970,1,2006,14095,T1,high,
160453,3740 N Halsted St,3740 N HALSTED ST,LAKE VIEW,Multifamily Housing,2014,1,41.9502904,-87.6497315,row_2022,837081,1,2005,4424.3,T2,low,direction S vs N; 13753 m from the trusted coordinate
160454,320 W Illinois St,320 W ILLINOIS ST,NEAR NORTH SIDE,Multifamily Housing,1985,1,41.8908614,-87.6365037,row_2022,888821,1,,53083.5,T2,low,direction E vs W; 1424 m from the trusted coordinate
160455,28 E Jackson Blvd,28 E JACKSON BLVD,LOOP,Multifamily Housing,1911,2,41.8783416,-87.626675,row_2022,358653,1,1910,6567.6,coord_pip,medium,
160954,950 E 59TH,950 E 59TH,HYDE PARK,Laboratory,1963,1,41.787764,-87.602285,row_2019,815642,1,1929,390774.2,coord_nearest,medium,nearest footprint 16 m from the trusted coordinate
161053,1000 - 1008 W Loyola Ave,1000-1008 W LOYOLA AVE,ROGERS PARK,,,,42.0016947,-87.656651,row_2022,18790,1,1924,6674.8,T1,high,
161103,618 S Michigan Ave,618 S MICHIGAN AVE,LOOP,College/University,1925,1,41.8740154,-87.624369,row_2022,364630,1,1907,11730.5,coord_nearest,medium,"year guard: address candidate 815091 built 1949, property built 1925; year guard: coord_nearest candidate 814906 built 1930, property built 1925; year guard: coord_nearest candidate 814908 built 1930, property built 1925; year guard: coord_nearest candidate 834529 built 1958, property built 1925; year guard: coord_nearest candidate 892859 built 2007, property built 1925; nearest footprint 16 m from the trusted coordinate"
161131,731 S Plymouth Ct,731 S PLYMOUTH CT,LOOP,Multifamily Housing,1913,1,41.8727298,-87.6284991,row_2022,870406,1,1896,19338.9,T1,high,
161145,624 S Michigan Ave,624 S MICHIGAN AVE,LOOP,College/University,1960,1,41.8738965,-87.6243656,row_2022,814918,1,1910,13999.5,T1,high,
161147,72 E 11th St,72 E 11TH ST,LOOP,College/University,1927,1,41.8694038,-87.6248371,row_2022,369590,1,,11032.5,T1,high,
161150,1104 S Wabash Ave,1104 S WABASH AVE,LOOP,College/University,1960,,41.8690625,-87.6260158,row_2022,370125,1,1893,21274.1,T1,high,
161181,820 N LaSalle St,820 N LA SALLE ST,NEAR NORTH SIDE,College/University,1938,1,41.8972544,-87.6328684,row_2022,335439,1,1937,8509.3,coord_nearest,medium,"1 in-range footprint(s) on the same-named street of another type ignored; year guard: coord_nearest candidate 815868 built 2000, property built 1938; year guard: coord_nearest candidate 861206 built 2006, property built 1938; nearest footprint 8 m from the trusted coordinate"
161204,3241 S Michigan Ave,3241 S MICHIGAN AVE,DOUGLAS,,,,41.8352822,-87.6232012,row_2022,410286,1,,111856.1,T1,high,
161225,6010 S Throop St,6010 S THROOP ST,WEST ENGLEWOOD,,,,41.7846565,-87.6572053,row_2022,515018,1,,20021,T1,high,
161305,8344 S Commercial Ave,8344 S COMMERCIAL AVE,SOUTH CHICAGO,,,,41.7437497,-87.5518981,row_2022,637017,1,1980,25794.7,T1,high,
161628,851 W Waveland Ave,851 W WAVELAND AVE,LAKE VIEW,K-12 School,1913,2,41.9489765,-87.6515375,row_2022,168633,1,1903,5265.9,coord_nearest,medium,"year guard: address candidate 170815 built 1936, property built 1913; year guard: coord_nearest candidate 168358 built 1990, property built 1913; year guard: coord_nearest candidate 890046 built 2008, property built 1913; year guard: coord_nearest candidate 890138 built 2009, property built 1913; nearest footprint 24 m from the trusted coordinate"
161872,6938 S E End Ave,6938 S EAST END AVE,SOUTH SHORE,,,,41.76891,-87.58331,covered_list,564914,1,1917,31905,T1,high,
161901,11710 S Morgan St,11710 S MORGAN ST,WEST PULLMAN,K-12 School,1965,2,41.6810069,-87.6470299,row_2022,789177,1,,28247.3,T1,high,
162083,3645 W. Chicago,3645 W CHICAGO,HUMBOLDT PARK,K-12 School,2007,1,41.8952244,-87.7181572,row_2015,830974,1,,22192.3,T1,high,
162209,6105 S Michigan Ave,6105 S MICHIGAN AVE,WASHINGTON PARK,K-12 School,1937,1,41.7835946,-87.6220312,row_2022,868420,1,,19129.4,T1,high,
162224,5416 S Cornell Ave,5416 S CORNELL AVE,HYDE PARK,College/University,2006,1,41.7976123,-87.5856148,row_2022,837688,1,2005,34337.8,T1,high,
162258,541 W Hawthorne Pl,541 W HAWTHORNE PL,LAKE VIEW,,,,41.9444296,-87.6429366,row_2022,188601,1,1970,24300.6,T1,high,
162296,2828 W Pratt Blvd,2828 W PRATT BLVD,WEST RIDGE,,,,42.0056073,-87.7012053,row_2020,14789,1,1967,30268.3,T1,high,
162318,1255 N Noble St,1255 N NOBLE ST,WEST TOWN,,,,41.9049983,-87.6625149,row_2022,317929,1,1959,24963.4,T1,high,
162321,1529 N Dearborn Pkwy,1529 N DEARBORN PKWY,NEAR NORTH SIDE,,,,41.9103323,-87.6300321,row_2022,304738,1,1929,11150.4,coord_nearest,medium,nearest footprint 5 m from the trusted coordinate
162325,860 N LaSalle St,860 N LA SALLE ST,NEAR NORTH SIDE,College/University,1991,1,41.8984455,-87.6329043,row_2022,332318,1,,2443.6,coord_nearest,medium,"1 in-range footprint(s) on the same-named street of another type ignored; year guard: coord_nearest candidate 815868 built 2000, property built 1991; year guard: coord_nearest candidate 861206 built 2006, property built 1991; nearest footprint 15 m from the trusted coordinate"
162351,7500 W Talcott Ave,7500 W TALCOTT AVE,NORWOOD PARK,K-12 School,1962,1,41.9894658,-87.8142107,row_2022,41207,1,,118404.4,T1,high,
162360,7414 N Wolcott Ave,7414 N WOLCOTT AVE,ROGERS PARK,K-12 School,1993,1,42.0170954,-87.6777993,row_2022,1772,1,1992,29032.5,T1,high,
162409,1100 E 55TH ST,1100 E 55TH ST,HYDE PARK,College/University,1967,7,41.7954706,-87.5995684,row_2022,476060,1,,44476,T1,high,
162430,119 S Central Park Blvd,119 S CENTRAL PARK BLVD,EAST GARFIELD PARK,K-12 School,1929,1,41.8789021,-87.7156832,row_2022,359265,1,1928,33322,T1,high,
162804,3539  N HALSTED ST,3539 N HALSTED ST,LAKE VIEW,,,,41.946616,-87.6493169,row_2022,177936,1,1981,13258.2,T1,high,
163223,10909 S Cottage Grove Ave,10909 S COTTAGE GROVE AVE,PULLMAN,Worship Facility,1960,1,41.6960866,-87.6089453,row_2022,757958;760072,2,,75254.1,T1_multi,high,
163266,4611 S ELLIS AVE,4611 S ELLIS AVE,KENWOOD,Worship Facility,1925,1,41.8110362,-87.6015854,row_2022,439487,1,,21742.9,T1,high,
163380,1101 W Jackson Blvd,1101 W JACKSON BLVD,NEAR WEST SIDE,Retail Store,2012,1,41.8777202,-87.65469,row_2022,361098,1,1958,13554.3,coord_nearest,medium,nearest footprint 20 m from the trusted coordinate
163619,211 E Ohio St,211 E OHIO ST,NEAR NORTH SIDE,Multifamily Housing,1982,1,41.8924577,-87.622188,row_2022,345955,1,1985,59262.7,T1,high,
163944,5101 S Keeler Ave,5101 S KEELER AVE,ARCHER HEIGHTS,,,,41.8004039,-87.7281215,row_2022,463903,1,1956,79462.2,T1,high,
163996,2145 N Halsted St,2145 N HALSTED ST,LINCOLN PARK,Pre-school/Daycare,2001,1,41.9213324,-87.6484717,row_2022,385371,1,1959,1351.5,T2,low,"year guard: address candidate 852596 built 2006, property built 2001; direction S vs N; 7597 m from the trusted coordinate"
164090,2258 N Clybourn Ave,2258 N CLYBOURN AVE,LINCOLN PARK,Other - Lodging/Residential,1955,1,41.9228752,-87.6663668,row_2022,268152,1,,18435.6,T1,high,
164102,6400 S Kimbark Ave,6400 S KIMBARK AVE,WOODLAWN,,,,41.7786346,-87.5947552,row_2022,534237,1,,22039.1,T1,high,
164283,929 E 103RD ST,929 E 103RD ST,PULLMAN,,,,41.7074326,-87.6003918,row_2022,730295,1,1956,71309.2,T1,high,
164460,3900 W Peterson Ave,3900 W PETERSON AVE,NORTH PARK,K-12 School,1964,1,41.9902721,-87.7265347,row_2022,41020,1,,72446.2,T1,high,
164512,506  N DESPLAINES ST,506 N DESPLAINES ST,WEST TOWN,,,,41.8914694,-87.644521,row_2022,347242,1,,11883.6,T1,high,
164517,721 N Lasalle St,721 N LA SALLE ST,NEAR NORTH SIDE,Office,1926,1,41.8955751,-87.6325433,row_2022,340338,1,,24061,coord_nearest,medium,"1 in-range footprint(s) on the same-named street of another type ignored; year guard: coord_nearest candidate 813739 built 1974, property built 1926; year guard: coord_nearest candidate 813740 built 1930, property built 1926; year guard: coord_nearest candidate 824936 built 2004, property built 1926; year guard: coord_nearest candidate 832858 built 2005, property built 1926; year guard: coord_nearest candidate 832859 built 2005, property built 1926; year guard: coord_nearest candidate 834559 built 2005, property built 1926; year guard: coord_nearest candidate 834560 built 2005, property built 1926; year guard: coord_nearest candidate 834561 built 2005, property built 1926; year guard: coord_nearest candidate 870874 built 1937, property built 1926; year guard: coord_nearest candidate 888380 built 2008, property built 1926; nearest footprint 8 m from the trusted coordinate"
164537,800 W Lawrence Ave,800 W LAWRENCE AVE,UPTOWN,,,,41.9692611,-87.6504227,row_2022,100405,1,1974,17767.4,T1,high,
164777,840 W Irving Park Rd,840 W IRVING PARK RD,UPTOWN,Medical Office,2006,1,41.9546471,-87.651171,row_2022,868897,1,,11317.7,coord_pip,medium,
164787,9831 S Western Ave,9831 S WESTERN AVE,BEVERLY,Medical Office,1985,1,41.7145545,-87.6817206,row_2022,714623,1,1987,19682.7,T1,high,
164922,850 W Irving Park Rd,850 W IRVING PARK RD,UPTOWN,Hospital (General Medical & Surgical),1981,2,41.9546408,-87.651569,row_2022,868900,1,,16902.6,coord_pip,medium,
164965,2653 W OGDEN AVE,2653 W OGDEN AVE,NORTH LAWNDALE,,,,41.8622732,-87.6927032,row_2022,374939,1,1922,28426.9,T1,high,
164980,5400 N St Louis Ave,5400 N ST LOUIS AVE,NORTH PARK,Office,1964,1,41.9794181,-87.7162162,row_2022,65506,1,,78326.5,T1,high,"year guard: address candidate 891535 built 2009, property built 1964"
164994,415 W FULLERTON PKWY,415 W FULLERTON PKWY,LINCOLN PARK,Multifamily Housing,1928,1,41.9254849,-87.6397946,row_2022,261765,1,1930,15335.8,coord_nearest,medium,"year guard: coord_nearest candidate 259986 built 1966, property built 1928; year guard: coord_nearest candidate 850975 built 1956, property built 1928; nearest footprint 3 m from the trusted coordinate"
165020,7429 7441 S KINGSTON AVE,7429-7441 S KINGSTON AVE,SOUTH SHORE,Multifamily Housing,2000,1,41.7599905,-87.5630153,row_2022,589846,1,,3808.5,coord_nearest,medium,"year guard: address candidate 853392 built 2006, property built 2000; year guard: coord_nearest candidate 864195 built 2006, property built 2000; year guard: coord_nearest candidate 864196 built 2006, property built 2000; year guard: coord_nearest candidate 884654 built 2007, property built 2000; year guard: coord_nearest candidate 884655 built 2007, property built 2000; nearest footprint 1 m from the trusted coordinate"
165062,1300 S Lake Shore Dr,1300 S LAKE SHORE DR,NEAR SOUTH SIDE,Museum,1930,1,41.8657323,-87.6196686,row_2022,371584,1,,54467,T1,high,"year guard: address candidate 815361 built 1965, property built 1930"
165143,1601 N Clark St,1601 N CLARK ST,LINCOLN PARK,,,,41.9113104,-87.6315666,row_2022,298474,1,,53731.3,T1,high,
165224,4626 N Knox Ave,4626 N KNOX AVE,IRVING PARK,,,,41.9652426,-87.7441167,row_2022,114346,1,,31864.1,T1,high,
165253,1850  W ROOSEVELT RD,1850 W ROOSEVELT RD,NEAR WEST SIDE,Office,1955,1,41.8669058,-87.6733159,row_2022,371303,1,,49408.6,T1,high,
165269,908 920 W ARGYLE ST,908-920 W ARGYLE ST,UPTOWN,Senior Living Community,1962,1,41.9734508,-87.652954,row_2022,83769,1,1933,4844,coord_nearest,medium,"year guard: address candidate 84251 built 1974, property built 1962; nearest footprint 19 m from the trusted coordinate"
165274,1211 W MARQUETTE RD,1211 W MARQUETTE RD,WEST ENGLEWOOD,Multifamily Housing,1992,,41.7722161,-87.6547873,row_2022,558959,1,,8576.4,T1,high,
165328,2750 W ROOSEVELT,2750 W ROOSEVELT,NORTH LAWNDALE,Residence Hall/Dormitory,2006,1,41.8666251,-87.6955148,row_2022,859279,1,,34808.8,T1,high,
165353,1340 S CANAL ST,1340 S CANAL ST,NEAR WEST SIDE,Supermarket/Grocery Store,2013,1,41.8645212,-87.6393041,row_2022,373533,1,,72399.1,T1,high,
165425,2320  W 113TH PL,2320 W 113TH PL,MORGAN PARK,Senior Living Community,2006,4,41.6872288,-87.6796469,row_2022,776528,1,,59771.9,T1,high,
165439,610 S Michigan Ave,610 S MICHIGAN AVE,LOOP,College/University,2007,1,41.8741738,-87.6243736,row_2022,892859,1,2007,12571.1,T1,high,
165606,220 E Chicago Ave,220 E CHICAGO AVE,NEAR NORTH SIDE,Museum,1996,2,41.896877,-87.621934,row_2022,335431,1,1995,44738.5,T1,high,
165659,2032 N Clybourn,2032 N CLYBOURN,LINCOLN PARK,,,,41.9182624,-87.6599632,row_2022,281900,1,,48788.1,T1,high,
165664,4740 N Western Ave,4740 N WESTERN AVE,LINCOLN SQUARE,Mixed Use Property,1927,1,41.967962,-87.6890321,row_2022,884063,1,1930,10454.8,T1,high,
165717,930 N Wells St,930 N WELLS ST,NEAR NORTH SIDE,College/University,1990,1,41.8998643,-87.6344736,row_2022,328015,1,,52610.9,T1,high,
165722,140 E Walton Pl,140 E WALTON PL,NEAR NORTH SIDE,Hotel,1920,1,41.9001185,-87.6239805,row_2022,326851,1,1920,63625,T1,high,
165730,140 N Ashland Ave,140 N ASHLAND AVE,NEAR WEST SIDE,,,,41.8845142,-87.6670421,row_2022,353858,1,1971,29489.1,T1,high,
165812,3039 E 91ST ST,3039 E 91ST ST,SOUTH CHICAGO,Multifamily Housing,1925,1,41.7299821,-87.549716,row_2022,682098,1,,29537.9,T1,high,
165819,5000 5016 S INDIANA AVE,5000-5016 S INDIANA AVE,GRAND BOULEVARD,,,,41.8037545,-87.6212171,row_2022,455407,1,,20787.2,T1,high,
165827,3757 S Wabash Ave,3757 S WABASH AVE,DOUGLAS,Other - Lodging/Residential,1911,1,41.8257826,-87.6247031,row_2022,423001,1,,14015.5,T1,high,
165924,600 W Diversey Pkwy,600 W DIVERSEY PKWY,LAKE VIEW,Multifamily Housing,1982,1,41.9329215,-87.6443485,row_2022,875327,1,1926,51744,T1,high,
166122,1628 W Washington Blvd,1628 W WASHINGTON BLVD,NEAR WEST SIDE,K-12 School,1928,2,41.8833894,-87.6680795,row_2022,354806,1,,100476.5,coord_pip,medium,
166134,1200 S Lake Shore Dr,1200 S LAKE SHORE DR,NEAR SOUTH SIDE,Other,1929,1,41.8674842,-87.6191504,row_2022,370695,1,,167076.9,T1,high,
166264,525 S State St,525 S STATE ST,LOOP,Other - Lodging/Residential,2004,1,41.8751791,-87.6274738,row_2022,825026,1,2004,53883.1,T1,high,
166543,4501 W North Ave,4501 W NORTH AVE,HUMBOLDT PARK,Retail Store,2009,1,41.9096004,-87.7393565,row_2022,892635,1,2010,212870.3,T1,high,
166547,750 E 40th St,750 E 40TH ST,GRAND BOULEVARD,,,,41.821602,-87.6077919,row_2022,426746,1,,32360.5,T1,high,
166787,110 W Madison St,110 W MADISON ST,LOOP,,,,41.8820844,-87.6312354,row_2022,814552,1,1906,12653.2,T1,high,
167479,2650 2700 N CLARK ST,2650-2700 N CLARK ST,LINCOLN PARK,,,,41.930833,-87.6441354,row_2022,835283,1,2005,27605.7,coord_nearest,medium,nearest footprint 0 m from the trusted coordinate
167562,2016 N Orchard St,2016 N ORCHARD ST,LINCOLN PARK,K-12 School,1899,4,41.9187266,-87.6462834,row_2022,279980,1,,48212,coord_nearest,medium,"year guard: coord_nearest candidate 284405 built 1998, property built 1899; nearest footprint 1 m from the trusted coordinate"
167641,4217 W 18th St,4217 W 18TH ST,NORTH LAWNDALE,,,,41.8568519,-87.7304912,row_2022,380402,1,,88257.9,coord_nearest,medium,nearest footprint 13 m from the trusted coordinate
168174,4136 S California Ave,4136 S CALIFORNIA AVE,BRIGHTON PARK,K-12 School,1928,2,41.818711,-87.6946748,row_2022,430397,1,1923,1390.5,coord_nearest,low,"year guard: address candidate 144142 built 1970, property built 1928; year guard: coord_pip candidate 856225 built 2006, property built 1928; nearest footprint 54 m from the trusted coordinate"
168225,2970 N SHERIDAN RD,2970 N SHERIDAN RD,LAKE VIEW,Multifamily Housing,1925,1,41.9363668,-87.6395725,row_2022,222536,1,1928,15213.8,T1,high,
168367,600 S Federal St,600 S FEDERAL ST,LOOP,Data Center,1912,1,41.8744721,-87.6298132,row_2022,824181,1,1909,9076.1,T1,high,
168538,401 465 E Illinois St,401-465 E ILLINOIS ST,NEAR NORTH SIDE,Multifamily Housing,1905,1,41.8909436,-87.6175406,row_2022,348403,1,1908,76811.2,T1,high,
171878,1501 N Oakley Blvd,1501 N OAKLEY BLVD,WEST TOWN,,,,41.9086212,-87.6845878,row_2022,309210,1,1958,31865.7,T1,high,
171880,515 517 N NOBLE ST,515-517 N NOBLE ST,WEST TOWN,Multifamily Housing,1989,1,41.8915215,-87.6621323,row_2022,346845,1,1886,21139.3,T1,high,
171886,2636 2644 W NORTH AVE,2636-2644 W NORTH AVE,WEST TOWN,Multifamily Housing,2008,1,41.9103614,-87.6936201,row_2022,887815,1,2007,11430.4,T1,high,
171887,1824 N SPAULDING AVE,1824 N SPAULDING AVE,LOGAN SQUARE,Multifamily Housing,2015,1,41.9144873,-87.7103519,row_2022,820527,1,1917,14635.6,T1,high,
171924,4640 S Halsted St,4640 S HALSTED ST,NEW CITY,Supermarket/Grocery Store,1955,1,41.8096298,-87.6457076,row_2022,444441,1,1879,1063.2,coord_nearest,low,"year guard: address candidate 440664 built 1963, property built 1955; year guard: coord_nearest candidate 443853 built 1990, property built 1955; year guard: coord_nearest candidate 855821 built 2006, property built 1955; year guard: coord_nearest candidate 855822 built 2006, property built 1955; year guard: coord_nearest candidate 855823 built 2006, property built 1955; nearest footprint 52 m from the trusted coordinate"
171956,465 W CERMAK RD,465 W CERMAK RD,ARMOUR SQUARE,,,,41.8526705,-87.6393702,row_2022,385737,1,,59754.3,T1,high,
171972,3045 3101 W 26TH ST,3045-3101 W 26TH ST,SOUTH LAWNDALE,,,,41.8444693,-87.7019302,row_2022,397482,1,1968,105694.5,T1,high,
171991,6449 S. Kilbourn Ave.,6449 S KILBOURN AVE,WEST LAWN,Other,1950,6,41.77587,-87.73484,covered_list,545532,1,,515.9,coord_nearest,low,"year guard: coord_nearest candidate 544029 built 1959, property built 1950; year guard: coord_nearest candidate 544051 built 1959, property built 1950; year guard: coord_nearest candidate 544052 built 1959, property built 1950; year guard: coord_nearest candidate 545765 built 1963, property built 1950; year guard: coord_nearest candidate 546134 built 1958, property built 1950; year guard: coord_nearest candidate 546140 built 1958, property built 1950; year guard: coord_nearest candidate 546148 built 1958, property built 1950; year guard: coord_nearest candidate 546235 built 1958, property built 1950; year guard: coord_nearest candidate 546255 built 1958, property built 1950; year guard: coord_nearest candidate 546334 built 1958, property built 1950; year guard: coord_nearest candidate 548014 built 1958, property built 1950; year guard: coord_nearest candidate 548033 built 1958, property built 1950; year guard: coord_nearest candidate 548034 built 1958, property built 1950; year guard: coord_nearest candidate 548062 built 1958, property built 1950; year guard: coord_nearest candidate 548063 built 1958, property built 1950; nearest footprint 38 m from the trusted coordinate"
171995,7000 7010 S Pulaski Rd,7000-7010 S PULASKI RD,WEST LAWN,Strip Mall,1985,1,41.7658813,-87.7225872,row_2022,574817,1,1948,69394,T1,high,
172037,1422 1424 W 47TH ST,1422-1424 W 47TH ST,NEW CITY,Strip Mall,1947,1,41.8087655,-87.6611701,row_2022,442325,1,1947,58490.1,T1,high,
172051,2601 W 63rd St,2601 W 63RD ST,CHICAGO LAWN,,,,41.7790775,-87.6885819,row_2022,534503,1,1928,4635,T1,high,
172053,7901 S Sangamon St,7901 S SANGAMON ST,AUBURN GRESHAM,,,,41.7505805,-87.6475353,row_2022,616190,1,1926,22219.4,T1,high,
172055,6727 S California Ave,6727 S CALIFORNIA AVE,CHICAGO LAWN,K-12 School,1951,1,41.7709882,-87.6930386,row_2022,560685,1,,62336.5,T1,high,"year guard: address candidate 16907 built 1960, property built 1951"
172056,1230  W 76TH ST,1230 W 76TH ST,AUBURN GRESHAM,,,,41.7561624,-87.6551139,row_2022,598516,1,1996,57393.6,T1,high,
172064,4300  W FORD CITY DR,4300 W FORD CITY DR,WEST LAWN,,,,41.7533187,-87.7300697,row_2022,606498;607270,2,1970,19684.7,T1_multi,high,
172065,8101 8141 S CICERO AVE,8101-8141 S CICERO AVE,ASHBURN,Strip Mall,1950,1,41.7455136,-87.7410839,row_2022,,0,,,none,none,"year guard: address candidate 637186 built 1972, property built 1950; year guard: coord_nearest candidate 893921 built 2008, property built 1950; no footprint within 75 m of the trusted coordinate"
172066,4400 W 83rd St,4400 W 83RD ST,ASHBURN,,,,41.7421176,-87.7314849,row_2022,647622,1,,30132.6,T1,high,
172069,2940  W 87TH ST,2940 W 87TH ST,ASHBURN,Senior Living Community,1999,1,41.7354034,-87.6962529,row_2022,669962,1,1997,18406.9,T1,high,
172078,11030 S Longwood Dr,11030 S LONGWOOD DR,MORGAN PARK,,,,41.6934233,-87.6716925,row_2022,765158,1,,28885.7,T1,high,
172103,21  E CHESTNUT ST,21 E CHESTNUT ST,NEAR NORTH SIDE,Multifamily Housing,1962,1,41.8982271,-87.6273108,row_2022,813575,1,1952,7996,T1,high,
172106,55  W CHESTNUT ST,55 W CHESTNUT ST,NEAR NORTH SIDE,Multifamily Housing,1957,1,41.8978697,-87.6303808,row_2022,815532,1,1891,1695.5,coord_nearest,medium,"year guard: address candidate 334585 built 1967, property built 1957; year guard: coord_nearest candidate 332431 built 1997, property built 1957; nearest footprint 17 m from the trusted coordinate"
172110,1260  N DEARBORN ST,1260 N DEARBORN ST,NEAR NORTH SIDE,Multifamily Housing,1929,1,41.9056511,-87.6301838,row_2022,815376,1,1901,14544,coord_nearest,medium,"year guard: address candidate 316694 built 1949, property built 1929; year guard: coord_nearest candidate 315013 built 1997, property built 1929; year guard: coord_nearest candidate 316750 built 1960, property built 1929; year guard: coord_nearest candidate 878084 built 1987, property built 1929; year guard: coord_nearest candidate 878085 built 1987, property built 1929; nearest footprint 11 m from the trusted coordinate"
172114,59 W North Blvd,59 W NORTH BLVD,NEAR NORTH SIDE,,,,41.9110852,-87.6312596,row_2022,303080,1,,28809,T1,high,
172115,999  N LAKE SHORE DR,999 N LAKE SHORE DR,NEAR NORTH SIDE,Multifamily Housing,1912,1,41.9009437,-87.6197079,row_2022,,0,,,none,none,"year guard: address candidate 813461 built 1949, property built 1912; year guard: coord_nearest candidate 327683 built 1974, property built 1912; year guard: coord_nearest candidate 815094 built 1920, property built 1912; no footprint within 75 m of the trusted coordinate; year guard: T3 candidate 837665 built 1953, property built 1912"
172124,1165 N Clark St,1165 N CLARK ST,NEAR NORTH SIDE,Office,1980,1,41.9037398,-87.6312932,row_2022,321053,1,1906,18095.9,T1,high,
172126,1340 1350 W FULLERTON AVE,1340-1350 W FULLERTON AVE,LINCOLN PARK,,,,41.9253452,-87.662169,row_2022,261860,1,1995,17591.9,T1,high,
172128,1609 - 1641 N LaSalle St,1609-1641 N LA SALLE ST,LINCOLN PARK,Worship Facility,1925,1,41.9114683,-87.6330073,row_2022,299355,1,,38860.1,coord_nearest,medium,"2 in-range footprint(s) on the same-named street of another type ignored; year guard: coord_nearest candidate 301759 built 1963, property built 1925; year guard: coord_nearest candidate 303039 built 1990, property built 1925; year guard: coord_nearest candidate 815601 built 1985, property built 1925; year guard: coord_nearest candidate 891305 built 2008, property built 1925; year guard: coord_nearest candidate 892822 built 2008, property built 1925; nearest footprint 7 m from the trusted coordinate"
172129,73  E ELM ST,73 E ELM ST,NEAR NORTH SIDE,Multifamily Housing,1930,1,41.9031182,-87.625875,row_2022,815481,1,1930,5914.9,T1,high,
172130,1220  N STATE PKWY,1220 N STATE PKWY,NEAR NORTH SIDE,Multifamily Housing,1928,1,41.904532,-87.6288461,row_2022,319348,1,1931,4492.5,T1,high,
172131,1765 N ELSTON AVE,1765 N ELSTON AVE,WEST TOWN,Office,2013,1,41.9147426,-87.6649783,row_2022,292164,1,1889,68006.6,T1,high,
172132,1244 N Dearborn St,1244 N DEARBORN ST,NEAR NORTH SIDE,Hotel,1923,1,41.9052153,-87.63017,row_2022,815376,1,1901,14544,coord_nearest,medium,"year guard: address candidate 815377 built 1930, property built 1923; year guard: coord_nearest candidate 316694 built 1949, property built 1923; year guard: coord_nearest candidate 316750 built 1960, property built 1923; year guard: coord_nearest candidate 318554 built 1974, property built 1923; year guard: coord_nearest candidate 878084 built 1987, property built 1923; year guard: coord_nearest candidate 878085 built 1987, property built 1923; year guard: coord_nearest candidate 878101 built 1987, property built 1923; year guard: coord_nearest candidate 878103 built 1987, property built 1923; year guard: coord_nearest candidate 878104 built 1987, property built 1923; year guard: coord_nearest candidate 878106 built 1987, property built 1923; year guard: coord_nearest candidate 878117 built 1987, property built 1923; nearest footprint 7 m from the trusted coordinate"
172137,1000 N STATE ST,1000 N STATE ST,NEAR NORTH SIDE,Multifamily Housing,1970,1,41.9005979,-87.6284599,row_2022,883228;883229;883230;883231;883232;883233;883234;883235;883236;883237;883238;883239;883240;883241;883242,15,,21859.5,T1_multi,high,
172145,6410 - 6428 S Dante Ave,6410-6428 S DANTE AVE,WOODLAWN,,,,41.7784372,-87.589802,row_2022,534024,1,,47015.7,T1,high,
172151,6045 S Kenwood Ave,6045 S KENWOOD AVE,WOODLAWN,Office,2009,1,41.7846761,-87.5929126,row_2022,513272,1,1931,19912.1,T1,high,
172154,6340 S Dorchester Ave,6340 S DORCHESTER AVE,WOODLAWN,Worship Facility,1977,1,41.7793502,-87.5916129,row_2022,528694,1,,88572.9,coord_nearest,medium,nearest footprint 27 m from the trusted coordinate
172157,437  E 60TH ST,437 E 60TH ST,WOODLAWN,,,,41.7856197,-87.6142357,row_2022,511111,1,1984,8377,T1,high,
172167,6013 6031 S INDIANA AVE,6013-6031 S INDIANA AVE,WASHINGTON PARK,Multifamily Housing,1915,1,41.785189,-87.6204568,row_2022,512597,1,1916,18528.4,T1,high,
172169,1443 1447 E 65TH ST,1443-1447 E 65TH ST,WOODLAWN,,,,41.7768348,-87.5891835,row_2022,539513,1,1927,17479.2,T1,high,2 in-range footprint(s) on the same-named street of another type ignored
172177,1551 W 95Th St,1551 W 95TH ST,WASHINGTON HEIGHTS,,,,41.7211092,-87.6624004,row_2022,701290,1,1936,43000.4,T1,high,
172181,8301 S Damen Ave,8301 S DAMEN AVE,AUBURN GRESHAM,,,,41.742855,-87.6728143,row_2022,646612,1,,35435,T1,high,
172221,5109 5151 S PULASKI RD,5109-5151 S PULASKI RD,WEST ELSDON,Strip Mall,1988,2,41.8000915,-87.7232136,row_2022,463827,1,,51838.6,T1,high,
172252,1550  S ALBANY AVE,1550 S ALBANY AVE,NORTH LAWNDALE,Residential Care Facility,1912,1,41.8598705,-87.7031159,row_2022,375919,1,,23914.2,T1,high,
172253,3828 W Taylor St,3828 W TAYLOR ST,WEST GARFIELD PARK,Residential Care Facility,1993,1,41.8690862,-87.7214054,row_2022,370460,1,1993,23065.2,T1,high,
172256,1333 1339 S INDEPENDENCE BLVD,1333-1339 S INDEPENDENCE BLVD,NORTH LAWNDALE,,,,41.8633484,-87.71929,row_2022,374532,1,,18499.1,T1,high,
172276,913 921 W VAN BUREN ST,913-921 W VAN BUREN ST,NEAR WEST SIDE,Multifamily Housing,1920,1,41.8765183,-87.6501172,row_2022,880859,1,1914,20217.8,T1,high,
172289,1214 1222 W MADISON ST,1214-1222 W MADISON ST,NEAR WEST SIDE,Multifamily Housing,2009,5,41.8817145,-87.6577612,row_2022,888296,1,2008,17629,T1,high,
172296,412  S WELLS ST,412 S WELLS ST,LOOP,,,,41.8765126,-87.6338323,row_2022,814852,1,1908,6108.8,T1,high,
172298,122-134 S Aberdeen St,122-134 S ABERDEEN ST,NEAR WEST SIDE,Multifamily Housing,2015,1,41.87964,-87.6547797,row_2022,358551,1,1947,97574.1,T1,high,
172306,900 910 W VANBUREN ST,900-910 W VANBUREN ST,NEAR WEST SIDE,Office,1904,1,41.8767463,-87.6495991,row_2022,362010,1,1904,11151.7,T1,high,
172307,1828  S WENTWORTH AVE,1828 S WENTWORTH AVE,ARMOUR SQUARE,,,,41.8569874,-87.6320141,row_2022,888841,1,2009,8618.7,T1,high,
172318,1307 1325 N CALIFORNIA AVE,1307-1325 N CALIFORNIA AVE,WEST TOWN,Multifamily Housing,1983,1,41.9050049,-87.6967845,row_2022,319298,1,1901,1483.2,T1,high,"6 in-range footprint(s) on the same-named street of another type ignored; year guard: address candidate 318143 built 1988, property built 1983"
172319,2455 W. Ohio St.,2455 W OHIO ST,WEST TOWN,Multifamily Housing,1998,1,,,none,832834,1,1998,29713.9,T1,high,
172343,1200 N Larrabee St,1200 N LARRABEE ST,NEAR NORTH SIDE,Retail Store,2013,1,41.9037696,-87.6433689,row_2022,320668,1,1959,7867.5,coord_nearest,medium,nearest footprint 26 m from the trusted coordinate
172347,925 W HURON ST,925 W HURON ST,WEST TOWN,Multifamily Housing,1910,1,41.8949287,-87.6510818,row_2022,341554,1,1913,23311.9,T1,high,
172379,200 210 S HALSTED ST,200-210 S HALSTED ST,NEAR WEST SIDE,Office,1913,1,41.8791831,-87.6474262,row_2022,359115,1,1916,12439,T1,high,
172380,850 W Adams St,850 W ADAMS ST,NEAR WEST SIDE,Multifamily Housing,1925,1,41.8792936,-87.6493208,row_2022,358584,1,1910,14126.9,coord_pip,medium,
172385,212 S Francisco Ave,212 S FRANCISCO AVE,EAST GARFIELD PARK,Pre-school/Daycare,1995,1,41.8778601,-87.6987754,row_2022,360874,1,1994,29839.5,T1,high,
172387,1132 W BLACKHAWK ST,1132 W BLACKHAWK ST,NEAR NORTH SIDE,,,,41.9072603,-87.6568042,row_2022,314177,1,1953,19568.3,coord_nearest,medium,nearest footprint 24 m from the trusted coordinate
172393,3021 W Carroll Ave,3021 W CARROLL AVE,EAST GARFIELD PARK,,,,41.8874615,-87.7021614,row_2022,881572,1,1906,18006.9,coord_pip,medium,
172394,26 N Halsted St,26 N HALSTED ST,NEAR WEST SIDE,Office,1984,1,41.8825634,-87.6475358,row_2022,355781,1,1984,35647.5,T1,high,
172396,12 S Oakley Blvd,12 S OAKLEY BLVD,NEAR WEST SIDE,,,,41.8808213,-87.6841019,row_2022,358045,1,,17896.1,T1,high,
172401,110 N Carpenter,110 N CARPENTER,NEAR WEST SIDE,Other - Entertainment/Public Assembly,1875,1,41.883365,-87.653256,row_2015,355257,1,,31316.8,coord_nearest,medium,"year guard: coord_nearest candidate 860357 built 2006, property built 1875; nearest footprint 11 m from the trusted coordinate"
172406,2325  W JACKSON BLVD,2325 W JACKSON BLVD,NEAR WEST SIDE,Multifamily Housing,1979,3,41.8774553,-87.6848537,row_2022,361950,1,1977,9469.8,T1,high,
172423,1111 W. DIVISION ST.,1111 W DIVISION ST,NEAR NORTH SIDE,"Repair Services (Vehicle, Shoe, Locksmith, etc.)",1999,1,41.9031243,-87.655894,row_2016,885856,1,,55178.8,T1,high,
172443,1515 W Monroe St,1515 W MONROE ST,NEAR WEST SIDE,Multifamily Housing,2018,2,41.8800857,-87.6650544,row_2022,,0,,,none,none,"built 2018, after the City's 2015 footprint layer: no footprint in it can be this building"
172448,100 118 N PULASKI RD,100-118 N PULASKI RD,WEST GARFIELD PARK,,,,41.8819856,-87.7258546,row_2022,356595,1,1949,12399.1,T1,high,
172471,4320 4326 W MADISON ST,4320-4326 W MADISON ST,WEST GARFIELD PARK,,,,41.8807389,-87.7339105,row_2022,357847,1,,16743.5,T1,high,
172485,36 50 N MENARD AVE,36-50 N MENARD AVE,AUSTIN,,,,41.8812545,-87.7699406,row_2022,357477;357832,2,1930,19210,T1_multi,high,
172495,1601 N Harlem Ave,1601 N HARLEM AVE,AUSTIN,,,,41.9089364,-87.8056027,row_2022,309318,1,,81770.2,T1,high,
172500,5600 5608 W WASHINGTON BLVD,5600-5608 W WASHINGTON BLVD,AUSTIN,K-12 School,1924,1,41.8823531,-87.7650103,row_2022,356747,1,,37331,T1,high,
172529,5 E 14th Pl,5 E 14TH PL,NEAR SOUTH SIDE,Multifamily Housing,2000,1,41.8623038,-87.6270554,row_2022,815892,1,2000,11322.1,T1,high,
172540,4120  S INDIANA AVE,4120 S INDIANA AVE,GRAND BOULEVARD,,,,41.8195175,-87.6216348,row_2022,428482,1,1981,11476,T1,high,
172541,1631  S MICHIGAN AVE,1631 S MICHIGAN AVE,NEAR SOUTH SIDE,Multifamily Housing,2000,1,41.8593811,-87.6238204,row_2022,821230,1,1900,20765.9,T1,high,
172542,1430  S INDIANA AVE,1430 S INDIANA AVE,NEAR SOUTH SIDE,Multifamily Housing,1982,1,41.863241,-87.6226012,row_2022,871017,1,,6100.2,T1,high,
172544,3440 S DEARBORN ST,3440 S DEARBORN ST,DOUGLAS,Office,1943,1,41.8315964,-87.6279306,row_2022,415615,1,,118066.4,T1,high,
172547,2222 S MICHIGAN AVE,2222 S MICHIGAN AVE,NEAR SOUTH SIDE,,,,41.8521777,-87.623933,row_2022,823798,1,1926,39363.7,T1,high,
172551,201 217 E 16TH ST,201-217 E 16TH ST,NEAR SOUTH SIDE,,,,41.8601677,-87.6223563,row_2022,375646,1,1907,20095.9,T1,high,
172557,3601 3613 S WELLS ST,3601-3613 S WELLS ST,ARMOUR SQUARE,Multifamily Housing,1975,1,41.8289828,-87.6325188,row_2022,418837,1,,159.1,coord_nearest,low,"year guard: address candidate 419500 built 1981, property built 1975; year guard: coord_nearest candidate 417225 built 1989, property built 1975; nearest footprint 50 m from the trusted coordinate"
172565,125  E 21ST ST,125 E 21ST ST,NEAR SOUTH SIDE,,,,41.8541932,-87.6226964,row_2022,383204,1,1914,20205.3,T1,high,
172584,3986 W Barry Ave,3986 W BARRY AVE,AVONDALE,,,,41.9373819,-87.7268241,row_2022,218117,1,1920,29546.9,T1,high,
172592,4628 - 4650 W Diversey Ave,4628-4650 W DIVERSEY AVE,HERMOSA,,,,41.9316877,-87.7430945,row_2022,238832,1,,67643,T1_multi,medium,2 in-range footprints more than 60 m apart; nearest the trusted coordinate kept
172607,1734 1740 N MARSHFIELD AVE,1734-1740 N MARSHFIELD AVE,WEST TOWN,Multifamily Housing,1993,1,41.9134841,-87.6691385,row_2022,295489,1,,19119.6,T1,high,
172608,1737 - 1829 W Fullerton Ave,1737-1829 W FULLERTON AVE,LINCOLN PARK,Retail Store,1997,1,41.9249894,-87.6721517,row_2022,263963,1,,5293.6,T1_multi,medium,4 in-range footprints more than 60 m apart; nearest the trusted coordinate kept
172610,1730 W Fullerton Ave,1730 W FULLERTON AVE,LINCOLN PARK,Strip Mall,1998,1,41.9252123,-87.6719254,row_2022,256446,1,,67600,T1,high,
172611,1850 N Hermitage Ave,1850 N HERMITAGE AVE,LOGAN SQUARE,,,,41.9157389,-87.6716353,row_2022,884831,1,,32892.9,T1,high,
172613,2720 2730 N Greenview Ave,2720-2730 N GREENVIEW AVE,LINCOLN PARK,Multifamily Housing,1986,1,41.9313337,-87.6660919,row_2022,242887,1,1988,19146.9,coord_nearest,medium,"year guard: coord_nearest candidate 243918 built 1991, property built 1986; year guard: coord_nearest candidate 244631 built 1991, property built 1986; year guard: coord_nearest candidate 244775 built 1995, property built 1986; year guard: coord_nearest candidate 244791 built 1998, property built 1986; year guard: coord_nearest candidate 245168 built 1991, property built 1986; year guard: coord_nearest candidate 891074 built 2009, property built 1986; nearest footprint 2 m from the trusted coordinate"
172615,2843 N LINCOLN AVE,2843 N LINCOLN AVE,LAKE VIEW,,,,41.9335907,-87.659936,row_2022,234107,1,1995,14087.7,T1,high,
172617,2033 2045 W CHARLESTON ST,2033-2045 W CHARLESTON ST,LOGAN SQUARE,,,,41.9199077,-87.6790089,row_2022,278706,1,1895,13746.6,T1,high,
172627,3800 N CALIFORNIA AVE,3800 N CALIFORNIA AVE,IRVING PARK,,,,41.950415,-87.6982866,row_2022,865530,1,,40173.6,T1,high,
172637,800 900 W 115TH ST,800-900 W 115TH ST,MORGAN PARK,,,,41.6851901,-87.6422796,row_2022,779004,1,1957,184495.9,T1,high,
172640,832 890 W 103RD ST,832-890 W 103RD ST,WASHINGTON HEIGHTS,Senior Living Community,2001,1,41.7070144,-87.6441026,row_2022,840202,1,1900,11369.5,T1,high,
172641,10935 S HALSTED ST,10935 S HALSTED ST,ROSELAND,Senior Living Community,1976,1,41.6949489,-87.6423134,row_2022,761568,1,1917,29052.6,T1,high,
172670,6560 W Fullerton Ave,6560 W FULLERTON AVE,BELMONT CRAGIN,,,,41.9237502,-87.7898809,row_2022,260016,1,1988,128647.4,T1,high,
172679,1740 N Kostner Ave,1740 N KOSTNER AVE,HUMBOLDT PARK,Retail Store,1977,1,41.9127695,-87.7363484,row_2022,297967,1,1974,183425,T1,high,
172685,4821 - 4951 W North Ave,4821-4951 W NORTH AVE,AUSTIN,Strip Mall,1980,1,41.9095051,-87.7469599,row_2022,851623,1,1929,1495.9,coord_nearest,medium,"year guard: address candidate 860905 built 2006, property built 1980; year guard: address candidate 860908 built 2006, property built 1980; year guard: coord_nearest candidate 860910 built 2006, property built 1980; nearest footprint 28 m from the trusted coordinate"
172693,4545 W. Division St.,4545 W DIVISION ST,HUMBOLDT PARK,Enclosed Mall,1995,1,41.9016288,-87.7404677,row_2015,324964,1,1990,149476.4,T1,high,
172703,5700 W BERTEAU AVE,5700 W BERTEAU AVE,PORTAGE PARK,,,,41.9569085,-87.7696313,row_2022,141133,1,,84854,T1,high,
172705,6456 6460 W BELLE PLAINE AVE,6456-6460 W BELLE PLAINE AVE,DUNNING,Multifamily Housing,1989,1,41.9551562,-87.788887,row_2022,149930,1,1989,15311.4,T1,high,
172707,4006 4016 N AUSTIN AVE,4006-4016 N AUSTIN AVE,PORTAGE PARK,,,,41.953314,-87.7769315,row_2022,154907,1,1928,24821.1,T1,high,
172708,4200 N Austin Ave,4200 N AUSTIN AVE,PORTAGE PARK,Mixed Use Property,1939,11,41.9567907,-87.7770503,row_2022,145353,1,,15243.8,T1,high,
172711,4245  N OAK PARK AVE,4245 N OAK PARK AVE,DUNNING,Senior Living Community,2013,1,41.9578853,-87.7975574,row_2022,888762,1,2009,12941.5,T1,high,
172719,3940  W BRYN MAWR AVE,3940 W BRYN MAWR AVE,NORTH PARK,Multifamily Housing,1997,1,41.9829367,-87.7274439,row_2022,55757,1,1994,15554.4,T1,high,
172725,4042 W Foster Ave,4042 W FOSTER AVE,NORTH PARK,Supermarket/Grocery Store,1992,1,41.9756241,-87.7298446,row_2022,76036,1,,66582.6,T1,high,
172759,161  W HARRISON ST,161 W HARRISON ST,LOOP,Multifamily Housing,1995,1,41.8743811,-87.6328075,row_2022,364637,1,1905,16090.3,T1,high,
172761,1133 1137 S WABASH AVE,1133-1137 S WABASH AVE,LOOP,Multifamily Housing,1892,1,41.8682692,-87.6256946,row_2022,815015,1,1878,7067.3,coord_nearest,medium,"year guard: address candidate 370626 built 1901, property built 1892; year guard: coord_nearest candidate 370068 built 1969, property built 1892; year guard: coord_nearest candidate 815005 built 1908, property built 1892; year guard: coord_nearest candidate 834525 built 2005, property built 1892; nearest footprint 28 m from the trusted coordinate"
172762,711 S DEARBORN ST,711 S DEARBORN ST,LOOP,Multifamily Housing,1978,1,41.8731276,-87.6290134,row_2022,814933,1,1893,17552,T1,high,
172765,820  S PARK TER,820 S PARK TER,LOOP,Multifamily Housing,1979,1,41.8714598,-87.6297275,row_2022,367029,1,1949,19008.9,T1,high,
172771,80  W HARRISON ST,80 W HARRISON ST,LOOP,Multifamily Housing,1925,1,41.8746344,-87.6304184,row_2022,363608,1,1919,22488.4,coord_nearest,medium,"year guard: address candidate 364077 built 1998, property built 1925; year guard: coord_nearest candidate 363558 built 1948, property built 1925; year guard: coord_nearest candidate 363567 built 1949, property built 1925; year guard: coord_nearest candidate 888819 built 2009, property built 1925; nearest footprint 26 m from the trusted coordinate"
172772,423 439 S DEARBORN ST,423-439 S DEARBORN ST,LOOP,Multifamily Housing,1891,1,41.8763349,-87.6291013,row_2022,362038,1,1894,12116.5,coord_nearest,medium,"year guard: address candidate 814092 built 1948, property built 1891; year guard: address candidate 814867 built 1949, property built 1891; year guard: coord_pip candidate 814860 built 1949, property built 1891; year guard: coord_nearest candidate 362058 built 1990, property built 1891; year guard: coord_nearest candidate 362503 built 1975, property built 1891; year guard: coord_nearest candidate 814824 built 1906, property built 1891; nearest footprint 7 m from the trusted coordinate"
172783,1369  E HYDE PARK BLVD,1369 E HYDE PARK BLVD,HYDE PARK,Multifamily Housing,2000,1,41.8023054,-87.5923614,row_2022,457917,1,1949,10604.6,T1,high,
172784,555  E 33RD PL,555 E 33RD PL,DOUGLAS,Multifamily Housing,1952,1,41.8335788,-87.6118297,row_2022,414057,1,1949,8627.5,T1,high,
172786,619 645 E WOODLAND PARK,619-645 E WOODLAND PARK,DOUGLAS,Multifamily Housing,1989,1,41.831991,-87.6103181,row_2022,416337,1,1989,14563.1,T1,high,
172787,3420  S COTTAGE GROVE AVE,3420 S COTTAGE GROVE AVE,DOUGLAS,Multifamily Housing,1952,1,41.8322796,-87.6111905,row_2022,415932,1,,1024.6,coord_nearest,medium,"year guard: address candidate 415711 built 1957, property built 1952; nearest footprint 25 m from the trusted coordinate"
172788,3440  S COTTAGE GROVE AVE,3440 S COTTAGE GROVE AVE,DOUGLAS,Multifamily Housing,1952,1,41.8316967,-87.6109701,row_2022,416469,1,1954,8434,T1,high,
172789,3445  S RHODES AVE,3445 S RHODES AVE,DOUGLAS,Multifamily Housing,1952,1,41.8316306,-87.6132095,row_2022,417351,1,,44555.8,coord_nearest,low,"year guard: address candidate 416751 built 1957, property built 1952; nearest footprint 69 m from the trusted coordinate"
172795,1100  S MICHIGAN AVE,1100 S MICHIGAN AVE,LOOP,,,,41.8692558,-87.6242766,row_2022,814994,1,1961,14232.7,T1,high,
172797,888  S MICHIGAN AVE,888 S MICHIGAN AVE,LOOP,Multifamily Housing,2002,1,41.8707755,-87.6242927,row_2022,814972,1,1913,7654.9,T1,high,
172798,4930 S Cottage Grove Ave,4930 S COTTAGE GROVE AVE,GRAND BOULEVARD,,,,41.8049575,-87.6066145,row_2022,451936,1,1961,25668.1,T1,high,
172800,5110  S KENWOOD AVE,5110 S KENWOOD AVE,HYDE PARK,Multifamily Housing,1990,1,41.8020194,-87.5936117,row_2022,458457,1,1928,7433.9,T1,high,
172812,4336 4344 S DREXEL BLVD,4336-4344 S DREXEL BLVD,KENWOOD,Multifamily Housing,1926,1,41.8157296,-87.6046532,row_2022,432245,1,1926,20300.4,T1,high,
172900,2370 N Newcastle Ave,2370 N NEWCASTLE AVE,MONTCLARE,Senior Living Community,2009,1,41.923277,-87.7972109,row_2022,889661,1,2009,17482.6,T1,high,
173250,7427 7433 N CLARK ST,7427-7433 N CLARK ST,ROGERS PARK,,,,42.0167201,-87.675177,row_2022,2122,1,1974,11234.9,T1,high,
173322,8560 S Cottage Grove Ave,8560 S COTTAGE GROVE AVE,CHATHAM,Office,2021,1,41.7385509,-87.6050236,row_2022,,0,,,none,none,"built 2021, after the City's 2015 footprint layer: no footprint in it can be this building"
173455,521 531 S DEARBORN ST,521-531 S DEARBORN ST,LOOP,Multifamily Housing,1892,1,41.8752376,-87.6290778,row_2022,814886,1,,8088.2,T1,high,
173476,2727 W WINONA ST,2727 W WINONA ST,LINCOLN SQUARE,Worship Facility,1924,1,41.9746534,-87.6975295,row_2022,81609,1,1920,36725.1,T1,high,
173487,5306 5310 N CHESTER AVE,5306-5310 N CHESTER AVE,OHARE,,,,41.9758139,-87.8392639,row_2022,78566,1,1974,22848.5,T1,high,
173488,8734 W Catalpa,8734 W CATALPA,OHARE,Office,1989,1,41.9792551,-87.8453991,row_2022,68958,1,,2299.5,coord_nearest,medium,"year guard: coord_nearest candidate 843681 built 2006, property built 1989; nearest footprint 15 m from the trusted coordinate"
173492,5501 5525 N CHESTER AVE,5501-5525 N CHESTER AVE,OHARE,Multifamily Housing,1972,1,41.9793172,-87.8389087,row_2022,68463,1,1971,2879.3,coord_nearest,medium,"year guard: address candidate 67165 built 1979, property built 1972; nearest footprint 26 m from the trusted coordinate"
173494,5332 N DELPHIA AVE,5332 N DELPHIA AVE,OHARE,Multifamily Housing,1971,1,41.9765331,-87.8416886,row_2022,78513,1,1971,2864.9,coord_nearest,medium,"year guard: coord_nearest candidate 75890 built 1979, property built 1971; year guard: coord_nearest candidate 77765 built 1979, property built 1971; year guard: coord_nearest candidate 77767 built 1979, property built 1971; year guard: coord_nearest candidate 77768 built 1979, property built 1971; year guard: coord_nearest candidate 77773 built 1979, property built 1971; year guard: coord_nearest candidate 77781 built 1979, property built 1971; year guard: coord_nearest candidate 77790 built 1979, property built 1971; year guard: coord_nearest candidate 77808 built 1985, property built 1971; nearest footprint 9 m from the trusted coordinate"
173495,7400 W Touhy,7400 W TOUHY,EDISON PARK,,,,42.0116933,-87.8115717,row_2022,7864,1,,29887.1,coord_nearest,medium,nearest footprint 8 m from the trusted coordinate
173497,6312 N Nagle Ave,6312 N NAGLE AVE,NORWOOD PARK,,,,41.9959853,-87.7876371,row_2022,874197,1,,54866.2,T1,high,
173592,660 W Fulton Market,660 W FULTON MARKET,NEAR WEST SIDE,Multifamily Housing,2000,1,41.8869139,-87.6452051,row_2022,814244,1,,54415.6,T1,high,
173594,19 S LaSalle St,19 S LA SALLE ST,LOOP,,,,41.881419,-87.6322032,row_2022,868400,1,,11754.5,coord_nearest,medium,nearest footprint 2 m from the trusted coordinate
173597,320 W Ohio St,320 W OHIO ST,NEAR NORTH SIDE,Office,1940,1,41.8924658,-87.6365482,row_2022,345609,1,,23984.6,T1,high,
173598,175 N State St,175 N STATE ST,LOOP,Performing Arts,1921,1,41.8852378,-87.6277818,row_2022,814343,1,1921,30922.4,T1,high,
173612,79 W Monroe St,79 W MONROE ST,LOOP,Office,1904,1,41.8805885,-87.6307095,row_2022,357905,1,1905,12061,T1,high,
173615,1 5 N WABASH AVE,1-5 N WABASH AVE,LOOP,Multifamily Housing,1910,1,41.8821394,-87.6260696,row_2022,814564,1,1910,7966.8,T1,high,
173617,105 W MADISON ST,105 W MADISON ST,LOOP,Office,1928,1,41.881866,-87.6310665,row_2022,356896,1,1927,6161.4,T1,high,
173618,318 W Adams St,318 W ADAMS ST,LOOP,Office,1927,1,41.8794728,-87.6358075,row_2022,814697,1,1927,6731.9,T1,high,
173620,651 W Washington Blvd,651 W WASHINGTON BLVD,NEAR WEST SIDE,,,,41.8830529,-87.6446886,row_2022,355733,1,1988,21316.5,T1,high,
173622,444 W Jackson Blvd,444 W JACKSON BLVD,NEAR WEST SIDE,Fitness Center/Health Club/Gym,1974,1,41.8781554,-87.6395,row_2022,359959,1,,29133.2,T1,high,
173625,600 W Jackson Blvd,600 W JACKSON BLVD,NEAR WEST SIDE,,,,41.8781081,-87.6426088,row_2022,814782,1,1912,14300.5,T1,high,
173630,111  W HURON ST,111 W HURON ST,NEAR NORTH SIDE,Hotel,1980,1,41.894716,-87.6317161,row_2022,341769,1,1926,7690,T1,high,
173632,7 W Madison St,7 W MADISON ST,LOOP,,,,41.8819063,-87.6280967,row_2022,814570,1,1904,7076,T1,high,
173635,125  W OHIO ST,125 W OHIO ST,NEAR NORTH SIDE,Hotel,1965,1,41.8923037,-87.6322686,row_2022,346368,1,,17475.8,T1,high,
173639,123 W Madison St,123 W MADISON ST,LOOP,Office,1912,1,41.8818609,-87.6315638,row_2022,814576,1,1913,3911.1,T1,high,
173642,230 E Ohio St,230 E OHIO ST,NEAR NORTH SIDE,Office,1917,1,41.8926896,-87.6214384,row_2022,345081,1,1917,7404,coord_nearest,medium,"year guard: address candidate 345113 built 1924, property built 1917; year guard: coord_nearest candidate 345955 built 1985, property built 1917; year guard: coord_nearest candidate 813879 built 1959, property built 1917; year guard: coord_nearest candidate 813880 built 1985, property built 1917; year guard: coord_nearest candidate 876283 built 1962, property built 1917; year guard: coord_nearest candidate 876284 built 1925, property built 1917; year guard: coord_nearest candidate 880212 built 1971, property built 1917; year guard: coord_nearest candidate 885984 built 2007, property built 1917; nearest footprint 11 m from the trusted coordinate"
173646,400 N CLINTON ST,400 N CLINTON ST,WEST TOWN,Multifamily Housing,1999,3,41.8893489,-87.6406701,row_2022,813334,1,1900,12489.7,T1,high,
173655,15 E Ohio St,15 E OHIO ST,NEAR NORTH SIDE,Hotel,1927,1,41.8923709,-87.6274159,row_2022,346213,1,1930,5167.6,T1,high,
173657,1  W WASHINGTON ST,1 W WASHINGTON ST,LOOP,Hotel,1895,1,41.8831086,-87.6279488,row_2022,868627,1,,27132.7,coord_nearest,low,"year guard: address candidate 814516 built 1914, property built 1895; year guard: coord_nearest candidate 354383 built 1914, property built 1895; year guard: coord_nearest candidate 355522 built 1966, property built 1895; year guard: coord_nearest candidate 356119 built 1906, property built 1895; year guard: coord_nearest candidate 814515 built 1979, property built 1895; year guard: coord_nearest candidate 847027 built 2009, property built 1895; year guard: coord_nearest candidate 847028 built 2006, property built 1895; year guard: coord_nearest candidate 868624 built 1911, property built 1895; year guard: coord_nearest candidate 868625 built 1960, property built 1895; nearest footprint 65 m from the trusted coordinate"
173658,210 222 W Superior St,210-222 W SUPERIOR ST,NEAR NORTH SIDE,Office,1920,1,41.8956972,-87.634676,row_2022,813668;813669,2,1885,14953.5,T1_multi,high,"year guard: address candidate 891758 built 2010, property built 1920"
173671,565 W Randolph St,565 W RANDOLPH ST,NEAR WEST SIDE,Office,1920,1,41.8843241,-87.6423983,row_2022,354551,1,1892,10023.7,coord_pip,medium,
173683,676 N LaSalle St,676 N LA SALLE ST,NEAR NORTH SIDE,Multifamily Housing,2018,1,41.8946981,-87.6328208,row_2022,,0,,,none,none,"built 2018, after the City's 2015 footprint layer: no footprint in it can be this building"
173687,324  N JEFFERSON ST,324 N JEFFERSON ST,NEAR WEST SIDE,Multifamily Housing,2001,1,41.887579,-87.6429729,row_2022,815569,1,,12547.5,T1,high,
173702,1301  N STATE PKWY,1301 N STATE PKWY,NEAR NORTH SIDE,Hotel,1928,1,41.9058694,-87.6285979,row_2022,815360,1,1930,10286.8,T1,high,
173708,2756 2760 N PINE GROVE AVE,2756-2760 N PINE GROVE AVE,LINCOLN PARK,Multifamily Housing,1925,1,41.9324994,-87.6413841,row_2022,238463,1,1926,11180,T1,high,
173710,1430  N LAKE SHORE DR,1430 N LAKE SHORE DR,NEAR NORTH SIDE,Multifamily Housing,1924,1,41.9087197,-87.6261289,row_2022,310719,1,1927,15302,coord_nearest,low,"year guard: address candidate 309668 built 1928, property built 1924; year guard: coord_nearest candidate 308684 built 1967, property built 1924; year guard: coord_nearest candidate 310472 built 1984, property built 1924; year guard: coord_nearest candidate 815305 built 1933, property built 1924; nearest footprint 49 m from the trusted coordinate"
173712,1153 1155 W ARMITAGE AVE,1153-1155 W ARMITAGE AVE,LINCOLN PARK,Multifamily Housing,1993,1,41.9179357,-87.6574572,row_2022,284977,1,1994,19136,T1,high,
173713,2430  N LAKEVIEW AVE,2430 N LAKEVIEW AVE,LINCOLN PARK,Multifamily Housing,1927,1,41.9265138,-87.6392962,row_2022,258263,1,1930,6093.3,T1,high,
173715,2738  N PINE GROVE AVE,2738 N PINE GROVE AVE,LINCOLN PARK,Multifamily Housing,1927,1,41.9320061,-87.6410959,row_2022,240926,1,1929,6764.3,T1,high,
173718,420  W WRIGHTWOOD AVE,420 W WRIGHTWOOD AVE,LINCOLN PARK,Multifamily Housing,1919,1,41.9311912,-87.6402117,row_2022,854400,1,1921,10263.5,T1,high,
173719,330 W Webster Ave,330 W WEBSTER AVE,LINCOLN PARK,K-12 School,2000,2,41.9220868,-87.6377228,row_2022,268002,1,,11844.8,T1,high,
173723,1260  N ASTOR ST,1260 N ASTOR ST,NEAR NORTH SIDE,,,,41.9057055,-87.6274331,row_2022,316660,1,1929,5027.6,T1,high,
173724,2320 N Kenmore Ave,2320 N KENMORE AVE,LINCOLN PARK,College/University,1967,1,41.9241881,-87.654929,row_2022,264636,1,,64598,T1,high,
173725,2140  N LINCOLN PARK West,2140 N LINCOLN PARK,LINCOLN PARK,,,,41.9213923,-87.6365862,row_2022,273108,1,1930,5757.4,T1,high,
173730,420  W FULLERTON AVE,420 W FULLERTON AVE,LINCOLN PARK,,,,41.9257013,-87.640005,row_2022,259350,1,1924,10535.1,T1,high,
173733,2336  N COMMONWEALTH AVE,2336 N COMMONWEALTH AVE,LINCOLN PARK,Multifamily Housing,1968,1,41.9249068,-87.6382345,row_2022,850988,1,1967,12663.4,T1,high,
173751,3134 N Clark St,3134 N CLARK ST,LAKE VIEW,Urgent Care/Clinic/Other Outpatient,1981,1,41.9386034,-87.6497531,row_2022,213932,1,,5566,coord_nearest,low,"year guard: address candidate 212871 built 1988, property built 1981; year guard: coord_nearest candidate 860964 built 1995, property built 1981; nearest footprint 54 m from the trusted coordinate"
173752,415 421 W MELROSE ST,415-421 W MELROSE ST,LAKE VIEW,Multifamily Housing,1928,1,41.9410823,-87.6401959,row_2022,837171,1,,12440.5,coord_nearest,medium,"year guard: address candidate 203011 built 1932, property built 1928; year guard: coord_nearest candidate 202965 built 1967, property built 1928; year guard: coord_nearest candidate 204201 built 1967, property built 1928; year guard: coord_nearest candidate 205249 built 1933, property built 1928; nearest footprint 24 m from the trusted coordinate"
173754,422 424 W MELROSE ST,422-424 W MELROSE ST,LAKE VIEW,Multifamily Housing,1926,1,41.9412999,-87.640412,row_2022,200092,1,1928,5677.2,coord_nearest,medium,"year guard: address candidate 200222 built 1930, property built 1926; year guard: coord_nearest candidate 197897 built 1931, property built 1926; year guard: coord_nearest candidate 202965 built 1967, property built 1926; year guard: coord_nearest candidate 203011 built 1932, property built 1926; year guard: coord_nearest candidate 204201 built 1967, property built 1926; year guard: coord_nearest candidate 837170 built 1931, property built 1926; year guard: coord_nearest candidate 847693 built 2006, property built 1926; nearest footprint 4 m from the trusted coordinate"
173757,431  W OAKDALE AVE,431 W OAKDALE AVE,LAKE VIEW,Multifamily Housing,1927,1,41.9354713,-87.6406457,row_2022,227135,1,1901,2347.4,coord_nearest,medium,"year guard: address candidate 861773 built 1934, property built 1927; year guard: coord_nearest candidate 222762 built 1953, property built 1927; year guard: coord_nearest candidate 224837 built 1972, property built 1927; year guard: coord_nearest candidate 224941 built 1971, property built 1927; year guard: coord_nearest candidate 226910 built 1961, property built 1927; year guard: coord_nearest candidate 227176 built 1965, property built 1927; year guard: coord_nearest candidate 229214 built 1934, property built 1927; year guard: coord_nearest candidate 861656 built 1974, property built 1927; year guard: coord_nearest candidate 861772 built 1974, property built 1927; nearest footprint 13 m from the trusted coordinate"
173759,3224 3244 N HALSTED ST,3224-3244 N HALSTED ST,LAKE VIEW,Multifamily Housing,2000,1,41.9406496,-87.6494347,row_2022,821479,1,1900,19495,T1,high,
173760,559 561 W SURF ST,559-561 W SURF ST,LAKE VIEW,,,,41.9341523,-87.643718,row_2022,232594,1,1949,12599.1,T1,high,
173763,425 427 W ROSCOE ST,425-427 W ROSCOE ST,LAKE VIEW,Multifamily Housing,1925,1,41.9432502,-87.6415409,row_2022,193420,1,1924,6389.9,T1,high,
173764,1500 W Belmont Ave,1500 W BELMONT AVE,LAKE VIEW,Other - Education,1884,1,41.939838,-87.6663662,row_2022,210301,1,1886,1707,coord_nearest,low,"year guard: address candidate 207107 built 1951, property built 1884; year guard: coord_nearest candidate 206080 built 1891, property built 1884; year guard: coord_nearest candidate 206206 built 1890, property built 1884; year guard: coord_nearest candidate 206223 built 1891, property built 1884; year guard: coord_nearest candidate 206230 built 1891, property built 1884; year guard: coord_nearest candidate 207921 built 1934, property built 1884; year guard: coord_nearest candidate 210262 built 1893, property built 1884; year guard: coord_nearest candidate 210293 built 1959, property built 1884; year guard: coord_nearest candidate 210334 built 1953, property built 1884; year guard: coord_nearest candidate 211126 built 1988, property built 1884; year guard: coord_nearest candidate 212141 built 1895, property built 1884; year guard: coord_nearest candidate 833141 built 2005, property built 1884; year guard: coord_nearest candidate 847768 built 2006, property built 1884; year guard: coord_nearest candidate 848637 built 2006, property built 1884; year guard: coord_nearest candidate 883578 built 1891, property built 1884; year guard: coord_nearest candidate 890008 built 2009, property built 1884; year guard: coord_nearest candidate 892821 built 2010, property built 1884; nearest footprint 43 m from the trusted coordinate"
173766,3314  N LAKE SHORE DR,3314 N LAKE SHORE DR,LAKE VIEW,Multifamily Housing,1920,1,41.9427037,-87.6403113,row_2022,193357,1,,4607.7,coord_nearest,low,"year guard: address candidate 853754 built 1925, property built 1920; year guard: coord_nearest candidate 195690 built 1968, property built 1920; year guard: coord_nearest candidate 197897 built 1931, property built 1920; year guard: coord_nearest candidate 837170 built 1931, property built 1920; year guard: coord_nearest candidate 853753 built 1925, property built 1920; year guard: coord_nearest candidate 853755 built 1929, property built 1920; nearest footprint 49 m from the trusted coordinate"
173767,426  W BELMONT AVE,426 W BELMONT AVE,LAKE VIEW,Multifamily Housing,1933,1,41.9402093,-87.6406966,row_2022,205249,1,1933,4145.4,T1,high,
173768,813 831 W WAVELAND AVE,813-831 W WAVELAND AVE,LAKE VIEW,Multifamily Housing,1925,1,41.949,-87.6501102,row_2022,170174,1,1911,18839.2,T1,high,
173769,541 547 W OAKDALE AVE,541-547 W OAKDALE AVE,LAKE VIEW,Multifamily Housing,1966,1,41.9354258,-87.6434462,row_2022,227336,1,1896,2865.9,coord_nearest,medium,"year guard: address candidate 227316 built 1972, property built 1966; year guard: coord_nearest candidate 225194 built 1970, property built 1966; year guard: coord_nearest candidate 227274 built 1973, property built 1966; year guard: coord_nearest candidate 849338 built 2006, property built 1966; year guard: coord_nearest candidate 849339 built 2006, property built 1966; nearest footprint 17 m from the trusted coordinate"
173770,2828-2868 N. Broadway,2828-2868 N BROADWAY,LAKE VIEW,Other - Mall,1998,1,41.9342114,-87.6447537,row_2016,229986,1,1901,1885,coord_nearest,low,"year guard: address candidate 849319 built 2006, property built 1998; year guard: coord_nearest candidate 890136 built 2009, property built 1998; nearest footprint 34 m from the trusted coordinate"
173773,530  W DIVERSEY PKWY,530 W DIVERSEY PKWY,LAKE VIEW,Multifamily Housing,1921,1,41.9329535,-87.6427295,row_2022,235965,1,1919,7410.9,T1,high,
173774,2816 2828 N BURLING ST,2816-2828 N BURLING ST,LAKE VIEW,Multifamily Housing,1972,1,41.9332667,-87.6478324,row_2022,234750,1,1972,12863.1,T1,high,
173776,331  W OAKDALE AVE,331 W OAKDALE AVE,LAKE VIEW,,,,41.9354916,-87.6381067,row_2022,861918,1,1953,8381,T1,high,
173781,4251 4259 W IRVING PARK RD,4251-4259 W IRVING PARK RD,IRVING PARK,,,,41.9534616,-87.7345069,row_2022,155233,1,,23777.3,T1,high,
173783,4840  N LINDER AVE,4840 N LINDER AVE,JEFFERSON PARK,,,,41.9689975,-87.7652153,row_2022,103660,1,1966,16467.1,T1,high,
173789,5332 5340 W Windsor,5332-5340 W WINDSOR,PORTAGE PARK,,,,41.9634594,-87.7613302,row_2022,120326,1,1974,17672.7,T1,high,
173804,4600  N CLARENDON AVE,4600 N CLARENDON AVE,UPTOWN,Multifamily Housing,1965,1,41.9655342,-87.6501672,row_2022,112378,1,1964,10870,T1,high,
173805,1000 W LELAND AVE,1000 W LELAND AVE,UPTOWN,Multifamily Housing,2004,1,41.9673764,-87.6548821,row_2022,824920,1,2004,12368.5,T1,high,
173811,3620 N. Pine Grove Ave,3620 N PINE GROVE AVE,LAKE VIEW,,,,41.9484726,-87.6460379,row_2022,861376,1,1926,9115.7,coord_nearest,medium,nearest footprint 1 m from the trusted coordinate
173812,3900  N PINE GROVE AVE,3900 N PINE GROVE AVE,LAKE VIEW,Multifamily Housing,1973,1,41.9529385,-87.6480411,row_2022,153970,1,1974,10534,T1,high,
173817,820 W LAWRENCE AVE,820 W LAWRENCE AVE,UPTOWN,Senior Living Community,1972,1,41.9692494,-87.6511016,row_2022,100405,1,1974,17767.4,T1,high,
173818,3838 N BROADWAY,3838 N BROADWAY,LAKE VIEW,Multifamily Housing,1928,1,41.9523769,-87.6497886,row_2022,156720,1,1926,11864.1,T1,high,
173819,4851 - 4887 N Broadway Ave,4851-4887 N BROADWAY AVE,UPTOWN,Strip Mall,1995,1,41.9705325,-87.6595639,row_2022,92768,1,1995,61639.9,T1,high,
173821,4157  N CLARENDON AVE,4157 N CLARENDON AVE,UPTOWN,Multifamily Housing,1925,1,41.9572799,-87.6496328,row_2022,857681,1,1911,7157.1,coord_nearest,medium,"year guard: address candidate 140461 built 1929, property built 1925; year guard: coord_nearest candidate 140123 built 1972, property built 1925; nearest footprint 23 m from the trusted coordinate"
173831,3333 N MARSHFIELD AVE,3333 N MARSHFIELD AVE,LAKE VIEW,,,,41.9425019,-87.6698126,row_2022,196338,1,1927,24389.3,T1,high,
173832,2501 W BRADLEY PL,2501 W BRADLEY PL,NORTH CENTER,Office,1960,1,41.9493586,-87.6909347,row_2022,170428,1,1963,79018.7,T1,high,
173835,1900 W Lawrence Ave,1900 W LAWRENCE AVE,LINCOLN SQUARE,Multifamily Housing,2021,1,41.9689036,-87.6762827,row_2022,,0,,,none,none,"built 2021, after the City's 2015 footprint layer: no footprint in it can be this building"
173837,4450 N Clark St,4450 N CLARK ST,UPTOWN,,,,41.9631161,-87.6664245,row_2022,120761,1,1968,8481.3,T1,high,
173845,1338 1354 W ARGYLE ST,1338-1354 W ARGYLE ST,UPTOWN,Multifamily Housing,1931,1,41.9727215,-87.6637463,row_2022,86633,1,1921,17498.4,T1,high,
173846,3300 N Campbell Ave,3300 N CAMPBELL AVE,NORTH CENTER,,,,41.9414263,-87.6907993,row_2022,201961;826624,2,2000,70292.3,T1_multi,high,
173857,5230 5244 N SHERIDAN RD,5230-5244 N SHERIDAN RD,EDGEWATER,,,,41.9773352,-87.6551605,row_2022,71547,1,1931,14256.4,T1,high,
173858,6339 N Sheridan Rd,6339 N SHERIDAN RD,EDGEWATER,,,,41.9974631,-87.6554664,row_2022,24768,1,,46582,T1,high,
173861,5411 N WINTHROP AVE,5411 N WINTHROP AVE,EDGEWATER,Multifamily Housing,1973,1,41.9803816,-87.6577775,row_2022,62470,1,1973,26471.4,T1,high,
173862,5123  N SHERIDAN RD,5123 N SHERIDAN RD,UPTOWN,,,,41.976029,-87.6548516,row_2022,76094,1,1969,20052.7,T1,high,
173863,5650  N KENMORE AVE,5650 N KENMORE AVE,EDGEWATER,,,,41.9851868,-87.6568087,row_2022,52551,1,1949,11097,T1,high,
173868,1055 1065 W GRANVILLE AVE,1055-1065 W GRANVILLE AVE,EDGEWATER,Multifamily Housing,1929,1,41.9944748,-87.6577306,row_2022,32393,1,1927,6362.6,coord_nearest,medium,"year guard: address candidate 32053 built 1949, property built 1929; year guard: coord_nearest candidate 30119 built 1949, property built 1929; year guard: coord_nearest candidate 30643 built 1965, property built 1929; year guard: coord_nearest candidate 32021 built 1953, property built 1929; year guard: coord_nearest candidate 32861 built 1968, property built 1929; year guard: coord_nearest candidate 33721 built 1973, property built 1929; year guard: coord_nearest candidate 853020 built 1970, property built 1929; nearest footprint 12 m from the trusted coordinate"
173870,1061  W ROSEMONT AVE,1061 W ROSEMONT AVE,EDGEWATER,Multifamily Housing,1927,1,41.9962869,-87.6580222,row_2022,26840,1,,10813.5,coord_nearest,low,"year guard: address candidate 27857 built 1949, property built 1927; year guard: coord_nearest candidate 26652 built 1966, property built 1927; year guard: coord_nearest candidate 26882 built 1970, property built 1927; year guard: coord_nearest candidate 29129 built 1937, property built 1927; year guard: coord_nearest candidate 815688 built 1965, property built 1927; year guard: coord_nearest candidate 815689 built 1970, property built 1927; year guard: coord_nearest candidate 852916 built 1963, property built 1927; year guard: coord_nearest candidate 852946 built 1966, property built 1927; year guard: coord_nearest candidate 853022 built 1970, property built 1927; year guard: coord_nearest candidate 853023 built 1969, property built 1927; nearest footprint 37 m from the trusted coordinate"
173871,6334 6344 N SHERIDAN RD,6334-6344 N SHERIDAN RD,EDGEWATER,Multifamily Housing,1918,1,41.9973579,-87.6557573,row_2022,25815,1,1911,2417.4,coord_nearest,medium,"year guard: address candidate 25429 built 1928, property built 1918; year guard: coord_nearest candidate 24869 built 1958, property built 1918; year guard: coord_nearest candidate 26053 built 1974, property built 1918; year guard: coord_nearest candidate 26369 built 1964, property built 1918; year guard: coord_nearest candidate 26753 built 1970, property built 1918; year guard: coord_nearest candidate 861045 built 2006, property built 1918; year guard: coord_nearest candidate 894234 built 2013, property built 1918; nearest footprint 9 m from the trusted coordinate"
173872,5244 N Lakewood Ave,5244 N LAKEWOOD AVE,EDGEWATER,,,,41.9776188,-87.6625314,row_2022,70732,1,1958,21986,T1,high,
173874,5400 5406 N KENMORE AVE,5400-5406 N KENMORE AVE,EDGEWATER,,,,41.9801163,-87.6566646,row_2022,63810,1,1924,9439.5,T1,high,
173875,6165  N WINTHROP AVE,6165 N WINTHROP AVE,EDGEWATER,Multifamily Housing,1925,1,41.9941802,-87.6581942,row_2022,32393,1,1927,6362.6,T1,high,
173880,6942 6960 N WOLCOTT AVE,6942-6960 N WOLCOTT AVE,ROGERS PARK,,,,42.007759,-87.6781675,row_2022,11524,1,1931,26641,T1,high,
173883,1029 1051 W NORTH SHORE AVE,1029-1051 W NORTH SHORE AVE,ROGERS PARK,,,,42.0036293,-87.6574217,row_2022,16949,1,1927,21985.4,T1,high,
173884,7416 N Ridge Rd,7416 N RIDGE RD,WEST RIDGE,K-12 School,1865,1,42.0164645,-87.6844413,row_2022,1969,1,,63454.2,T1,high,
173888,6628  N SHERIDAN RD,6628 N SHERIDAN RD,ROGERS PARK,,,,42.003492,-87.6609614,row_2022,842614,1,1971,11369.9,T1,high,
173907,1715 1733 E 53RD ST,1715-1733 E 53RD ST,HYDE PARK,Multifamily Housing,1918,1,41.7995213,-87.5834902,row_2022,464007,1,1917,17704.5,coord_nearest,medium,nearest footprint 2 m from the trusted coordinate
173908,5000  S CORNELL AVE,5000 S CORNELL AVE,KENWOOD,Multifamily Housing,1930,1,41.8043051,-87.5866287,row_2022,452816,1,,4198.3,coord_nearest,medium,"year guard: address candidate 453423 built 1949, property built 1930; year guard: coord_nearest candidate 453812 built 1952, property built 1930; nearest footprint 29 m from the trusted coordinate"
173914,2101 E 71ST ST,2101 E 71ST ST,SOUTH SHORE,Supermarket/Grocery Store,1990,1,41.76599,-87.5737873,row_2022,572046,1,,121074.1,T1,high,1 in-range footprint(s) on the same-named street of another type ignored
173915,5500  S SHORE DR,5500 S SHORE DR,HYDE PARK,,,,41.795185,-87.5805978,row_2022,480877,1,1926,7640.8,T1,high,
173925,5734 S Ellis Ave,5734 S ELLIS AVE,HYDE PARK,Laboratory,1969,1,41.7903757,-87.6014283,row_2022,494780,1,1969,17861.1,T1,high,
173927,5401 S CORNELL AVE,5401 S CORNELL AVE,HYDE PARK,,,,41.7980511,-87.5853325,row_2022,468675,1,1924,9313.5,T1,high,
173929,6701 S Crandon Ave,6701 S CRANDON AVE,SOUTH SHORE,,,,41.7734343,-87.5698336,row_2022,553406,1,1964,3893.7,coord_nearest,medium,nearest footprint 7 m from the trusted coordinate
173930,5709  S ELLIS AVE,5709 S ELLIS AVE,HYDE PARK,Residence Hall/Dormitory,1902,1,41.7910885,-87.6011488,row_2022,870949,1,,12487.1,T1,high,
173934,5316 5320 S DORCHESTER AVE,5316-5320 S DORCHESTER AVE,HYDE PARK,Multifamily Housing,1990,1,41.7989724,-87.5919179,row_2022,465537,1,,22519,T1,high,
173935,6920  S CRANDON AVE,6920 S CRANDON AVE,SOUTH SHORE,,,,41.7692132,-87.5699998,row_2022,564364,1,1964,5604.3,T1,high,
173948,6211 N LINCOLN AVE,6211 N LINCOLN AVE,NORTH PARK,Retail Store,2004,1,41.994817,-87.7143428,row_2022,886662,1,2007,4207.3,T1_multi,medium,2 in-range footprints more than 60 m apart; nearest the trusted coordinate kept
173949,2438 2484 W ESTES AVE,2438-2484 W ESTES AVE,WEST RIDGE,Multifamily Housing,1928,1,42.0105387,-87.6917627,row_2022,8230,1,1925,40570.9,T1,high,
173951,3003 3033 W TOUHY AVE,3003-3033 W TOUHY AVE,WEST RIDGE,Mixed Use Property,1950,1,42.0118503,-87.7046401,row_2022,821991,1,,1651.8,coord_nearest,low,"year guard: address candidate 7729 built 1960, property built 1950; year guard: coord_nearest candidate 7244 built 1962, property built 1950; year guard: coord_nearest candidate 7256 built 1962, property built 1950; year guard: coord_nearest candidate 7257 built 1966, property built 1950; year guard: coord_nearest candidate 7266 built 1961, property built 1950; year guard: coord_nearest candidate 7270 built 1961, property built 1950; year guard: coord_nearest candidate 7272 built 1962, property built 1950; year guard: coord_nearest candidate 7274 built 1961, property built 1950; year guard: coord_nearest candidate 7279 built 1961, property built 1950; year guard: coord_nearest candidate 7297 built 1962, property built 1950; year guard: coord_nearest candidate 7305 built 1961, property built 1950; year guard: coord_nearest candidate 7306 built 1962, property built 1950; year guard: coord_nearest candidate 7702 built 1960, property built 1950; year guard: coord_nearest candidate 8136 built 1958, property built 1950; year guard: coord_nearest candidate 8190 built 1958, property built 1950; year guard: coord_nearest candidate 821992 built 1956, property built 1950; year guard: coord_nearest candidate 885950 built 2007, property built 1950; year guard: coord_nearest candidate 885951 built 2007, property built 1950; nearest footprint 34 m from the trusted coordinate"
173961,660  E 85TH ST,660 E 85TH ST,CHATHAM,Multifamily Housing,1983,1,41.7403757,-87.6075772,row_2022,652841,1,,11221.1,T1,high,
173970,1655 E 95th St,1655 E 95TH ST,SOUTH DEERING,Supermarket/Grocery Store,1999,1,41.7222632,-87.5829176,row_2022,820015,1,,82748.5,T1,high,
174002,1111 1135 E 87TH ST,1111-1135 E 87TH ST,BURNSIDE,,,,41.7366472,-87.5970972,row_2022,665737,1,1901,65706.6,T1,high,
174028,1201 W Washington Blvd,1201 W WASHINGTON BLVD,NEAR WEST SIDE,Office,1937,1,41.8828728,-87.6567462,row_2022,865788,1,1926,27124.8,T1,high,
174123,400 W 76th St,400 W 76TH ST,GREATER GRAND CROSSING,Office,1965,1,41.7563625,-87.6345038,row_2022,598337,1,,27186,T1,high,
174126,3454 - 3620 E 118th St,3454-3620 E 118TH ST,HEGEWISCH,Supermarket/Grocery Store,1980,1,41.6810592,-87.5391136,row_2022,788865,1,1979,2429.5,coord_nearest,low,"year guard: address candidate 788083 built 1985, property built 1980; year guard: address candidate 788100 built 1985, property built 1980; nearest footprint 44 m from the trusted coordinate"
174135,869  W BUENA AVE,869 W BUENA AVE,UPTOWN,,,,41.9583453,-87.6525656,row_2022,138552,1,,26131.5,coord_nearest,medium,nearest footprint 5 m from the trusted coordinate
174155,1040  W GRANVILLE AVE,1040 W GRANVILLE AVE,EDGEWATER,,,,41.9947006,-87.6571831,row_2022,30119,1,1949,33766.5,coord_pip,medium,
174157,3434 3464 S HALSTED ST,3434-3464 S HALSTED ST,BRIDGEPORT,Multifamily Housing,2007,1,41.8317244,-87.6462764,row_2022,857464,1,2006,31068.7,T1,high,
174164,1380  E HYDE PARK BLVD,1380 E HYDE PARK BLVD,KENWOOD,,,,41.8025299,-87.5919363,row_2022,456695,1,1923,21994.6,T1,high,
174165,5107 S. Blackstone Ave,5107 S BLACKSTONE AVE,Hyde Park,Multifamily Housing,1990,1,41.8021811,-87.5903563,row_2022,457797,1,1926,30544.4,coord_pip,medium,
174167,660 676 W IRVING PARK RD,660-676 W IRVING PARK RD,UPTOWN,Multifamily Housing,1904,1,41.9547162,-87.6470886,row_2022,148531,1,,39432.8,T1,high,
174182,820 N Michigan Ave,820 N MICHIGAN AVE,NEAR NORTH SIDE,,,,41.8974775,-87.6242887,row_2022,814967,1,1971,11587.5,T2,low,direction S vs N; 2916 m from the trusted coordinate
174184,2545 2555 S MARTIN LUTHER KING DR,2545-2555 S DR MARTIN LUTHER KING JR DR,NEAR SOUTH SIDE,,,,41.846554,-87.6170439,row_2020,393589,1,,51008,T1,high,
174189,16  N MORGAN ST,16 N MORGAN ST,NEAR WEST SIDE,,,,41.8821954,-87.6521927,row_2022,868067,1,1909,21898.1,coord_pip,medium,
174200,1313  W RANDOLPH ST,1313 W RANDOLPH ST,NEAR WEST SIDE,Multifamily Housing,2012,2,41.8840946,-87.6593954,row_2022,354892,1,1927,33962.3,T1,high,
174203,5009  N SHERIDAN RD,5009 N SHERIDAN RD,UPTOWN,Multifamily Housing,1920,1,41.9736177,-87.6547892,row_2022,83388,1,1923,23603.4,T1,high,
174204,1209 W Arthur Ave,1209 W ARTHUR AVE,ROGERS PARK,Multifamily Housing,2009,2,42.0003243,-87.6611344,row_2022,886522,1,2009,23064,T1,high,
174206,1300  N STATE PKWY,1300 N STATE PKWY,NEAR NORTH SIDE,Multifamily Housing,2004,1,41.9058631,-87.6288916,row_2022,868927,1,,13752.5,T1,high,
174209,150  W SUPERIOR ST,150 W SUPERIOR ST,NEAR NORTH SIDE,Multifamily Housing,2006,1,41.8957157,-87.6332122,row_2022,834559,1,2005,9490.1,T1,high,
174215,3711  S VINCENNES AVE,3711 S VINCENNES AVE,OAKLAND,Multifamily Housing,2008,14,41.8272019,-87.6115694,row_2022,891722,1,2009,15614.4,T1,high,
174221,1617 - 1754 E 95th St,1617-1754 E 95TH ST,SOUTH DEERING,,,,41.7222413,-87.5843801,row_2022,820016,1,,2520,T1_multi,medium,1 in-range footprint(s) on the same-named street of another type ignored; 6 in-range footprints more than 60 m apart; nearest the trusted coordinate kept
174228,3330 N Western Ave,3330 N WESTERN AVE,NORTH CENTER,,,,41.9421866,-87.6883962,row_2022,196043,1,,149409.1,T1,high,
174240,608  E 51ST ST,608 E 51ST ST,GRAND BOULEVARD,,,,,,none,457371,1,,25970.3,T1,high,
174247,421  E 62ND ST,421 E 62ND ST,WOODLAWN,Multifamily Housing,1911,10,41.7819767,-87.6147699,row_2022,523702,1,,6629.8,T1,high,
174249,3250 W 87th St,3250 W 87TH ST,ASHBURN,,,,41.7352741,-87.7035113,row_2022,670534,1,1992,3112.6,coord_nearest,low,nearest footprint 66 m from the trusted coordinate
174260,4753 N Broadway St,4753 N BROADWAY ST,UPTOWN,,,,41.9687237,-87.6594141,row_2022,102667,1,1949,21590.7,T1,high,
174279,3300 3306 W DIVERSEY AVE,3300-3306 W DIVERSEY AVE,AVONDALE,Multifamily Housing,1920,6,41.9321114,-87.709929,row_2022,241210,1,,8085.8,coord_nearest,medium,"year guard: coord_nearest candidate 243716 built 1928, property built 1920; year guard: coord_nearest candidate 849511 built 2006, property built 1920; year guard: coord_nearest candidate 874121 built 1929, property built 1920; year guard: coord_nearest candidate 887078 built 2007, property built 1920; nearest footprint 4 m from the trusted coordinate"
174289,770 N Halsted St,770 N HALSTED ST,WEST TOWN,Office,1905,1,41.8963782,-87.6478912,row_2022,336291,1,,11353.8,coord_nearest,low,"year guard: coord_nearest candidate 836101 built 2005, property built 1905; year guard: coord_nearest candidate 868762 built 1929, property built 1905; nearest footprint 50 m from the trusted coordinate"
174294,351 W Hubbard St,351 W HUBBARD ST,NEAR NORTH SIDE,,,,41.889827,-87.637512,row_2022,350247,1,,21877.6,coord_pip,medium,
174306,540  N LAKE SHORE DR,540 N LAKE SHORE DR,NEAR NORTH SIDE,Multifamily Housing,1912,1,41.8923493,-87.6145572,row_2022,345629,1,,39886.8,T1,high,
174321,2300  S MICHIGAN AVE,2300 S MICHIGAN AVE,NEAR SOUTH SIDE,Multifamily Housing,2013,1,41.8510211,-87.623905,row_2022,888824,1,2009,19925.5,coord_pip,medium,
174323,410  S MORGAN ST,410 S MORGAN ST,NEAR WEST SIDE,Multifamily Housing,2006,1,41.876235,-87.6520105,row_2022,876556,1,,41685,coord_pip,medium,
174498,670 W Wayman St,670 W WAYMAN ST,NEAR WEST SIDE,Multifamily Housing,2010,1,41.8875851,-87.6456537,row_2022,814244,1,,54415.6,coord_nearest,medium,nearest footprint 23 m from the trusted coordinate
174693,809  E 40TH ST,809 E 40TH ST,OAKLAND,,,,41.8213771,-87.6063955,row_2022,427227,1,1928,9763,T1,high,
175046,737  W CORNELIA AVE,737 W CORNELIA AVE,LAKE VIEW,Multifamily Housing,1919,1,41.9453359,-87.648451,row_2022,185050,1,1920,13779,T1,high,
175049,7311 7339 S COTTAGE GROVE AVE,7311-7339 S COTTAGE GROVE AVE,GREATER GRAND CROSSING,,,,41.7618573,-87.6053334,row_2022,585065,1,,28869.9,T1,high,
175053,5330  N DAMEN AVE,5330 N DAMEN AVE,LINCOLN SQUARE,,,,41.9788044,-87.6796335,row_2022,67682,1,1974,11657.6,coord_nearest,medium,nearest footprint 6 m from the trusted coordinate
175059,436 446 W DIVERSEY PKWY,436-446 W DIVERSEY PKWY,LAKE VIEW,Multifamily Housing,1908,1,41.9329916,-87.6407919,row_2022,236150,1,1911,3253,coord_pip,medium,
175085,1310 1316 E HYDE PARK BLVD,1310-1316 E HYDE PARK BLVD,KENWOOD,,,,41.8025015,-87.5946509,row_2022,875783;875785,2,,8879.7,T1_multi,high,
175106,5235  W LAKE ST,5235 W LAKE ST,AUSTIN,,,,41.8871565,-87.7566046,row_2022,352649,1,,12787.7,coord_nearest,medium,nearest footprint 5 m from the trusted coordinate
175113,8039 8045 S MANISTEE AVE,8039-8045 S MANISTEE AVE,SOUTH CHICAGO,,,,41.7488661,-87.5575492,row_2022,619701,1,,13541.5,T1,high,
175120,984 N MILWAUKEE AVE,984 N MILWAUKEE AVE,WEST TOWN,Museum,1912,1,41.8997401,-87.6610475,row_2022,330157,1,,11518.8,T1,high,
175126,7750 7752 S MUSKEGON AVE,7750-7752 S MUSKEGON AVE,SOUTH SHORE,,,,41.7625923,-87.5723165,row_2019,864865,1,,3129.6,T1,high,
175130,5925  N PAULINA ST,5925 N PAULINA ST,EDGEWATER,,,,41.9891823,-87.6714372,row_2022,43712,1,1926,14946.4,T1,high,
175157,829 S WABASH AVE,829 S WABASH AVE,LOOP,,,,41.8714476,-87.6257814,row_2022,892934,1,2013,11067.6,T1,high,
175172,3810 3816 W 16TH ST,3810-3816 W 16TH ST,NORTH LAWNDALE,Multifamily Housing,2011,1,41.8590233,-87.7205739,row_2022,377502,1,1908,1172.9,coord_nearest,low,nearest footprint 33 m from the trusted coordinate
175181,652  E 50TH ST,652 E 50TH ST,GRAND BOULEVARD,Multifamily Housing,2014,4,41.8041441,-87.6092059,row_2022,453787,1,,7998.9,T1,high,1 in-range footprint(s) on the same-named street of another type ignored
175185,1949 1959 E 71ST ST,1949-1959 E 71ST ST,SOUTH SHORE,Multifamily Housing,1935,1,41.7659554,-87.5768205,row_2022,572132,1,,36097.5,T1,high,
175190,3931 3959 W 104TH ST,3931-3959 W 104TH ST,MOUNT GREENWOOD,,,,41.7039536,-87.7196418,row_2022,740285;740332,2,,18048.6,T1_multi,high,8 in-range footprint(s) on the same-named street of another type ignored
175196,7200 12 S BENNETT,7200-7212 S BENNETT,,,,,41.7625923,-87.5723165,row_2018,582087,1,1951,2165.1,coord_nearest,medium,nearest footprint 17 m from the trusted coordinate
175198,4840  N BROADWAY,4840 N BROADWAY,UPTOWN,Multifamily Housing,1930,1,41.970178,-87.659849,row_2022,864520,1,,12001.4,coord_nearest,medium,"year guard: coord_nearest candidate 92768 built 1995, property built 1930; year guard: coord_nearest candidate 100166 built 1969, property built 1930; year guard: coord_nearest candidate 834814 built 1989, property built 1930; nearest footprint 5 m from the trusted coordinate"
175218,5200  S ELLIS AVE,5200 S ELLIS AVE,HYDE PARK,Multifamily Housing,1947,1,41.8008559,-87.6014834,row_2022,460796,1,1916,2998.9,coord_nearest,medium,nearest footprint 14 m from the trusted coordinate
175219,7834 7844  S ELLIS AVE,7834-7844 S ELLIS AVE,GREATER GRAND CROSSING,,,,41.7521069,-87.6005035,row_2022,610189,1,1926,10870,T1,high,
175220,6855 S EMERALD ST,6855 S EMERALD ST,ENGLEWOOD,,,,41.7690664,-87.6430178,row_2022,566069,1,1927,14540.7,T1,high,
175223,833 857 W FULTON MARKET,833-857 W FULTON MARKET,NEAR WEST SIDE,Multifamily Housing,1900,1,41.8866738,-87.6487265,row_2022,352584,1,1884,20418.7,T1,high,
175226,5233 5237 S GREENWOOD AVE,5233-5237 S GREENWOOD AVE,HYDE PARK,,,,41.799858,-87.5996018,row_2022,463128,1,,15837.3,coord_nearest,medium,nearest footprint 5 m from the trusted coordinate
175229,4278  N HAZEL ST,4278 N HAZEL ST,UPTOWN,Multifamily Housing,1930,1,41.9605997,-87.6524249,row_2022,130130,1,1930,4577.6,T1,high,
175231,1118-1128 E. Hyde Park,1118-1128 E HYDE PARK,KENWOOD,Multifamily Housing,2007,1,41.8022404,-87.6033268,row_2017,822853,1,,12226.4,T1,high,
175232,1401  E HYDE PARK BLVD,1401 E HYDE PARK BLVD,HYDE PARK,Multifamily Housing,1926,1,41.8023126,-87.5917822,row_2022,456695,1,1923,21994.6,coord_nearest,medium,"year guard: address candidate 457970 built 1949, property built 1926; year guard: coord_nearest candidate 457917 built 1949, property built 1926; nearest footprint 30 m from the trusted coordinate"
175236,4633 4645 N KEDZIE AVE,4633-4645 N KEDZIE AVE,ALBANY PARK,,,,41.9656818,-87.7082421,row_2022,112623,1,,12044,T1,high,
175242,5870  W LAKE ST,5870 W LAKE ST,AUSTIN,Multifamily Housing,1965,1,41.8880428,-87.7719372,row_2022,352023,1,1963,9174.9,T1,high,
175244,2645 2657 W LAWRENCE AVE,2645-2657 W LAWRENCE AVE,LINCOLN SQUARE,Multifamily Housing,2007,1,41.9684472,-87.6956312,row_2022,893360,1,2008,11176.4,T1,high,
175255,420  W MELROSE ST,420 W MELROSE ST,LAKE VIEW,Multifamily Housing,1926,1,41.9413005,-87.6403466,row_2022,200092,1,1928,5677.2,T1,high,
175257,2255  S MICHIGAN AVE,2255 S MICHIGAN AVE,NEAR SOUTH SIDE,,,,41.8513122,-87.6236161,row_2022,823809,1,1904,7977.5,T1,high,
175258,2900 2914 N MILDRED AVE,2900-2914 N MILDRED AVE,LAKE VIEW,Multifamily Housing,1965,1,41.9345376,-87.6516467,row_2022,229523,1,1924,15062.9,T1,high,
175262,6800  S NORMAL BLVD,6800 S NORMAL BLVD,ENGLEWOOD,,,,41.7707106,-87.6374345,row_2022,562451,1,1929,7789.4,T1,high,
175263,1725  W NORTH AVE,1725 W NORTH AVE,WEST TOWN,Multifamily Housing,1916,1,41.9104727,-87.6711356,row_2022,305743,1,1919,14432.6,T1,high,
175264,2753 W North Ave,2753 W NORTH AVE,WEST TOWN,,,,41.9101106,-87.6967231,row_2022,307306,1,1923,16340.2,T1,high,
175265,3201 3219 W NORTH AVE,3201-3219 W NORTH AVE,HUMBOLDT PARK,,,,41.9100048,-87.7070323,row_2022,307777,1,,14905.6,T1,high,
175272,401 417 E OAKWOOD BLVD,401-417 E OAKWOOD BLVD,GRAND BOULEVARD,Multifamily Housing,1916,1,41.822543,-87.6165741,row_2022,426363;426409,2,1886,21210.3,T1_multi,high,
175276,7650  N PAULINA ST,7650 N PAULINA ST,ROGERS PARK,,,,42.020865,-87.6732276,row_2022,841864,1,1928,8977.6,T1,high,
175281,3740  N PINE GROVE AVE,3740 N PINE GROVE AVE,LAKE VIEW,Multifamily Housing,1915,1,41.9508066,-87.6474589,row_2022,161526,1,1918,3897.9,coord_nearest,medium,"year guard: address candidate 161230 built 1923, property built 1915; year guard: coord_nearest candidate 158887 built 1969, property built 1915; year guard: coord_nearest candidate 159439 built 1937, property built 1915; year guard: coord_nearest candidate 160032 built 1978, property built 1915; year guard: coord_nearest candidate 162052 built 1926, property built 1915; year guard: coord_nearest candidate 162302 built 1929, property built 1915; year guard: coord_nearest candidate 162969 built 1979, property built 1915; year guard: coord_nearest candidate 163334 built 1923, property built 1915; year guard: coord_nearest candidate 164570 built 1933, property built 1915; year guard: coord_nearest candidate 164607 built 1974, property built 1915; year guard: coord_nearest candidate 861306 built 1973, property built 1915; nearest footprint 23 m from the trusted coordinate"
175291,1200 W Pratt Blvd,1200 W PRATT BLVD,ROGERS PARK,Multifamily Housing,1922,1,42.005648,-87.6610587,row_2022,14182,1,,16989.2,coord_nearest,medium,"year guard: coord_nearest candidate 13529 built 1970, property built 1922; year guard: coord_nearest candidate 13689 built 1973, property built 1922; year guard: coord_nearest candidate 14175 built 1929, property built 1922; year guard: coord_nearest candidate 14285 built 1926, property built 1922; year guard: coord_nearest candidate 842590 built 1964, property built 1922; year guard: coord_nearest candidate 842591 built 1973, property built 1922; year guard: coord_nearest candidate 842603 built 1974, property built 1922; nearest footprint 11 m from the trusted coordinate"
175292,601 - 623 N State St,601-623 N STATE ST,NEAR NORTH SIDE,Retail Store,1912,1,41.8925173,-87.6279497,row_2022,815083,1,,38326.9,coord_nearest,low,"year guard: address candidate 866001 built 2006, property built 1912; year guard: coord_nearest candidate 344733 built 1991, property built 1912; year guard: coord_nearest candidate 346213 built 1930, property built 1912; year guard: coord_nearest candidate 813956 built 1999, property built 1912; year guard: coord_nearest candidate 815084 built 1928, property built 1912; year guard: coord_nearest candidate 815889 built 2003, property built 1912; year guard: coord_nearest candidate 824764 built 2004, property built 1912; year guard: coord_nearest candidate 891307 built 2009, property built 1912; nearest footprint 36 m from the trusted coordinate"
175294,540  W SURF ST,540 W SURF ST,LAKE VIEW,Multifamily Housing,1931,1,41.9343829,-87.6430992,row_2022,229516,1,1929,12224.1,T1,high,
175296,5623  W WASHINGTON BLVD,5623 W WASHINGTON BLVD,AUSTIN,,,,41.8821181,-87.7659114,row_2022,357332,1,,14916.7,coord_pip,medium,
175304,550 WELLINGTON AVE,550 WELLINGTON AVE,LAKE VIEW,,,1,41.9398511,-87.6584475,row_2018,848749,1,2006,5060.3,T2,low,direction W vs blank; 1243 m from the trusted coordinate
175320,240 W 107th Pl,240 W 107TH PL,ROSELAND,Multifamily Housing,1942,1,41.6989956,-87.6295435,row_2022,751498,1,,13255,T1,high,"1 in-range footprint(s) on the same-named street of another type ignored; year guard: address candidate 748886 built 1956, property built 1942"
175329,2040 2044  W BELMONT AVE,2040-2044 W BELMONT AVE,NORTH CENTER,Multifamily Housing,1999,1,41.9396624,-87.6799841,row_2022,882249,1,,19327.4,T1,high,
175330,7107 7129 S BENNETT AVE,7107-7129 S BENNETT AVE,SOUTH SHORE,,,,41.7657982,-87.5792178,row_2022,878804;878805;878806,3,1923,18168.4,T1_multi,high,
175334,51  N CENTRAL AVE,51 N CENTRAL AVE,AUSTIN,,,,41.8817989,-87.7647624,row_2022,357316,1,,26461.3,T1,high,
175340,4310 4322 N CLARENDON AVE,4310-4322 N CLARENDON AVE,UPTOWN,,,,41.960687,-87.6500269,row_2022,128505,1,1917,11106.5,T1,high,
175346,4700  S COTTAGE GROVE AVE,4700 S COTTAGE GROVE AVE,GRAND BOULEVARD,Multifamily Housing,2013,5,41.8094854,-87.6067108,row_2022,443486,1,1910,10098.8,coord_nearest,medium,nearest footprint 5 m from the trusted coordinate
175347,8001 - 8007 S Cottage Grove Ave,8001-8007 S COTTAGE GROVE AVE,CHATHAM,Other - Public Services,1956,1,41.7493676,-87.6050399,row_2022,855154,1,1900,8153.1,coord_nearest,medium,"year guard: address candidate 618990 built 1968, property built 1956; year guard: coord_nearest candidate 616448 built 1971, property built 1956; year guard: coord_nearest candidate 616855 built 1974, property built 1956; year guard: coord_nearest candidate 617109 built 1981, property built 1956; nearest footprint 27 m from the trusted coordinate"
175357,610 N FAIRBANKS CT,610 N FAIRBANKS CT,NEAR NORTH SIDE,,,,41.8929999,-87.6204144,row_2022,344377,1,,17966,coord_pip,medium,
175358,2232  W FARWELL AVE,2232 W FARWELL AVE,WEST RIDGE,Multifamily Housing,1920,1,42.006419,-87.687241,row_2022,13617,1,,13102.8,coord_nearest,medium,"year guard: coord_nearest candidate 13155 built 1950, property built 1920; year guard: coord_nearest candidate 13176 built 1926, property built 1920; year guard: coord_nearest candidate 13180 built 1928, property built 1920; year guard: coord_nearest candidate 13189 built 1926, property built 1920; year guard: coord_nearest candidate 13226 built 1960, property built 1920; year guard: coord_nearest candidate 13630 built 1950, property built 1920; year guard: coord_nearest candidate 13666 built 1950, property built 1920; year guard: coord_nearest candidate 14261 built 1953, property built 1920; year guard: coord_nearest candidate 14281 built 1931, property built 1920; year guard: coord_nearest candidate 14286 built 1932, property built 1920; year guard: coord_nearest candidate 14292 built 1955, property built 1920; year guard: coord_nearest candidate 14304 built 1955, property built 1920; year guard: coord_nearest candidate 842073 built 2006, property built 1920; nearest footprint 2 m from the trusted coordinate"
175365,2247 N Halstead Ave,2247 N HALSTEAD AVE,LINCOLN PARK,College/University,2000,1,41.9232047,-87.6485352,row_2022,266941,1,1994,13652.9,coord_nearest,medium,"street 'HALSTEAD' is not in the footprint table; year guard: coord_nearest candidate 851052 built 2006, property built 2000; year guard: coord_nearest candidate 851912 built 2006, property built 2000; year guard: coord_nearest candidate 851913 built 2006, property built 2000; nearest footprint 2 m from the trusted coordinate"
175371,1783 1791 W HOWARD ST,1783-1791 W HOWARD ST,ROGERS PARK,Multifamily Housing,2007,1,42.0192899,-87.6758016,row_2022,429,1,1932,10071.5,coord_pip,medium,
175383,5152 5178 S KING DR,5152-5178 S DR MARTIN LUTHER KING JR DR,WASHINGTON PARK,Multifamily Housing,1915,1,41.8008839,-87.6162798,row_2022,867438,1,,13823.6,T1,high,
175398,5630  S MICHIGAN AVE,5630 S MICHIGAN AVE,WASHINGTON PARK,,,,41.7919566,-87.6225401,row_2022,490470,1,1913,9925.7,T1,high,
175400,740  N MILWAUKEE AVE,740 N MILWAUKEE AVE,WEST TOWN,Multifamily Housing,2003,1,41.8952419,-87.6540825,row_2022,836140,1,2005,16872.5,T1,high,
175411,7350  S PHILLIPS AVE,7350 S PHILLIPS AVE,SOUTH SHORE,,,,41.7611398,-87.5649511,row_2022,586273,1,,13051.2,T1,high,
175415,5920  N RIDGE AVE,5920 N RIDGE AVE,EDGEWATER,,,,41.9894913,-87.669871,row_2022,43996,1,,25471.6,coord_nearest,medium,nearest footprint 15 m from the trusted coordinate
175421,7219  N SHERIDAN RD,7219 N SHERIDAN RD,ROGERS PARK,Multifamily Housing,1928,1,42.0133812,-87.6635988,row_2022,5346,1,,19050,coord_nearest,medium,nearest footprint 6 m from the trusted coordinate
175422,3713  N SOUTHPORT AVE,3713 N SOUTHPORT AVE,LAKE VIEW,,,,41.9493102,-87.6639317,row_2022,168895,1,1900,4369.7,coord_nearest,medium,nearest footprint 0 m from the trusted coordinate
175431,5123 5135 S UNIVERSITY AVE,5123-5135 S UNIVERSITY AVE,HYDE PARK,Multifamily Housing,1924,1,41.801599,-87.5980802,row_2022,459584,1,1923,12710.9,T1,high,
175433,1130 S Wabash Ave,1130 S WABASH AVE,LOOP,,,,41.8683197,-87.6259904,row_2022,370607,1,,14097.8,T1,high,
175441,2520 S Western Ave,2520 S WESTERN AVE,LOWER WEST SIDE,,,,41.8459534,-87.6856203,row_2022,882536,1,,19421.2,T1,high,
175447,7601 S KOSTNER AVE,7601 S KOSTNER AVE,WEST LAWN,,,,41.7548841,-87.7322222,row_2022,605056,1,,10130.5,T1,high,
175450,56 60 W Randolph St,56-60 W RANDOLPH ST,LOOP,Office,2000,1,41.8845908,-87.6299975,row_2022,814398,1,,16307.6,T2,low,direction E vs W; 326 m from the trusted coordinate
175454,201 211 E 31ST ST,201-211 E 31ST ST,DOUGLAS,Multifamily Housing,2008,1,41.8382558,-87.6218576,row_2022,888870,1,2009,10462.3,T1,high,
175461,1818 1828 E 72ND ST,1818-1828 E 72ND ST,SOUTH SHORE,,,,41.7625923,-87.5723165,row_2020,575507,1,,9202.3,T1,high,
175462,741  E 79TH ST,741 E 79TH ST,CHATHAM,,,,41.7511582,-87.6060399,row_2022,613115,1,,20563.7,T1,high,
175470,1712 1720 W ALBION AVE,1712-1720 W ALBION AVE,ROGERS PARK,,,,42.0017935,-87.6730269,row_2022,864139,1,,13728.7,T1,high,
175472,3240 N ASHLAND AVE,3240 N ASHLAND AVE,LAKE VIEW,Multifamily Housing,1915,1,41.9409446,-87.6688414,row_2022,203409,1,,18769.3,coord_nearest,medium,"year guard: address candidate 413209 built 1989, property built 1915; year guard: coord_nearest candidate 203407 built 1961, property built 1915; year guard: coord_nearest candidate 204862 built 1938, property built 1915; year guard: coord_nearest candidate 834920 built 2005, property built 1915; year guard: coord_nearest candidate 847772 built 2006, property built 1915; year guard: coord_nearest candidate 889979 built 2009, property built 1915; nearest footprint 4 m from the trusted coordinate"
175473,6748 6750 N ASHLAND AVE,6748-6750 N ASHLAND AVE,ROGERS PARK,Multifamily Housing,2015,1,42.0049971,-87.6707305,row_2022,842372,1,,5499.2,T1,high,
175474,300 S Ashland Ave,300 S ASHLAND AVE,NEAR WEST SIDE,Office,1968,1,41.8775983,-87.6668339,row_2022,352382,1,1879,3178.9,T2,low,direction N vs S; 1046 m from the trusted coordinate
175475,333 S Ashland Ave,333 S ASHLAND AVE,NEAR WEST SIDE,Office,1930,1,41.8766251,-87.6665228,row_2022,362489,1,,10417.4,coord_nearest,medium,"year guard: coord_nearest candidate 362109 built 1971, property built 1930; year guard: coord_nearest candidate 362123 built 1959, property built 1930; year guard: coord_nearest candidate 825317 built 1996, property built 1930; year guard: coord_nearest candidate 825319 built 1996, property built 1930; nearest footprint 4 m from the trusted coordinate"
175477,1617 1633 W BELMONT AVE,1617-1633 W BELMONT AVE,LAKE VIEW,Multifamily Housing,1928,1,41.9395768,-87.6693844,row_2022,210492;210505;853943,3,,23661.2,T1_multi,high,"year guard: address candidate 882784 built 1995, property built 1928"
175479,5856 5860 N BROADWAY,5856-5860 N BROADWAY,EDGEWATER,,,,41.9886489,-87.6603704,row_2022,891045,1,2008,10028.9,T1,high,
175484,935 W CHESTNUT ST,935 W CHESTNUT ST,WEST TOWN,,,,41.8983353,-87.6514001,row_2022,876138,1,,13762.7,coord_pip,medium,
175492,3158 3184 N CLARK ST,3158-3184 N CLARK ST,LAKE VIEW,,,,41.9392001,-87.650239,row_2022,208870;210744;211525,3,,17765.1,T1_multi,high,
175493,4812 4846 N CLARK ST,4812-4846 N CLARK ST,UPTOWN,,,,41.9693659,-87.667705,row_2022,101158,1,1881,7925.2,T1,high,
175494,1415 N DAYTON ST,1415 N DAYTON ST,NEAR NORTH SIDE,,,,41.9068477,-87.64925,row_2022,878217,1,1935,10376.3,T1,high,
175495,329 N Dearborn St,329 N DEARBORN ST,NEAR NORTH SIDE,Performing Arts,1996,1,41.8883012,-87.6294067,row_2022,351480,1,,14053.5,T1,high,
175506,11203 S ELLIS ST,11203 S ELLIS ST,PULLMAN,Office,1974,1,41.6909157,-87.6050219,row_2022,770483,1,1974,60113.7,T1,high,
175507,18  E ELM ST,18 E ELM ST,NEAR NORTH SIDE,Multifamily Housing,1925,1,41.9033058,-87.6278582,row_2022,837328,1,1928,7573.7,T1,high,
175508,5353 N Elston Ave,5353 N ELSTON AVE,JEFFERSON PARK,,,,41.9787103,-87.7571538,row_2022,66434,1,1960,135316.2,T1,high,
175516,2617 2625 W GUNNISON ST,2617-2625 W GUNNISON ST,LINCOLN SQUARE,,,,41.9695523,-87.6945718,row_2022,101107,1,,14234.1,coord_pip,medium,
175521,5460 5470 S HARPER AVE,5460-5470 S HARPER AVE,HYDE PARK,,,,41.7963767,-87.5891699,row_2022,474662;475723,2,1924,19297.8,T1_multi,high,
175523,222 W Hubbard St,222 W HUBBARD ST,NEAR NORTH SIDE,Office,1905,1,41.8900791,-87.6350384,row_2022,814142,1,,3816.4,coord_nearest,medium,"year guard: address candidate 349624 built 1925, property built 1905; year guard: coord_nearest candidate 349655 built 2001, property built 1905; year guard: coord_nearest candidate 814148 built 1999, property built 1905; year guard: coord_nearest candidate 814168 built 1929, property built 1905; nearest footprint 23 m from the trusted coordinate"
175526,8101 8125 S INGLESIDE AVE,8101-8125 S INGLESIDE AVE,CHATHAM,,,1,41.744013,-87.6054993,row_2018,838489,1,,7610.6,coord_nearest,medium,nearest footprint 5 m from the trusted coordinate
175529,307 S Sangamon St,307 S SANGAMON ST,NEAR WEST SIDE,Office,2011,1,41.8776479,-87.6505895,row_2022,360988,1,,19912.2,coord_pip,medium,
175535,3100  S KING DR,3100 S DR MARTIN LUTHER KING JR DR,DOUGLAS,Multifamily Housing,1978,1,41.8383269,-87.6176127,row_2022,407042,1,1979,17601.5,T1,high,
175539,6244  S KING DR,6244 S DR MARTIN LUTHER KING JR DR,WASHINGTON PARK,Multifamily Housing,1923,1,41.7807271,-87.6157824,row_2022,528152,1,,19918.9,coord_nearest,medium,"year guard: coord_nearest candidate 527826 built 1966, property built 1923; nearest footprint 3 m from the trusted coordinate"
175542,3260  N LAKE SHORE DR,3260 N LAKE SHORE DR,LAKE VIEW,Multifamily Housing,1928,1,41.9418632,-87.6399224,row_2022,837169,1,,4921,T1,high,
175545,4015 4027 N LINCOLN AVE,4015-4027 N LINCOLN AVE,NORTH CENTER,Multifamily Housing,2002,1,41.9548544,-87.679076,row_2022,149123,1,1902,17575.9,T1,high,
175546,2236 2296 N LINCOLN PARK WEST AVE,2236-2296 N LINCOLN PARK AVE,LINCOLN PARK,Multifamily Housing,1910,1,41.9231017,-87.6366395,row_2022,266350,1,,23244.5,T1,high,
175548,15 S Wood St,15 S WOOD ST,NEAR WEST SIDE,Other,2014,1,41.8808521,-87.6715854,row_2022,,0,,,none,none,no footprint within 75 m of the trusted coordinate
175551,11730 S Marshfield Ave,11730 S MARSHFIELD AVE,MORGAN PARK,Supermarket/Grocery Store,2008,1,41.6803322,-87.6625847,row_2022,891502,1,2009,259781,T1,high,
175553,335  N MENARD AVE,335 N MENARD AVE,AUSTIN,Senior Living Community,1996,1,41.8867327,-87.7698396,row_2022,352764,1,,13208.1,T1,high,
175567,233  E ONTARIO ST,233 E ONTARIO ST,NEAR NORTH SIDE,,,,41.8932651,-87.6218121,row_2022,880212,1,1971,6039,T1,high,
175572,3525 W Peterson Ave,3525 W PETERSON AVE,NORTH PARK,,,,41.9901699,-87.7174947,row_2022,43341,1,1965,11291.6,T1,high,
175579,7645  N SHERIDAN RD,7645 N SHERIDAN RD,ROGERS PARK,,,,42.0204453,-87.6662445,row_2022,822224,1,1923,10370.8,T1,high,
175580,7200  S SOUTH SHORE DR,7200 S SOUTH SHORE DR,SOUTH SHORE,Multifamily Housing,1915,1,41.7657021,-87.562415,row_2022,572678,1,,17179.4,T1,high,
175581,360 N STATE ST,360 N STATE ST,NEAR NORTH SIDE,Other,1929,1,41.8891926,-87.6281949,row_2022,350825,1,1931,13100.7,coord_nearest,medium,"year guard: coord_nearest candidate 350368 built 1974, property built 1929; year guard: coord_nearest candidate 350946 built 1973, property built 1929; year guard: coord_nearest candidate 351057 built 1962, property built 1929; year guard: coord_nearest candidate 814154 built 2000, property built 1929; nearest footprint 15 m from the trusted coordinate"
175590,68  E WACKER PL,68 E WACKER PL,LOOP,,,,41.8869231,-87.6252779,row_2022,352271,1,1928,4322.6,T1,high,
175595,714  N WAVELAND AVE,714 N WAVELAND AVE,LAKE VIEW,Multifamily Housing,1915,1,41.9496483,-87.6472904,row_2022,165458,1,1916,15351.2,T2,medium,direction W vs N; 3 m from the trusted coordinate
175601,2701 2749 N ELSTON AVE,2701-2749 N ELSTON AVE,LOGAN SQUARE,,,,41.930602,-87.6853077,row_2022,887265,1,2007,49916.3,T1,high,
175603,1701 - 1741 W Howard St,1701-1741 W HOWARD ST,ROGERS PARK,Strip Mall,1980,1,42.0192832,-87.6738652,row_2022,881058,1,,93014.6,coord_nearest,medium,"year guard: coord_nearest candidate 843365 built 2006, property built 1980; nearest footprint 13 m from the trusted coordinate"
175605,1513 N WELLS ST,1513 N WELLS ST,NEAR NORTH SIDE,,,1,41.9037528,-87.6355885,row_2018,815257,1,1901,11087.6,T1,high,
175658,50  E 26TH ST,50 E 26TH ST,NEAR SOUTH SIDE,Multifamily Housing,1910,1,41.8457295,-87.6249405,row_2022,394604,1,,22053.3,T1,high,
175676,4554 N BROADWAY ST,4554 N BROADWAY ST,UPTOWN,,,,41.9650388,-87.6574062,row_2022,114127,1,1926,27824.1,T1,high,
175679,240 N Ashland Ave,240 N ASHLAND AVE,NEAR WEST SIDE,Office,1900,1,41.8866551,-87.6671633,row_2022,352546,1,,45976,T1,high,
175683,9400 S Ashland Ave,9400 S ASHLAND AVE,WASHINGTON HEIGHTS,Supermarket/Grocery Store,1991,1,41.7229412,-87.6628629,row_2022,697176,1,1991,68950.7,coord_nearest,medium,nearest footprint 4 m from the trusted coordinate
175686,1001  W BELMONT AVE,1001 W BELMONT AVE,LAKE VIEW,Multifamily Housing,1929,1,41.939801,-87.6541611,row_2022,209223,1,,11872.5,coord_nearest,medium,"year guard: coord_nearest candidate 209295 built 1940, property built 1929; year guard: coord_nearest candidate 858965 built 1954, property built 1929; year guard: coord_nearest candidate 860973 built 2006, property built 1929; year guard: coord_nearest candidate 889660 built 2008, property built 1929; nearest footprint 5 m from the trusted coordinate"
175692,1055 W CATALPA AVE,1055 W CATALPA AVE,EDGEWATER,Multifamily Housing,1969,1,41.981733,-87.6572988,row_2022,60766,1,,14622.6,coord_nearest,medium,nearest footprint 3 m from the trusted coordinate
175693,4501  N CENTRAL PARK AVE,4501 N CENTRAL PARK AVE,ALBANY PARK,Multifamily Housing,1995,1,41.9629832,-87.7179431,row_2022,869902,1,,1584.5,coord_nearest,medium,"year guard: coord_nearest candidate 844836 built 2006, property built 1995; nearest footprint 1 m from the trusted coordinate"
175695,361 W CHESTNUT ST,361 W CHESTNUT ST,NEAR NORTH SIDE,Food Service,1935,1,41.8980412,-87.637928,row_2022,333698,1,1935,22342.8,T1,high,
175699,6700  S CONSTANCE AVE,6700 S CONSTANCE AVE,SOUTH SHORE,,,,41.7733118,-87.5803241,row_2022,553879,1,,21709.6,coord_nearest,medium,nearest footprint 5 m from the trusted coordinate
175711,2335 2345 N GENEVA TER,2335-2345 N GENEVA TER,LINCOLN PARK,Multifamily Housing,1933,1,41.924729,-87.6437317,row_2022,263060;263884,2,1931,23186.4,T1_multi,high,
175725,7707  W IRVING PARK RD,7707 W IRVING PARK RD,DUNNING,Multifamily Housing,1984,1,41.9523636,-87.819835,row_2022,159650,1,1987,16076,T1,high,
175727,130 S Jefferson St,130 S JEFFERSON ST,NEAR WEST SIDE,Office,1893,1,41.8796209,-87.6427349,row_2022,358399,1,,15493.6,T1,high,
175728,808 812 W JUNIOR TER,808-812 W JUNIOR TER,UPTOWN,Multifamily Housing,1920,1,41.9604727,-87.6502817,row_2022,129758,1,1911,2821.3,T1,high,
175733,540 N LASALLE ST,540 N LA SALLE ST,NEAR NORTH SIDE,,,,41.8919829,-87.6327396,row_2022,346406,1,,7640.2,coord_nearest,medium,1 in-range footprint(s) on the same-named street of another type ignored; nearest footprint 9 m from the trusted coordinate
175734,620 N Lasalle St,620 N LA SALLE ST,NEAR NORTH SIDE,,,,41.8931647,-87.6327836,row_2022,344859,1,1949,9533.3,coord_nearest,medium,nearest footprint 8 m from the trusted coordinate
175735,2021  S MORGAN ST,2021 S MORGAN ST,LOWER WEST SIDE,Multifamily Housing,2010,1,41.8546148,-87.6513221,row_2022,891821,1,2010,8113.5,T1,high,
175736,910  W LAWRENCE AVE,910 W LAWRENCE AVE,UPTOWN,Multifamily Housing,1931,1,41.9692234,-87.6529777,row_2022,100389,1,1933,4579.5,T1,high,
175740,17  N LOOMIS ST,17 N LOOMIS ST,NEAR WEST SIDE,Multifamily Housing,1915,1,41.8820719,-87.6621428,row_2022,356097,1,,33432.6,coord_nearest,medium,"year guard: address candidate 356630 built 1925, property built 1915; year guard: coord_nearest candidate 831986 built 1997, property built 1915; year guard: coord_nearest candidate 831987 built 2000, property built 1915; year guard: coord_nearest candidate 851753 built 2006, property built 1915; year guard: coord_nearest candidate 876507 built 1960, property built 1915; nearest footprint 23 m from the trusted coordinate"
175743,3000 3030 W MARQUETTE RD,3000-3030 W MARQUETTE RD,CHICAGO LAWN,,,,41.7718537,-87.6981579,row_2022,559350,1,,23117,coord_nearest,medium,nearest footprint 4 m from the trusted coordinate
175745,1340  S MICHIGAN AVE,1340 S MICHIGAN AVE,NEAR SOUTH SIDE,,,,41.864623,-87.6242334,row_2022,881838,1,,11875.1,T1,high,
175747,2014 2036 S MICHIGAN AVE,2014-2036 S MICHIGAN AVE,NEAR SOUTH SIDE,Multifamily Housing,1920,1,41.8550294,-87.6240159,row_2022,381986,1,,42308.1,T1,high,
175751,750 N Orleans St,750 N ORLEANS ST,NEAR NORTH SIDE,,,,41.8962927,-87.6373132,row_2022,878135,1,,13037.6,coord_pip,medium,
175754,120 N Green St,120 N GREEN ST,NEAR WEST SIDE,Multifamily Housing,1930,1,41.8837788,-87.6487322,row_2022,354712,1,,66588,T1,high,
175760,7300 S SOUTH SHORE DR,7300 S SOUTH SHORE DR,SOUTH SHORE,Multifamily Housing,1968,1,41.7639096,-87.5606415,row_2022,577007,1,1928,6789.6,T1,high,
175777,1217 1227 W WILSON AVE,1217-1227 W WILSON AVE,UPTOWN,Multifamily Housing,2004,1,41.9652449,-87.6603639,row_2022,844658,1,2006,15676.7,T1,high,
175780,5020 5030 S WOODLAWN AVE,5020-5030 S WOODLAWN AVE,KENWOOD,,,,41.8035554,-87.5968705,row_2022,455524,1,1924,16554.9,T1,high,
175785,2532 2554 NARRAGANSETT AVE,2532-2554 NARRAGANSETT AVE,BELMONT CRAGIN,,,,41.92643,-87.78559,covered_list,835118,1,2005,65515.4,coord_nearest,medium,nearest footprint 17 m from the trusted coordinate
175789,7540 7554 S STONY ISLAND,7540-7554 S STONY ISLAND,SOUTH SHORE,,,,41.7575132,-87.5862559,row_2022,838152,1,2005,14692,coord_nearest,medium,nearest footprint 13 m from the trusted coordinate
175793,811 833 E 46TH ST,811-833 E 46TH ST,KENWOOD,,,,41.8112505,-87.6060981,row_2022,439599;864215,2,1918,22194.2,T1_multi,high,
175808,5161  N ASHLAND AVE,5161 N ASHLAND AVE,Uptown,Multifamily Housing,1923,1,41.9761272,-87.6694659,row_2022,76965,1,,21358.1,coord_nearest,medium,"year guard: coord_nearest candidate 77086 built 1934, property built 1923; year guard: coord_nearest candidate 842275 built 2006, property built 1923; nearest footprint 6 m from the trusted coordinate"
175813,4260  N BROADWAY ST,4260 N BROADWAY ST,UPTOWN,Multifamily Housing,2007,1,41.9598596,-87.654096,row_2022,845357,1,,15815.8,coord_nearest,medium,nearest footprint 5 m from the trusted coordinate
175816,629 W Cermak Rd,629 W CERMAK RD,LOWER WEST SIDE,Office,1895,1,41.852683,-87.642817,row_2020,385921,1,,23937,coord_nearest,medium,"year guard: coord_nearest candidate 836787 built 2005, property built 1895; year guard: coord_nearest candidate 858469 built 2006, property built 1895; nearest footprint 14 m from the trusted coordinate"
175817,1450 N Cicero Ave,1450 N CICERO AVE,AUSTIN,Other - Mall,1980,1,41.9074882,-87.7462049,row_2022,867838,1,1955,86667.7,coord_nearest,medium,"year guard: coord_nearest candidate 314205 built 1989, property built 1980; year guard: coord_nearest candidate 860904 built 2006, property built 1980; year guard: coord_nearest candidate 860905 built 2006, property built 1980; nearest footprint 7 m from the trusted coordinate"
175818,1816  N CLARK ST,1816 N CLARK ST,LINCOLN PARK,Hotel,1980,1,41.91525,-87.6342933,row_2022,855031,1,,8125.1,T1,high,
175819,5638 5646 N CLARK ST,5638-5646 N CLARK ST,EDGEWATER,,,,41.9846198,-87.6691491,row_2022,53783,1,,26322.4,T1,high,
175824,6140  S DREXEL AVE,6140 S DREXEL AVE,WOODLAWN,Multifamily Housing,1959,1,41.7828467,-87.6045072,row_2022,519595;520574,2,,22728.1,T1_multi,high,
175825,4659  S DREXEL BLVD,4659 S DREXEL BLVD,KENWOOD,Multifamily Housing,1918,1,41.8096575,-87.6037523,row_2022,442164,1,,19256.2,coord_nearest,medium,"year guard: coord_nearest candidate 440915 built 1923, property built 1918; year guard: coord_nearest candidate 443406 built 1997, property built 1918; nearest footprint 2 m from the trusted coordinate"
175826,5423 5453 S EASTVIEW PARK,5423-5453 S EASTVIEW PARK,HYDE PARK,Multifamily Housing,1924,1,41.7975844,-87.5823424,row_2022,471600,1,,20522.1,T1,high,
175830,2665 N Elston Ave,2665 N ELSTON AVE,LOGAN SQUARE,,,,41.9303498,-87.6821911,row_2020,244553,1,1987,222359.4,T1,high,
175834,730 N Franklin St,730 N FRANKLIN ST,NEAR NORTH SIDE,Office,1910,1,41.8956228,-87.635825,row_2022,340051,1,,212.9,coord_nearest,medium,"year guard: coord_nearest candidate 340448 built 1925, property built 1910; year guard: coord_nearest candidate 341089 built 1937, property built 1910; year guard: coord_nearest candidate 813639 built 1956, property built 1910; year guard: coord_nearest candidate 813712 built 1969, property built 1910; year guard: coord_nearest candidate 813744 built 1989, property built 1910; year guard: coord_nearest candidate 870822 built 1927, property built 1910; year guard: coord_nearest candidate 870841 built 1927, property built 1910; year guard: coord_nearest candidate 870842 built 1927, property built 1910; year guard: coord_nearest candidate 886001 built 2008, property built 1910; nearest footprint 3 m from the trusted coordinate"
175837,220  E GARFIELD BLVD,220 E GARFIELD BLVD,WASHINGTON PARK,Multifamily Housing,1920,2,41.7948493,-87.6198566,row_2022,867448,1,,6389.8,T1,high,
175845,2451  W HOWARD ST,2451 W HOWARD ST,WEST RIDGE,,,,42.019381,-87.6920735,row_2022,445,1,1956,15403,T1,high,
175850,1550 N Kingsbury St,1550 N KINGSBURY ST,NEAR NORTH SIDE,Supermarket/Grocery Store,2009,1,41.9093988,-87.6530507,row_2022,878201,1,,3676.8,coord_nearest,medium,nearest footprint 26 m from the trusted coordinate
175857,900 910 912 W Lake St & 212 N Peoria St,900-912 W LAKE ST,NEAR WEST SIDE,,,,41.87399,-87.65168,covered_list,352933,1,,18409.1,T1,high,
175858,1201 1213 W LELAND AVE,1201-1213 W LELAND AVE,UPTOWN,Multifamily Housing,2004,1,41.9670874,-87.6597205,row_2022,108410,1,,12078.3,coord_nearest,medium,nearest footprint 5 m from the trusted coordinate
175867,3970 - 3982 N Milwaukee Ave,3970-3982 N MILWAUKEE AVE,PORTAGE PARK,,,,41.9528925,-87.7467094,row_2022,156219,1,,45054,coord_pip,medium,
175872,230 W North Ave,230 W NORTH AVE,LINCOLN PARK,Mixed Use Property,1977,1,41.91126,-87.6359875,row_2022,815189,1,1926,38679.6,T1,high,
175876,7121 7125 N PAULINA ST,7121-7125 N PAULINA ST,ROGERS PARK,Multifamily Housing,1925,1,42.0121271,-87.6722003,row_2022,577830,1,1899,988.1,T2,low,direction S vs N; 27535 m from the trusted coordinate
175878,310 S PEORIA ST,310 S PEORIA ST,NEAR WEST SIDE,Multifamily Housing,2010,1,41.8775421,-87.6497135,row_2022,361351,1,,16014.1,T1,high,
175879,3941 N. Pine Grove,3941 N PINE GROVE,LAKE VIEW,Multifamily Housing,1928,1,41.9540202,-87.6620278,row_2017,861242,1,1930,6222.7,T1,high,
175882,5220 S Pulaski Rd,5220 S PULASKI RD,WEST ELSDON,,,,41.7979919,-87.7234437,row_2022,466864,1,1987,138690.3,T1,high,
175884,315 N RACINE AVE,315 N RACINE AVE,NEAR WEST SIDE,,,,41.8871903,-87.6566994,row_2022,352099,1,,22877.5,coord_pip,medium,
175885,3158  W ROOSEVELT RD,3158 W ROOSEVELT RD,NORTH LAWNDALE,,,,41.8665162,-87.7056118,row_2022,372066,1,1981,6646.7,T1,high,
175887,444  W SAINT JAMES PL,444 W ST JAMES PL,LINCOLN PARK,Multifamily Housing,1930,1,41.9282235,-87.6409173,row_2022,850314,1,,7117.5,T1,high,
175888,203  S SANGAMON ST,203 S SANGAMON ST,NEAR WEST SIDE,Multifamily Housing,1997,1,41.8790379,-87.6506305,row_2022,883009,1,1925,21079.4,T1,high,
175889,70  E SCOTT ST,70 E SCOTT ST,NEAR NORTH SIDE,Multifamily Housing,1918,2,41.9050095,-87.6259918,row_2022,815859,1,,4857.4,T1,high,
175890,5400 N SHERIDAN RD,5400 N SHERIDAN RD,Edgewater,,,,41.9801156,-87.6552373,row_2022,63534,1,,14711.8,T1,high,
175891,6730   SOUTH SHORE DR,6730 S SHORE DR,SOUTH SHORE,Multifamily Housing,1962,1,41.76259,-87.57232,covered_list,582087,1,1951,2165.1,coord_nearest,medium,"year guard: coord_nearest candidate 853379 built 2006, property built 1962; nearest footprint 17 m from the trusted coordinate"
175892,4526  N SHERIDAN RD,4526 N SHERIDAN RD,UPTOWN,,,,41.9644019,-87.6549225,row_2022,116540,1,1924,6028.4,T1,high,
175894,4900  N SHERIDAN RD,4900 N SHERIDAN RD,UPTOWN,,,,41.9716656,-87.6550331,row_2022,857187,1,,11192.4,coord_nearest,medium,nearest footprint 6 m from the trusted coordinate
175895,6364  N SHERIDAN RD,6364 N SHERIDAN RD,EDGEWATER,,,,41.9980576,-87.6557996,row_2022,24869,1,1958,13567.9,T1,high,
175896,6401  N SHERIDAN RD,6401 N SHERIDAN RD,ROGERS PARK,Multifamily Housing,1969,1,41.9983088,-87.6596964,row_2022,23908,1,,6842.4,T1,high,
175898,3622 S STATE ST,3622 S STATE ST,DOUGLAS,Multifamily Housing,2012,4,41.8284243,-87.6266469,row_2022,892994,1,2012,29815,T1,high,
175899,211 N STETSON AVE,211 N STETSON AVE,LOOP,Fitness Center/Health Club/Gym,1991,1,41.8860273,-87.6221663,row_2022,825866,1,1986,19348.9,coord_nearest,medium,"year guard: coord_nearest candidate 814261 built 2002, property built 1991; nearest footprint 2 m from the trusted coordinate"
175905,24 E Congress Pkwy,24 E CONGRESS PKWY,LOOP,Hotel,2000,1,41.8757855,-87.6267064,row_2022,362978,1,1886,14185,T1,high,
175907,5424  W WASHINGTON BLVD,5424 W WASHINGTON BLVD,AUSTIN,Multifamily Housing,1929,3,41.8824018,-87.7612853,row_2022,356684,1,,15010,coord_pip,medium,
175910,4432 4444 W WEST END AVE,4432-4444 W WEST END AVE,WEST GARFIELD PARK,,,,41.8833413,-87.7367293,row_2022,355217,1,,20803.7,coord_nearest,medium,nearest footprint 19 m from the trusted coordinate
175914,5225  S HARPER AVE,5225 S HARPER AVE,HYDE PARK,,,,41.8001863,-87.5889183,row_2022,893076,1,2012,11883.4,T1,high,1 in-range footprint(s) on the same-named street of another type ignored
175915,4916 4938 S KEDZIE AVE,4916-4938 S KEDZIE AVE,BRIGHTON PARK,Strip Mall,1980,1,41.8039112,-87.7040006,row_2022,95841,1,1918,7416.4,T2,low,"year guard: address candidate 884406 built 2007, property built 1980; direction N vs S; 18523 m from the trusted coordinate"
175927,1660  E 55TH ST,1660 E 55TH ST,HYDE PARK,,,,41.7953344,-87.5842724,row_2022,478374,1,1949,8084.5,coord_pip,medium,
175943,1901 1945 CARROLL AVE,1901-1945 CARROLL AVE,NEAR WEST SIDE,Office,1912,1,41.88762,-87.67442,covered_list,352187,1,,6001.1,coord_nearest,medium,"year guard: address candidate 352192 built 1920, property built 1912; year guard: address candidate 352195 built 1920, property built 1912; year guard: address candidate 352206 built 1920, property built 1912; year guard: coord_nearest candidate 351784 built 1958, property built 1912; year guard: coord_nearest candidate 352181 built 1929, property built 1912; year guard: coord_nearest candidate 352337 built 1919, property built 1912; nearest footprint 14 m from the trusted coordinate"
175949,7100 S Cicero Ave,7100 S CICERO AVE,"outside Chicago, in Bedford Park",Retail Store,1993,1,,,none,,0,,,none,none,no trusted coordinate
175953,500  S DEARBORN ST,500 S DEARBORN ST,LOOP,Hotel,1896,1,41.8755691,-87.6293832,row_2022,363001,1,,2526,coord_nearest,medium,"year guard: address candidate 363543 built 1949, property built 1896; year guard: coord_nearest candidate 362058 built 1990, property built 1896; year guard: coord_nearest candidate 362503 built 1975, property built 1896; year guard: coord_nearest candidate 363558 built 1948, property built 1896; year guard: coord_nearest candidate 363608 built 1919, property built 1896; year guard: coord_nearest candidate 363672 built 1939, property built 1896; year guard: coord_nearest candidate 814867 built 1949, property built 1896; nearest footprint 27 m from the trusted coordinate"
175954,4626 W Diversey Ave,4626 W DIVERSEY AVE,HERMOSA,,,,41.9316889,-87.7430169,row_2022,234958,1,,55914,T1,high,
175959,5100  S HYDE PARK BLVD,5100 S HYDE PARK BLVD,HYDE PARK,Multifamily Housing,1910,1,41.8024498,-87.5853553,row_2022,457635,1,,27421.5,coord_nearest,medium,"year guard: coord_nearest candidate 456548 built 1951, property built 1910; year guard: coord_nearest candidate 456875 built 1953, property built 1910; year guard: coord_nearest candidate 458434 built 1922, property built 1910; year guard: coord_nearest candidate 885703 built 1972, property built 1910; nearest footprint 9 m from the trusted coordinate"
175960,5254  S DORCHESTER AVE,5254 S DORCHESTER AVE,HYDE PARK,,,,41.7995837,-87.5919339,row_2022,462837,1,1919,8091.5,coord_nearest,medium,nearest footprint 4 m from the trusted coordinate
175961,300 N Elizabeth St,300 N ELIZABETH ST,NEAR WEST SIDE,Office,1908,1,41.8866971,-87.6590396,row_2022,836182,1,,32136.3,T1,high,
175973,1940 1960 W HOOD AVE,1940-1960 W HOOD AVE,WEST RIDGE,Multifamily Housing,1951,1,41.9932158,-87.6787231,row_2022,34488;34533;34988;35018;35338,5,,20592.9,T1_multi,high,
175975,626 W Jackson Blvd,626 W JACKSON BLVD,NEAR WEST SIDE,Office,1920,1,41.878101,-87.6437561,row_2022,865207,1,,13819.8,coord_nearest,low,"year guard: address candidate 360095 built 1949, property built 1920; year guard: coord_nearest candidate 360767 built 2000, property built 1920; nearest footprint 34 m from the trusted coordinate"
175978,6700  S KEATING AVE,6700 S KEATING AVE,WEST LAWN,Senior Living Community,2017,1,41.7710696,-87.7405289,row_2022,,0,,,none,none,"built 2017, after the City's 2015 footprint layer: no footprint in it can be this building"
175979,6800  S KEATING AVE,6800 S KEATING AVE,WEST LAWN,Senior Living Community,2015,1,41.7694752,-87.7404861,row_2022,837864,1,2005,9643,coord_nearest,low,nearest footprint 68 m from the trusted coordinate
175981,860 W Evergreen Ave,860 W EVERGREEN AVE,NEAR NORTH SIDE,Office,1918,1,41.905996,-87.6504386,row_2022,314274,1,,73050.5,T1,high,
175984,1140  N LASALLE ST,1140 N LA SALLE ST,NEAR NORTH SIDE,,,,41.9030477,-87.6330395,row_2022,322609,1,,4320.5,coord_nearest,medium,1 in-range footprint(s) on the same-named street of another type ignored; nearest footprint 7 m from the trusted coordinate
175986,1228  W MONROE,1228 W MONROE,NEAR WEST SIDE,Multifamily Housing,2006,1,41.8804204,-87.6582809,row_2022,859848,1,2006,8725.6,T1,high,
175987,11840 S Marshfield Ave,11840 S MARSHFIELD AVE,MORGAN PARK,Office,2000,1,41.6781204,-87.662639,row_2022,,0,,,none,none,"year guard: address candidate 891033 built 2009, property built 2000; no footprint within 75 m of the trusted coordinate"
175992,815 W. Pershing Rd.,815 W PERSHING RD,NEW CITY,Other,2009,1,41.8229969,-87.6474137,row_2015,,0,,,none,none,no footprint within 75 m of the trusted coordinate; T3 candidate 424619 is 111 m from the trusted coordinate; not matched
175995,11 W Quincy Ct,11 W QUINCY CT,LOOP,,,,41.8786912,-87.6281424,row_2022,880601,1,,3827.8,T1,high,
176009,804 812 W VAN BUREN ST,804-812 W VAN BUREN ST,NEAR WEST SIDE,Multifamily Housing,1910,1,41.8767779,-87.6474386,row_2022,361716,1,1909,12778.5,coord_pip,medium,
176010,420 N Wabash Ave,420 N WABASH AVE,NEAR NORTH SIDE,Office,1906,1,41.8900451,-87.6268103,row_2022,350065,1,,15092.6,coord_nearest,medium,"year guard: address candidate 362470 built 1912, property built 1906; year guard: coord_nearest candidate 348881 built 1937, property built 1906; year guard: coord_nearest candidate 348898 built 1992, property built 1906; year guard: coord_nearest candidate 350368 built 1974, property built 1906; year guard: coord_nearest candidate 814085 built 1991, property built 1906; year guard: coord_nearest candidate 814122 built 1949, property built 1906; nearest footprint 6 m from the trusted coordinate"
176015,2734 S WENTWORTH AVE,2734 S WENTWORTH AVE,ARMOUR SQUARE,Multifamily Housing,2004,1,41.84298,-87.6319507,row_2022,882390,1,,14038.3,T1,high,
176018,915  W WILSON AVE,915 W WILSON AVE,UPTOWN,,,,41.9653463,-87.6530344,row_2022,113866,1,,17885.5,T1,high,
176020,1515 - 1531 E 53rd St,1515-1531 E 53RD ST,HYDE PARK,,,,41.7994391,-87.5884962,row_2022,821450,1,1929,14038.3,T1,high,
176021,118 N. Canal Street,118 N CANAL ST,NEAR WEST SIDE,Mixed Use Property,2006,1,41.883698,-87.639811,row_2015,353300,1,,340824.4,coord_nearest,medium,nearest footprint 10 m from the trusted coordinate
176022,7451 7521 N CLARK ST,7451-7521 N CLARK ST,ROGERS PARK,Retail Store,1980,1,42.0173294,-87.6753202,row_2022,881058,1,,93014.6,T1,high,
177315,1919 S MICHIGAN AVE,1919 S MICHIGAN AVE,NEAR SOUTH SIDE,Multifamily Housing,2005,1,41.856055,-87.623743,row_2022,836620,1,2005,16211.4,T1,high,
177806,5514 5524 S CORNELL AVE,5514-5524 S CORNELL AVE,HYDE PARK,Multifamily Housing,1914,1,41.7947252,-87.5855444,row_2022,480924,1,1912,16059.8,T1,high,
181840,30 32 E ADAMS ST,30-32 E ADAMS ST,LOOP,Office,1923,1,41.8796164,-87.6266422,row_2022,814691,1,1925,13219.9,T1,high,
182200,5301 5317 S HYDE PARK BLVD,5301-5317 S HYDE PARK BLVD,HYDE PARK,Multifamily Housing,1918,1,41.7995438,-87.5839077,row_2022,464007,1,1917,17704.5,T1,high,
188280,5200 5208 S BLACKSTONE AVE,5200-5208 S BLACKSTONE AVE,HYDE PARK,Multifamily Housing,1930,1,41.8009171,-87.5906198,row_2022,460959,1,1930,12314,coord_nearest,medium,"year guard: coord_nearest candidate 462061 built 1974, property built 1930; nearest footprint 3 m from the trusted coordinate"
200849,2850 N SHERIDAN RD,2850 N SHERIDAN RD,LAKE VIEW,Multifamily Housing,1929,1,41.9342705,-87.6394884,row_2022,232028,1,1930,16364.8,T1,high,
206858,3240 N LAKE SHORE DR,3240 N LAKE SHORE DR,LAKE VIEW,Multifamily Housing,1928,1,41.9413113,-87.6397287,row_2022,837171,1,,12440.5,T1,high,
208356,1234 N Monticello Ave,1234 N MONTICELLO AVE,HUMBOLDT PARK,K-12 School,1897,2,41.9037852,-87.7179631,row_2022,320849,1,,37570.3,T1,high,
210090,600 618 S WABASH AVE,600-618 S WABASH AVE,LOOP,Residence Hall/Dormitory,2005,1,41.8743426,-87.6261418,row_2022,834527,1,2005,19252.5,T1,high,
214742,1301 N DEARBORN ST,1301 N DEARBORN ST,NEAR NORTH SIDE,Multifamily Housing,1997,1,41.9059048,-87.629899,row_2022,315013,1,1997,14933.9,T1,high,
214929,100 N HERMITAGE AVE,100 N HERMITAGE AVE,NEAR WEST SIDE,Multifamily Housing,2003,1,41.8832857,-87.6707276,row_2022,836201,1,2005,34348.7,T1,high,
216479,1122 N DEARBORN ST,1122 N DEARBORN ST,NEAR NORTH SIDE,Multifamily Housing,1999,1,41.9025983,-87.630093,row_2022,323379,1,1999,9294.9,T1,high,
219559,200 N Jefferson St,200 N JEFFERSON ST,NEAR WEST SIDE,Multifamily Housing,2005,1,41.885758,-87.6429219,row_2022,353250,1,,357.5,coord_nearest,medium,nearest footprint 9 m from the trusted coordinate
221086,1500 N Lakeshore Dr,1500 N LAKE SHORE DR,NEAR NORTH SIDE,Multifamily Housing,1928,1,41.9095974,-87.6263122,row_2022,308077,1,1927,7891.1,coord_nearest,medium,"year guard: address candidate 306295 built 1932, property built 1928; year guard: coord_nearest candidate 308684 built 1967, property built 1928; nearest footprint 22 m from the trusted coordinate"
221751,501 W 24th Pl,501 W 24TH PL,ARMOUR SQUARE,Multifamily Housing,1978,1,41.8480269,-87.6401028,row_2022,392317,1,1978,23836.1,coord_nearest,medium,"1 in-range footprint(s) on the same-named street of another type ignored; year guard: coord_nearest candidate 840898 built 2006, property built 1978; nearest footprint 22 m from the trusted coordinate"
222150,3100 N SHERIDAN RD,3100 N SHERIDAN RD,LAKE VIEW,Multifamily Housing,1924,1,41.9377792,-87.6396166,row_2022,837922,1,1925,13922.1,T1,high,
222552,222 232 W DIVISION ST,222-232 W DIVISION ST,NEAR NORTH SIDE,Multifamily Housing,2002,1,41.9039491,-87.6354894,row_2022,815583,1,2004,19454.8,T1,high,
222598,123 - 125 S Green St,123-125 S GREEN ST,NEAR WEST SIDE,Multifamily Housing,2008,2,41.8797472,-87.6483218,row_2022,888212;888213,2,2008,23782.1,T1_multi,high,
222707,1516 1518 S WABASH AVE,1516-1518 S WABASH AVE,NEAR SOUTH SIDE,Multifamily Housing,1920,1,41.8614255,-87.6258385,row_2022,821283,1,1888,7656.5,coord_nearest,medium,"year guard: address candidate 821281 built 1998, property built 1920; year guard: coord_nearest candidate 859046 built 2006, property built 1920; nearest footprint 3 m from the trusted coordinate"
222943,1451 E 55th St,1451 E 55TH ST,HYDE PARK,Multifamily Housing,1961,2,41.7954024,-87.5895798,row_2022,478765,1,,26422.8,T1,high,
223537,5348-5358 N Cumberland Ave,5348-5358 N CUMBERLAND AVE,OHARE,,,,41.9769419,-87.8367595,row_2022,76148;77014,2,1970,32052.3,T1_multi,high,
224416,400 E Ohio St,400 E OHIO ST,NEAR NORTH SIDE,Multifamily Housing,1981,1,41.8927544,-87.6175603,row_2022,344187;813887,2,1983,20102.2,T1_multi,high,
224902,209 E LAKE SHORE DR,209 E LAKE SHORE DR,NEAR NORTH SIDE,Multifamily Housing,1920,1,41.9008017,-87.6214007,row_2022,813462,1,1922,13320.8,coord_nearest,medium,"year guard: address candidate 813463 built 1929, property built 1920; nearest footprint 19 m from the trusted coordinate"
226985,7321 S South Shore Dr,7321 S SOUTH SHORE DR,SOUTH SHORE,Multifamily Housing,1926,1,41.7635914,-87.5599671,row_2022,577088,1,1928,11703.2,coord_nearest,medium,"year guard: coord_nearest candidate 578204 built 1967, property built 1926; nearest footprint 10 m from the trusted coordinate"
227382,179 E LAKESHORE DR,179 E LAKE SHORE DR,NEAR NORTH SIDE,Multifamily Housing,1928,1,41.9007611,-87.6226177,row_2022,837540,1,,18004.3,coord_nearest,medium,"year guard: address candidate 837541 built 1932, property built 1928; nearest footprint 12 m from the trusted coordinate"
227642,6171 N Sheridan Rd,6171 N SHERIDAN RD,EDGEWATER,Multifamily Housing,1963,1,41.9943294,-87.6553702,row_2022,31910,1,1932,17722.9,T1,high,
227696,2545 S DEARBORN ST,2545 S DEARBORN ST,NEAR SOUTH SIDE,Multifamily Housing,2007,1,41.8460348,-87.6279867,row_2022,393723,1,,38074.1,coord_pip,medium,
227730,4300 N MARINE DR,4300 N MARINE DR,UPTOWN,Multifamily Housing,1930,1,41.9610483,-87.6469713,row_2022,127176,1,1930,18687.9,T1,high,
228455,1850-1856 N Clark St,1850-1856 N CLARK ST,LINCOLN PARK,Multifamily Housing,1969,1,41.9162511,-87.6349064,row_2022,824095,1,1867,1050.7,coord_nearest,low,"year guard: address candidate 288655 built 1974, property built 1969; nearest footprint 35 m from the trusted coordinate"
228537,201 E Chestnut St,201 E CHESTNUT ST,NEAR NORTH SIDE,Multifamily Housing,1966,1,41.8983109,-87.6217698,row_2022,333261,1,1969,13784.4,T1,high,
229016,345-355 N Canal St,345-355 N CANAL ST,NEAR WEST SIDE,Multifamily Housing,1900,1,41.8881658,-87.6398148,row_2022,351483,1,,18897.5,coord_nearest,medium,"year guard: address candidate 351471 built 1980, property built 1900; year guard: coord_nearest candidate 814224 built 2002, property built 1900; nearest footprint 20 m from the trusted coordinate"
229057,2740 N PINE GROVE AVE,2740 N PINE GROVE AVE,LINCOLN PARK,Multifamily Housing,1975,1,41.9320562,-87.6411251,row_2022,240058,1,1974,11381.8,T1,high,
229402,1101 S State St,1101 S STATE ST,LOOP,Multifamily Housing,2005,1,41.8691459,-87.627319,row_2022,833647,1,2004,75084.4,T1,high,
229823,5040-5060 N Marine,5040-5060 N MARINE,UPTOWN,Multifamily Housing,1939,1,41.9745895,-87.6516135,row_2022,79403,1,1939,31828,T1,high,
229826,11 E Walton St,11 E WALTON ST,NEAR NORTH SIDE,,,,41.8998349,-87.6277992,row_2022,885981,1,2008,23737.8,T1,high,
230101,6145 6147 N SHERIDAN RD,6145-6147 N SHERIDAN RD,EDGEWATER,Multifamily Housing,1965,1,41.9936403,-87.6553512,row_2022,34890,1,1953,7202.2,coord_nearest,medium,"year guard: address candidate 34197 built 1970, property built 1965; year guard: coord_nearest candidate 31970 built 1970, property built 1965; nearest footprint 26 m from the trusted coordinate"
230281,3440 N Lake Shore Dr,3440 N LAKE SHORE DR,LAKE VIEW,Multifamily Housing,1955,1,41.9447069,-87.6413841,row_2022,837167,1,1955,12015.1,coord_nearest,low,"year guard: address candidate 837168 built 1959, property built 1955; year guard: coord_nearest candidate 185439 built 1966, property built 1955; year guard: coord_nearest candidate 188015 built 1990, property built 1955; nearest footprint 75 m from the trusted coordinate"
231019,225 N Columbus Dr,225 N COLUMBUS DR,LOOP,Multifamily Housing,2009,1,41.8863731,-87.620543,row_2022,883629,1,2008,25200.4,T1,high,
231205,5201 S Cornell Ave,5201 S CORNELL AVE,HYDE PARK,Multifamily Housing,1969,1,41.8010383,-87.5859062,row_2022,460462,1,1968,9470.8,T1,high,
231271,2 W Delaware Pl,2 W DELAWARE PL,NEAR NORTH SIDE,Multifamily Housing,2010,1,41.8992486,-87.6283466,row_2022,891281,1,2010,25656.3,T1,high,
231297,1000 W Adams St,1000 W ADAMS ST,NEAR WEST SIDE,Multifamily Housing,1999,1,41.8792466,-87.6520856,row_2022,838200,1,2000,36580.4,T1,high,
231486,4170 N Marine Dr,4170 N MARINE DR,UPTOWN,Multifamily Housing,1973,1,41.9575727,-87.6464026,row_2022,140394,1,1974,24255.9,T1,high,
231520,88 W Schiller St,88 W SCHILLER ST,NEAR NORTH SIDE,Multifamily Housing,1969,1,41.9079451,-87.6315372,row_2022,311079,1,1972,7297.5,T1,high,
231536,1212 N Wells St,1212 N WELLS ST,NEAR NORTH SIDE,Multifamily Housing,2001,1,41.9042751,-87.6346417,row_2022,815153,1,1899,18107.9,T1,high,
231775,6700 S Shore Dr,6700 S SHORE DR,SOUTH SHORE,Multifamily Housing,1968,1,41.7734386,-87.5668993,row_2022,553316,1,1970,36158.5,coord_nearest,medium,nearest footprint 7 m from the trusted coordinate
232062,1717 S Prairie Ave,1717 S PRAIRIE AVE,NEAR SOUTH SIDE,Multifamily Housing,2003,1,41.8586573,-87.6206375,row_2022,836580,1,2005,20858,T1,high,
232398,1040 N Lake Shore Dr,1040 N LAKE SHORE DR,NEAR NORTH SIDE,Multifamily Housing,1964,1,41.9019859,-87.6245367,row_2022,323892,1,1967,14254.9,T1,high,
232458,4800 - 4850 S Lake Park Ave,4800-4850 S LAKE PARK AVE,KENWOOD,Multifamily Housing,1974,1,41.8079218,-87.5906931,row_2022,447323;448568,2,1971,40921.9,T1_multi,high,
232666,600 S Dearborn St,600 S DEARBORN ST,LOOP,Multifamily Housing,1911,1,41.8744812,-87.6293565,row_2022,364561,1,1911,18323.4,T1,high,"year guard: address candidate 813923 built 2001, property built 1911"
232841,222 E PEARSON ST,222 E PEARSON ST,NEAR NORTH SIDE,Multifamily Housing,1964,1,41.8977394,-87.6208954,row_2022,891322,1,,10692.7,coord_nearest,low,"year guard: address candidate 815077 built 1969, property built 1964; year guard: coord_nearest candidate 333261 built 1969, property built 1964; year guard: coord_nearest candidate 335431 built 1995, property built 1964; year guard: coord_nearest candidate 813584 built 1972, property built 1964; nearest footprint 33 m from the trusted coordinate"
233452,1155 N DEARBORN ST,1155 N DEARBORN ST,NEAR NORTH SIDE,Multifamily Housing,2002,1,41.9034469,-87.6298249,row_2022,815876,1,2002,10876.7,T1,high,
233591,40 E CEDAR ST,40 E CEDAR ST,NEAR NORTH SIDE,Multifamily Housing,1968,1,41.9025074,-87.6267458,row_2022,815493,1,1968,11066,T1,high,
233760,55 W Delaware Pl,55 W DELAWARE PL,NEAR NORTH SIDE,Multifamily Housing,1995,1,41.8986361,-87.6303988,row_2022,332431,1,1997,40638,T1,high,
233890,1464 S Michigan Ave,1464 S MICHIGAN AVE,NEAR SOUTH SIDE,Multifamily Housing,2007,1,41.8623096,-87.6241825,row_2022,892681,1,2010,21228.9,T1,high,
233920,860 W Blackhawk St,860 W BLACKHAWK ST,NEAR NORTH SIDE,Multifamily Housing,2008,1,41.908646,-87.6506422,row_2022,886023,1,,13819.3,T1,high,
234084,1530 N DEARBORN PKWY,1530 N DEARBORN PKWY,NEAR NORTH SIDE,Multifamily Housing,1972,1,41.9103831,-87.6303277,row_2022,305092,1,1974,7880.4,T1,high,
234374,330 N Jefferson Ct,330 N JEFFERSON CT,NEAR WEST SIDE,Multifamily Housing,2000,1,41.8877644,-87.6429769,row_2022,814218,1,2000,14917.6,T1,high,
234566,1410 N STATE PKWY,1410 N STATE PKWY,NEAR NORTH SIDE,Multifamily Housing,1980,1,41.9081516,-87.6289373,row_2022,310518,1,1891,9730,T1,high,
234641,6833 N Kedzie Ave,6833 N KEDZIE AVE,WEST RIDGE,Multifamily Housing,1966,1,42.0056145,-87.7091715,row_2022,14214,1,1969,55362,T1,high,
234740,1600 S Indiana Ave,1600 S INDIANA AVE,NEAR SOUTH SIDE,Multifamily Housing,2006,1,41.860227,-87.6225303,row_2022,836610,1,2005,20225.4,T1,high,
234748,800 N Michigan Ave,800 N MICHIGAN AVE,NEAR NORTH SIDE,Multifamily Housing,1999,1,41.8967906,-87.6243807,row_2022,813606,1,,20497.6,T1,high,
234823,525 W Hawthorne Pl,525 W HAWTHORNE PL,LAKE VIEW,Multifamily Housing,1969,1,41.944531,-87.6423371,row_2022,185439,1,1966,33861.1,coord_nearest,medium,"year guard: address candidate 188015 built 1990, property built 1969; nearest footprint 26 m from the trusted coordinate"
234838,1400 S Michigan Ave,1400 S MICHIGAN AVE,NEAR SOUTH SIDE,Multifamily Housing,2008,1,41.8640015,-87.6242257,row_2022,886008,1,2007,28268.6,T1,high,
234885,3033 N Sheridan Rd,3033 N SHERIDAN RD,LAKE VIEW,Multifamily Housing,1968,1,41.937615,-87.6393173,row_2022,217853,1,1967,15478,T1,high,
234897,55 E Erie St,55 E ERIE ST,NEAR NORTH SIDE,Multifamily Housing,2004,1,41.8939966,-87.6260317,row_2022,815139,1,2002,23055.8,T1,high,
235008,1400 N Lake Shore Dr,1400 N LAKE SHORE DR,NEAR NORTH SIDE,Multifamily Housing,1927,3,41.9079095,-87.6259458,row_2022,310719,1,1927,15302,T1,high,
235137,2909 N Sheridan Rd,2909 N SHERIDAN RD,LAKE VIEW,,,,41.9346505,-87.6392124,row_2022,229048,1,1956,25473.6,T1,high,
235438,5901 N SHERIDAN RD,5901 N SHERIDAN RD,EDGEWATER,Multifamily Housing,1966,1,41.9892552,-87.6552126,row_2022,43711,1,1968,15812.1,T1,high,
235635,70 W Huron St,70 W HURON ST,NEAR NORTH SIDE,Multifamily Housing,1985,1,41.8949481,-87.6308659,row_2022,340322,1,1985,22142.4,T1,high,
235739,1000 N Lake Shore Plz,1000 N LAKE SHORE PLZ,NEAR NORTH SIDE,Multifamily Housing,1965,1,41.9009589,-87.6199282,row_2022,813461,1,1949,12730,coord_nearest,medium,"year guard: coord_nearest candidate 327683 built 1974, property built 1965; nearest footprint 21 m from the trusted coordinate"
235845,1122 N Clark St,1122 N CLARK ST,NEAR NORTH SIDE,Multifamily Housing,1989,1,41.9025788,-87.6315564,row_2022,322966;874109,2,1988,50107.9,T1_multi,high,
235970,5100 N Marine Dr,5100 N MARINE DR,UPTOWN,Multifamily Housing,1969,1,41.9753558,-87.6518974,row_2022,885698,1,1969,25136.8,T1,high,
236031,208 W Washington St,208 W WASHINGTON ST,LOOP,Multifamily Housing,1927,1,41.8833203,-87.6341572,row_2022,354924,1,1927,14382.6,coord_pip,medium,
236345,10 E Ontario St,10 E ONTARIO ST,NEAR NORTH SIDE,Multifamily Housing,1983,1,41.8933889,-87.6277024,row_2022,343097,1,1983,41817.9,coord_nearest,medium,"year guard: coord_nearest candidate 344733 built 1991, property built 1983; year guard: coord_nearest candidate 815146 built 2000, property built 1983; year guard: coord_nearest candidate 866001 built 2006, property built 1983; nearest footprint 2 m from the trusted coordinate"
236366,1700 E 56th St,1700 E 56TH ST,HYDE PARK,Multifamily Housing,1969,1,41.7935298,-87.5838398,row_2022,482933,1,1970,35328.4,T1,high,
236382,165 N Canal St,165 N CANAL ST,NEAR WEST SIDE,Multifamily Housing,1922,1,41.8850844,-87.6396672,row_2022,353290,1,1922,58528.8,T1,high,
236480,5855 N Sheridan Rd,5855 N SHERIDAN RD,EDGEWATER,Multifamily Housing,1967,1,41.9889026,-87.6552029,row_2022,44301,1,1957,7320.5,coord_nearest,low,"year guard: address candidate 831780 built 1974, property built 1967; year guard: coord_nearest candidate 45516 built 1974, property built 1967; nearest footprint 31 m from the trusted coordinate"
236816,401 E Ontario St,401 E ONTARIO ST,NEAR NORTH SIDE,,,,41.8933413,-87.6175892,row_2022,813872,1,,40876.5,T1,high,
236822,21 W Chestnut St,21 W CHESTNUT ST,NEAR NORTH SIDE,Multifamily Housing,1999,1,41.8978903,-87.6291494,row_2022,815867,1,1899,15869.9,T1,high,
236913,3930 N Pine Grove Ave,3930 N PINE GROVE AVE,LAKE VIEW,Multifamily Housing,1969,1,41.9537741,-87.6480607,row_2022,151207,1,1968,44461,T1,high,
237018,125 E 13th St,125 E 13TH ST,NEAR SOUTH SIDE,Multifamily Housing,2004,1,41.8656875,-87.6231936,row_2022,824983,1,2004,24522.5,T1,high,
237359,5555 N Sheridan Rd,5555 N SHERIDAN RD,EDGEWATER,Multifamily Housing,1927,1,41.9834191,-87.6550316,row_2022,,0,,,none,none,"year guard: address candidate 56889 built 1931, property built 1927; year guard: coord_nearest candidate 55807 built 1968, property built 1927; year guard: coord_nearest candidate 55898 built 1962, property built 1927; year guard: coord_nearest candidate 57879 built 1966, property built 1927; year guard: coord_nearest candidate 834623 built 2005, property built 1927; no footprint within 75 m of the trusted coordinate"
237373,1 E Scott St,1 E SCOTT ST,NEAR NORTH SIDE,Multifamily Housing,1968,1,41.9047461,-87.6286252,row_2022,319031,1,1970,11216.9,T1,high,
237384,1035 N DEARBORN ST,1035 N DEARBORN ST,NEAR NORTH SIDE,Multifamily Housing,2006,1,41.9016791,-87.6297724,row_2022,324865,1,2006,14943.6,T1,high,
237422,653 N Kingsbury St,653 N KINGSBURY ST,NEAR NORTH SIDE,Multifamily Housing,2003,1,41.8935596,-87.6413134,row_2022,880951,1,2000,12488.9,T1,high,
237722,3100 N Lake Shore Dr,3100 N LAKE SHORE DR,LAKE VIEW,Multifamily Housing,1951,1,41.9377713,-87.637456,row_2022,861865,1,1951,20236.1,T1,high,
237798,2605 S Indiana Ave,2605 S INDIANA AVE,DOUGLAS,Multifamily Housing,1971,1,41.845481,-87.6219861,row_2022,395339,1,1972,9479.7,T1,high,
238049,740 W FULTON ST,740 W FULTON ST,NEAR WEST SIDE,Multifamily Housing,2007,1,41.8869072,-87.6474583,row_2022,834538,1,2005,17619.8,coord_nearest,medium,nearest footprint 8 m from the trusted coordinate
238097,111 S Morgan St,111 S MORGAN ST,NEAR WEST SIDE,Multifamily Housing,2003,1,41.880048,-87.6518316,row_2022,838198,1,2000,32207.9,T1,high,
238266,25 E Superior St,25 E SUPERIOR ST,NEAR NORTH SIDE,Multifamily Housing,2003,1,41.8955851,-87.6270635,row_2022,815890,1,2002,33162.3,T1,high,
238355,1322 S Prairie Ave,1322 S PRAIRIE AVE,NEAR SOUTH SIDE,Multifamily Housing,2001,1,41.8653556,-87.6215411,row_2022,813319,1,2002,15984.4,T1,high,
238365,1255 S State St,1255 S STATE ST,NEAR SOUTH SIDE,Multifamily Housing,2007,1,41.8659315,-87.6272401,row_2022,881830,1,,35603.6,T1,high,1 in-range footprint(s) on the same-named street of another type ignored
238367,1300 N Lake Shore Dr,1300 N LAKE SHORE DR,NEAR NORTH SIDE,Multifamily Housing,1963,1,41.905886,-87.6254506,row_2022,815361,1,1965,22433,T1,high,
238480,5455 N Sheridan Rd,5455 N SHERIDAN RD,EDGEWATER,,,,41.981547,-87.6549835,row_2022,882803,1,1974,32769.7,T1,high,
238554,336 W WELLINGTON AVE,336 W WELLINGTON AVE,LAKE VIEW,Multifamily Housing,1967,1,41.9367064,-87.6383739,row_2022,219808,1,1966,16129.8,T1,high,
238595,3920 N LAKE SHORE DR,3920 N LAKE SHORE DR,LAKE VIEW,Multifamily Housing,1968,1,41.9536229,-87.645213,row_2022,875086,1,1931,10633.9,T1,high,
238712,899 S Plymouth Ct,899 S PLYMOUTH CT,LOOP,Multifamily Housing,1980,1,41.870573,-87.6284479,row_2022,368218,1,1980,15583,coord_nearest,medium,nearest footprint 15 m from the trusted coordinate
238747,1250 N DEARBORN ST,1250 N DEARBORN ST,NEAR NORTH SIDE,Multifamily Housing,1990,1,41.905379,-87.6301746,row_2022,815376,1,1901,14544,T1,high,
238787,840 N Lake Shore Dr,840 N LAKE SHORE DR,NEAR NORTH SIDE,Multifamily Housing,2003,1,41.8978312,-87.6179061,row_2022,825051,1,2004,11635.9,T1,high,
238799,6030 N Sheridan Rd,6030 N SHERIDAN RD,EDGEWATER,Multifamily Housing,1950,1,41.9918706,-87.6555887,row_2022,38000,1,1952,9164.9,coord_nearest,medium,"year guard: address candidate 38884 built 1954, property built 1950; year guard: coord_nearest candidate 36826 built 1988, property built 1950; year guard: coord_nearest candidate 38033 built 1974, property built 1950; year guard: coord_nearest candidate 38858 built 1968, property built 1950; year guard: coord_nearest candidate 39766 built 1969, property built 1950; year guard: coord_nearest candidate 40059 built 1971, property built 1950; year guard: coord_nearest candidate 40405 built 1973, property built 1950; nearest footprint 14 m from the trusted coordinate"
238850,100 E Bellevue Pl,100 E BELLEVUE PL,NEAR NORTH SIDE,Multifamily Housing,1970,1,41.9017109,-87.6256667,row_2022,323796,1,1971,19990.5,T1,high,
238910,505 N Lake Shore Dr,505 N LAKE SHORE DR,NEAR NORTH SIDE,Multifamily Housing,1968,1,41.8912793,-87.6141075,row_2022,346990,1,1967,20414.2,T1,high,
238957,2626 N Lakeview Ave,2626 N LAKEVIEW AVE,LINCOLN PARK,Multifamily Housing,1967,1,41.9304482,-87.6394421,row_2022,245705,1,1968,44602.4,T1,high,
238973,6933 N Kedzie Ave,6933 N KEDZIE AVE,WEST RIDGE,Multifamily Housing,1965,1,42.0073775,-87.7091256,row_2022,12061,1,1968,52608.1,T1,high,
239016,160 E Illinois St,160 E ILLINOIS ST,NEAR NORTH SIDE,Multifamily Housing,2007,1,41.8910642,-87.6229179,row_2022,814030,1,1935,12149.5,T1,high,
239042,400 N LaSalle St,400 N LA SALLE ST,NEAR NORTH SIDE,Multifamily Housing,2003,1,41.8892254,-87.6326741,row_2022,814836,1,1983,48477,T2,low,1 in-range footprint(s) on the same-named street of another type ignored; direction S vs N; 1373 m from the trusted coordinate
239078,801 S Plymouth Ct,801 S PLYMOUTH CT,LOOP,Multifamily Housing,1983,1,41.8722437,-87.6284846,row_2022,366904,1,1983,40818.6,T1,high,
239096,300 N State St,300 N STATE ST,NEAR NORTH SIDE,Multifamily Housing,1960,2,41.8875579,-87.6281531,row_2022,351489;351634,2,1962,23853.1,T1_multi,high,
239488,1111 S Wabash Ave,1111 S WABASH AVE,LOOP,Multifamily Housing,2005,1,41.8688962,-87.6257171,row_2022,834525,1,2005,25584.8,T1,high,
239540,71 E DIVISION ST,71 E DIVISION ST,NEAR NORTH SIDE,Multifamily Housing,1970,1,41.9038759,-87.625965,row_2022,320875,1,1891,1600.4,coord_nearest,medium,"year guard: address candidate 320910 built 1974, property built 1970; nearest footprint 10 m from the trusted coordinate"
239630,440 N Wabash Ave,440 N WABASH AVE,NEAR NORTH SIDE,Multifamily Housing,1991,1,41.8904864,-87.6268245,row_2022,814085,1,1991,11563.7,T1,high,
239679,900 N Kingsbury,900 N KINGSBURY,NEAR NORTH SIDE,Multifamily Housing,1908,1,41.8990997,-87.6443454,row_2017,822794,1,,17597.1,coord_nearest,medium,"year guard: coord_nearest candidate 836103 built 2005, property built 1908; year guard: coord_nearest candidate 836105 built 2005, property built 1908; year guard: coord_nearest candidate 836106 built 2005, property built 1908; year guard: coord_nearest candidate 838072 built 2005, property built 1908; nearest footprint 14 m from the trusted coordinate"
239695,1550 N Lake Shore Dr,1550 N LAKE SHORE DR,NEAR NORTH SIDE,Multifamily Housing,1960,1,41.9109439,-87.6263928,row_2022,302557,1,1951,19181.5,T1,high,
239704,1000 E 53RD ST,1000 E 53RD ST,HYDE PARK,Multifamily Housing,1975,1,41.7995139,-87.6012668,row_2022,820291;820294,2,,41817.7,T1_multi,high,
239739,1212 N Lake Shore Dr,1212 N LAKE SHORE DR,NEAR NORTH SIDE,Multifamily Housing,1969,1,41.9043901,-87.6252021,row_2022,318818,1,1969,22988.6,T1,high,
239946,310 S Michigan Ave,310 S MICHIGAN AVE,LOOP,Multifamily Housing,1924,1,41.8779878,-87.6244598,row_2022,822751,1,1924,28631.2,T1,high,
239994,1500 W Monroe St,1500 W MONROE ST,NEAR WEST SIDE,Multifamily Housing,2004,2,41.8803167,-87.6645103,row_2022,357853,1,2001,34793.5,T1,high,
240019,1555 N Astor St,1555 N ASTOR ST,NEAR NORTH SIDE,Multifamily Housing,1974,1,41.9111579,-87.6275133,row_2022,302621;303612,2,1974,25401.5,T1_multi,high,
240068,600 N Dearborn St,600 N DEARBORN ST,NEAR NORTH SIDE,Multifamily Housing,2001,1,41.8924855,-87.6298244,row_2022,813923,1,2001,17872,T1,high,
240122,6 N Michigan Ave,6 N MICHIGAN AVE,LOOP,Multifamily Housing,1898,1,41.8822482,-87.6245165,row_2022,814561,1,1899,16049.3,T1,high,
240215,757 N Orleans St,757 N ORLEANS ST,NEAR NORTH SIDE,Multifamily Housing,2008,1,41.8965031,-87.6370236,row_2022,886001,1,2008,24833.8,T1,high,
240284,2700 N Hampden Ct,2700 N HAMPDEN CT,LINCOLN PARK,Multifamily Housing,1964,1,41.9307248,-87.6416647,row_2022,244270,1,1906,2456,coord_nearest,medium,"year guard: address candidate 244567 built 1971, property built 1964; year guard: coord_nearest candidate 245036 built 1979, property built 1964; year guard: coord_nearest candidate 245063 built 1974, property built 1964; year guard: coord_nearest candidate 246301 built 1973, property built 1964; year guard: coord_nearest candidate 246303 built 1972, property built 1964; year guard: coord_nearest candidate 862227 built 1970, property built 1964; nearest footprint 23 m from the trusted coordinate"
240299,21 E Huron St,21 E HURON ST,NEAR NORTH SIDE,Multifamily Housing,2004,1,41.8947802,-87.6272172,row_2022,825001,1,2004,24952.2,T1,high,
240338,1250 S INDIANA AVE,1250 S INDIANA AVE,NEAR SOUTH SIDE,Multifamily Housing,2004,1,41.8660912,-87.6226672,row_2022,824851,1,2005,30257.4,T1,high,
240400,4343 N Clarendon Ave,4343 N CLARENDON AVE,UPTOWN,Multifamily Housing,1973,1,41.9616671,-87.6497606,row_2022,126150,1,1974,38677.5,T1,high,
240429,360 E Randolph St,360 E RANDOLPH ST,LOOP,Multifamily Housing,1981,1,41.8846275,-87.6186431,row_2022,353785,1,1979,12056.5,T1,high,
240518,233 E 13th St,233 E 13TH ST,NEAR SOUTH SIDE,Multifamily Housing,2005,1,41.8657157,-87.6213592,row_2022,835946,1,2005,20795.1,T1,high,
240540,333 N Canal St,333 N CANAL ST,NEAR WEST SIDE,Multifamily Housing,2001,1,41.8878722,-87.6398062,row_2022,814224,1,2002,20546.4,T1,high,
240557,345 W Fullerton Pkwy,345 W FULLERTON PKWY,LINCOLN PARK,Multifamily Housing,1972,2,41.9255168,-87.6382219,row_2022,261607,1,1974,18779.6,T1,high,
240573,70 W Burton Pl,70 W BURTON PL,NEAR NORTH SIDE,Multifamily Housing,1966,1,41.9095444,-87.6315354,row_2022,307051,1,1969,8351.2,T1,high,
240752,200 N Dearborn St,200 N DEARBORN ST,LOOP,Multifamily Housing,1989,1,41.8857963,-87.6296462,row_2022,352785,1,1989,8015,T1,high,
240842,200 E Delaware Pl,200 E DELAWARE PL,NEAR NORTH SIDE,Multifamily Housing,1972,1,41.8993547,-87.6217913,row_2022,328974,1,1974,23287.8,T1,high,
240953,700 N Larrabee St,700 N LARRABEE ST,NEAR NORTH SIDE,Multifamily Housing,2006,1,41.8947008,-87.6430666,row_2022,834544,1,2005,19187.7,T1,high,
240956,155 N Harbor Dr,155 N HARBOR DR,LOOP,Multifamily Housing,1974,1,41.8847505,-87.615604,row_2022,353629,1,1974,17278.4,T1,high,
240959,340 W Superior St,340 W SUPERIOR ST,NEAR NORTH SIDE,Multifamily Housing,2002,1,41.8956628,-87.6372207,row_2022,815874,1,2002,16655.6,T1,high,
241007,505 N McClurg Ct,505 N MCCLURG CT,NEAR NORTH SIDE,Multifamily Housing,2008,1,41.8912366,-87.6175278,row_2022,888820,1,,32462.3,coord_nearest,medium,nearest footprint 25 m from the trusted coordinate
241042,100 E Walton St,100 E WALTON ST,NEAR NORTH SIDE,Mixed Use Property,1971,1,41.9000966,-87.6253593,row_2022,813492,1,1974,17279.4,T1,high,
241133,1845 S Michigan Ave,1845 S MICHIGAN AVE,NEAR SOUTH SIDE,Multifamily Housing,2003,1,41.8566796,-87.6237596,row_2022,815894,1,2003,13082.9,T1,high,
241168,3900 N Lake Shore Dr,3900 N LAKE SHORE DR,LAKE VIEW,Multifamily Housing,1959,1,41.9531408,-87.6451629,row_2022,154196,1,1960,9671.5,T1,high,
241377,701 S Wells St,701 S WELLS ST,LOOP,Multifamily Housing,2002,1,41.8732557,-87.6334542,row_2022,815887,1,2003,11774.2,T1,high,
241405,501 N Clinton St,501 N CLINTON ST,WEST TOWN,Multifamily Housing,1999,1,41.8907982,-87.6422517,row_2022,815888,1,2000,30056.6,T1,high,
241410,1440 N STATE PKWY,1440 N STATE PKWY,NEAR NORTH SIDE,Multifamily Housing,1975,1,41.9089618,-87.6289631,row_2022,308832,1,1974,14864,T1,high,
241533,565 W Quincy St,565 W QUINCY ST,NEAR WEST SIDE,Multifamily Housing,2009,1,41.8785358,-87.6422191,row_2022,359775,1,,26011,coord_pip,medium,
241550,1305 S Michigan Ave,1305 S MICHIGAN AVE,NEAR SOUTH SIDE,Multifamily Housing,2004,1,41.865595,-87.6239644,row_2022,834944,1,2006,19904.2,T1,high,
241747,2754 N HAMPDEN CT,2754 N HAMPDEN CT,LINCOLN PARK,Multifamily Housing,1972,1,41.9322593,-87.6425629,row_2022,239962,1,1974,15060.6,T1,high,
241767,340 E Randolph St,340 E RANDOLPH ST,LOOP,Multifamily Housing,2007,1,41.8846248,-87.6192543,row_2022,843458,1,2006,22260.1,T1,high,
241820,222 N Columbus Dr,222 N COLUMBUS DR,LOOP,Multifamily Housing,2002,1,41.8863394,-87.6208361,row_2022,814261,1,2002,26314.4,T1,high,
241873,1160 S Michigan Ave,1160 S MICHIGAN AVE,LOOP,Multifamily Housing,2007,1,41.8675024,-87.6242753,row_2022,880228,1,2008,15829.1,T1,high,
241892,440 N McClurg Ct,440 N MCCLURG CT,NEAR NORTH SIDE,Multifamily Housing,1991,1,41.8898168,-87.6177773,row_2022,348534,1,1989,80038.6,T1,high,
241915,474 N Lake Shore Dr,474 N LAKE SHORE DR,NEAR NORTH SIDE,Multifamily Housing,1991,1,41.8906294,-87.6143303,row_2022,815085,1,1989,23131.4,T1,high,
241989,30 E ELM ST,30 E ELM ST,NEAR NORTH SIDE,Multifamily Housing,1961,1,41.9033129,-87.6274232,row_2022,837329,1,1962,12650.4,T1,high,
242048,3550 N Lake Shore Dr,3550 N LAKE SHORE DR,LAKE VIEW,Multifamily Housing,1962,1,41.9481305,-87.6433239,row_2022,172376,1,1961,59494.9,T1,high,
242148,1841 S Calumet Ave,1841 S CALUMET AVE,NEAR SOUTH SIDE,Multifamily Housing,2006,1,41.8567992,-87.6189874,row_2022,835949,1,2006,26278.7,T1,high,
242162,635 N Dearborn St,635 N DEARBORN ST,NEAR NORTH SIDE,Multifamily Housing,2003,1,41.893436,-87.6295533,row_2022,815145,1,2003,13312.1,T1,high,
242172,2 E Oak St,2 E OAK ST,NEAR NORTH SIDE,Multifamily Housing,1971,1,41.9008511,-87.6282812,row_2022,325796,1,1971,17946.4,coord_nearest,medium,"year guard: coord_nearest candidate 813436 built 1986, property built 1971; year guard: coord_nearest candidate 892632 built 2010, property built 1971; year guard: coord_nearest candidate 892954 built 2011, property built 1971; nearest footprint 9 m from the trusted coordinate"
242188,345 N LaSalle St,345 N LA SALLE ST,NEAR NORTH SIDE,Multifamily Housing,2001,1,41.8886714,-87.6323632,row_2022,814183,1,2001,31115,coord_nearest,medium,nearest footprint 7 m from the trusted coordinate
242236,1550 S Blue Island Ave,1550 S BLUE ISLAND AVE,NEAR WEST SIDE,Multifamily Housing,1927,1,41.8603102,-87.6592478,row_2022,,0,,,none,none,"year guard: address candidate 851855 built 2006, property built 1927; no footprint within 75 m of the trusted coordinate"
242238,535 N Michigan Ave,535 N MICHIGAN AVE,NEAR NORTH SIDE,Multifamily Housing,1962,1,41.8918971,-87.6240163,row_2022,813970,1,,3877.9,coord_nearest,medium,"year guard: address candidate 346539 built 1966, property built 1962; year guard: coord_nearest candidate 348062 built 1972, property built 1962; nearest footprint 23 m from the trusted coordinate"
242264,6033 N Sheridan Rd,6033 N SHERIDAN RD,EDGEWATER,Multifamily Housing,1972,1,41.9919288,-87.6552964,row_2022,38033,1,1974,61163.8,T1,high,
242279,1100 N LAKESHORE DR,1100 N LAKE SHORE DR,NEAR NORTH SIDE,,,,41.9024619,-87.6246606,row_2022,322981,1,1979,10910,T1,high,
242313,3150 N Lake Shore Dr,3150 N LAKE SHORE DR,LAKE VIEW,,,,41.9389529,-87.6381599,row_2022,208181,1,1963,62116.1,T1,high,
242359,1000 W Washington Blvd,1000 W WASHINGTON BLVD,NEAR WEST SIDE,Multifamily Housing,1902,2,41.8831718,-87.6521331,row_2022,355257,1,,31316.8,T1,high,
242510,8 E Randolph St,8 E RANDOLPH ST,LOOP,Multifamily Housing,2008,1,41.8846019,-87.6276142,row_2022,354383,1,1914,130960.5,coord_nearest,medium,nearest footprint 25 m from the trusted coordinate
242537,1560 N Sandburg Ter,1560 N SANDBURG TER,NEAR NORTH SIDE,Multifamily Housing,1971,2,41.9111183,-87.6326197,row_2022,304399,1,1971,15586,T1,high,"year guard: address candidate 887650 built 2008, property built 1971"
242554,3001 S MICHIGAN AVE,3001 S MICHIGAN AVE,DOUGLAS,Multifamily Housing,1964,1,41.8395449,-87.6230897,row_2022,405197,1,,14176.4,coord_nearest,low,"year guard: address candidate 403381 built 1970, property built 1964; nearest footprint 42 m from the trusted coordinate"
242563,212 W Washington St,212 W WASHINGTON ST,LOOP,Multifamily Housing,1912,1,41.8833199,-87.6342684,row_2022,814483,1,1912,25304.5,T1,high,
242586,250 270 E Pearson St,250-270 E PEARSON ST,NEAR NORTH SIDE,Multifamily Housing,2003,1,41.8977584,-87.6196621,row_2022,825064;825100,2,2004,22872.4,T1_multi,high,
242605,850 N Dewitt Pl,850 N DEWITT PL,NEAR NORTH SIDE,Multifamily Housing,1957,1,41.8984022,-87.6203447,row_2022,891322,1,,10692.7,coord_nearest,medium,"year guard: address candidate 891323 built 1961, property built 1957; year guard: coord_nearest candidate 331720 built 1961, property built 1957; year guard: coord_nearest candidate 331877 built 1966, property built 1957; year guard: coord_nearest candidate 813569 built 1965, property built 1957; year guard: coord_nearest candidate 815077 built 1969, property built 1957; year guard: coord_nearest candidate 825100 built 2003, property built 1957; nearest footprint 25 m from the trusted coordinate"
242629,5701 N Sheridan Rd,5701 N SHERIDAN RD,EDGEWATER,Multifamily Housing,1962,1,41.9856384,-87.6550943,row_2022,52571,1,,31706,coord_nearest,low,"year guard: address candidate 50285 built 1966, property built 1962; year guard: coord_nearest candidate 50957 built 1969, property built 1962; year guard: coord_nearest candidate 52570 built 1970, property built 1962; nearest footprint 32 m from the trusted coordinate"
242633,530 N Lake Shore Dr,530 N LAKE SHORE DR,NEAR NORTH SIDE,Multifamily Housing,2003,1,41.8919756,-87.6145803,row_2022,813958,1,2003,22763.4,T1,high,
242635,659 W Randolph St,659 W RANDOLPH ST,NEAR WEST SIDE,Multifamily Housing,2008,1,41.8843094,-87.6450297,row_2022,874117,1,2007,39.5,coord_nearest,medium,nearest footprint 23 m from the trusted coordinate
242638,411 W Ontario St,411 W ONTARIO ST,NEAR NORTH SIDE,Multifamily Housing,1994,1,41.8930119,-87.6391021,row_2022,345087,1,1935,37786.3,T1,high,
242643,100 E 14th St,100 E 14TH ST,NEAR SOUTH SIDE,Multifamily Housing,2008,1,41.8642243,-87.6240746,row_2022,886005,1,2007,23317.1,T1,high,
242654,1660 N LaSalle St,1660 N LA SALLE ST,LINCOLN PARK,Multifamily Housing,1978,1,41.9128644,-87.6332927,row_2022,297284,1,1972,24428.3,coord_nearest,medium,"1 in-range footprint(s) on the same-named street of another type ignored; year guard: coord_nearest candidate 892822 built 2008, property built 1978; nearest footprint 4 m from the trusted coordinate"
242655,10 E Delaware Pl,10 E DELAWARE PL,NEAR NORTH SIDE,Multifamily Housing,2009,1,41.8992551,-87.6278346,row_2022,886063,1,2008,12395.6,T1,high,
242661,2921 S MICHIGAN AVE,2921 S MICHIGAN AVE,DOUGLAS,Multifamily Housing,1964,1,41.841398,-87.623136,row_2022,401279,1,1944,21223.1,coord_nearest,low,"year guard: coord_nearest candidate 400425 built 1968, property built 1964; nearest footprint 44 m from the trusted coordinate"
242732,451 W HURON ST,451 W HURON ST,NEAR NORTH SIDE,Multifamily Housing,2007,1,41.8946027,-87.6404961,row_2022,885960,1,2007,18112.9,T1,high,
242901,1455 - 1460 N Sandburg Ter,1455-1460 N SANDBURG TER,NEAR NORTH SIDE,Multifamily Housing,1962,2,41.9092683,-87.6320711,row_2022,309276,1,1962,7702,T1,high,
242935,3660 N Lake Shore Dr,3660 N LAKE SHORE DR,LAKE VIEW,,,,41.9501726,-87.6445482,row_2022,165975,1,1986,56619.6,T1,high,
242950,600 N KINGSBURY ST,600 N KINGSBURY ST,NEAR NORTH SIDE,Multifamily Housing,2002,1,41.8922337,-87.6406157,row_2022,815875,1,2002,28203.6,T1,high,
243057,6157 N Sheridan Rd,6157 N SHERIDAN RD,EDGEWATER,Multifamily Housing,1959,1,41.993958,-87.6553603,row_2022,34142,1,1961,20804.6,coord_nearest,low,"year guard: address candidate 32923 built 1963, property built 1959; year guard: coord_nearest candidate 31970 built 1970, property built 1959; year guard: coord_nearest candidate 34197 built 1970, property built 1959; nearest footprint 42 m from the trusted coordinate"
243071,1620 S Michigan Ave,1620 S MICHIGAN AVE,NEAR SOUTH SIDE,Multifamily Housing,2006,1,41.8596409,-87.6241202,row_2022,881873,1,,18951.1,T1,high,
243108,3600 N Lake Shore Dr,3600 N LAKE SHORE DR,LAKE VIEW,Multifamily Housing,1960,2,41.9486837,-87.6436498,row_2022,815104,1,1959,48797.6,T1,high,
243190,2 E Erie St,2 E ERIE ST,NEAR NORTH SIDE,Multifamily Housing,2002,1,41.8941837,-87.6280715,row_2022,342115,1,2002,19097.6,T1,high,"year guard: address candidate 885988 built 2007, property built 2002"
243199,500 W Superior St,500 W SUPERIOR ST,NEAR NORTH SIDE,Multifamily Housing,2005,1,41.8956087,-87.6415792,row_2022,834545,1,2005,35310,T1,high,
243246,1255 N Sandburg Ter,1255 N SANDBURG TER,NEAR NORTH SIDE,Multifamily Housing,1963,1,41.9055593,-87.6320085,row_2022,316920,1,1962,11273,T1,high,
243247,1313 N Ritchie Ct,1313 N RITCHIE CT,NEAR NORTH SIDE,Multifamily Housing,1973,1,41.9062935,-87.6264597,row_2022,315046,1,1974,15786.1,T1,high,
243278,253 E DELAWARE PL,253 E DELAWARE PL,NEAR NORTH SIDE,Multifamily Housing,1957,1,41.8991634,-87.6198425,row_2022,330908,1,1958,10124.5,T1,high,
243345,6301 N Sheridan Rd,6301 N SHERIDAN RD,EDGEWATER,Multifamily Housing,1965,1,41.9965151,-87.6554366,row_2022,27749,1,1923,17419.1,coord_nearest,medium,"year guard: address candidate 26753 built 1970, property built 1965; year guard: coord_nearest candidate 26053 built 1974, property built 1965; nearest footprint 20 m from the trusted coordinate"
243527,445 E North Water St,445 E NORTH WATER ST,NEAR NORTH SIDE,Multifamily Housing,2000,2,41.8894328,-87.6159213,row_2022,814169,1,2000,38227.6,T1,high,
243547,645 N Kingsbury St,645 N KINGSBURY ST,NEAR NORTH SIDE,Multifamily Housing,2001,1,41.8934605,-87.6412755,row_2022,815882,1,2002,15607.8,T1,high,
243578,2400 N Lakeview Ave,2400 N LAKEVIEW AVE,LINCOLN PARK,Multifamily Housing,1963,1,41.9257024,-87.6392661,row_2022,259986,1,1966,10080.5,T1,high,
243596,4250 N Marine Dr,4250 N MARINE DR,UPTOWN,Multifamily Housing,1962,1,41.96002,-87.646906,row_2022,130090,1,1962,88590.7,T1,high,
243626,303 W Ohio St,303 W OHIO ST,NEAR NORTH SIDE,Multifamily Housing,2009,1,41.8922568,-87.6357541,row_2022,346470,1,1931,8882.5,coord_nearest,medium,nearest footprint 23 m from the trusted coordinate
243636,7061 N Kedzie Ave,7061 N KEDZIE AVE,WEST RIDGE,Multifamily Housing,1968,1,42.0100187,-87.7090566,row_2022,9876,1,1971,59890.8,T1,high,
243683,3950 N Lake Shore Dr,3950 N LAKE SHORE DR,LAKE VIEW,Multifamily Housing,1957,1,41.9543447,-87.6453496,row_2022,150816,1,1955,66001.3,T1,high,
243690,400 E Randolph St,400 E RANDOLPH ST,LOOP,Multifamily Housing,1963,1,41.8846464,-87.6172485,row_2022,353511,1,1963,30970.9,T1,high,
243692,5445 N Sheridan Rd,5445 N SHERIDAN RD,EDGEWATER,Multifamily Housing,1971,1,41.9812305,-87.6549739,row_2022,60414,1,1974,41613.6,T1,high,
243703,4800 S Chicago Beach Dr,4800 S CHICAGO BEACH DR,KENWOOD,Multifamily Housing,1963,2,41.8072544,-87.5866744,row_2022,448117,1,1962,67857.6,T1,high,
243714,6166 N SHERIDAN RD,6166 N SHERIDAN RD,EDGEWATER,Multifamily Housing,1965,1,41.9942188,-87.6556615,row_2022,32923,1,1963,13113.6,coord_nearest,medium,"year guard: address candidate 31970 built 1970, property built 1965; year guard: coord_nearest candidate 32746 built 1970, property built 1965; year guard: coord_nearest candidate 34197 built 1970, property built 1965; year guard: coord_nearest candidate 891047 built 2009, property built 1965; nearest footprint 29 m from the trusted coordinate"
243745,1749 N Wells St,1749 N WELLS ST,LINCOLN PARK,Multifamily Housing,1972,1,41.9143343,-87.6346615,row_2022,815822,1,1974,29586.6,coord_nearest,medium,"year guard: coord_nearest candidate 295018 built 1987, property built 1972; year guard: coord_nearest candidate 855052 built 2006, property built 1972; year guard: coord_nearest candidate 855059 built 2006, property built 1972; year guard: coord_nearest candidate 855060 built 2006, property built 1972; year guard: coord_nearest candidate 855063 built 2006, property built 1972; nearest footprint 3 m from the trusted coordinate"
243773,680 N Lake Shore Dr,680 N LAKE SHORE DR,NEAR NORTH SIDE,Multifamily Housing,1926,1,41.8947984,-87.6158666,row_2022,341177,1,1926,106690.2,T1,high,
243776,1150 N Lake Shore Dr,1150 N LAKE SHORE DR,NEAR NORTH SIDE,Multifamily Housing,1957,1,41.9038773,-87.625118,row_2022,320848,1,1958,13266.4,T1,high,
243913,990 N Lake Shore Dr,990 N LAKE SHORE DR,NEAR NORTH SIDE,Multifamily Housing,1973,1,41.9007333,-87.6198571,row_2022,327683,1,1974,20576.7,T1,high,
243916,2930 N SHERIDAN RD,2930 N SHERIDAN RD,LAKE VIEW,Multifamily Housing,1956,1,41.9352935,-87.6395355,row_2022,226991,1,1953,27498,coord_nearest,medium,"year guard: address candidate 226910 built 1961, property built 1956; nearest footprint 27 m from the trusted coordinate"
243920,1030 N State St,1030 N STATE ST,NEAR NORTH SIDE,Multifamily Housing,1970,1,41.9014634,-87.6284814,row_2022,836040,1,,18851,T1,high,
243929,195 N Harbor Dr,195 N HARBOR DR,LOOP,Multifamily Housing,1991,1,41.8861773,-87.6155996,row_2022,353029,1,1991,13713.5,T1,high,
243937,41 E 8th St,41 E 8TH ST,LOOP,Multifamily Housing,2002,1,41.8717299,-87.6259754,row_2022,815886,1,1901,26511.5,T1,high,
244017,405 N Wabash Ave,405 N WABASH AVE,NEAR NORTH SIDE,Multifamily Housing,1976,1,41.8894653,-87.6265093,row_2022,350042,1,,24024.2,T1,high,"year guard: address candidate 834535 built 2005, property built 1976"
244073,900 N Lake Shore Dr,900 N LAKE SHORE DR,NEAR NORTH SIDE,Multifamily Housing,1955,2,41.899281,-87.6188945,row_2022,329879,1,1955,13897.1,T1,high,
244099,401 N Wabash Ave,401 N WABASH AVE,NEAR NORTH SIDE,Mixed Use Property,2008,1,41.889284,-87.6265485,row_2022,834535,1,2005,49503.6,T1,high,
244102,800 S Wells St,800 S WELLS ST,LOOP,Mixed Use Property,1986,1,41.8720864,-87.6337185,row_2022,367038,1,1986,120405.3,T1,high,
244182,655 W Irving Park Rd,655 W IRVING PARK RD,LAKE VIEW,Multifamily Housing,1970,1,41.954494,-87.6472443,row_2022,875087,1,,98286.1,T1,high,
244200,1250 S Michigan Ave,1250 S MICHIGAN AVE,NEAR SOUTH SIDE,Multifamily Housing,2008,1,41.8660736,-87.6242677,row_2022,837924,1,2005,15072.4,T1,high,
244282,600 N Fairbanks Ct,600 N FAIRBANKS CT,NEAR NORTH SIDE,Multifamily Housing,2007,1,41.8926371,-87.6204027,row_2022,885984,1,2007,11810.5,T1,high,
244311,3750 N Lake Shore Dr,3750 N LAKE SHORE DR,LAKE VIEW,Multifamily Housing,1926,1,41.951867,-87.6451684,row_2022,157510,1,,68.8,coord_nearest,medium,"year guard: address candidate 846096 built 1930, property built 1926; year guard: coord_nearest candidate 158076 built 1975, property built 1926; nearest footprint 23 m from the trusted coordinate"
244318,210 S Des Plaines St,210 S DES PLAINES ST,NEAR WEST SIDE,Multifamily Housing,2004,1,41.8789061,-87.6441769,row_2022,359055,1,2004,23533.1,T1,high,
244325,7033 N KEDZIE AVE,7033 N KEDZIE AVE,WEST RIDGE,Multifamily Housing,1968,1,42.009206,-87.7090763,row_2022,10322,1,1969,62364.1,T1,high,
244333,421 433 W HURON ST,421-433 W HURON ST,NEAR NORTH SIDE,Multifamily Housing,2001,1,41.8946144,-87.6394385,row_2022,815869,1,1900,14820,T1,high,
244340,7141 N Kedzie Ave,7141 N KEDZIE AVE,WEST RIDGE,Multifamily Housing,1972,1,42.0112768,-87.7089567,row_2022,8076,1,1974,59572.7,T1,high,
244360,1720 S Michigan Ave,1720 S MICHIGAN AVE,NEAR SOUTH SIDE,Multifamily Housing,2007,1,41.8584378,-87.6240934,row_2022,885989,1,,20328.4,T1,high,
244387,420 E Waterside Dr,420 E WATERSIDE DR,LOOP,Multifamily Housing,2006,1,41.8870266,-87.6165892,row_2022,825006,1,2005,17578,coord_nearest,medium,street 'WATERSIDE' is not in the footprint table; nearest footprint 21 m from the trusted coordinate
244426,125 S Jefferson St,125 S JEFFERSON ST,NEAR WEST SIDE,Multifamily Housing,2003,1,41.8797629,-87.6424465,row_2022,824921,1,2003,24436.6,T1,high,
244447,758 N Larrabee St,758 N LARRABEE ST,NEAR NORTH SIDE,Multifamily Housing,1929,1,41.8964711,-87.6430893,row_2022,852412,1,,64238.4,coord_nearest,low,"year guard: coord_nearest candidate 338617 built 2002, property built 1929; year guard: coord_nearest candidate 834545 built 2005, property built 1929; year guard: coord_nearest candidate 838072 built 2005, property built 1929; nearest footprint 42 m from the trusted coordinate"
244449,30 40 E Huron St,30-40 E HURON ST,NEAR NORTH SIDE,Multifamily Housing,1980,1,41.8950049,-87.6268769,row_2022,880191;880200,2,,23040.3,T1_multi,high,
244503,5000 S East End Ave,5000 S EAST END AVE,KENWOOD,Multifamily Housing,1928,1,41.8043198,-87.5855971,row_2022,453755,1,1928,8203,T1,high,
244523,933 W Van Buren St,933 W VAN BUREN ST,NEAR WEST SIDE,Multifamily Housing,2003,1,41.8765071,-87.6508398,row_2022,815703,1,2002,35102.1,T1,high,
244534,1211 S Prairie Ave,1211 S PRAIRIE AVE,NEAR SOUTH SIDE,Multifamily Housing,2008,1,41.8663369,-87.6215,row_2022,836576,1,2005,36422.6,T1,high,
244535,1355 N Sandburg Ter,1355 N SANDBURG TER,NEAR NORTH SIDE,Multifamily Housing,1963,2,41.9075563,-87.6320459,row_2022,313516,1,1964,7822.5,T1,high,
244550,2650 N Lakeview Ave,2650 N LAKEVIEW AVE,LINCOLN PARK,Multifamily Housing,1972,1,41.931069,-87.6394628,row_2022,244025,1,1973,33121.9,T1,high,
244591,630 N State St,630 N STATE ST,NEAR NORTH SIDE,Multifamily Housing,2001,1,41.8933156,-87.6282612,row_2022,815146,1,2000,15178,T1,high,
244592,1901 S Calumet Ave,1901 S CALUMET AVE,NEAR SOUTH SIDE,Multifamily Housing,2009,1,41.8565678,-87.6189769,row_2022,888822,1,2009,27380.9,T1,high,
244593,111 E Chestnut St,111 E CHESTNUT ST,NEAR NORTH SIDE,Multifamily Housing,1970,1,41.8982616,-87.6251647,row_2022,877666,1,,29486.4,T1,high,
244600,1201 S Prairie Ave,1201 S PRAIRIE AVE,NEAR SOUTH SIDE,Multifamily Housing,2008,1,41.8664396,-87.6214989,row_2022,888825,1,2009,60743.4,T1,high,
244613,240 E Illinois St,240 E ILLINOIS ST,NEAR NORTH SIDE,Multifamily Housing,2006,1,41.8910996,-87.6209676,row_2022,814008,1,,41973.8,T1,high,
244747,201 N Westshore Dr,201 N WESTSHORE DR,LOOP,Multifamily Housing,2004,1,41.8861737,-87.6161087,row_2022,824984,1,2005,14865.4,T1,high,
244758,1636 N Wells St,1636 N WELLS ST,LINCOLN PARK,Multifamily Housing,1972,1,41.9122544,-87.6348911,row_2022,297395,1,1974,56708.4,T1,high,
244760,50 E Bellevue Pl,50 E BELLEVUE PL,NEAR NORTH SIDE,Multifamily Housing,1979,1,41.9016977,-87.6264728,row_2022,324279,1,1979,17166.1,T1,high,
244791,450 E Waterside Dr,450 E WATERSIDE DR,LOOP,Multifamily Housing,2007,1,41.8870543,-87.6154686,row_2022,824984,1,2005,14865.4,coord_nearest,low,street 'WATERSIDE' is not in the footprint table; nearest footprint 68 m from the trusted coordinate
244809,6007 N Sheridan Rd,6007 N SHERIDAN RD,EDGEWATER,Multifamily Housing,1969,1,41.991248,-87.6552735,row_2022,40059,1,1971,23119.2,T1,high,
244817,1221 N DEARBORN ST,1221 N DEARBORN ST,NEAR NORTH SIDE,Multifamily Housing,1974,1,41.9045651,-87.6298577,row_2022,318554,1,1974,22490.5,T1,high,
244826,5415 N Sheridan Rd,5415 N SHERIDAN RD,EDGEWATER,Multifamily Housing,1971,1,41.9804733,-87.6549526,row_2022,63001,1,1974,58938.7,T1,high,
244840,235 W Van Buren St,235 W VAN BUREN ST,LOOP,Multifamily Housing,2009,1,41.8767222,-87.6347105,row_2022,362564;891266,2,2009,51383.9,T1_multi,high,
244931,130 S Canal St,130 S CANAL ST,NEAR WEST SIDE,,,,41.8796163,-87.6397645,row_2022,358412,1,1999,52260.7,T1,high,
245071,1440 N LAKESHORE DR,1440 N LAKE SHORE DR,NEAR NORTH SIDE,Multifamily Housing,1962,1,41.9089892,-87.6261902,row_2022,309668,1,1928,5228.8,coord_nearest,medium,"year guard: address candidate 308684 built 1967, property built 1962; year guard: coord_nearest candidate 310472 built 1984, property built 1962; nearest footprint 27 m from the trusted coordinate"
250001,120 N LaSalle St,120 N LA SALLE ST,LOOP,Office,1991,1,41.8837612,-87.6325691,row_2022,354922,1,1990,20080.4,T1,high,
250002,2800 S Western Ave,2800 S WESTERN AVE,LOWER WEST SIDE,,,,41.8411102,-87.6854255,row_2022,401056,1,1995,125959,T1,high,
250004,6301 S Halsted Ave,6301 S HALSTED AVE,ENGLEWOOD,,,,41.7796613,-87.6446377,row_2022,891703,1,2005,56840.7,coord_nearest,medium,nearest footprint 6 m from the trusted coordinate
250008,3901 S State St,3901 S STATE ST,GRAND BOULEVARD,,,,41.8236219,-87.6262798,row_2022,425690,1,1972,49561.5,T1,high,
250009,1900 West Van Buren Street,1900 W VAN BUREN ST,NEAR WEST SIDE,College/University,1971,1,41.876251,-87.674127,row_2016,361857,1,,149705.5,coord_nearest,low,nearest footprint 50 m from the trusted coordinate
250014,2949 E 131st St,2949 E 131ST ST,HEGEWISCH,,,,41.6572371,-87.551283,row_2022,806651,1,,27896.6,coord_nearest,medium,nearest footprint 23 m from the trusted coordinate
250015,513 W 72nd St,513 W 72ND ST,ENGLEWOOD,,,,41.7633746,-87.6376201,row_2022,580824,1,,34163.5,T1_multi,medium,2 in-range footprints more than 60 m apart; nearest the trusted coordinate kept
250016,1230 W Greenleaf Ave,1230 W GREENLEAF AVE,ROGERS PARK,,,,42.0105222,-87.6613089,row_2022,8113,1,,31714.4,T1,high,
250017,1440 N Sacramento Dr,1440 N SACRAMENTO DR,NORTH LAWNDALE,,,,41.8618428,-87.7021961,row_2022,,0,,,none,none,no footprint within 75 m of the trusted coordinate
250018,1401 S Sacramento Dr,1401 S SACRAMENTO DR,NORTH LAWNDALE,,,,41.862904,-87.7018665,row_2022,374801,1,,32582.7,T1,high,2 in-range footprint(s) on the same-named street of another type ignored
250019,9801 S Avenue G,9801 S AVENUE G,EAST SIDE,,,,41.71772,-87.5315081,row_2022,706135,1,,27094.3,T1_multi,medium,3 in-range footprints more than 60 m apart; nearest the trusted coordinate kept
250020,2411 W 55th St,2411 W 55TH ST,GAGE PARK,,,,41.7937492,-87.684513,row_2022,485829,1,,30053.1,T1,high,
250021,1419 W Blackhawk St,1419 W BLACKHAWK ST,WEST TOWN,,,,41.9069371,-87.6636024,row_2022,314397,1,,31953.1,T1_multi,medium,2 in-range footprints more than 60 m apart; nearest the trusted coordinate kept
250022,1312 S Racine Ave,1312 S RACINE AVE,NEAR WEST SIDE,,,,41.8648587,-87.6567666,row_2022,826880,1,2004,53633.6,T1,high,
250023,1333 N Laramie Ave,1333 N LARAMIE AVE,AUSTIN,,,,41.9050547,-87.7556925,row_2022,319537,1,,24289.5,T1,high,
250027,300 N Central Park Ave,300 N CENTRAL PARK AVE,EAST GARFIELD PARK,,,,41.8863364,-87.7162031,row_2022,352872,1,,7415.9,coord_nearest,medium,1 in-range footprint(s) on the same-named street of another type ignored; nearest footprint 28 m from the trusted coordinate
250029,5531 S Martin Luther King Dr,5531 S DR MARTIN LUTHER KING JR DR,WASHINGTON PARK,,,,41.7935331,-87.6158031,row_2022,484550,1,,28466.5,T1,high,
250032,3843 N California Ave,3843 N CALIFORNIA AVE,IRVING PARK,,,,41.9516104,-87.6980262,row_2022,157613,1,,90390.5,coord_nearest,low,nearest footprint 31 m from the trusted coordinate
250033,7059 S South Shore Dr,7059 S SOUTH SHORE DR,SOUTH SHORE,,,,41.766603,-87.5663237,row_2022,570210,1,,36847.9,T1_multi,medium,2 in-range footprints more than 60 m apart; nearest the trusted coordinate kept
250034,5917 N Broadway Ave,5917 N BROADWAY AVE,EDGEWATER,,,,41.9895634,-87.660107,row_2022,43477,1,1916,74711.1,T1,high,
250035,231 N Pine Ave,231 N PINE AVE,AUSTIN,,,,41.8852048,-87.7632119,row_2022,353903,1,,120416.8,T1,high,
250036,2710 E 89th St,2710 E 89TH ST,SOUTH CHICAGO,,,,41.7337611,-87.5577526,row_2022,866015,1,,94246.7,T1,high,
250037,4251 N Clarendon Ave,4251 N CLARENDON AVE,UPTOWN,K-12 School,1963,2,41.9599784,-87.6497122,row_2022,130428,1,1961,47537.5,T1,high,
250038,250 E 111th St,250 E 111TH ST,ROSELAND,K-12 School,1914,5,41.6927896,-87.6163814,row_2022,763847;764607,2,,64625.8,T1_multi,high,
250039,801 E 133rd Pl,801 E 133RD PL,RIVERDALE,,,,41.6531251,-87.6018242,row_2022,809517,1,,52638.7,T1,high,
250040,3807 W 111th St,3807 W 111TH ST,MOUNT GREENWOOD,K-12 School,1957,3,41.6912251,-87.715754,row_2022,771664,1,,150870.2,T1,high,
250041,1313 S Sacramento Blvd,1313 S SACRAMENTO BLVD,NORTH LAWNDALE,,,,41.8641617,-87.7020076,row_2022,373625,1,,125257.6,coord_nearest,medium,1 in-range footprint(s) on the same-named street of another type ignored; nearest footprint 27 m from the trusted coordinate
250042,2245 W Jackson Blvd,2245 W JACKSON BLVD,NEAR WEST SIDE,,,,41.8774738,-87.6832492,row_2022,361658,1,,114921.4,T1,high,
250043,11220 S Wallace St,11220 S WALLACE ST,ROSELAND,,,,41.6899388,-87.6376083,row_2022,771783,1,,115193.6,T1,high,
250044,10309 S Morgan St,10309 S MORGAN ST,WASHINGTON HEIGHTS,,,,41.7065956,-87.6475403,row_2022,732051,1,,21993.9,T1,high,
250045,6220 S Stony Island Ave,6220 S STONY ISLAND AVE,WOODLAWN,,,,41.7822354,-87.5866512,row_2022,520403,1,,116849,T1,high,
250046,600 S State St,600 S STATE ST,LOOP,K-12 School,2013,5,41.8745414,-87.6277578,row_2022,344733,1,1991,32213.4,T2,low,direction N vs S; 2004 m from the trusted coordinate
250047,10330 S Elizabeth St,10330 S ELIZABETH ST,WASHINGTON HEIGHTS,,,,41.7058597,-87.6537859,row_2022,734910,1,,45739.7,T1,high,
250048,6325 W 56th St,6325 W 56TH ST,GARFIELD RIDGE,K-12 School,1965,1,41.790428,-87.7803722,row_2022,498576,1,,131423.6,T1,high,
250049,730 N Pulaski Rd,730 N PULASKI RD,HUMBOLDT PARK,K-12 School,1973,2,41.8944483,-87.726203,row_2022,342890,1,,61413.9,T1,high,
250050,244 E Pershing Rd,244 E PERSHING RD,DOUGLAS,,,,41.8239075,-87.6197879,row_2022,423235,1,,87456,T1,high,
250051,8235 S Vincennes Ave,8235 S VINCENNES AVE,CHATHAM,K-12 School,2003,2,41.7442971,-87.6357561,row_2022,641219,1,,43145.6,coord_nearest,low,nearest footprint 37 m from the trusted coordinate
250052,3030 N Mobile Ave,3030 N MOBILE AVE,BELMONT CRAGIN,K-12 School,1934,3,41.9356317,-87.7835519,row_2022,226641,1,,99392.9,T1,high,
250053,6545 W Hurlbut St,6545 W HURLBUT ST,NORWOOD PARK,K-12 School,1939,4,41.9855521,-87.7917054,row_2022,54845,1,,145989.1,coord_nearest,low,"year guard: coord_nearest candidate 52772 built 1955, property built 1939; year guard: coord_nearest candidate 52904 built 1953, property built 1939; year guard: coord_nearest candidate 53059 built 1954, property built 1939; year guard: coord_nearest candidate 53199 built 1954, property built 1939; nearest footprint 48 m from the trusted coordinate"
250054,4747 S Union Ave,4747 S UNION AVE,NEW CITY,,,,41.8075121,-87.6429299,row_2022,447349;447707,2,,95628.8,T1_multi,high,
250055,5039 N Kimball Ave,5039 N KIMBALL AVE,NORTH PARK,K-12 School,1930,1,41.9731926,-87.7133497,row_2022,85163,1,,63101,T1,high,
250056,211 S Laflin St,211 S LAFLIN ST,NEAR WEST SIDE,K-12 School,1975,3,41.8785903,-87.6641963,row_2022,359672,1,,179281.9,T1,high,
250057,641 W 63rd St,641 W 63RD ST,ENGLEWOOD,Outpatient Rehabilitation/Physical Therapy,1972,1,41.7796924,-87.6414279,row_2022,532222,1,1971,28460.5,T1,high,
250058,4314 S Cottage Grove Ave,4314 S COTTAGE GROVE AVE,GRAND BOULEVARD,Other - Entertainment/Public Assembly,1975,1,41.816326,-87.6068467,row_2022,431372,1,,35404.1,coord_nearest,medium,"year guard: coord_nearest candidate 837391 built 2005, property built 1975; year guard: coord_nearest candidate 889132 built 2009, property built 1975; nearest footprint 15 m from the trusted coordinate"
250059,2111 W Lexington St,2111 W LEXINGTON ST,NEAR WEST SIDE,Office,1990,1,41.8722253,-87.6793736,row_2022,367262,1,1988,33457.5,T1,high,
250060,10 S Kedzie Ave,10 S KEDZIE AVE,EAST GARFIELD PARK,Office,1971,1,41.8806532,-87.7062601,row_2022,358082,1,,26201.9,T1,high,
250061,9525 S Halsted St,9525 S HALSTED ST,WASHINGTON HEIGHTS,Library,1975,1,41.7206949,-87.6430482,row_2022,700662,1,1975,34785.3,T1,high,
250062,558 W De Koven St,558 W DE KOVEN ST,NEAR WEST SIDE,Adult Education,1961,1,41.8691173,-87.6413496,row_2022,369839,1,,19542.5,coord_nearest,medium,"street 'DE KOVEN' is not in the footprint table; year guard: coord_nearest candidate 834515 built 2005, property built 1961; year guard: coord_nearest candidate 834516 built 2005, property built 1961; year guard: coord_nearest candidate 874147 built 2007, property built 1961; nearest footprint 2 m from the trusted coordinate"
250063,66 E Randolph St,66 E RANDOLPH ST,LOOP,,,,41.8846085,-87.6254745,row_2022,868608,1,1881,6585.2,T1,high,
250065,4455 N Lincoln Ave,4455 N LINCOLN AVE,LINCOLN SQUARE,Library,1985,1,41.9629669,-87.6846947,row_2022,122112,1,1984,21854.2,T1,high,
250066,1501 W Pershing Rd,1501 W PERSHING RD,NEW CITY,Office,1975,1,41.8231532,-87.6635998,row_2019,425618,1,,5734.5,coord_nearest,medium,nearest footprint 20 m from the trusted coordinate
250067,1609 W Chicago Ave,1609 W CHICAGO AVE,WEST TOWN,Office,1940,1,41.8959574,-87.6676639,row_2022,339879,1,,6010.5,coord_nearest,medium,"year guard: coord_nearest candidate 338207 built 1952, property built 1940; year guard: coord_nearest candidate 851817 built 2006, property built 1940; year guard: coord_nearest candidate 861945 built 2006, property built 1940; nearest footprint 1 m from the trusted coordinate"
250068,1300 W Jackson Blvd,1300 W JACKSON BLVD,NEAR WEST SIDE,Adult Education,1975,1,41.8778586,-87.6595754,row_2022,359683,1,,76744,T1,high,
250069,925 E 130th St,925 E 130TH ST,RIVERDALE,Multifamily Housing,1945,236,41.6591331,-87.5998859,row_2022,805858,1,,5775,coord_nearest,low,nearest footprint 66 m from the trusted coordinate
250070,844 W 32nd St,844 W 32ND ST,BRIDGEPORT,Multifamily Housing,1943,14,41.836543,-87.6480954,row_2022,410066,1,,4007.4,T1,high,
250071,900 N Hudson,900 N HUDSON,NEAR NORTH SIDE,Multifamily Housing,1943,56,41.8989158,-87.6401316,row_2022,332250,1,,2969.9,T1,high,
250072,3939 - 3983 S Lake Park Ave,3939-3983 S LAKE PARK AVE,OAKLAND,Multifamily Housing,1953,2,41.8240012,-87.6031226,row_2022,424520,1,1952,9425.2,T1,high,
250073,2000 W Diversey Ave,2000 W DIVERSEY AVE,NORTH CENTER,Multifamily Housing,1937,14,41.9323942,-87.678173,row_2022,241585,1,,8906.6,coord_nearest,low,"year guard: coord_nearest candidate 238392 built 1942, property built 1937; year guard: coord_nearest candidate 238763 built 1998, property built 1937; year guard: coord_nearest candidate 239615 built 1961, property built 1937; year guard: coord_nearest candidate 820270 built 1998, property built 1937; year guard: coord_nearest candidate 835167 built 2005, property built 1937; year guard: coord_nearest candidate 849474 built 2006, property built 1937; year guard: coord_nearest candidate 849475 built 2006, property built 1937; nearest footprint 38 m from the trusted coordinate"
250074,2530 S Washtenaw Ave,2530 S WASHTENAW AVE,SOUTH LAWNDALE,Multifamily Housing,1943,8,41.8456411,-87.6929658,row_2022,394695,1,,6941.8,T1,high,
250075,200 W 95th St,200 W 95TH ST,ROSELAND,Multifamily Housing,1954,19,41.721769,-87.628728,row_2022,699347,1,,3226.1,T1,high,"year guard: address candidate 699076 built 1967, property built 1954; year guard: address candidate 699970 built 1985, property built 1954"
250076,2437 E 106th St,2437 E 106TH ST,SOUTH DEERING,Multifamily Housing,1938,56,41.7026469,-87.5641828,row_2022,741272,1,,2026.6,T1,high,
250077,3770 S Wentworth Ave,3770 S WENTWORTH AVE,ARMOUR SQUARE,Multifamily Housing,1947,32,41.825556,-87.6315293,row_2022,423044,1,,12492.2,coord_nearest,medium,"year guard: coord_nearest candidate 893716 built 2007, property built 1947; nearest footprint 6 m from the trusted coordinate"
250078,1815 W Monroe St,1815 W MONROE ST,NEAR WEST SIDE,Multifamily Housing,1969,1,41.8799716,-87.6723361,row_2022,358504,1,,11256.8,coord_nearest,medium,"year guard: coord_nearest candidate 840956 built 2006, property built 1969; nearest footprint 11 m from the trusted coordinate"
250079,661 E 69th St,661 E 69TH ST,WOODLAWN,Multifamily Housing,1968,1,41.7693484,-87.6083159,row_2022,564538,1,,952.2,coord_nearest,medium,nearest footprint 29 m from the trusted coordinate
250080,3030 W 21st Pl,3030 W 21ST PL,SOUTH LAWNDALE,Multifamily Housing,1974,1,41.85284,-87.7016308,row_2022,384744,1,1973,17764.7,T1,high,
250081,150 S Campbell Ave,150 S CAMPBELL AVE,NEAR WEST SIDE,Multifamily Housing,1967,1,41.8786588,-87.6889386,row_2022,358692,1,,46718.7,coord_nearest,low,"1 in-range footprint(s) on the same-named street of another type ignored; year guard: coord_nearest candidate 859741 built 2006, property built 1967; year guard: coord_nearest candidate 859742 built 2006, property built 1967; nearest footprint 34 m from the trusted coordinate"
250082,3120 3250 S Wentworth Ave,3120-3250 S WENTWORTH AVE,ARMOUR SQUARE,Multifamily Housing,1970,4,41.8375055,-87.6317755,row_2022,407563;409340;410725;411909,4,1965,28215.1,T1_multi,high,
250083,1930 W Loyola Ave,1930 W LOYOLA AVE,WEST RIDGE,Multifamily Housing,1983,1,42.0004443,-87.6792125,row_2022,20267,1,1986,27260.4,T1,high,
250085,440 N Drake Ave,440 N DRAKE AVE,HUMBOLDT PARK,Multifamily Housing,1965,1,41.8894478,-87.715067,row_2022,350885,1,1964,8432.4,T1,high,
250086,1845 N Larrabee St,1845 N LARRABEE ST,LINCOLN PARK,Multifamily Housing,1980,1,41.915974,-87.6434462,row_2022,289323,1,,9385.3,T1,high,
250087,3916 W Washington,3916 W WASHINGTON,WEST GARFIELD PARK,Multifamily Housing,1963,1,41.8819693,-87.7239926,row_2022,356872,1,1962,8347.5,T1,high,
250088,1750 W Peterson Ave,1750 W PETERSON AVE,EDGEWATER,Multifamily Housing,1977,1,41.9908917,-87.6736752,row_2022,40408,1,1976,8218.1,T1,high,
250089,855 W Aldine Ave,855 W ALDINE AVE,LAKE VIEW,Multifamily Housing,1965,1,41.9416665,-87.6515456,row_2022,200863,1,1967,5641,T1,high,
250090,3700 W Congress Pkwy,3700 W CONGRESS PKWY,EAST GARFIELD PARK,Multifamily Housing,1964,1,41.8745948,-87.7181363,row_2022,364723,1,1964,6537.4,T1,high,
250091,4030 S Lake Park Ave,4030 S LAKE PARK AVE,OAKLAND,Multifamily Housing,1967,1,41.8216344,-87.6019437,row_2022,426785,1,1962,8979.6,T1,high,
250092,5821 N Broadway St,5821 N BROADWAY ST,EDGEWATER,Multifamily Housing,1964,1,41.9876556,-87.6600457,row_2022,46903,1,1964,7714,T1,high,
250093,740 E 43rd St,740 E 43RD ST,GRAND BOULEVARD,Multifamily Housing,1967,2,41.8169094,-87.6075277,row_2022,430489,1,1951,9622.9,T1,high,
250095,6360 S Minerva Ave,6360 S MINERVA AVE,WOODLAWN,Multifamily Housing,1967,1,41.7788664,-87.5965181,row_2022,532710,1,1968,9393.6,T1,high,
250098,3245 S Prairie Ave,3245 S PRAIRIE AVE,DOUGLAS,Multifamily Housing,1973,2,41.8352133,-87.6204858,row_2022,411314,1,,17928.2,T1,high,
250099,344 W 28th Pl,344 W 28TH PL,ARMOUR SQUARE,Multifamily Housing,1964,1,41.842668,-87.6359219,row_2022,398113,1,1957,8376.5,T1,high,
250100,5670 W Lake St,5670 W LAKE ST,AUSTIN,Multifamily Housing,1976,1,41.8879139,-87.76763,row_2022,351765,1,1976,12195.4,T1,high,
250101,2140 N Clark St,2140 N CLARK ST,LINCOLN PARK,Multifamily Housing,1966,1,41.921225,-87.6379977,row_2022,273054,1,,8727.8,T1,high,
250102,2111 N Halsted St,2111 N HALSTED ST,LINCOLN PARK,Multifamily Housing,1968,1,41.9203708,-87.6484408,row_2022,275492,1,,18125,T1,high,
250104,3920 - 3940 N Clark St,3920-3940 N CLARK ST,LAKE VIEW,Multifamily Housing,1970,3,41.9531043,-87.6614139,row_2022,153739;154766,2,1970,13344.2,T1_multi,high,
250105,4930 S Langley Ave,4930 S LANGLEY AVE,GRAND BOULEVARD,Multifamily Housing,1968,1,41.8049209,-87.6090353,row_2022,451746,1,1961,9666.4,T1,high,
250106,4945 S Cottage Grove Ave,4945 S COTTAGE GROVE AVE,KENWOOD,Multifamily Housing,1961,1,41.8045676,-87.606312,row_2022,453004,1,1962,8638.5,T1,high,
250107,655 W 65th St,655 W 65TH ST,ENGLEWOOD,Multifamily Housing,1967,1,41.7760381,-87.6418631,row_2022,545543,1,1967,10191.9,T1,high,
250108,6401 S Yale Ave,6401 S YALE AVE,ENGLEWOOD,Multifamily Housing,1971,1,41.7780605,-87.6316418,row_2022,536511,1,1971,9721.4,T1,high,
250109,4227 S Oakenwald Ave,4227 S OAKENWALD AVE,OAKLAND,Multifamily Housing,1963,1,41.8173346,-87.5976647,row_2022,430484,1,1957,7913.4,T1,high,
250111,1414 N Damen Ave,1414 N DAMEN AVE,WEST TOWN,Multifamily Housing,1958,2,41.9076342,-87.6775346,row_2022,312607,1,1950,8010.5,T1,high,
250112,1447 S Ashland Ave,1447 S ASHLAND AVE,NEAR WEST SIDE,Multifamily Housing,1962,1,41.8618767,-87.6661087,row_2022,374891,1,,3976.5,coord_nearest,low,"year guard: address candidate 374888 built 1971, property built 1962; year guard: coord_nearest candidate 892834 built 2012, property built 1962; nearest footprint 53 m from the trusted coordinate"
250113,4945 N Sheridan Rd,4945 N SHERIDAN RD,UPTOWN,Multifamily Housing,1967,1,41.9728942,-87.6547717,row_2022,86156,1,1966,6453.1,T1,high,
250114,116 W Elm St,116 W ELM ST,NEAR NORTH SIDE,Multifamily Housing,1975,1,41.9032362,-87.6322058,row_2022,321282,1,1974,12087.3,coord_nearest,medium,"year guard: coord_nearest candidate 322966 built 1988, property built 1975; nearest footprint 4 m from the trusted coordinate"
250115,121 N LaSalle St,121 N LA SALLE ST,LOOP,Office,1911,1,41.8837646,-87.6322754,row_2022,837879,1,1911,112745.5,coord_nearest,medium,"year guard: coord_nearest candidate 354460 built 1926, property built 1911; year guard: coord_nearest candidate 354922 built 1990, property built 1911; year guard: coord_nearest candidate 355588 built 1928, property built 1911; year guard: coord_nearest candidate 814451 built 1926, property built 1911; year guard: coord_nearest candidate 892336 built 1929, property built 1911; nearest footprint 2 m from the trusted coordinate"
250117,1525 S CALIFORNIA AVE,1525 S CALIFORNIA AVE,North Lawndale,Hospital (General Medical & Surgical),1912,4,41.86036,-87.69567,covered_list,309639,1,1907,3281,T2,low,direction N vs S; 5415 m from the trusted coordinate
250118,1044 N Francisco Ave,1044 N FRANCISCO AVE,WEST TOWN,Hospital (General Medical & Surgical),1917,2,41.900525,-87.699433,row_2022,327459,1,,55890.5,coord_nearest,medium,"year guard: coord_nearest candidate 330211 built 1926, property built 1917; nearest footprint 5 m from the trusted coordinate"
250120,1401 S California Ave,1401 S CALIFORNIA AVE,North Lawndale,Outpatient Rehabilitation/Physical Therapy,1948,6,41.86251,-87.69576,covered_list,314834,1,,16980.1,T2,low,1 in-range footprint(s) on the same-named street of another type ignored; direction N vs S; 4906 m from the trusted coordinate
250121,326 West 64th St,326 W 64TH ST,ENGLEWOOD,Hospital (General Medical & Surgical),1904,1,41.7782152,-87.6334644,row_2022,533051,1,,113417,T1,high,
250122,5145 N California Ave,5145 N CALIFORNIA AVE,LINCOLN SQUARE,Mixed Use Property,1918,10,41.9753341,-87.6987569,row_2022,843812,1,,49010.1,T1,high,
250124,950 East 59th St,950 E 59TH ST,HYDE PARK,Office,1927,1,41.787764,-87.602285,row_2019,815642,1,1929,390774.2,coord_nearest,medium,nearest footprint 16 m from the trusted coordinate
250125,5721 S Maryland Ave,5721 S MARYLAND AVE,HYDE PARK,Hospital (General Medical & Surgical),2006,1,41.7902238,-87.604612,row_2019,825184,1,2005,29287.4,T1,high,
250126,5758 S Maryland Ave,5758 S MARYLAND AVE,HYDE PARK,Ambulatory Surgical Center,1996,1,41.7902176,-87.605508,row_2019,815641,1,,73221.6,T1,high,
250127,5815 S Maryland Ave,5815 S MARYLAND AVE,HYDE PARK,Hospital (General Medical & Surgical),1983,1,41.789224,-87.604896,row_2019,815642,1,1929,390774.2,coord_nearest,medium,"year guard: coord_nearest candidate 825184 built 2005, property built 1983; nearest footprint 2 m from the trusted coordinate"
250128,5700 S Maryland Ave,5700 S MARYLAND AVE,HYDE PARK,Hospital (General Medical & Surgical),2013,1,41.7910213,-87.6055292,row_2019,893176,1,2013,100816.2,T1,high,
250129,300 N LaSalle St,300 N LA SALLE ST,NEAR NORTH SIDE,Office,2007,1,41.8875286,-87.6326468,row_2022,885985,1,,39130.9,T1,high,
250131,4510 S Damen Ave,4510 S DAMEN AVE,NEW CITY,Retail Store,1990,1,41.8105657,-87.6753218,row_2022,878299,1,,178589.6,coord_nearest,low,nearest footprint 44 m from the trusted coordinate
250132,4520 S Damen Ave,4520 S DAMEN AVE,NEW CITY,Retail Store,1990,1,41.8102247,-87.6750744,row_2022,857762,1,1926,6254.5,T2,low,direction N vs S; 17074 m from the trusted coordinate
250133,4620 S Damen Ave,4620 S DAMEN AVE,NEW CITY,,,,41.8096685,-87.6751157,row_2022,855708,1,2006,3830.5,coord_nearest,medium,nearest footprint 30 m from the trusted coordinate
250134,231 S LaSalle St,231 S LA SALLE ST,LOOP,Office,1924,1,41.8785429,-87.6321206,row_2022,359462,1,1924,55811.2,coord_nearest,medium,"year guard: coord_nearest candidate 360585 built 1961, property built 1924; year guard: coord_nearest candidate 868402 built 1930, property built 1924; nearest footprint 3 m from the trusted coordinate"
250137,75 E Wacker Dr,75 E WACKER DR,LOOP,Hotel,1928,1,41.8878619,-87.625413,row_2022,351612,1,1923,14020.1,coord_nearest,medium,"year guard: coord_nearest candidate 880573 built 1960, property built 1928; nearest footprint 8 m from the trusted coordinate"
250138,500 E 51st St,500 E 51ST ST,GRAND BOULEVARD,Hospital (General Medical & Surgical),1981,2,41.8022387,-87.6139957,row_2022,456870,1,1980,84503.4,coord_nearest,medium,nearest footprint 3 m from the trusted coordinate
250139,555 W Harrison St,555 W HARRISON ST,NEAR WEST SIDE,Courthouse,1890,1,41.8742713,-87.6416428,row_2022,365155,1,,33426.3,coord_nearest,low,"year guard: coord_nearest candidate 866137 built 2006, property built 1890; nearest footprint 34 m from the trusted coordinate"
250140,177 N State St,177 N STATE ST,LOOP,Office,1872,1,41.885278,-87.6277829,row_2022,353183,1,,8415.3,T1,high,
250141,180 N Wacker Dr,180 N WACKER DR,LOOP,,,,41.8852432,-87.6371648,row_2022,353286,1,,11346.8,T1,high,
250142,850 W Jackson Blvd,850 W JACKSON BLVD,NEAR WEST SIDE,Office,1912,1,41.8780258,-87.6492399,row_2022,360942,1,1915,22623.9,coord_nearest,medium,"year guard: address candidate 360244 built 1942, property built 1912; nearest footprint 22 m from the trusted coordinate"
250143,325 N Wells St,325 N WELLS ST,NEAR NORTH SIDE,College/University,1914,1,41.8882577,-87.6338382,row_2022,350722,1,,18343.9,coord_nearest,medium,"year guard: address candidate 351485 built 1983, property built 1914; year guard: coord_nearest candidate 351004 built 1933, property built 1914; year guard: coord_nearest candidate 891915 built 2010, property built 1914; nearest footprint 6 m from the trusted coordinate"
250144,11 E Adams St,11 E ADAMS ST,LOOP,Office,1961,1,41.8793853,-87.6272811,row_2022,358667,1,1962,13808.1,coord_pip,medium,
250145,180 N Wabash Ave,180 N WABASH AVE,LOOP,Office,1919,1,41.8853537,-87.6264133,row_2022,814342,1,,19909.5,T1,high,
250146,223 W Jackson Blvd,223 W JACKSON BLVD,LOOP,Office,1909,1,41.878002,-87.6344091,row_2022,360610,1,1910,15889.7,T1,high,
250147,820 W Jackson Blvd,820 W JACKSON BLVD,NEAR WEST SIDE,Office,1915,1,41.8780435,-87.6481802,row_2022,360882,1,1915,6829.8,coord_nearest,low,"year guard: address candidate 359930 built 1923, property built 1915; year guard: coord_nearest candidate 360244 built 1942, property built 1915; year guard: coord_nearest candidate 815559 built 1950, property built 1915; nearest footprint 37 m from the trusted coordinate"
250148,8 S Michigan Ave,8 S MICHIGAN AVE,LOOP,Office,1929,1,41.8818995,-87.624507,row_2022,814568,1,1929,8022.1,coord_nearest,medium,nearest footprint 13 m from the trusted coordinate
250149,216 W Jackson Blvd,216 W JACKSON BLVD,LOOP,,,,41.8782232,-87.6342474,row_2022,359596,1,1899,16625.6,T1,high,
250150,315 - 331 N LaSalle St,315-331 N LA SALLE ST,NEAR NORTH SIDE,Office,1912,1,41.8879207,-87.6323595,row_2022,885985,1,,39130.9,coord_nearest,low,"1 in-range footprint(s) on the same-named street of another type ignored; year guard: coord_nearest candidate 351497 built 1954, property built 1912; nearest footprint 31 m from the trusted coordinate"
250151,244 E Pearson St,244 E PEARSON ST,NEAR NORTH SIDE,Multifamily Housing,2000,1,41.8977547,-87.6198996,row_2022,333965,1,1926,7345.6,T1,high,
250154,627 S Wood St,627 S WOOD ST,NEAR WEST SIDE,,,,41.8734266,-87.6711713,row_2020,365713,1,1961,12811.4,T1,high,
250155,211 E Ontario St,211 E ONTARIO ST,NEAR NORTH SIDE,Office,1983,1,41.8932572,-87.6223499,row_2022,813880,1,1985,10642.9,T1,high,
250161,1551 N Kedzie Ave,1551 N KEDZIE AVE,WEST TOWN,Other,1940,1,41.9098327,-87.7068537,row_2022,307870,1,,64539.8,T1,high,
250164,5440 N Cumberland Ave,5440 N CUMBERLAND AVE,OHARE,,,,41.9786974,-87.836736,row_2022,72910,1,,54264.2,T1,high,
250165,322 E Illinois St,322 E ILLINOIS ST,NEAR NORTH SIDE,Mixed Use Property,2001,1,41.8911332,-87.6191602,row_2022,888821,1,,53083.5,T1,high,
250167,162 N State St,162 N STATE ST,LOOP,,,,41.8849006,-87.6280671,row_2022,814392,1,,12318,T1,high,
250171,130 N Garland Ct,130 N GARLAND CT,LOOP,Multifamily Housing,2005,1,41.8840017,-87.6254904,row_2022,354372,1,2005,38781,coord_pip,medium,
250173,322 S Green St,322 S GREEN ST,NEAR WEST SIDE,Office,1921,1,41.877199,-87.6485348,row_2022,361705,1,1909,21470.4,T1,high,
250175,1122 W Catalpa Ave,1122 W CATALPA AVE,EDGEWATER,Multifamily Housing,2007,1,41.981924,-87.6589558,row_2022,838360,1,2005,29546.7,T1,high,
250176,10510 W Zemke Rd,10510 W ZEMKE RD,OHARE,Office,1943,1,41.9950123,-87.8872402,row_2022,31804,1,,82072.6,T1,high,
251209,9230 S Burley Ave,9230 S BURLEY AVE,SOUTH CHICAGO,Senior Living Community,2009,2,41.727375,-87.5457403,row_2022,687188,1,,341.5,coord_nearest,low,nearest footprint 44 m from the trusted coordinate
251210,10450 S Michigan Ave,10450 S MICHIGAN AVE,ROSELAND,Senior Living Community,2006,1,41.7038908,-87.6207712,row_2022,840463,1,2006,26208.3,T1,high,
251211,35 W 87th St,35 W 87TH ST,CHATHAM,,,,41.7361542,-87.6257035,row_2022,666169,1,,5271.1,coord_nearest,low,nearest footprint 36 m from the trusted coordinate
251212,549 W Randolph St,549 W RANDOLPH ST,NEAR WEST SIDE,Office,1905,1,41.8843241,-87.6416952,row_2022,354543,1,,17929.6,T1,high,
251213,40 E 9th St,40 E 9TH ST,LOOP,Multifamily Housing,1915,1,41.8706626,-87.6260479,row_2022,814971,1,,13793.5,T1,high,
251214,1026 - 1032 W Montrose Ave,1026-1032 W MONTROSE AVE,UPTOWN,Mixed Use Property,2010,2,41.9618712,-87.6558377,row_2022,892610,1,2010,26023,coord_pip,medium,
251215,2031 S Clark St,2031 S CLARK ST,NEAR SOUTH SIDE,Multifamily Housing,1966,1,41.8544114,-87.6299919,row_2022,382516,1,1957,8333.9,T1,high,"year guard: address candidate 277387 built 1974, property built 1966"
251216,2440 N Lakeview Ave,2440 N LAKEVIEW AVE,LINCOLN PARK,Multifamily Housing,1927,1,41.9267844,-87.6393064,row_2022,257055,1,1930,13696.5,T1,high,
251217,3200 N Lake Shore Dr,3200 N LAKE SHORE DR,LAKE VIEW,Multifamily Housing,1966,1,41.9409092,-87.6393692,row_2022,202965,1,1967,31846.5,coord_nearest,low,nearest footprint 35 m from the trusted coordinate
251218,1335 S Prairie Ave,1335 S PRAIRIE AVE,NEAR SOUTH SIDE,Multifamily Housing,2003,1,41.8649914,-87.6208112,row_2022,859088,1,2006,52266,T1,high,
251219,555 W Cornelia Ave,555 W CORNELIA AVE,LAKE VIEW,Multifamily Housing,1961,1,41.9459903,-87.6443372,row_2022,884186,1,,709.2,coord_nearest,medium,"year guard: address candidate 182113 built 1965, property built 1961; year guard: coord_nearest candidate 861407 built 1979, property built 1961; year guard: coord_nearest candidate 861412 built 1972, property built 1961; year guard: coord_nearest candidate 861413 built 1971, property built 1961; year guard: coord_nearest candidate 892013 built 2011, property built 1961; year guard: coord_nearest candidate 892014 built 2011, property built 1961; nearest footprint 16 m from the trusted coordinate"
251220,304 S State St,304 S STATE ST,LOOP,,,,41.8780215,-87.6278194,row_2022,868392,1,,10776,T1,high,
251221,211 W Wacker Dr,211 W WACKER DR,LOOP,Office,1927,1,41.8867079,-87.6343185,row_2022,814271,1,1928,10104.6,T1,high,"year guard: address candidate 358897 built 1974, property built 1927"
251222,2229 S Halsted St,2229 S HALSTED ST,LOWER WEST SIDE,Office,1908,1,41.851778,-87.6463217,row_2022,386032,1,1904,40786.1,T1,high,"year guard: address candidate 269080 built 1978, property built 1908"
251223,564 W Randolph St,564 W RANDOLPH ST,NEAR WEST SIDE,Office,1908,1,41.8845434,-87.6423314,row_2022,354026,1,,13764.4,T1,high,
251224,142 E Ontario St,142 E ONTARIO ST,NEAR NORTH SIDE,Office,1986,1,41.8934504,-87.6238539,row_2022,343478;813854,2,1988,25475.6,T1_multi,high,
251225,314 W Superior St,314 W SUPERIOR ST,NEAR NORTH SIDE,Office,1910,1,41.8956739,-87.6363717,row_2022,866005,1,,33424.1,T2,low,"year guard: address candidate 870842 built 1927, property built 1910; direction E vs W; 1342 m from the trusted coordinate"
251226,325 W Huron St,325 W HURON ST,NEAR NORTH SIDE,Office,1920,1,41.8946456,-87.6367875,row_2022,341146,1,,6934,coord_nearest,medium,"year guard: address candidate 341969 built 1930, property built 1920; year guard: coord_nearest candidate 342005 built 1937, property built 1920; year guard: coord_nearest candidate 342503 built 1994, property built 1920; year guard: coord_nearest candidate 342803 built 1953, property built 1920; year guard: coord_nearest candidate 813807 built 1937, property built 1920; nearest footprint 24 m from the trusted coordinate"
251227,372 W Ontario St,372 W ONTARIO ST,NEAR NORTH SIDE,Office,1910,1,41.8932398,-87.6384224,row_2022,876279,1,,17117.5,coord_nearest,medium,"year guard: address candidate 344116 built 1939, property built 1910; year guard: coord_nearest candidate 345087 built 1935, property built 1910; year guard: coord_nearest candidate 871135 built 1933, property built 1910; year guard: coord_nearest candidate 871136 built 1925, property built 1910; nearest footprint 21 m from the trusted coordinate"
251228,444 N Wells St,444 N WELLS ST,NEAR NORTH SIDE,Office,1903,1,41.8905261,-87.6341889,row_2022,814068,1,,10997,T1,high,
251229,210 E Pearson,210 E PEARSON,NEAR NORTH SIDE,Multifamily Housing,1926,1,41.8977325,-87.621367,row_2022,333908,1,1920,5900.7,coord_nearest,medium,"year guard: address candidate 813584 built 1972, property built 1926; year guard: coord_nearest candidate 333111 built 1930, property built 1926; year guard: coord_nearest candidate 333187 built 1976, property built 1926; year guard: coord_nearest candidate 333261 built 1969, property built 1926; year guard: coord_nearest candidate 335431 built 1995, property built 1926; year guard: coord_nearest candidate 815077 built 1969, property built 1926; year guard: coord_nearest candidate 891323 built 1961, property built 1926; nearest footprint 0 m from the trusted coordinate"
251230,1448 N Lake Shore Dr,1448 N LAKE SHORE DR,NEAR NORTH SIDE,Multifamily Housing,1927,1,41.9092048,-87.6262393,row_2022,308077,1,1927,7891.1,T1,high,
251231,211 W Scott St,211 W SCOTT ST,NEAR NORTH SIDE,Multifamily Housing,2014,1,41.9048312,-87.6350277,row_2022,815408,1,,2423.6,coord_nearest,medium,nearest footprint 22 m from the trusted coordinate
251233,2601 N Clybourn St,2601 N CLYBOURN ST,LINCOLN PARK,Retail Store,1996,1,41.9288374,-87.6739713,row_2022,242869;244452;244862,3,1995,157710.5,T1_multi,high,"year guard: address candidate 835165 built 2005, property built 1996"
251234,100 E Huron St,100 E HURON ST,NEAR NORTH SIDE,Multifamily Housing,1991,1,41.8950341,-87.6254043,row_2022,340007,1,1991,49609,coord_nearest,medium,"year guard: coord_nearest candidate 892077 built 2012, property built 1991; nearest footprint 5 m from the trusted coordinate"
251235,110 E Delaware,110 E DELAWARE,NEAR NORTH SIDE,Multifamily Housing,1981,1,41.8992986,-87.6255984,row_2022,331219,1,,8125.1,coord_nearest,medium,"year guard: coord_pip candidate 837712 built 1988, property built 1981; year guard: coord_nearest candidate 885970 built 2006, property built 1981; nearest footprint 25 m from the trusted coordinate"
251236,1120 N Lake Shore Dr,1120 N LAKE SHORE DR,NEAR NORTH SIDE,Multifamily Housing,1924,1,41.9031773,-87.6248907,row_2022,322336,1,1925,6804.9,T1,high,
251237,1242 N Lake Shore Dr,1242 N LAKE SHORE DR,NEAR NORTH SIDE,Multifamily Housing,1929,1,41.9052617,-87.6252913,row_2022,815373,1,,3362,coord_nearest,medium,"year guard: address candidate 317528 built 1933, property built 1929; year guard: coord_nearest candidate 317953 built 1969, property built 1929; year guard: coord_nearest candidate 318818 built 1969, property built 1929; year guard: coord_nearest candidate 815575 built 2002, property built 1929; nearest footprint 19 m from the trusted coordinate"
251238,560 W Fulton,560 W FULTON,NEAR WEST SIDE,Multifamily Housing,2000,1,41.8869228,-87.6422934,row_2022,814247,1,1949,12011.5,T1,high,
251239,2701 S Indiana Ave,2701 S INDIANA AVE,DOUGLAS,Multifamily Housing,1969,3,41.8442326,-87.6219582,row_2022,397227,1,,425.5,coord_nearest,medium,nearest footprint 2 m from the trusted coordinate
251240,5757 N Sheridan Rd,5757 N SHERIDAN RD,EDGEWATER,Multifamily Housing,1962,1,41.9872133,-87.6551507,row_2022,47226,1,1954,9390.5,coord_nearest,low,"year guard: address candidate 48123 built 1968, property built 1962; year guard: coord_nearest candidate 47397 built 1970, property built 1962; year guard: coord_nearest candidate 48750 built 1985, property built 1962; year guard: coord_nearest candidate 49207 built 1969, property built 1962; year guard: coord_nearest candidate 854526 built 1971, property built 1962; year guard: coord_nearest candidate 854527 built 1970, property built 1962; nearest footprint 33 m from the trusted coordinate"
251241,212 E Cullerton St,212 E CULLERTON ST,NEAR SOUTH SIDE,Multifamily Housing,2003,1,41.85563,-87.6217347,row_2022,821244,1,2003,18214.7,coord_pip,medium,
251242,330 N Clinton St,330 N CLINTON ST,NEAR WEST SIDE,Multifamily Housing,2000,1,41.8877134,-87.6415052,row_2022,351830,1,1900,14844,T1,high,
251243,333 N Jefferson St,333 N JEFFERSON ST,NEAR WEST SIDE,Multifamily Housing,1999,1,41.8878906,-87.6426853,row_2022,351828,1,1900,11584.4,T1,high,
251244,3520 N Lake Shore Dr,3520 N LAKE SHORE DR,LAKE VIEW,Multifamily Housing,1924,1,41.9473381,-87.6428647,row_2022,851862,1,1924,19768.8,coord_nearest,medium,"year guard: coord_nearest candidate 172376 built 1961, property built 1924; year guard: coord_nearest candidate 851863 built 1929, property built 1924; nearest footprint 1 m from the trusted coordinate"
251245,3800 Lake Shore Dr,3800 LAKE SHORE DR,LAKE VIEW,Multifamily Housing,1927,2,41.95274,-87.64559,covered_list,855524,1,,12283.9,T2,medium,direction N vs blank; 0 m from the trusted coordinate
251246,4950 S Chicago Beach Dr,4950 S CHICAGO BEACH DR,KENWOOD,,,,41.8047558,-87.5838638,row_2022,452933,1,1929,7121.9,T1,high,
251247,520 W Huron St,520 W HURON ST,NEAR NORTH SIDE,Multifamily Housing,1900,2,41.8948001,-87.6422757,row_2022,886351,1,,26472.1,T1,high,
251248,737 W Washington Blvd,737 W WASHINGTON BLVD,NEAR WEST SIDE,,,,41.8830393,-87.6471736,row_2022,814537,1,2003,76378.2,coord_nearest,medium,nearest footprint 0 m from the trusted coordinate
251249,5490 S Shore Dr,5490 S SHORE DR,HYDE PARK,Multifamily Housing,1918,1,41.7955584,-87.5810275,row_2022,473973,1,1921,40089.4,coord_nearest,medium,"year guard: address candidate 477663 built 1949, property built 1918; year guard: coord_nearest candidate 476061 built 1922, property built 1918; year guard: coord_nearest candidate 477941 built 1937, property built 1918; year guard: coord_nearest candidate 479442 built 1925, property built 1918; nearest footprint 30 m from the trusted coordinate"
251250,1920 N Clark St,1920 N CLARK ST,LINCOLN PARK,Multifamily Housing,1974,1,41.9171966,-87.6354894,row_2022,286521,1,1974,8295.3,T1,high,
251251,333 W Hubbard St,333 W HUBBARD ST,NEAR NORTH SIDE,Multifamily Housing,1918,2,41.8898345,-87.6369686,row_2022,350247,1,,21877.6,coord_nearest,medium,"year guard: address candidate 814148 built 1999, property built 1918; year guard: coord_nearest candidate 349571 built 1939, property built 1918; year guard: coord_nearest candidate 349655 built 2001, property built 1918; year guard: coord_nearest candidate 350547 built 1998, property built 1918; year guard: coord_nearest candidate 350573 built 1933, property built 1918; nearest footprint 13 m from the trusted coordinate"
251252,1445 N State Pkwy,1445 N STATE PKWY,NEAR NORTH SIDE,Multifamily Housing,1959,1,41.9090754,-87.6286729,row_2022,308321,1,1961,14120.2,T1,high,
251253,700 W Van Buren,700 W VAN BUREN,NEAR WEST SIDE,Multifamily Housing,2001,1,41.8768245,-87.6439904,row_2022,821493,1,1900,11771,T1,high,
251254,720 W Gordon Ter,720 W GORDON TER,UPTOWN,Multifamily Housing,1966,1,41.9579824,-87.648265,row_2022,138395,1,1966,25995,T1,high,
251255,1235 S Prairie Ave,1235 S PRAIRIE AVE,NEAR SOUTH SIDE,Multifamily Housing,2006,1,41.8660953,-87.6215021,row_2022,836576,1,2005,36422.6,T1,high,
251256,845 N State St,845 N STATE ST,NEAR NORTH SIDE,Multifamily Housing,2015,1,41.8979866,-87.6280884,row_2022,813586,1,1912,2152,T1,high,
251257,425 W Surf St,425 W SURF ST,LAKE VIEW,Multifamily Housing,1924,1,41.9342156,-87.6404027,row_2022,232168,1,1924,13249.5,T1,high,
251258,707 W Sheridan Rd,707 W SHERIDAN RD,LAKE VIEW,Multifamily Housing,1974,1,41.9527198,-87.6482093,row_2022,155986,1,1974,27563.3,T1,high,
251259,2470 N Clark St,2470 N CLARK ST,LINCOLN PARK,Multifamily Housing,1970,1,41.9272785,-87.6416539,row_2022,254796,1,1973,18085.6,T1,high,
251260,3170 N Sheridan Rd,3170 N SHERIDAN RD,LAKE VIEW,Multifamily Housing,1924,1,41.9397836,-87.6396928,row_2022,207872,1,1923,35402,T1,high,
251263,111 W Maple St,111 W MAPLE ST,NEAR NORTH SIDE,Mixed Use Property,1991,1,41.9017267,-87.6318996,row_2022,324936,1,1989,45903.6,coord_pip,medium,
251265,3150 N Sheridan Rd,3150 N SHERIDAN RD,LAKE VIEW,Multifamily Housing,1974,1,41.9392216,-87.639665,row_2022,210897,1,1974,5891.4,T1,high,
251266,363 W Erie St,363 W ERIE ST,NEAR NORTH SIDE,Office,1914,1,41.8938305,-87.6380014,row_2022,880958,1,,11430.4,T1,high,
251267,510 W Erie St,510 W ERIE ST,NEAR NORTH SIDE,Multifamily Housing,2002,1,41.8940005,-87.6419496,row_2022,880621,1,,20435.4,T1,high,
251268,860 N Lake Shore Dr,860 N LAKE SHORE DR,NEAR NORTH SIDE,Multifamily Housing,1949,2,41.8983811,-87.618288,row_2022,815076,1,1924,12762,coord_nearest,medium,"year guard: address candidate 331947 built 1953, property built 1949; year guard: coord_nearest candidate 825051 built 2004, property built 1949; year guard: coord_nearest candidate 825064 built 2004, property built 1949; nearest footprint 9 m from the trusted coordinate"
251269,182 W Lake St,182 W LAKE ST,LOOP,Multifamily Housing,1930,1,41.8858405,-87.633412,row_2022,352805,1,1930,10204,coord_nearest,medium,"year guard: coord_nearest candidate 352500 built 1986, property built 1930; year guard: coord_nearest candidate 352799 built 1984, property built 1930; year guard: coord_nearest candidate 353237 built 1972, property built 1930; year guard: coord_nearest candidate 353241 built 1990, property built 1930; nearest footprint 6 m from the trusted coordinate"
251270,811 - 833 W 15th Pl,811-833 W 15TH PL,NEAR WEST SIDE,Multifamily Housing,2003,2,41.8609083,-87.647179,row_2022,826276,1,2004,19528.8,T1,high,
251272,8331 S Stewart Ave,8331 S STEWART AVE,CHATHAM,,,,41.7425776,-87.6339369,row_2022,645372,1,,104093.7,coord_nearest,medium,nearest footprint 29 m from the trusted coordinate
251274,320 322 W OAKDALE AVE,320-322 W OAKDALE AVE,LAKE VIEW,Multifamily Housing,1953,1,41.9357151,-87.6377922,row_2022,224423,1,,2111.5,coord_nearest,low,"year guard: address candidate 224829 built 1958, property built 1953; year guard: coord_nearest candidate 222386 built 1959, property built 1953; year guard: coord_nearest candidate 223659 built 1990, property built 1953; year guard: coord_nearest candidate 226881 built 1962, property built 1953; nearest footprint 35 m from the trusted coordinate"
251275,101 E Erie,101 E ERIE,NEAR NORTH SIDE,,,,41.8940097,-87.6253677,row_2022,342981,1,1985,18182.5,T1,high,
251276,100 E Erie St,100 E ERIE ST,NEAR NORTH SIDE,Office,1955,1,41.8942288,-87.6253848,row_2022,815082,1,,17220.9,T1,high,"year guard: address candidate 813799 built 1974, property built 1955"
251277,2718 W Roscoe St,2718 W ROSCOE ST,AVONDALE,,,,41.9429089,-87.6964188,row_2022,192579,1,,108869.8,coord_nearest,medium,nearest footprint 1 m from the trusted coordinate
251278,1645 W Ogden,1645 W OGDEN,NEAR WEST SIDE,Multifamily Housing,1923,1,41.8797226,-87.6679488,row_2022,870395,1,,65858.9,T1,high,
251279,2727 W Roscoe St,2727 W ROSCOE ST,AVONDALE,,,,41.9426877,-87.6966823,row_2022,197133,1,1950,47111,T1,high,
251280,3401 N California Ave,3401 N CALIFORNIA AVE,AVONDALE,,,,41.9428977,-87.6977783,row_2022,192579,1,,108869.8,T1,high,
251281,40 E Oak St,40 E OAK ST,NEAR NORTH SIDE,Multifamily Housing,1928,1,41.9008801,-87.6268589,row_2022,325432,1,,3490.3,coord_nearest,medium,"year guard: address candidate 813453 built 1933, property built 1928; year guard: coord_nearest candidate 325796 built 1971, property built 1928; year guard: coord_nearest candidate 813436 built 1986, property built 1928; year guard: coord_nearest candidate 813449 built 1940, property built 1928; year guard: coord_nearest candidate 813451 built 1933, property built 1928; year guard: coord_nearest candidate 813476 built 1936, property built 1928; year guard: coord_nearest candidate 813477 built 1993, property built 1928; year guard: coord_nearest candidate 815071 built 1984, property built 1928; year guard: coord_nearest candidate 892632 built 2010, property built 1928; nearest footprint 19 m from the trusted coordinate"
251282,1100 N Dearborn St,1100 N DEARBORN ST,NEAR NORTH SIDE,Multifamily Housing,1930,1,41.9019258,-87.6300734,row_2022,874101,1,1929,7660.1,coord_nearest,medium,"year guard: address candidate 324079 built 1937, property built 1930; year guard: coord_nearest candidate 323379 built 1999, property built 1930; year guard: coord_nearest candidate 323777 built 1981, property built 1930; year guard: coord_nearest candidate 324865 built 2006, property built 1930; year guard: coord_nearest candidate 834578 built 2005, property built 1930; nearest footprint 17 m from the trusted coordinate"
251285,6300 N Ridge Ave,6300 N RIDGE AVE,WEST RIDGE,Mixed Use Property,1950,31,41.9955792,-87.6758769,row_2022,30165,1,,7735.9,coord_nearest,medium,"year guard: coord_nearest candidate 28227 built 1972, property built 1950; nearest footprint 18 m from the trusted coordinate"
251286,101 W Grand Ave,101 W GRAND AVE,NEAR NORTH SIDE,Office,1872,1,41.8915155,-87.6311971,row_2022,347726,1,,10154.6,coord_nearest,medium,"year guard: coord_nearest candidate 346347 built 1978, property built 1872; year guard: coord_nearest candidate 346846 built 1891, property built 1872; year guard: coord_nearest candidate 347705 built 1931, property built 1872; year guard: coord_nearest candidate 347777 built 1998, property built 1872; year guard: coord_nearest candidate 348497 built 1891, property built 1872; year guard: coord_nearest candidate 813985 built 1917, property built 1872; year guard: coord_nearest candidate 813987 built 1891, property built 1872; year guard: coord_nearest candidate 813988 built 1967, property built 1872; year guard: coord_nearest candidate 813992 built 1891, property built 1872; year guard: coord_nearest candidate 813993 built 1891, property built 1872; year guard: coord_nearest candidate 813998 built 1891, property built 1872; year guard: coord_nearest candidate 814021 built 1998, property built 1872; year guard: coord_nearest candidate 814037 built 1933, property built 1872; year guard: coord_nearest candidate 814038 built 1915, property built 1872; year guard: coord_nearest candidate 815713 built 1891, property built 1872; year guard: coord_nearest candidate 870763 built 1985, property built 1872; year guard: coord_nearest candidate 870764 built 1985, property built 1872; nearest footprint 5 m from the trusted coordinate"
251287,8101 W Higgins Rd,8101 W HIGGINS RD,NORWOOD PARK,Hotel,2000,1,41.9853181,-87.8298184,row_2022,55142,1,1972,12360.5,T1,high,
251289,1164 W Madison,1164 W MADISON,NEAR WEST SIDE,Multifamily Housing,2014,1,41.8817339,-87.6567149,row_2022,891361,1,1910,2512.7,T1,high,
251290,163 E Walton Pl,163 E WALTON PL,NEAR NORTH SIDE,,,,41.8999147,-87.6230595,row_2022,837492,1,1929,16890.6,coord_pip,medium,1 in-range footprint(s) on the same-named street of another type ignored
251294,954 W Washington Blvd,954 W WASHINGTON BLVD,NEAR WEST SIDE,Office,1889,1,41.8831759,-87.6519287,row_2022,879817,1,,29566.3,T1,high,
251295,7370 W Talcott Ave,7370 W TALCOTT AVE,NORWOOD PARK,Senior Living Community,1998,1,41.9881684,-87.8116204,row_2022,45022;45710,2,,60521.5,T1_multi,high,
251297,1431 N Western Ave,1431 N WESTERN AVE,WEST TOWN,,,,41.9076094,-87.6870019,row_2022,313296,1,1899,1397.5,coord_nearest,medium,nearest footprint 28 m from the trusted coordinate
251298,5157 N Francisco Ave,5157 N FRANCISCO AVE,LINCOLN SQUARE,Outpatient Rehabilitation/Physical Therapy,1991,1,41.9756559,-87.7012023,row_2022,78810,1,,35564.5,T1,high,
251299,201 E Delaware St,201 E DELAWARE ST,NEAR NORTH SIDE,,,,41.8991353,-87.6217853,row_2022,813543,1,1936,7425.1,T1,high,
251300,2020 N Lincoln Park West,2020 N LINCOLN PARK,LINCOLN PARK,Multifamily Housing,1972,1,41.9193571,-87.6365341,row_2022,281085,1,1971,31274.1,T1,high,
251301,1960 N Lincoln Park West,1960 N LINCOLN PARK,LINCOLN PARK,Multifamily Housing,1967,1,41.9175298,-87.6366055,row_2022,283892,1,1967,10878.6,T1,high,
251309,4815 S Western Blvd,4815 S WESTERN BLVD,NEW CITY,Senior Living Community,1997,1,41.8060783,-87.68365,row_2022,101778,1,1927,4777.6,T2,low,1 in-range footprint(s) on the same-named street of another type ignored; direction N vs S; 18112 m from the trusted coordinate
251310,3400 N Western Ave,3400 N WESTERN AVE,NORTH CENTER,Supermarket/Grocery Store,2002,1,41.9431874,-87.688302,row_2022,837024,1,2005,1072.6,T2,low,direction S vs N; 12353 m from the trusted coordinate
251312,2542 Elston Ave,2542 ELSTON AVE,LOGAN SQUARE,Retail Store,2002,1,41.9276845,-87.6815006,row_2022,820609,1,,138095.6,T2,low,direction N vs blank; 109 m from the trusted coordinate
251313,4141 W George St.,4141 W GEORGE ST,AVONDALE,Mixed Use Property,1942,1,41.933563,-87.730801,row_2016,237297,1,1942,328272.1,coord_nearest,medium,"year guard: coord_nearest candidate 236003 built 1948, property built 1942; year guard: coord_nearest candidate 236038 built 1948, property built 1942; year guard: coord_nearest candidate 236104 built 1948, property built 1942; nearest footprint 4 m from the trusted coordinate"
251314,2300 W Wabansia Ave,2300 W WABANSIA AVE,WEST TOWN,,,,41.9127179,-87.6849105,row_2022,297532,1,1920,44454,T1,high,
251315,2550 N Clybourn St,2550 N CLYBOURN ST,LINCOLN PARK,Supermarket/Grocery Store,2013,1,41.9278717,-87.6732588,row_2022,820051,1,,108157.9,T1,high,
251316,1763 W Howard St,1763 W HOWARD ST,ROGERS PARK,Supermarket/Grocery Store,2013,1,42.0192886,-87.6750585,row_2022,881057,1,,83800,T1,high,
251317,225 N Wabash,225 N WABASH,LOOP,Hotel,1998,1,41.8864243,-87.6261683,row_2022,352481,1,1912,9320.1,T1,high,
251318,87 W 87th St,87 W 87TH ST,CHATHAM,Supermarket/Grocery Store,1974,1,41.7361451,-87.6269178,row_2022,668931,1,1974,205844.8,T1,high,
251319,4660 W Irving Park Rd,4660 W IRVING PARK RD,PORTAGE PARK,Supermarket/Grocery Store,1997,1,41.9535544,-87.7450553,row_2022,148382,1,1900,82524.6,T1,high,
251320,370 N Desplaines St,370 N DESPLAINES ST,WEST TOWN,Supermarket/Grocery Store,2008,1,41.8889182,-87.644478,row_2022,888184,1,2008,47076,T1,high,
251321,1150 W Fullerton Ave,1150 W FULLERTON AVE,LINCOLN PARK,College/University,1994,1,41.9254066,-87.6580622,row_2022,261077,1,,15948.8,T1,high,
251322,990 W Fullerton Ave,990 W FULLERTON AVE,LINCOLN PARK,College/University,1980,1,41.9254877,-87.6534947,row_2022,260655,1,,20288.3,coord_nearest,medium,nearest footprint 1 m from the trusted coordinate
251324,2315 N Kenmore Ave,2315 N KENMORE AVE,LINCOLN PARK,College/University,2011,1,41.9240238,-87.6546298,row_2022,265831,1,,1146.4,T1,high,
251325,2311 N Racine Ave,2311 N RACINE AVE,LINCOLN PARK,College/University,2000,1,41.9238009,-87.6582582,row_2022,265619,1,,13935.9,coord_nearest,low,"year guard: address candidate 835525 built 2005, property built 2000; year guard: coord_nearest candidate 835523 built 2005, property built 2000; nearest footprint 43 m from the trusted coordinate"
251326,2345 N Sheffield Ave,2345 N SHEFFIELD AVE,LINCOLN PARK,College/University,1998,1,41.9248947,-87.6534476,row_2022,262566,1,,44169.6,T1,high,
251327,2350 N Clifton Ave,2350 N CLIFTON AVE,LINCOLN PARK,College/University,2000,1,41.9249922,-87.6573829,row_2022,262891,1,1988,17954.1,coord_nearest,low,"year guard: address candidate 835524 built 2005, property built 2000; year guard: coord_nearest candidate 835523 built 2005, property built 2000; year guard: coord_nearest candidate 850401 built 2006, property built 2000; year guard: coord_nearest candidate 850402 built 2006, property built 2000; year guard: coord_nearest candidate 850404 built 2006, property built 2000; nearest footprint 31 m from the trusted coordinate"
251328,2350 N Kenmore Ave,2350 N KENMORE AVE,LINCOLN PARK,College/University,1990,1,41.9250354,-87.6549563,row_2022,262780,1,,44054.4,T1,high,
251329,900 W Belden Ave,900 W BELDEN AVE,LINCOLN PARK,College/University,1977,1,41.9237053,-87.6511862,row_2022,265395,1,,8399.8,T1,high,
251330,2325 N Clifton Ave,2325 N CLIFTON AVE,LINCOLN PARK,College/University,1998,1,41.9242653,-87.6570643,row_2022,265056,1,,23148,T1,high,
251331,2312 N Clifton Ave,2312 N CLIFTON AVE,LINCOLN PARK,College/University,1970,1,41.9239219,-87.6573475,row_2022,265619,1,,13935.9,T1,high,
251332,2235 N Sheffield Ave,2235 N SHEFFIELD AVE,LINCOLN PARK,College/University,1999,1,41.9227909,-87.6533775,row_2022,267131,1,,48612.6,coord_nearest,low,"year guard: coord_pip candidate 835526 built 2005, property built 1999; year guard: coord_nearest candidate 851930 built 2006, property built 1999; nearest footprint 33 m from the trusted coordinate"
251333,2358 N Sheffield Ave,2358 N SHEFFIELD AVE,LINCOLN PARK,College/University,1989,1,41.925283,-87.6537576,row_2022,262631,1,,37693.4,coord_nearest,medium,nearest footprint 7 m from the trusted coordinate
251334,2325 N Sheffield Ave,2325 N SHEFFIELD AVE,LINCOLN PARK,College/University,1989,1,41.9243272,-87.6534242,row_2022,262566,1,,44169.6,T1,high,
251335,2250 N Sheffield Ave,2250 N SHEFFIELD AVE,LINCOLN PARK,College/University,2001,1,41.9232369,-87.6536854,row_2022,267131,1,,48612.6,coord_nearest,medium,"year guard: coord_nearest candidate 835526 built 2005, property built 2001; year guard: coord_nearest candidate 881152 built 2007, property built 2001; nearest footprint 1 m from the trusted coordinate"
251337,2350 N Racine Ave,2350 N RACINE AVE,LINCOLN PARK,College/University,2013,1,41.9249956,-87.6585897,row_2022,893082,1,2012,27659.8,T1,high,
251338,2322 N Kenmore Ave,2322 N KENMORE AVE,LINCOLN PARK,College/University,1923,1,41.9242445,-87.6549308,row_2022,264636,1,,64598,T1,high,
251339,2345 N Clifton Ave,2345 N CLIFTON AVE,LINCOLN PARK,College/University,1986,1,41.9248298,-87.6570822,row_2022,262891,1,1988,17954.1,T1,high,
251340,625 S Ashland Ave,625 S ASHLAND AVE,NEAR WEST SIDE,Hotel,2000,1,41.8734346,-87.6664337,row_2022,365301,1,1988,18455.5,T1,high,
251341,60 E Monroe St,60 E MONROE ST,LOOP,Multifamily Housing,2009,1,41.8809107,-87.6255091,row_2022,814621,1,1902,12728.5,coord_pip,medium,
251343,3180 N Lake Shore Dr,3180 N LAKE SHORE DR,LAKE VIEW,Multifamily Housing,1959,1,41.9397762,-87.6386543,row_2022,,0,,,none,none,"year guard: address candidate 208181 built 1963, property built 1959; no footprint within 75 m of the trusted coordinate"
251344,3570 N Elston Ave,3570 N ELSTON AVE,AVONDALE,Supermarket/Grocery Store,1983,1,41.9460576,-87.7082301,row_2022,185990,1,1984,63426.8,T1,high,
251346,650 W Lake Street,650 W LAKE ST,NEAR WEST SIDE,Office,1970,1,41.8858062,-87.6446929,row_2022,814313,1,,25455,T1,high,
251347,3537 S Paulina St,3537 S PAULINA ST,MCKINLEY PARK,,,,41.829365,-87.6677801,row_2022,419297,1,,15861,T1,high,
251348,7530 S South Shore Dr,7530 S SOUTH SHORE DR,SOUTH SHORE,,,,41.7597292,-87.5565135,row_2022,590698,1,1975,18840.5,T1,high,
251351,11445 S State St,11445 S STATE ST,ROSELAND,,,,41.6857095,-87.6227526,row_2022,780391,1,,22583.5,T1,high,
251352,501 - 505 W 35th St,501-505 W 35TH ST,BRIDGEPORT,,,,41.830735,-87.6388592,row_2022,837136,1,2005,13249.1,T1,high,
251354,740 S CAMPBELL AVE,740 S CAMPBELL AVE,NEAR WEST SIDE,,,,41.8718137,-87.6891353,row_2020,367629,1,,20885.9,T1,high,
251355,9811 S Lowe Ave,9811 S LOWE AVE,WASHINGTON HEIGHTS,,,,41.7156643,-87.6392688,row_2022,712196,1,1969,29646,T1,high,
251356,1504 S Albany Ave,1504 S ALBANY AVE,NORTH LAWNDALE,,,,41.8611528,-87.7031543,row_2022,375397,1,1997,13598.5,T1,high,
251358,3815 N Kedvale Ave,3815 N KEDVALE AVE,IRVING PARK,K-12 School,1906,1,41.9504806,-87.7306055,row_2022,164416,1,,22740.2,T1,high,
251359,6450 S Lowe Ave,6450 S LOWE AVE,ENGLEWOOD,,,,41.7764788,-87.6409293,row_2022,539735,1,,37600.1,T1,high,
251360,950 W 33rd Pl,950 W 33RD PL,BRIDGEPORT,K-12 School,1901,1,41.8338821,-87.650619,row_2022,413518,1,,10124.7,T1,high,
251361,1241 W 58th St,1241 W 58TH ST,WEST ENGLEWOOD,,,,41.7884199,-87.6565606,row_2020,502913,1,,23413.3,T1,high,
251362,2148 N Long Ave,2148 N LONG AVE,BELMONT CRAGIN,K-12 School,1918,3,41.9200361,-87.7610843,row_2022,279468,1,,139362.4,T1,high,
251363,225 W Evergreen Ave,225 W EVERGREEN AVE,NEAR NORTH SIDE,K-12 School,1926,1,41.9065725,-87.6355136,row_2022,314871;315758,2,,26214.1,T1_multi,high,
251364,1424 N Cleaver Street,1424 N CLEAVER ST,WEST TOWN,,,,41.907804,-87.6641094,row_2022,311654,1,1908,23226,T1,high,
251365,2625 N Orchard St,2625 N ORCHARD ST,LINCOLN PARK,K-12 School,1937,4,41.9298463,-87.6463395,row_2022,247361,1,,25694,T1,high,
251367,5900 N Nina Ave,5900 N NINA AVE,NORWOOD PARK,K-12 School,1916,1,41.9881814,-87.8029921,row_2022,45059,1,,29794.8,T1,high,
251368,3535 E 114th St,3535 E 114TH ST,EAST SIDE,K-12 School,1957,1,41.6881094,-87.5375501,row_2022,775256,1,,180489.7,T1,high,
251370,6700 N Whipple St,6700 N WHIPPLE ST,WEST RIDGE,K-12 School,2010,1,42.0029957,-87.7059536,row_2022,17848,1,1958,1242,coord_nearest,medium,nearest footprint 30 m from the trusted coordinate
251371,2221 S LAWNDALE ST,2221 S LAWNDALE ST,SOUTH LAWNDALE,,,,41.8512228,-87.7168728,row_2020,387908,1,,30340.1,T1,high,
251372,3212 W George St,3212 W GEORGE ST,AVONDALE,K-12 School,1881,2,41.9339976,-87.7080436,row_2022,232700,1,,25302.4,T1,high,
251373,2233 W Ohio St,2233 W OHIO ST,WEST TOWN,K-12 School,1892,2,41.8920548,-87.6831787,row_2022,347308,1,,21202.6,T1,high,
251374,410 N Monticello Ave,410 N MONTICELLO AVE,HUMBOLDT PARK,,,,41.88845,-87.7175241,row_2022,351386,1,1979,24378,T1,high,
251375,8507 S Ingleside,8507 S INGLESIDE,CHATHAM,K-12 School,1963,1,41.7400964,-87.6011344,row_2022,654090,1,1962,27370.3,coord_nearest,medium,nearest footprint 3 m from the trusted coordinate
251376,8300 S St Louis Ave,8300 S ST LOUIS AVE,ASHBURN,K-12 School,1953,1,41.7423318,-87.7096459,row_2022,647784,1,1953,1449.9,coord_nearest,medium,"year guard: address candidate 649525 built 1957, property built 1953; nearest footprint 22 m from the trusted coordinate"
251377,3849 W 69th Pl,3849 W 69TH PL,WEST LAWN,K-12 School,1953,5,41.7667583,-87.719508,row_2022,572575,1,,18263,T1,high,1 in-range footprint(s) on the same-named street of another type ignored
251378,6950 S SANGAMON ST,6950 S SANGAMON ST,ENGLEWOOD,,,,41.7675739,-87.648488,row_2020,568555,1,,33678.9,T1,high,
251379,2722 S King Dr,2722 S DR MARTIN LUTHER KING JR DR,DOUGLAS,,,,41.8437945,-87.6177677,row_2022,397183,1,,36328.4,T1,high,
251380,739 N Ada St,739 N ADA ST,WEST TOWN,,,,41.895549,-87.6612407,row_2022,340161,1,1884,16431.1,T1,high,
251381,749 S Oakley Blvd,749 S OAKLEY BLVD,NEAR WEST SIDE,K-12 School,1988,1,41.8716124,-87.6835794,row_2022,367381,1,,30076.4,T1,high,
251382,24 W Walton St,24 W WALTON ST,NEAR NORTH SIDE,K-12 School,2011,1,41.9000315,-87.629289,row_2022,892954,1,2011,55364.1,T1,high,
251383,4820 W Walton St,4820 W WALTON ST,AUSTIN,,,,41.8978464,-87.7467464,row_2022,821960,1,,41586.6,T1,high,
251384,2910 W Washington Blvd,2910 W WASHINGTON BLVD,EAST GARFIELD PARK,,,,41.8829762,-87.6992995,row_2022,355572,1,,38811.9,T1,high,
251385,1630 W Barry Ave,1630 W BARRY AVE,LAKE VIEW,K-12 School,1896,2,41.9379649,-87.669852,row_2022,215831,1,,18459.3,T1,high,
251386,2128 S St Louis Ave,2128 S ST LOUIS AVE,NORTH LAWNDALE,,,,41.8526615,-87.7125068,row_2022,385882,1,,38571.4,T1,high,
251387,4414 S Evans Ave,4414 S EVANS AVE,GRAND BOULEVARD,,,,41.8144795,-87.6084551,row_2022,433475,1,,47715.1,T1,high,
251388,832 W Sheridan Rd,832 W SHERIDAN RD,LAKE VIEW,K-12 School,1978,1,41.952837,-87.6509755,row_2022,153734,1,,29396.9,T1,high,
251389,4320 S Princeton,4320 S PRINCETON,FULLER PARK,,,,41.8156575,-87.6336972,row_2022,431928,1,1953,21156,coord_nearest,medium,nearest footprint 2 m from the trusted coordinate
251390,2301 W 21st Pl,2301 W 21ST PL,LOWER WEST SIDE,,,,41.8528729,-87.6833397,row_2022,385801,1,,22534.1,T1,high,
251391,533 W 27th St,533 W 27TH ST,BRIDGEPORT,,,,41.8443729,-87.641314,row_2022,397266,1,,21356.6,T1,high,
251392,3740 N Panama Ave,3740 N PANAMA AVE,DUNNING,K-12 School,1936,4,41.9479924,-87.8293319,row_2022,176914,1,,27762.1,T1,high,
251393,4540 N Campbell Ave,4540 N CAMPBELL AVE,LINCOLN SQUARE,K-12 School,1911,3,41.9643484,-87.6913688,row_2022,116894,1,,28702.1,T1,high,
251394,6140 S Melvina Ave,6140 S MELVINA AVE,CLEARING,K-12 School,1953,2,41.7802049,-87.7766159,row_2022,530233;530544;533097;538134;538320;821959,6,,87229.8,T1_multi,high,
251395,3527 S Wallace St,3527 S WALLACE ST,BRIDGEPORT,K-12 School,1881,1,41.8299896,-87.6410658,row_2022,417879,1,,18079.7,T1,high,
251396,2819 W 21st Pl,2819 W 21ST PL,SOUTH LAWNDALE,K-12 School,1912,2,41.8526913,-87.6962778,row_2022,385553,1,1909,1830.4,coord_nearest,medium,"year guard: address candidate 386246 built 1973, property built 1912; year guard: coord_nearest candidate 385700 built 1925, property built 1912; year guard: coord_nearest candidate 386963 built 1984, property built 1912; year guard: coord_nearest candidate 876753 built 1931, property built 1912; year guard: coord_nearest candidate 876754 built 1930, property built 1912; nearest footprint 23 m from the trusted coordinate"
251397,9804 S Exchange,9804 S EXCHANGE,SOUTH DEERING,K-12 School,1910,2,41.7170956,-87.5525286,row_2022,708510,1,1898,1424,coord_nearest,medium,"year guard: coord_nearest candidate 707287 built 1979, property built 1910; year guard: coord_nearest candidate 707348 built 1979, property built 1910; year guard: coord_nearest candidate 707360 built 1979, property built 1910; year guard: coord_nearest candidate 707370 built 1979, property built 1910; year guard: coord_nearest candidate 707387 built 1979, property built 1910; year guard: coord_nearest candidate 707392 built 1979, property built 1910; year guard: coord_nearest candidate 707394 built 1979, property built 1910; year guard: coord_nearest candidate 707425 built 1979, property built 1910; year guard: coord_nearest candidate 707437 built 1979, property built 1910; year guard: coord_nearest candidate 707444 built 1979, property built 1910; year guard: coord_nearest candidate 707448 built 1979, property built 1910; year guard: coord_nearest candidate 708188 built 1923, property built 1910; year guard: coord_nearest candidate 708223 built 1998, property built 1910; year guard: coord_nearest candidate 708345 built 1961, property built 1910; year guard: coord_nearest candidate 708993 built 1926, property built 1910; year guard: coord_nearest candidate 709178 built 1961, property built 1910; nearest footprint 27 m from the trusted coordinate"
251398,221 E 49th St,221 E 49TH ST,GRAND BOULEVARD,,,,41.8055758,-87.6201225,row_2022,451723,1,,27096.8,T1,high,
251399,7037 S Rhodes Ave,7037 S RHODES AVE,GREATER GRAND CROSSING,K-12 School,1913,1,41.7664858,-87.6115092,row_2022,570281,1,,29271.7,T1,high,
251400,11725 S Perry Ave,11725 S PERRY AVE,WEST PULLMAN,,,,41.680712,-87.624893,row_2020,788699;789204,2,,46654.8,T1_multi,high,
251401,8555 S Michigan Ave,8555 S MICHIGAN AVE,CHATHAM,,,,41.7384386,-87.6208977,row_2022,656017,1,,66948.4,T1,high,
251402,2306 W Maypole Ave,2306 W MAYPOLE AVE,NEAR WEST SIDE,,,,41.8840162,-87.6847247,row_2022,354587,1,,30260.9,T1,high,
251403,3250 W Monroe St,3250 W MONROE ST,EAST GARFIELD PARK,,,,41.8797412,-87.708082,row_2022,358414,1,,29662.5,T1,high,
251404,1621 W Wabansia Ave,1621 W WABANSIA AVE,WEST TOWN,K-12 School,1896,1,41.9123306,-87.6686469,row_2022,298452,1,1895,974.6,coord_nearest,medium,"year guard: coord_nearest candidate 298340 built 1994, property built 1896; year guard: coord_nearest candidate 298365 built 1994, property built 1896; year guard: coord_nearest candidate 298423 built 1987, property built 1896; year guard: coord_nearest candidate 298433 built 1994, property built 1896; year guard: coord_nearest candidate 298439 built 1994, property built 1896; year guard: coord_nearest candidate 298444 built 1987, property built 1896; year guard: coord_nearest candidate 298457 built 1987, property built 1896; year guard: coord_nearest candidate 298463 built 1987, property built 1896; year guard: coord_nearest candidate 298609 built 1967, property built 1896; year guard: coord_nearest candidate 299431 built 1908, property built 1896; year guard: coord_nearest candidate 299636 built 1998, property built 1896; year guard: coord_nearest candidate 300924 built 1912, property built 1896; nearest footprint 24 m from the trusted coordinate"
251405,4409 W Wilcox St,4409 W WILCOX ST,WEST GARFIELD PARK,,,,41.8786368,-87.7358369,row_2022,360576,1,,33934.4,coord_nearest,medium,nearest footprint 3 m from the trusted coordinate
251406,11513 S Ada St,11513 S ADA ST,WEST PULLMAN,,,,41.684476,-87.6553637,row_2022,783435,1,,54240.1,coord_nearest,medium,nearest footprint 9 m from the trusted coordinate
251407,2851 N Seminary Ave,2851 N SEMINARY AVE,LAKE VIEW,K-12 School,1913,1,41.93412,-87.6561917,row_2022,232359,1,,27867.6,T1,high,
251408,2330 W 110th Pl,2330 W 110TH PL,MORGAN PARK,K-12 School,1930,2,41.6930665,-87.6801314,row_2022,768221,1,1893,1081.6,coord_nearest,low,"year guard: coord_nearest candidate 768214 built 1959, property built 1930; nearest footprint 31 m from the trusted coordinate"
251409,5401 S Union Ave,5401 S UNION AVE,NEW CITY,,,,41.7961282,-87.6426283,row_2022,477490,1,1900,20142.2,coord_nearest,medium,nearest footprint 4 m from the trusted coordinate
251411,834 E 50th St,834 E 50TH ST,KENWOOD,,,,41.804201,-87.6049443,row_2022,452888,1,,37332.4,T1,high,1 in-range footprint(s) on the same-named street of another type ignored
251412,4255 W Adams,4255 W ADAMS,WEST GARFIELD PARK,,,,41.8777817,-87.732654,row_2022,361629,1,,18816,coord_nearest,medium,nearest footprint 2 m from the trusted coordinate
251413,1440 S Christiana Ave,1440 S CHRISTIANA AVE,NORTH LAWNDALE,,,,41.8611948,-87.7093241,row_2022,375095,1,,29320.6,T1,high,
251414,6650 S Ellis Ave,6650 S ELLIS AVE,WOODLAWN,K-12 School,1963,1,41.7735039,-87.6010553,row_2022,551265,1,1962,29885.3,T1,high,
251415,10414 S State St,10414 S STATE ST,ROSELAND,,,,41.7048507,-87.623602,row_2022,735512,1,,15879.7,T1,high,
251416,3221 N Sacramento Ave,3221 N SACRAMENTO AVE,AVONDALE,K-12 School,1895,3,41.9400189,-87.7025982,row_2022,208763,1,,1237,coord_nearest,medium,"year guard: address candidate 206731 built 1997, property built 1895; year guard: coord_nearest candidate 206679 built 1901, property built 1895; year guard: coord_nearest candidate 207599 built 1900, property built 1895; year guard: coord_nearest candidate 207658 built 1907, property built 1895; year guard: coord_nearest candidate 207973 built 1961, property built 1895; year guard: coord_nearest candidate 208324 built 1910, property built 1895; year guard: coord_nearest candidate 209207 built 1964, property built 1895; year guard: coord_nearest candidate 209495 built 1912, property built 1895; year guard: coord_nearest candidate 209828 built 1912, property built 1895; year guard: coord_nearest candidate 210065 built 1900, property built 1895; year guard: coord_nearest candidate 210418 built 1921, property built 1895; year guard: coord_nearest candidate 210532 built 1910, property built 1895; year guard: coord_nearest candidate 210674 built 1910, property built 1895; year guard: coord_nearest candidate 210911 built 1915, property built 1895; year guard: coord_nearest candidate 211257 built 1958, property built 1895; year guard: coord_nearest candidate 211258 built 1900, property built 1895; year guard: coord_nearest candidate 211294 built 1910, property built 1895; year guard: coord_nearest candidate 211405 built 1900, property built 1895; year guard: coord_nearest candidate 848076 built 2006, property built 1895; year guard: coord_nearest candidate 848078 built 2006, property built 1895; year guard: coord_nearest candidate 848079 built 2006, property built 1895; year guard: coord_nearest candidate 848080 built 2006, property built 1895; year guard: coord_nearest candidate 848081 built 2006, property built 1895; year guard: coord_nearest candidate 887066 built 2007, property built 1895; nearest footprint 27 m from the trusted coordinate"
251417,2745 W Roosevelt Rd,2745 W ROOSEVELT RD,NORTH LAWNDALE,,,,41.8664078,-87.6952608,row_2022,372282,1,1959,32871.1,T1,high,
251418,5625 N Mcvicker Ave,5625 N MCVICKER AVE,NORWOOD PARK,K-12 School,1926,2,41.9836776,-87.7790861,row_2022,56234,1,,28321,T1,high,"year guard: address candidate 500227 built 1954, property built 1926"
251419,8 W Root St,8 W ROOT ST,GRAND BOULEVARD,K-12 School,1960,1,41.8193039,-87.6266345,row_2022,428192,1,1961,40885.3,T1,high,
251420,5516 S Maplewood Ave,5516 S MAPLEWOOD AVE,GAGE PARK,K-12 School,1917,2,41.7932551,-87.6878358,row_2022,486269,1,,30720.4,T1,high,
251421,7350 W Pratt Ave,7350 W PRATT AVE,EDISON PARK,K-12 School,1927,2,42.0044356,-87.8111643,row_2022,16523,1,1926,26473.3,T1,high,
251423,3000 S Lawndale Ave,3000 S LAWNDALE AVE,SOUTH LAWNDALE,K-12 School,1996,1,41.8387533,-87.7172261,row_2022,407333,1,,33697.4,T1,high,
251424,10841 S Homan Ave,10841 S HOMAN AVE,MOUNT GREENWOOD,K-12 School,1936,4,41.6957485,-87.7057738,row_2022,760120,1,1932,30410,T1,high,
251425,5414 N Linder Ave,5414 N LINDER AVE,JEFFERSON PARK,K-12 School,1925,2,41.9798092,-87.7661081,row_2022,65156,1,,28013.1,T1,high,"year guard: address candidate 485868 built 1960, property built 1925"
251426,11411 S Eggleston Ave,11411 S EGGLESTON AVE,ROSELAND,K-12 School,1925,2,41.6866368,-87.6335948,row_2022,778741,1,,23700.5,T1,high,
251427,6646 S Normal,6646 S NORMAL,ENGLEWOOD,,,,41.7730266,-87.6370034,row_2022,554799,1,1962,27982.9,coord_nearest,medium,nearest footprint 2 m from the trusted coordinate
251428,1326 S Avers Ave,1326 S AVERS AVE,NORTH LAWNDALE,,,,41.8635604,-87.7215864,row_2022,374139,1,1961,30877.4,T1,high,
251429,245 E 37th St,245 E 37TH ST,DOUGLAS,,,,41.8273258,-87.6199388,row_2022,421493,1,,43368.7,coord_nearest,medium,1 in-range footprint(s) on the same-named street of another type ignored; nearest footprint 5 m from the trusted coordinate
251431,2233 S Kedzie Ave,2233 S KEDZIE AVE,SOUTH LAWNDALE,K-12 School,1980,1,41.8507757,-87.7050755,row_2022,389049,1,1891,34942.9,T1,high,1 in-range footprint(s) on the same-named street of another type ignored
251432,54 N Hermitage Ave,54 N HERMITAGE AVE,NEAR WEST SIDE,,,,41.882987,-87.6707188,row_2022,355861,1,,31107.6,T1,high,
251433,708 W Willow St,708 W WILLOW ST,LINCOLN PARK,K-12 School,1937,2,41.9139697,-87.6463499,row_2022,293232,1,,31315.6,coord_nearest,medium,"year guard: coord_nearest candidate 294024 built 1948, property built 1937; year guard: coord_nearest candidate 294681 built 1978, property built 1937; year guard: coord_nearest candidate 294694 built 1994, property built 1937; year guard: coord_nearest candidate 296152 built 1991, property built 1937; year guard: coord_nearest candidate 881698 built 2008, property built 1937; nearest footprint 11 m from the trusted coordinate"
251434,6006 S Peoria St,6006 S PEORIA ST,ENGLEWOOD,K-12 School,1958,2,41.7849277,-87.6474887,row_2022,513955,1,,40414.3,T1,high,
251435,2620 S Lawndale Ave,2620 S LAWNDALE AVE,SOUTH LAWNDALE,K-12 School,1996,2,41.8436859,-87.7173552,row_2022,399010,1,1997,26281.9,T1,high,
251436,5101 S PRINCETON,5101 S PRINCETON,FULLER PARK,,,,41.8017117,-87.6331378,row_2020,459852,1,1972,1118.5,coord_nearest,medium,nearest footprint 19 m from the trusted coordinate
251437,2400 S Marshall Blvd,2400 S MARSHALL BLVD,SOUTH LAWNDALE,K-12 School,1889,2,41.8481545,-87.6991273,row_2022,392537,1,,32810.3,T1,high,
251438,4420 N Beacon St,4420 N BEACON ST,UPTOWN,,,,41.9623189,-87.6638898,row_2022,122394,1,1925,45415.6,T1,high,
251439,10115 S Prairie Ave,10115 S PRAIRIE AVE,ROSELAND,K-12 School,1928,1,41.7104166,-87.6173534,row_2022,722959;725125,2,,28350,T1_multi,high,
251440,2040 W 62nd St,2040 W 62ND ST,WEST ENGLEWOOD,,,,41.7812526,-87.675556,row_2022,525162,1,,35508.6,T1,high,
251441,4747 S Marshfield Ave,4747 S MARSHFIELD AVE,NEW CITY,K-12 School,1993,1,41.8071551,-87.6660005,row_2022,447594,1,,17604,T1,high,
251442,646 W 71st St,646 W 71ST ST,ENGLEWOOD,,,,41.765361,-87.6414173,row_2022,573597,1,1965,29066.9,T1,high,
251443,7401 S Dorchester,7401 S DORCHESTER,SOUTH SHORE,,,,41.7604583,-87.5906997,row_2022,589380,1,1939,21689.7,coord_nearest,medium,nearest footprint 8 m from the trusted coordinate
251444,12302 S State St,12302 S STATE ST,WEST PULLMAN,,,,41.670583,-87.622581,row_2022,798328;798601,2,,34858.7,T1_multi,high,
251445,4619 S Wolcott Ave,4619 S WOLCOTT AVE,NEW CITY,K-12 School,1996,1,41.8097569,-87.6721446,row_2022,442861,1,1995,25545.5,T1,high,
251446,7316 S Hoyne Ave,7316 S HOYNE AVE,WEST ENGLEWOOD,,,,41.7605974,-87.6760018,row_2022,589904,1,,50539.8,T1,high,
251447,8500 S Wood,8500 S WOOD,AUBURN GRESHAM,,,,41.7392747,-87.6681588,row_2022,658717,1,,15544.6,coord_nearest,medium,nearest footprint 18 m from the trusted coordinate
251448,6515 S Ashland Ave,6515 S ASHLAND AVE,WEST ENGLEWOOD,K-12 School,1975,1,41.7753492,-87.6639586,row_2022,546627,1,,21804.8,T1,high,
251449,5300 S Loomis Blvd,5300 S LOOMIS BLVD,NEW CITY,,,,41.7976478,-87.6599686,row_2022,472058,1,,20357.7,T1,high,
251450,8540 S Cregier,8540 S CREGIER,AVALON PARK,,,,41.7394162,-87.5807695,row_2022,656111,1,,21598.9,coord_nearest,medium,nearest footprint 12 m from the trusted coordinate
251451,3202 W 28th St,3202 W 28TH ST,SOUTH LAWNDALE,K-12 School,1996,1,41.840984,-87.7050858,row_2022,401033,1,1995,28901.8,coord_nearest,medium,nearest footprint 20 m from the trusted coordinate
251452,1420 N Hudson Ave,1420 N HUDSON AVE,NEAR NORTH SIDE,,,,41.9082537,-87.6398635,row_2022,310836,1,,48468.1,T1,high,
251453,412 S KEELER AVE,412 S KEELER AVE,WEST GARFIELD PARK,,,,41.8747364,-87.7308036,row_2020,364531,1,,29052,T1,high,
251455,5009 S Laflin St,5009 S LAFLIN ST,NEW CITY,,,,41.8028555,-87.6622405,row_2022,457237,1,,12140.4,T1,high,
251456,1414 E 61st Pl,1414 E 61ST PL,WOODLAWN,K-12 School,1957,3,41.7833958,-87.5907965,row_2022,878466,1,,25289.1,T1,high,1 in-range footprint(s) on the same-named street of another type ignored
251457,10041 S Union Ave,10041 S UNION AVE,WASHINGTON HEIGHTS,K-12 School,1901,2,41.711198,-87.6403774,row_2022,721714,1,1900,18429.7,T1,high,
251459,3501 W Potomac Ave,3501 W POTOMAC AVE,HUMBOLDT PARK,K-12 School,1989,1,41.9044749,-87.7142711,row_2022,320900,1,1988,24330.5,T1,high,
251460,2651 W Washington Blvd,2651 W WASHINGTON BLVD,EAST GARFIELD PARK,Office,1961,1,41.8828207,-87.6930162,row_2022,356297,1,,30112.1,coord_nearest,medium,nearest footprint 8 m from the trusted coordinate
251461,9130 S University Ave,9130 S UNIVERSITY AVE,BURNSIDE,,,,41.7285349,-87.5962933,row_2022,684751,1,,32949.4,T1,high,
251462,4436 S Union Ave,4436 S UNION AVE,NEW CITY,,,,41.813292,-87.6433805,row_2022,436282;436409,2,,23861.1,T1_multi,high,
251463,615 W Kemper Pl,615 W KEMPER PL,LINCOLN PARK,K-12 School,1894,3,41.924497,-87.6445216,row_2022,264505,1,,27107.5,T1,high,
251464,6020 S Langely Ave,6020 S LANGELY AVE,WOODLAWN,,,,41.78536,-87.60907,covered_list,510994,1,,42693.2,coord_pip,medium,street 'LANGELY' is not in the footprint table
251465,4046 N Leavitt St,4046 N LEAVITT ST,NORTH CENTER,K-12 School,1902,4,41.9555491,-87.6838019,row_2022,148684,1,,765.7,coord_nearest,medium,"year guard: address candidate 147813 built 1906, property built 1902; year guard: coord_nearest candidate 146407 built 1906, property built 1902; year guard: coord_nearest candidate 146857 built 1980, property built 1902; year guard: coord_nearest candidate 147637 built 1906, property built 1902; year guard: coord_nearest candidate 147742 built 1906, property built 1902; year guard: coord_nearest candidate 147752 built 1906, property built 1902; year guard: coord_nearest candidate 150274 built 1917, property built 1902; year guard: coord_nearest candidate 845799 built 2006, property built 1902; nearest footprint 25 m from the trusted coordinate"
251466,3615 W 16th St,3615 W 16TH ST,NORTH LAWNDALE,,,,41.858856,-87.7157463,row_2022,377342,1,,35465.3,T1,high,
251467,955 W Garfield Blvd,955 W GARFIELD BLVD,ENGLEWOOD,K-12 School,1959,1,41.79387,-87.64924,covered_list,485169,1,1960,35446.6,coord_nearest,medium,nearest footprint 13 m from the trusted coordinate
251468,6145 S Ingleside Ave,6145 S INGLESIDE AVE,WOODLAWN,,,,41.7829093,-87.6025969,row_2022,519445;519986;520251,3,,22803.9,T1_multi,high,
251469,917 W 88th St,917 W 88TH ST,AUBURN GRESHAM,,,,41.7340982,-87.6467568,row_2022,674076,1,,29249.7,T1,high,
251470,2101 W Monroe,2101 W MONROE,NEAR WEST SIDE,,,,41.8798633,-87.6791727,row_2022,358212,1,1996,24625.6,coord_nearest,low,nearest footprint 34 m from the trusted coordinate
251473,6634 W Raven St,6634 W RAVEN ST,NORWOOD PARK,K-12 School,1928,3,41.9938179,-87.7930811,row_2022,33839,1,,29633,T1,high,
251474,3500 N Hoyne Ave,3500 N HOYNE AVE,NORTH CENTER,K-12 School,1894,4,41.9450981,-87.6810789,row_2022,184918,1,,21074.5,T1,high,
251475,4257 N Tripp Ave,4257 N TRIPP AVE,IRVING PARK,K-12 School,1899,2,41.958905,-87.7339822,row_2022,138222,1,,22725.1,T1,high,
251476,3024 W Harrison,3024 W HARRISON,EAST GARFIELD PARK,,,,41.8738444,-87.7020207,row_2022,365204,1,1962,31291.8,coord_nearest,medium,nearest footprint 9 m from the trusted coordinate
251477,6420 S University Ave,6420 S UNIVERSITY AVE,WOODLAWN,,,,41.7781265,-87.598156,row_2022,533450,1,,47825.2,T1,high,
251478,1340 W Harrison St,1340 W HARRISON ST,NEAR WEST SIDE,K-12 School,1989,1,41.8743272,-87.660976,row_2022,363972,1,1988,32920.9,T1,high,
251479,3800 N New England Ave,3800 N NEW ENGLAND AVE,DUNNING,K-12 School,1926,4,41.9491506,-87.7987072,row_2022,168348;170349,2,,33311.6,T1_multi,high,
251480,431 N Troy St,431 N TROY ST,HUMBOLDT PARK,,,,41.8892867,-87.7049885,row_2022,350689,1,,36353,T1,high,
251482,2410 S Leavitt St,2410 S LEAVITT ST,LOWER WEST SIDE,K-12 School,1989,2,41.8480974,-87.6807811,row_2022,392368,1,1989,30390.3,T1,high,
251483,1650 W Cornelia Ave,1650 W CORNELIA AVE,LAKE VIEW,K-12 School,1903,1,41.9452473,-87.6708568,row_2022,184297,1,,21044.9,T1,high,
251484,1746 S Miller St,1746 S MILLER ST,LOWER WEST SIDE,K-12 School,1902,2,41.8581005,-87.6523393,row_2022,376791,1,,27034.4,T1,high,
251485,5500 W Madison St,5500 W MADISON ST,AUSTIN,,,,41.8803764,-87.763275,row_2022,357922,1,,33065.4,T1,high,
251486,7831 S Prairie Ave,7831 S PRAIRIE AVE,GREATER GRAND CROSSING,K-12 School,1925,2,41.7519473,-87.6180298,row_2022,608745,1,,34638.2,T1,high,
251487,2510 S Kildare Ave,2510 S KILDARE AVE,SOUTH LAWNDALE,K-12 School,1911,2,41.8455988,-87.7312295,row_2022,395796,1,,27032.8,T1,high,
251488,1865 W Montvale Ave,1865 W MONTVALE AVE,MORGAN PARK,K-12 School,1891,3,41.6893907,-87.6691614,row_2022,774970,1,,15134.9,T1,high,
251489,3444 W Wabansia Ave,3444 W WABANSIA AVE,HUMBOLDT PARK,K-12 School,1903,2,41.9119658,-87.7132855,row_2022,298167,1,,31569.5,T1,high,
251490,6311 S Calumet Ave,6311 S CALUMET AVE,GREATER GRAND CROSSING,K-12 School,1962,1,41.779797,-87.6171749,row_2022,530295,1,,30145.3,T1,high,
251491,4027 W Grenshaw St,4027 W GRENSHAW ST,NORTH LAWNDALE,,,,41.8669587,-87.7263174,row_2022,372018,1,,32233.4,T1,high,
251492,5055 S State St,5055 S STATE ST,GRAND BOULEVARD,,,,41.8021435,-87.6257474,row_2022,457522,1,1961,32843,T1,high,
251493,3030 W Arthington St,3030 W ARTHINGTON ST,EAST GARFIELD PARK,,,,41.8701952,-87.7021617,row_2022,369241,1,,32220.1,coord_nearest,medium,nearest footprint 3 m from the trusted coordinate
251496,4320 W 5th Ave,4320 W FIFTH AVE,WEST GARFIELD PARK,,,,41.8708492,-87.7335541,row_2022,368382,1,,46078.9,T1,high,
251497,5356 S King Dr,5356 S DR MARTIN LUTHER KING JR DR,WASHINGTON PARK,,,,41.7967928,-87.6161781,row_2022,471688,1,1916,30171.2,T1,high,
251498,3600 W 5th Ave,3600 W FIFTH AVE,EAST GARFIELD PARK,K-12 School,1962,1,41.8757619,-87.7158457,row_2022,362885,1,1962,43625.3,coord_nearest,medium,"year guard: coord_nearest candidate 363180 built 1998, property built 1962; nearest footprint 17 m from the trusted coordinate"
251499,3149 N Wolcott Ave,3149 N WOLCOTT AVE,NORTH CENTER,K-12 School,1908,1,41.939244,-87.6757728,row_2022,211085,1,1907,25428.7,T1,high,
251500,111 S Throop St,111 S THROOP ST,NEAR WEST SIDE,K-12 School,2009,3,41.8800323,-87.6593759,row_2022,888754,1,2009,36567,coord_nearest,medium,nearest footprint 2 m from the trusted coordinate
251501,2250 N Clifton Ave,2250 N CLIFTON AVE,LINCOLN PARK,K-12 School,1959,1,41.9231766,-87.6573233,row_2022,267502,1,,36318.5,T1,high,
251502,5650 N Mozart St,5650 N MOZART ST,WEST RIDGE,K-12 School,1937,4,41.9846137,-87.7005653,row_2022,55080,1,1937,29384.1,T1,high,
251504,247 W 23rd Place,247 W 23RD PL,ARMOUR SQUARE,K-12 School,1995,1,41.8499312,-87.633786,row_2022,389547,1,,28697.3,T1,high,1 in-range footprint(s) on the same-named street of another type ignored
251505,3319 N Clifton Ave,3319 N CLIFTON AVE,LAKE VIEW,K-12 School,1930,3,41.9422899,-87.6576725,row_2022,195803,1,,24123.4,T1,high,
251506,5500 N CHRISTIANA,5500 N CHRISTIANA,NORTH PARK,K-12 School,1925,3,41.9812993,-87.7126135,row_2022,63013,1,1924,2232.3,coord_nearest,low,"year guard: coord_nearest candidate 60175 built 1948, property built 1925; year guard: coord_nearest candidate 60869 built 1950, property built 1925; year guard: coord_nearest candidate 61011 built 1950, property built 1925; year guard: coord_nearest candidate 61161 built 1930, property built 1925; year guard: coord_nearest candidate 61840 built 1957, property built 1925; year guard: coord_nearest candidate 62053 built 1956, property built 1925; year guard: coord_nearest candidate 62781 built 1930, property built 1925; year guard: coord_nearest candidate 62798 built 1929, property built 1925; year guard: coord_nearest candidate 63000 built 1929, property built 1925; year guard: coord_nearest candidate 63224 built 1929, property built 1925; year guard: coord_nearest candidate 63342 built 1930, property built 1925; nearest footprint 32 m from the trusted coordinate"
251508,620 N Sawyer Ave,620 N SAWYER AVE,HUMBOLDT PARK,K-12 School,1901,1,41.89256,-87.7078335,row_2022,346524,1,,29397.5,T1,high,
251509,5024 S Wolcott Ave,5024 S WOLCOTT AVE,NEW CITY,K-12 School,1996,1,41.8023438,-87.6722431,row_2022,457699,1,1995,28940.8,T1,high,
251511,3825 S Washtenaw Ave,3825 S WASHTENAW AVE,BRIGHTON PARK,,,,41.8239137,-87.6920407,row_2022,425315,1,,14878.6,T1,high,
251512,5042 S Artesian Ave,5042 S ARTESIAN AVE,GAGE PARK,K-12 School,1927,3,41.8016744,-87.6856441,row_2022,864249,1,,67666.9,T1,high,
251513,3810 W 81st Place,3810 W 81ST PL,ASHBURN,K-12 School,1954,3,41.7451047,-87.7173861,row_2022,635812,1,,30661.6,coord_nearest,medium,"year guard: coord_nearest candidate 637534 built 1958, property built 1954; year guard: coord_nearest candidate 637614 built 1960, property built 1954; year guard: coord_nearest candidate 639347 built 1960, property built 1954; year guard: coord_nearest candidate 639355 built 1960, property built 1954; year guard: coord_nearest candidate 639368 built 1960, property built 1954; year guard: coord_nearest candidate 639395 built 1960, property built 1954; year guard: coord_nearest candidate 639396 built 1960, property built 1954; year guard: coord_nearest candidate 639404 built 1960, property built 1954; year guard: coord_nearest candidate 639427 built 1960, property built 1954; year guard: coord_nearest candidate 639449 built 1962, property built 1954; year guard: coord_nearest candidate 639457 built 1962, property built 1954; year guard: coord_nearest candidate 639471 built 1962, property built 1954; year guard: coord_nearest candidate 639508 built 1960, property built 1954; nearest footprint 14 m from the trusted coordinate"
251514,1404 E 70th St,1404 E 70TH ST,SOUTH SHORE,,,,41.7679431,-87.5908033,row_2022,567504,1,1898,887.2,coord_nearest,medium,nearest footprint 28 m from the trusted coordinate
251515,2801 W Adams,2801 W ADAMS,EAST GARFIELD PARK,,,,41.8782342,-87.6963365,row_2022,360775,1,,48222.4,coord_nearest,medium,nearest footprint 14 m from the trusted coordinate
251516,9928 S Crandon Ave,9928 S CRANDON AVE,SOUTH DEERING,K-12 School,1945,4,41.7144018,-87.5671672,row_2022,713409,1,1945,36582.4,T1,high,
251517,650 W Scott,650 W SCOTT,NEAR NORTH SIDE,K-12 School,1961,1,41.9051305,-87.6451924,row_2022,317305,1,,40210.1,coord_pip,medium,
251518,2230 W Mclean Ave,2230 W MCLEAN AVE,LOGAN SQUARE,K-12 School,1949,2,41.9185137,-87.6838006,row_2022,281798;281930,2,,41017.7,T1_multi,high,
251520,5501 N Kenneth Ave,5501 N KENNETH AVE,ALBANY PARK,K-12 School,1925,4,41.96817,-87.73917,covered_list,106945,1,,15052.3,coord_nearest,medium,"year guard: coord_nearest candidate 106923 built 1955, property built 1925; year guard: coord_nearest candidate 844018 built 2006, property built 1925; nearest footprint 27 m from the trusted coordinate"
251521,2712 S Sawyer Ave,2712 S SAWYER AVE,SOUTH LAWNDALE,K-12 School,1905,3,41.8422451,-87.706336,row_2022,400417,1,,22090.4,T1,high,
251522,8324 S Racine Ave,8324 S RACINE AVE,AUBURN GRESHAM,,,,41.7424449,-87.6536699,row_2022,821958,1,,34585.8,T1,high,
251523,2236 N Rockwell Ave,2236 N ROCKWELL AVE,LOGAN SQUARE,K-12 School,1895,2,41.9228282,-87.6929364,row_2022,269064,1,,28722,T1,high,
251524,3630 S Wells St,3630 S WELLS ST,ARMOUR SQUARE,,,,41.8281461,-87.6327937,row_2022,420221,1,1989,34192.5,T1,high,
251525,223 N Keeler Ave,223 N KEELER AVE,WEST GARFIELD PARK,,,,41.884097,-87.7305295,row_2022,859322,1,,24844,T1,high,
251526,2828 N Kilbourn Ave,2828 N KILBOURN AVE,HERMOSA,K-12 School,1927,2,41.9325112,-87.7394251,row_2022,238437,1,,27439.6,T1,high,"year guard: address candidate 241049 built 1997, property built 1927"
251527,509 N Parkside,509 N PARKSIDE,AUSTIN,,,,41.8896032,-87.7663266,row_2022,350597,1,,18939,coord_nearest,medium,nearest footprint 5 m from the trusted coordinate
251528,7646 S Green St,7646 S GREEN ST,AUBURN GRESHAM,,,,41.7546909,-87.6455067,row_2022,602870,1,,24051.4,T1,high,
251529,6333 W Bloomingdale Ave,6333 W BLOOMINGDALE AVE,AUSTIN,K-12 School,1927,2,41.9126904,-87.783934,row_2022,300433,1,,27655.5,coord_nearest,medium,"year guard: coord_nearest candidate 299153 built 1948, property built 1927; year guard: coord_nearest candidate 299222 built 1948, property built 1927; year guard: coord_nearest candidate 299248 built 1944, property built 1927; year guard: coord_nearest candidate 299313 built 1945, property built 1927; year guard: coord_nearest candidate 299340 built 1948, property built 1927; year guard: coord_nearest candidate 299386 built 1945, property built 1927; nearest footprint 10 m from the trusted coordinate"
251530,5825 S Kostner Ave,5825 S KOSTNER AVE,WEST ELSDON,K-12 School,1927,6,41.7868897,-87.7326296,row_2022,506081;507246,2,,29305.4,T1_multi,high,"year guard: address candidate 827086 built 2004, property built 1927; year guard: address candidate 827087 built 2004, property built 1927; year guard: address candidate 827088 built 2004, property built 1927; year guard: address candidate 827089 built 2004, property built 1927"
251531,2601 W 80th St,2601 W 80TH ST,ASHBURN,,,,41.7480958,-87.6878714,row_2022,626639,1,1995,25080,T1,high,
251532,5145 N Leavitt St,5145 N LEAVITT ST,LINCOLN SQUARE,K-12 School,1937,3,41.9753527,-87.6841217,row_2022,78100,1,,43341.4,coord_nearest,medium,"year guard: coord_nearest candidate 79616 built 1961, property built 1937; nearest footprint 13 m from the trusted coordinate"
251533,1501 N Greenview Ave,1501 N GREENVIEW AVE,WEST TOWN,,,,41.9089137,-87.6650576,row_2022,308636,1,1991,18911.2,T1,high,
251534,730 E 103rd St,730 E 103RD ST,PULLMAN,,,,41.7075752,-87.6052324,row_2022,727794,1,,46222.8,T1,high,
251535,707 E 37th St,707 E 37TH ST,OAKLAND,K-12 School,1963,1,41.8277052,-87.6084717,row_2022,420533,1,,46032.4,T1,high,
251536,1340 W 71st St,1340 W 71ST ST,WEST ENGLEWOOD,,,,41.7651032,-87.6582125,row_2022,574488,1,,18122.1,T1,high,1 in-range footprint(s) on the same-named street of another type ignored
251537,2332 S Western Ave,2332 S WESTERN AVE,LOWER WEST SIDE,,,,41.8491988,-87.6857041,row_2022,390253,1,1995,40001.1,T1,high,
251538,8407 S KERFOOT AVE,8407 S KERFOOT AVE,AUBURN GRESHAM,,,,41.7412455,-87.6400717,row_2022,649923,1,1973,31879.1,T1,high,
251539,1850 N Newland Ave,1850 N NEWLAND AVE,AUSTIN,K-12 School,1930,1,41.9141236,-87.7987567,row_2022,296314,1,,31752.5,T1,high,
251540,6200 S RACINE,6200 S RACINE,WEST ENGLEWOOD,,,,41.7813333,-87.6546932,row_2022,527217,1,1964,34370.7,coord_nearest,medium,nearest footprint 7 m from the trusted coordinate
251541,3650 W School St,3650 W SCHOOL ST,AVONDALE,K-12 School,1914,4,41.9411215,-87.7195306,row_2022,200508,1,,46161.9,T1,high,
251542,6710 N Washtenaw Ave,6710 N WASHTENAW AVE,WEST RIDGE,K-12 School,1927,3,42.0034352,-87.6975001,row_2022,17349,1,1928,1810,coord_nearest,medium,"year guard: address candidate 16526 built 1958, property built 1927; year guard: coord_nearest candidate 17140 built 1938, property built 1927; year guard: coord_nearest candidate 17457 built 1932, property built 1927; nearest footprint 25 m from the trusted coordinate"
251543,7525 S Harvard Ave,7525 S HARVARD AVE,GREATER GRAND CROSSING,K-12 School,1905,2,41.7573347,-87.6327001,row_2022,866052,1,,17612,T1,high,
251544,3826 W 58th St,3826 W 58TH ST,WEST ELSDON,K-12 School,1926,5,41.7879263,-87.7192221,row_2022,504163;504230;505055,3,,46646.5,T1_multi,high,
251545,12339 S Normal Ave,12339 S NORMAL AVE,WEST PULLMAN,,,,41.6694559,-87.6342693,row_2022,798793,1,,35681.5,T1,high,
251546,3425 N Major Ave,3425 N MAJOR AVE,PORTAGE PARK,K-12 School,1928,4,41.9430041,-87.7689454,row_2022,197331;197410,2,,43069.6,T1_multi,high,
251547,10347 S Ewing Ave,10347 S EWING AVE,EAST SIDE,K-12 School,1897,4,41.7068223,-87.5351386,row_2022,729562,1,,29733.7,T1,high,
251548,10540 S Morgan St,10540 S MORGAN ST,WASHINGTON HEIGHTS,,,,41.701967,-87.6476896,row_2022,742745,1,,30449.9,T1,high,
251549,3256 W BRYN MAWR AVE,3256 W BRYN MAWR AVE,NORTH PARK,,,,41.9831506,-87.7111634,row_2022,58127,1,1985,2831.7,coord_pip,medium,
251550,8441 S Yates Blvd,8441 S YATES BLVD,SOUTH CHICAGO,,,,41.7414269,-87.5659333,row_2022,648804,1,,2624.5,T1_multi,medium,3 in-range footprints more than 60 m apart; nearest the trusted coordinate kept
251551,3539 W Grace St,3539 W GRACE ST,IRVING PARK,K-12 School,1924,1,41.9500503,-87.7168295,row_2022,167757,1,,28977.1,T1,high,
251552,245 W 51ST ST,245 W 51ST ST,FULLER PARK,,,,41.8016992,-87.6329739,row_2022,460249,1,1911,27107.5,T1,high,
251553,5248 S Sawyer Ave,5248 S SAWYER AVE,GAGE PARK,K-12 School,1901,3,41.7975215,-87.7050431,row_2022,471893,1,,27472.3,T1,high,
251554,2701 S Shields Ave,2701 S SHIELDS AVE,ARMOUR SQUARE,K-12 School,1874,3,41.8439516,-87.6353182,row_2022,397715,1,,23479.9,T1,high,
251555,4520 S Kedzie Ave,4520 S KEDZIE AVE,BRIGHTON PARK,K-12 School,2001,4,41.8110569,-87.7042348,row_2022,815739,1,1900,36608,T1,high,
251556,1119 N Cleveland Ave,1119 N CLEVELAND AVE,NEAR NORTH SIDE,K-12 School,2000,1,41.9020581,-87.6410189,row_2022,865252,1,,5440.1,coord_nearest,low,"year guard: address candidate 836043 built 2005, property built 2000; nearest footprint 48 m from the trusted coordinate"
251557,137 W 108th Pl,137 W 108TH PL,ROSELAND,K-12 School,1999,1,41.6969845,-87.6270772,row_2022,756812,1,1924,1923.8,coord_nearest,medium,nearest footprint 29 m from the trusted coordinate
251558,3525 S. Honroe,3525 S HONROE,MCKINLEY PARK,,,,41.8296636,-87.6714555,row_2022,418297,1,1997,34105.5,coord_nearest,medium,street 'HONROE' is not in the footprint table; nearest footprint 7 m from the trusted coordinate
251559,25 W 47th St,25 W 47TH ST,GRAND BOULEVARD,,,,41.8091078,-87.627114,row_2022,444626,1,,14820.4,T1,high,
251560,3434 W 77th St,3434 W 77TH ST,ASHBURN,K-12 School,2000,1,41.7534843,-87.7087529,row_2022,815735,1,,39543.7,T1,high,
251561,1707 W Morse Ave,1707 W MORSE AVE,ROGERS PARK,K-12 School,2003,1,42.0076753,-87.6731575,row_2022,826160,1,2004,38020.2,T1,high,
251562,2929 W 83rd St,2929 W 83RD ST,ASHBURN,K-12 School,1958,1,41.7420869,-87.6968782,row_2015,649100,1,1958,22220.5,T1,high,
251563,2524 S Central Ave,2524 S CENTRAL AVE,AUSTIN,K-12 School,1912,2,41.86989,-87.76432,covered_list,,0,,,none,none,"year guard: address candidate 258689 built 1967, property built 1912; year guard: coord_nearest candidate 370431 built 1930, property built 1912; no footprint within 75 m of the trusted coordinate"
251564,5740 S Michigan Ave,5740 S MICHIGAN AVE,WASHINGTON PARK,,,,41.7898413,-87.6224897,row_2022,496556,1,,44007.6,T1,high,
251565,8306 S St Lawrence Ave,8306 S ST LAWRENCE AVE,CHATHAM,K-12 School,1929,1,41.7436578,-87.6100152,row_2022,641822,1,,30746.5,T1,high,
251566,3151 W Walnut St,3151 W WALNUT ST,EAST GARFIELD PARK,,,,41.885294,-87.7058186,row_2022,353957,1,,45506.9,T1,high,
251567,3200 S Calumet Ave,3200 S CALUMET AVE,DOUGLAS,K-12 School,1924,2,41.83649,-87.6183737,row_2022,410129,1,,38985.2,T1,high,
251568,4355 N Linder Ave,4355 N LINDER AVE,PORTAGE PARK,K-12 School,1920,1,41.9603514,-87.764626,row_2022,132968,1,,16695.5,T1,high,
251569,1016 N Laramie,1016 N LARAMIE,AUSTIN,,,,41.8991278,-87.7558488,row_2022,331076,1,,32026,coord_nearest,medium,nearest footprint 7 m from the trusted coordinate
251570,1845 N Springfield Ave,1845 N SPRINGFIELD AVE,HERMOSA,K-12 School,1990,1,41.9149163,-87.7238977,row_2022,381743,1,1904,1235,T2,low,direction S vs N; 6571 m from the trusted coordinate
251571,720 N Lorel Ave,720 N LOREL AVE,AUSTIN,K-12 School,1896,2,41.8936252,-87.7594356,row_2022,344598,1,,27751.3,T1,high,
251572,7650 S Wolcott Ave,7650 S WOLCOTT AVE,AUBURN GRESHAM,,,,41.7542196,-87.6709645,row_2022,868501,1,,24791.4,T1,high,
251573,4747 S Bishop St,4747 S BISHOP ST,NEW CITY,K-12 School,1898,3,41.8072635,-87.6611386,row_2022,448544,1,1882,1215.5,coord_nearest,medium,"year guard: address candidate 447499 built 1924, property built 1898; year guard: coord_nearest candidate 448620 built 1968, property built 1898; year guard: coord_nearest candidate 449639 built 1995, property built 1898; year guard: coord_nearest candidate 834220 built 2005, property built 1898; year guard: coord_nearest candidate 834221 built 2005, property built 1898; year guard: coord_nearest candidate 855348 built 2006, property built 1898; nearest footprint 27 m from the trusted coordinate"
251574,1119 E 46th St,1119 E 46TH ST,KENWOOD,K-12 School,1893,3,41.8113345,-87.5985003,row_2022,439571,1,,17191.9,coord_nearest,medium,"year guard: address candidate 439457 built 1952, property built 1893; year guard: coord_nearest candidate 438269 built 1898, property built 1893; year guard: coord_nearest candidate 438598 built 1910, property built 1893; year guard: coord_nearest candidate 820641 built 1902, property built 1893; year guard: coord_nearest candidate 826633 built 1902, property built 1893; year guard: coord_nearest candidate 830143 built 2005, property built 1893; year guard: coord_nearest candidate 870062 built 2006, property built 1893; nearest footprint 15 m from the trusted coordinate"
251575,3937 W Wilcox St,3937 W WILCOX ST,WEST GARFIELD PARK,,,,41.8787717,-87.7246487,row_2022,360217,1,,44285.5,T1,high,
251576,4250 N St Louis Ave,4250 N ST LOUIS AVE,IRVING PARK,K-12 School,1904,2,41.9589618,-87.7156683,row_2022,137144,1,,25651,T1,high,
251577,8010 S Kostner Ave,8010 S KOSTNER AVE,ASHBURN,K-12 School,1953,4,41.7471109,-87.7317025,row_2022,630384,1,1954,30368,T1,high,
251578,10740 S Calhoun Ave,10740 S CALHOUN AVE,SOUTH DEERING,,,,41.6997397,-87.562121,row_2022,748163,1,,30881.9,T1,high,
251579,5640 S Wolcott,5640 S WOLCOTT,WEST ENGLEWOOD,,,,41.7909,-87.671932,row_2022,494172,1,1922,35371.6,coord_nearest,medium,nearest footprint 9 m from the trusted coordinate
251580,9301 S State St,9301 S STATE ST,ROSELAND,,,,41.7252963,-87.6236817,row_2022,693553,1,,45404.1,T1,high,
251581,8045 S Kenwood Ave,8045 S KENWOOD AVE,AVALON PARK,,,,41.7482664,-87.5916176,row_2022,620242;621771,2,,51901,T1_multi,high,
251582,4214 S St Lawrence Ave,4214 S ST LAWRENCE AVE,GRAND BOULEVARD,,,,41.8180061,-87.6118208,row_2022,429834,1,,24223.5,T1,high,
251583,1104 W 31st St,1104 W 31ST ST,BRIDGEPORT,K-12 School,1891,3,41.8380547,-87.6538,row_2022,407979,1,1883,2697.1,coord_nearest,medium,"year guard: address candidate 407052 built 1930, property built 1891; year guard: coord_nearest candidate 408514 built 1926, property built 1891; nearest footprint 23 m from the trusted coordinate"
251584,7240 S Wabash Ave,7240 S WABASH AVE,GREATER GRAND CROSSING,K-12 School,1955,4,41.7625036,-87.6233816,row_2022,582122,1,1954,27946.1,T1,high,
251585,3730 N Oakley Ave,3730 N OAKLEY AVE,NORTH CENTER,K-12 School,1916,2,41.9495279,-87.686055,row_2022,166768,1,1916,36145.6,T1,high,
251586,1148 N Honore St,1148 N HONORE ST,WEST TOWN,K-12 School,1894,2,41.9029088,-87.6737326,row_2022,322896,1,,14670.6,coord_nearest,medium,"year guard: address candidate 323202 built 1954, property built 1894; year guard: coord_nearest candidate 321948 built 1928, property built 1894; year guard: coord_nearest candidate 323718 built 1899, property built 1894; year guard: coord_nearest candidate 323726 built 1899, property built 1894; year guard: coord_nearest candidate 323795 built 1904, property built 1894; year guard: coord_nearest candidate 851859 built 2006, property built 1894; year guard: coord_nearest candidate 863072 built 2006, property built 1894; year guard: coord_nearest candidate 887712 built 1999, property built 1894; nearest footprint 22 m from the trusted coordinate"
251587,6121 S Hermitage Ave,6121 S HERMITAGE AVE,WEST ENGLEWOOD,,,,41.7823021,-87.6677771,row_2022,521604,1,1971,42175.5,T1,high,
251588,9912 S Avenue H,9912 S AVENUE H,EAST SIDE,,,,41.7154459,-87.5330074,row_2022,711137;711915,2,1998,45780.8,T1_multi,high,
251589,4127 W Hirsch St,4127 W HIRSCH ST,HUMBOLDT PARK,K-12 School,1910,1,41.906128,-87.7299332,row_2022,317155,1,,23216.1,T1,high,
251590,3330 W 71st St,3330 W 71ST ST,CHICAGO LAWN,K-12 School,2005,1,41.7644348,-87.7064209,row_2022,826622,1,2005,63733.2,coord_nearest,medium,nearest footprint 7 m from the trusted coordinate
251591,2450 W Rice St,2450 W RICE ST,WEST TOWN,,,,41.8967405,-87.6889015,row_2022,336650,1,,35729.6,T1,high,
251592,3121 W Byron St,3121 W BYRON ST,IRVING PARK,K-12 School,1910,2,41.9520147,-87.7064293,row_2022,159013,1,,24628.9,T1,high,
251593,13221 S Burley,13221 S BURLEY,HEGEWISCH,K-12 School,1917,2,41.6548427,-87.5445764,row_2022,807934,1,1898,1246.6,coord_nearest,medium,"year guard: coord_nearest candidate 807737 built 1928, property built 1917; year guard: coord_nearest candidate 807865 built 1922, property built 1917; year guard: coord_nearest candidate 808041 built 1969, property built 1917; year guard: coord_nearest candidate 852454 built 2006, property built 1917; nearest footprint 26 m from the trusted coordinate"
251594,3545 W Fulton St,3545 W FULTON ST,EAST GARFIELD PARK,,,,41.886183,-87.715397,row_2022,353194,1,,47627.3,coord_nearest,medium,1 in-range footprint(s) on the same-named street of another type ignored; nearest footprint 5 m from the trusted coordinate
251595,2121 N Keeler Ave,2121 N KEELER AVE,HERMOSA,K-12 School,1896,2,41.9195934,-87.7313837,row_2022,279496,1,,29013.9,T1,high,
251597,6940 S Merrill Ave,6940 S MERRILL AVE,SOUTH SHORE,K-12 School,1925,3,41.7686156,-87.572843,row_2022,565209,1,,33750.9,T1,high,
251598,7931 S Honore St,7931 S HONORE ST,AUBURN GRESHAM,K-12 School,1957,1,41.7493408,-87.669329,row_2022,617596;618774,2,,37256.9,T1_multi,high,
251599,1940 W 18th St,1940 W 18TH ST,LOWER WEST SIDE,,,,41.8577825,-87.6751925,row_2022,836696,1,2005,42797.7,T1,high,
251600,2200 N Hamlin Ave,2200 N HAMLIN AVE,LOGAN SQUARE,K-12 School,1911,2,41.9209273,-87.7219254,row_2022,273920,1,,28211.7,T1,high,
251601,4815 S Karlov Ave,4815 S KARLOV AVE,ARCHER HEIGHTS,K-12 School,1923,4,41.8055232,-87.7258189,row_2022,452320;453157,2,,37267,T1_multi,high,
251602,6550 S Seeley Ave,6550 S SEELEY AVE,WEST ENGLEWOOD,,,,41.7741895,-87.675134,row_2022,549436;551375,2,,36941.1,T1_multi,high,
251603,6011 S Rockwell St,6011 S ROCKWELL ST,CHICAGO LAWN,K-12 School,1926,3,41.7842899,-87.6885119,row_2022,516565;517979,2,,41290.1,T1_multi,high,
251604,1010 E 72nd St,1010 E 72ND ST,GREATER GRAND CROSSING,K-12 School,1903,3,41.7642234,-87.6001717,row_2022,577873,1,,498.8,coord_nearest,low,"year guard: address candidate 575312 built 1939, property built 1903; year guard: coord_nearest candidate 575757 built 1913, property built 1903; year guard: coord_nearest candidate 575906 built 1910, property built 1903; year guard: coord_nearest candidate 577723 built 1908, property built 1903; year guard: coord_nearest candidate 577871 built 1923, property built 1903; year guard: coord_nearest candidate 578051 built 1923, property built 1903; year guard: coord_nearest candidate 834329 built 2004, property built 1903; year guard: coord_nearest candidate 834331 built 2005, property built 1903; year guard: coord_nearest candidate 837964 built 2005, property built 1903; nearest footprint 41 m from the trusted coordinate"
251605,5300 S Hermitage Ave,5300 S HERMITAGE AVE,NEW CITY,,,,41.7975429,-87.6684709,row_2022,865286;866798,2,1911,29178.7,T1_multi,high,
251606,646 N Lawndale Ave,646 N LAWNDALE AVE,HUMBOLDT PARK,,,,41.8932114,-87.7188333,row_2022,856434,1,,13509.7,T1,high,
251607,4837 W Erie St,4837 W ERIE ST,AUSTIN,,,,41.8921465,-87.7472757,row_2022,347746,1,,31084.2,T1,high,
251608,4418 S Sacramento,4418 S SACRAMENTO,BRIGHTON PARK,K-12 School,1924,1,41.8130517,-87.6994025,row_2022,126837,1,1914,1436.6,T2,low,direction N vs S; 16523 m from the trusted coordinate
251609,8315 S Mackinaw Ave,8315 S MACKINAW AVE,SOUTH CHICAGO,,,,41.7442806,-87.5429001,row_2022,815737,1,,37902.5,coord_nearest,medium,nearest footprint 10 m from the trusted coordinate
251610,5120 N Winthrop Ave,5120 N WINTHROP AVE,UPTOWN,K-12 School,1937,3,41.9758114,-87.6579492,row_2022,76353,1,1937,37432.9,T1,high,
251611,8050 S Chappel Ave,8050 S CHAPPEL AVE,SOUTH CHICAGO,,,,41.7483001,-87.5748527,row_2022,619224,1,,34040.8,T1,high,
251612,525 N Armour St,525 N ARMOUR ST,WEST TOWN,,,,41.891797,-87.6653893,row_2022,347134,1,,30086,T1,high,
251613,7342 S Hoyne Ave,7342 S HOYNE AVE,WEST ENGLEWOOD,K-12 School,1988,1,41.7598681,-87.6759838,row_2022,592584,1,,23694,T1,high,
251614,936 E 54th St,936 E 54TH ST,HYDE PARK,,,,41.7980295,-87.6024629,row_2022,465886,1,1914,33314.1,T1,high,1 in-range footprint(s) on the same-named street of another type ignored
251616,2301 N Central Ave,2301 N CENTRAL AVE,BELMONT CRAGIN,K-12 School,1959,4,41.922254,-87.765779,row_2022,268539,1,,24714,coord_nearest,medium,nearest footprint 0 m from the trusted coordinate
251617,2701 W Foster Ave,2701 W FOSTER AVE,LINCOLN SQUARE,K-12 School,1907,4,41.9757265,-87.6966044,row_2022,861967,1,,9730.9,T1,high,
251618,7529 S Constance Ave,7529 S CONSTANCE AVE,SOUTH SHORE,,,,41.7579559,-87.5796465,row_2022,595031,1,,49611.1,T1,high,
251619,7355 S Jeffrey Blvd,7355 S JEFFREY BLVD,SOUTH SHORE,K-12 School,1903,5,41.7608609,-87.5760385,row_2022,586777,1,,9544.2,coord_nearest,medium,"street 'JEFFREY' is not in the footprint table; year guard: coord_nearest candidate 584997 built 1922, property built 1903; year guard: coord_nearest candidate 586763 built 1927, property built 1903; year guard: coord_nearest candidate 588484 built 1928, property built 1903; year guard: coord_nearest candidate 588549 built 1950, property built 1903; year guard: coord_nearest candidate 588598 built 1942, property built 1903; year guard: coord_nearest candidate 588599 built 1942, property built 1903; year guard: coord_nearest candidate 588612 built 1942, property built 1903; year guard: coord_nearest candidate 588615 built 1943, property built 1903; year guard: coord_nearest candidate 589426 built 1913, property built 1903; nearest footprint 26 m from the trusted coordinate"
251620,4600 S Hermitage Ave,4600 S HERMITAGE AVE,NEW CITY,K-12 School,1894,3,41.8102963,-87.6688078,row_2022,442519,1,,28833.2,T1,high,
251621,226 W 104th St,226 W 104TH ST,ROSELAND,K-12 School,2008,1,41.7053767,-87.6293254,row_2022,888751,1,2009,90537,coord_nearest,medium,1 in-range footprint(s) on the same-named street of another type ignored; nearest footprint 16 m from the trusted coordinate
251622,820 S Carpenter St,820 S CARPENTER ST,NEAR WEST SIDE,K-12 School,1893,2,41.8712463,-87.653402,row_2022,367934,1,,32297,T1,high,
251623,5600 W Iowa St,5600 W IOWA ST,AUSTIN,,,,41.8967831,-87.7655225,row_2022,339040,1,1894,1967.4,coord_nearest,medium,nearest footprint 18 m from the trusted coordinate
251624,4707 W Marquette Rd,4707 W MARQUETTE RD,WEST LAWN,K-12 School,2010,1,41.7710516,-87.7399233,row_2022,891534,1,2009,53183.1,T1,high,
251625,3252 N Broadway Ave,3252 N BROADWAY AVE,LAKE VIEW,K-12 School,1893,4,41.94163,-87.6445978,row_2022,853746,1,,11677.4,T1,high,
251626,4929 N Sawyer Ave,4929 N SAWYER AVE,ALBANY PARK,K-12 School,2006,1,41.9711433,-87.7096272,row_2022,834580,1,2006,42974.6,T1,high,
251627,6220 N Olcott Ave,6220 N OLCOTT AVE,NORWOOD PARK,K-12 School,1948,2,41.9942281,-87.8138081,row_2022,34753,1,,16375.3,T1,high,
251628,6740 S Paulina St,6740 S PAULINA ST,WEST ENGLEWOOD,,,,41.7709393,-87.6665589,row_2022,888752,1,2009,43742.6,T1,high,
251629,6554 S May St,6554 S MAY ST,ENGLEWOOD,K-12 School,1894,3,41.7743711,-87.6532965,row_2022,865656,1,,15309.1,coord_nearest,medium,"year guard: coord_nearest candidate 550100 built 1899, property built 1894; year guard: coord_nearest candidate 550710 built 1922, property built 1894; year guard: coord_nearest candidate 552918 built 1909, property built 1894; year guard: coord_nearest candidate 553266 built 1926, property built 1894; year guard: coord_nearest candidate 553371 built 1900, property built 1894; year guard: coord_nearest candidate 553778 built 1909, property built 1894; nearest footprint 6 m from the trusted coordinate"
251630,7765 S Coles Ave,7765 S COLES AVE,SOUTH SHORE,,,,41.7550242,-87.5529331,row_2020,600697,1,,7091.4,T1,high,
251631,3231 N Springfield,3231 N SPRINGFIELD,AVONDALE,K-12 School,2010,1,41.9400189,-87.7247435,row_2022,891531,1,2009,31203.1,T1,high,
251632,32 E 115th St,32 E 115TH ST,ROSELAND,,,,41.6854457,-87.6216615,row_2022,780690,1,,18801.1,T1,high,
251633,4650 N Menard Ave,4650 N MENARD AVE,PORTAGE PARK,K-12 School,1927,4,41.9656105,-87.7724507,row_2022,113469,1,,28313.5,T1,high,
251634,3456 W 38th Street,3456 W 38TH ST,BRIGHTON PARK,K-12 School,2010,1,41.8244055,-87.7116088,row_2022,891533,1,2009,34160.9,T1,high,1 in-range footprint(s) on the same-named street of another type ignored
251635,11941 S PARNELL AVE,11941 S PARNELL AVE,WEST PULLMAN,,,,41.6766601,-87.6357068,row_2022,865257,1,,13367,T1,high,
251636,8524 S Green St,8524 S GREEN ST,AUBURN GRESHAM,,,,41.7389133,-87.6450617,row_2022,659296,1,,15988,T1,high,
251637,7019 N Ashland Ave,7019 N ASHLAND AVE,ROGERS PARK,,,,42.0096646,-87.6699486,row_2022,572804,1,,1081,T2,low,6 in-range footprint(s) on the same-named street of another type ignored; direction S vs N; 27044 m from the trusted coordinate
251638,4640 S Lamon Ave,4640 S LAMON AVE,GARFIELD RIDGE,,,,41.8081882,-87.7457632,row_2022,445728,1,,36332.3,T1,high,
251639,6700 N Greenview Ave,6700 N GREENVIEW AVE,ROGERS PARK,K-12 School,1930,2,42.0036762,-87.6682603,row_2022,861102,1,,21083.8,T1,high,
251640,6543 S Champlain Ave,6543 S CHAMPLAIN AVE,WOODLAWN,,,,41.7754406,-87.6093209,row_2022,544155,1,,32928.2,T1,high,
251641,139 S Parkside Ave,139 S PARKSIDE AVE,AUSTIN,K-12 School,2004,1,41.8779991,-87.7662615,row_2022,859504,1,2006,41394.1,T1,high,
251642,1420 W Grace St,1420 W GRACE ST,LAKE VIEW,K-12 School,1893,3,41.9508081,-87.6649582,row_2022,159309,1,,37995.2,T1,high,
251643,1425 N Tripp Ave,1425 N TRIPP AVE,HUMBOLDT PARK,K-12 School,1996,1,41.9069102,-87.7324065,row_2022,314324,1,1997,30431.1,T1,high,
251644,5025 N Laramie Ave,5025 N LARAMIE AVE,JEFFERSON PARK,K-12 School,1905,3,41.9723791,-87.7575278,row_2022,91311,1,,29430.9,T1,high,
251647,3707 W Polk,3707 W POLK,EAST GARFIELD PARK,,,,41.8707159,-87.7183405,row_2022,368962,1,1927,41668.9,coord_pip,medium,
251648,214 N Lavergne Ave,214 N LAVERGNE AVE,AUSTIN,,,,41.8848826,-87.7504817,row_2022,353946,1,,33157.3,T1,high,
251649,8716 S Wallace St,8716 S WALLACE ST,AUBURN GRESHAM,K-12 School,1912,2,41.7353677,-87.638879,row_2022,669065,1,,30294.4,T1,high,
251650,2723 N Fairfield Ave,2723 N FAIRFIELD AVE,LOGAN SQUARE,K-12 School,1893,1,41.9309705,-87.6962576,row_2022,243932,1,,34990.2,T1,high,
251651,3740 W 31st St,3740 W 31ST ST,SOUTH LAWNDALE,K-12 School,1911,3,41.8370925,-87.7187045,row_2022,407943,1,,23159.1,T1,high,
251652,4735 S Winchester Ave,4735 S WINCHESTER AVE,NEW CITY,K-12 School,1906,2,41.8074725,-87.6733004,row_2022,448562,1,1908,868.1,coord_nearest,medium,"year guard: address candidate 447659 built 1910, property built 1906; year guard: coord_nearest candidate 446628 built 1923, property built 1906; year guard: coord_nearest candidate 447920 built 1960, property built 1906; year guard: coord_nearest candidate 448334 built 1911, property built 1906; year guard: coord_nearest candidate 449107 built 1962, property built 1906; year guard: coord_nearest candidate 449242 built 1915, property built 1906; year guard: coord_nearest candidate 855305 built 2006, property built 1906; nearest footprint 24 m from the trusted coordinate"
251653,116 N LECLAIRE AVE,116 N LECLAIRE AVE,AUSTIN,,,,41.88231,-87.7528362,row_2022,859375,1,,9889.8,T1,high,
251654,8150 S Bishop St,8150 S BISHOP ST,AUBURN GRESHAM,,,,41.7452628,-87.6598119,row_2022,631225,1,,52825,T1,high,
251655,521 E 35th St,521 E 35TH ST,DOUGLAS,,,,41.8310901,-87.6136409,row_2022,417351,1,,44555.8,T1,high,
251656,243 N Parkside Ave,243 N PARKSIDE AVE,AUSTIN,,,,41.885506,-87.7665516,row_2022,859889,1,2006,55354.5,coord_pip,medium,
251657,2845 N Newcastle Ave,2845 N NEWCASTLE AVE,MONTCLARE,K-12 School,1927,4,41.9322043,-87.7965871,row_2022,242165,1,,31700.4,T1,high,
251658,1040 N Keeler Ave,1040 N KEELER AVE,HUMBOLDT PARK,,,,41.9001461,-87.7312975,row_2022,328772,1,,73377.3,T1,high,
251660,3500 W Douglas Blvd,3500 W DOUGLAS BLVD,NORTH LAWNDALE,,,,41.8629868,-87.7130062,row_2022,374449,1,,22796,coord_nearest,medium,nearest footprint 2 m from the trusted coordinate
251661,648 E 91st Pl,648 E 91ST PL,CHATHAM,,,,41.7285065,-87.6075467,row_2022,684440,1,,42576.3,coord_nearest,medium,nearest footprint 2 m from the trusted coordinate
251662,3730 N Laramie Ave,3730 N LARAMIE AVE,PORTAGE PARK,K-12 School,1911,3,41.9487811,-87.757153,row_2022,170671;170710,2,,49100.9,T1_multi,high,
251664,5200 N Ashland Ave,5200 N ASHLAND AVE,EDGEWATER,,,,41.9762164,-87.6697616,row_2022,74194,1,1908,28433.2,T1,high,
251665,1518 W Granville Ave,1518 W GRANVILLE AVE,EDGEWATER,K-12 School,1906,3,41.9945681,-87.6685227,row_2022,30569,1,1906,45485.9,T1,high,
251666,10015 S Leavitt St,10015 S LEAVITT ST,BEVERLY,K-12 School,1926,2,41.7114269,-87.676784,row_2022,721055;722165;722752,3,,41360.1,T1_multi,high,
251667,9001 S Throop St,9001 S THROOP ST,WASHINGTON HEIGHTS,K-12 School,1937,2,41.7303449,-87.655464,row_2022,682113,1,,3226.6,coord_nearest,medium,nearest footprint 20 m from the trusted coordinate
251668,4332 N Paulina St,4332 N PAULINA ST,LAKE VIEW,K-12 School,1915,3,41.9607413,-87.6709591,row_2022,128127,1,1893,35660.5,T1,high,
251669,3651 W Schubert Ave,3651 W SCHUBERT AVE,LOGAN SQUARE,K-12 School,1905,2,41.9299613,-87.7192125,row_2022,248758;249216,2,,43416.2,T1_multi,high,
251670,512 S Lavergne Ave,512 S LAVERGNE AVE,AUSTIN,,,,41.8735832,-87.7493122,row_2022,365810,1,,36174.1,T1,high,
251671,245 W 57th St,245 W 57TH ST,ENGLEWOOD,,,,41.7907728,-87.6322812,row_2022,494704,1,1949,22738.4,T1,high,
251673,1241 W 19th St,1241 W 19TH ST,LOWER WEST SIDE,,,,41.8560011,-87.6579887,row_2022,381007,1,,36103.9,T1,high,
251674,3000 N Mango Ave,3000 N MANGO AVE,BELMONT CRAGIN,K-12 School,1946,2,41.9349664,-87.7701652,row_2022,225369,1,,44892.4,T1,high,
251676,6110 N Fairfield Ave,6110 N FAIRFIELD AVE,WEST RIDGE,K-12 School,1926,3,41.9925642,-87.6983975,row_2022,34558,1,,53068.6,T1,high,
251677,3116 W Belden Ave,3116 W BELDEN AVE,LOGAN SQUARE,K-12 School,1900,3,41.92335,-87.705431,row_2022,267352,1,,32565.3,T1,high,
251678,5440 S St Louis Ave,5440 S ST LOUIS AVE,GAGE PARK,K-12 School,2009,1,41.7939766,-87.7110534,row_2022,888750,1,2009,41522.4,coord_nearest,medium,nearest footprint 13 m from the trusted coordinate
251679,3320 W Hirsch St,3320 W HIRSCH ST,HUMBOLDT PARK,,,,41.9065468,-87.7102328,row_2022,315206,1,1927,46130.5,T1,high,
251680,7050 S May St,7050 S MAY ST,ENGLEWOOD,,,,41.7653864,-87.6530551,row_2022,572617,1,1926,46837.6,T1,high,
251682,2941 N Mcvicker Ave,2941 N MCVICKER AVE,BELMONT CRAGIN,K-12 School,1926,3,41.934179,-87.777137,row_2022,233506;236317,2,,57636.6,T1_multi,high,
251683,1624 W 19th St,1624 W 19TH ST,LOWER WEST SIDE,,,,41.8560584,-87.6672475,row_2022,380486,1,,12623.7,T1,high,
251684,1920 N Hamlin Ave,1920 N HAMLIN AVE,LOGAN SQUARE,K-12 School,1997,1,41.9160552,-87.7217795,row_2022,289729;290306,2,,54650.9,T1_multi,high,
251685,6350 S Stewart St,6350 S STEWART ST,ENGLEWOOD,,,,41.7783954,-87.6351541,row_2022,533824,1,1962,30853.7,T1,high,
251686,8914 S Buffalo Ave,8914 S BUFFALO AVE,SOUTH CHICAGO,K-12 School,1893,3,41.7333103,-87.5445146,row_2022,673451,1,,40540.5,T1,high,
251687,1423 W Bryn Mawr Ave,1423 W BRYN MAWR AVE,EDGEWATER,K-12 School,1915,4,41.9834282,-87.6658654,row_2022,57687,1,,30304.3,T1,high,
251688,7350 S Evans Ave,7350 S EVANS AVE,GREATER GRAND CROSSING,K-12 School,1963,1,41.7606985,-87.6068283,row_2022,587260,1,,25647.7,T1,high,
251689,1431 N Leamington Ave,1431 N LEAMINGTON AVE,AUSTIN,,,,41.9068253,-87.7545132,row_2022,859103,1,,28085,T1,high,
251690,3533 S Giles Ave,3533 S GILES AVE,DOUGLAS,K-12 School,1915,2,41.8301862,-87.6191688,row_2022,417590,1,,14243.1,coord_nearest,low,"year guard: address candidate 417715 built 1978, property built 1915; year guard: coord_nearest candidate 834047 built 2005, property built 1915; year guard: coord_nearest candidate 834048 built 2005, property built 1915; year guard: coord_nearest candidate 856974 built 2006, property built 1915; nearest footprint 32 m from the trusted coordinate"
251691,6239 N Leavitt St,6239 N LEAVITT ST,WEST RIDGE,K-12 School,1928,2,41.9953678,-87.6847564,row_2022,29460,1,1927,26593.1,T1,high,
251692,5250 S Rockwell St,5250 S ROCKWELL ST,GAGE PARK,K-12 School,1926,5,41.7977402,-87.6891762,row_2022,467152;470907,2,,65495.9,T1_multi,high,
251693,6929 S Fairfield,6929 S FAIRFIELD,CHICAGO LAWN,K-12 School,1928,2,41.767318,-87.6917275,row_2022,865664,1,,22575.1,T1,high,
251694,145 S Campbell Ave,145 S CAMPBELL AVE,NEAR WEST SIDE,,,,41.8788505,-87.6886506,row_2022,358692,1,,46718.7,T1,high,
251695,1711 N California Ave,1711 N CALIFORNIA AVE,WEST TOWN,,,,41.9125311,-87.6969054,row_2022,297724;830627,2,2003,42996.5,T1_multi,high,
251696,5235 S State St,5235 S STATE ST,WASHINGTON PARK,K-12 School,1978,1,41.7992083,-87.6256723,row_2022,464367,1,,72203.6,T1,high,
251697,1616 S Spaulding Ave,1616 S SPAULDING AVE,NORTH LAWNDALE,K-12 School,1893,3,41.8585018,-87.7080253,row_2022,855242,1,,13043.9,T1,high,
251698,7726 S Burnham,7726 S BURNHAM,SOUTH SHORE,K-12 School,1895,4,41.7546544,-87.5571849,row_2022,861998,1,,36625.6,T1,high,
251699,3014 W 39th Place,3014 W 39TH PL,BRIGHTON PARK,K-12 School,1905,4,41.8218786,-87.7002286,row_2022,426876,1,,25654.4,T1,high,
251700,4540 N Hamlin Ave,4540 N HAMLIN AVE,ALBANY PARK,K-12 School,1911,2,41.9640352,-87.723165,row_2022,117982,1,,60309.9,T1,high,
251701,1231 S Damen Ave,1231 S DAMEN AVE,NEAR WEST SIDE,,,,41.8658,-87.6760736,row_2022,372584,1,,29612,T1,high,
251702,2250 N Latrobe Ave,2250 N LATROBE AVE,BELMONT CRAGIN,,,,41.9219457,-87.7574591,row_2022,894334,1,2013,12378.5,coord_nearest,medium,nearest footprint 10 m from the trusted coordinate
251703,1852 S Albany Ave,1852 S ALBANY AVE,NORTH LAWNDALE,,,,41.8559621,-87.7032377,row_2020,380759,1,,32208.9,T1,high,
251704,2110 W Greenleaf Ave,2110 W GREENLEAF AVE,WEST RIDGE,K-12 School,1911,4,42.0101763,-87.6844687,row_2022,8467,1,,36240.4,T1,high,
251705,7025 S Princeton Ave,7025 S PRINCETON AVE,GREATER GRAND CROSSING,,,,41.7664423,-87.6320957,row_2022,570672,1,,19740.6,T1,high,
251706,1631 W Jonquil Ter,1631 W JONQUIL TER,ROGERS PARK,,,,42.0210642,-87.6719648,row_2022,873718,1,,29308.6,T1,high,
251707,3711 W Douglas Blvd,3711 W DOUGLAS BLVD,NORTH LAWNDALE,,,,41.8622547,-87.7182593,row_2022,375007,1,,53933.5,coord_nearest,medium,nearest footprint 18 m from the trusted coordinate
251708,4200 N Richmond St,4200 N RICHMOND ST,IRVING PARK,K-12 School,1919,2,41.9576679,-87.7021714,row_2022,140665,1,,21314.4,T1,high,
251709,4950 N Avers Ave,4950 N AVERS AVE,ALBANY PARK,K-12 School,1931,3,41.971606,-87.7246414,row_2022,92849,1,,27906.1,T1,high,"year guard: address candidate 94339 built 1997, property built 1931"
251710,5101 W Harrison St,5101 W HARRISON ST,AUSTIN,,,,41.8728571,-87.7533547,row_2022,366868,1,,73356,T1,high,
251711,543 N Waller Ave,543 N WALLER AVE,AUSTIN,,,,41.8903785,-87.7676321,row_2022,349815,1,,88778.6,coord_pip,medium,
251712,1616 S Avers Ave,1616 S AVERS AVE,NORTH LAWNDALE,,,,41.8583699,-87.7213361,row_2022,377533,1,,44611,T1,high,
251713,1450 N. Larabee,1450 N LARABEE,NEAR NORTH SIDE,K-12 School,1990,1,41.9079425,-87.6433432,row_2021,309414,1,1979,102211.7,coord_nearest,medium,"street 'LARABEE' is not in the footprint table; year guard: coord_nearest candidate 825859 built 2004, property built 1990; year guard: coord_nearest candidate 859067 built 2006, property built 1990; year guard: coord_nearest candidate 859070 built 2006, property built 1990; year guard: coord_nearest candidate 859074 built 2006, property built 1990; year guard: coord_nearest candidate 859076 built 2006, property built 1990; year guard: coord_nearest candidate 864434 built 2006, property built 1990; year guard: coord_nearest candidate 877867 built 2007, property built 1990; nearest footprint 14 m from the trusted coordinate"
251714,2103 N Lamon Ave,2103 N LAMON AVE,BELMONT CRAGIN,K-12 School,1907,5,41.9188302,-87.7484786,row_2022,281401,1,1899,47976.6,T1,high,
251715,55 W Cermak Rd,55 W CERMAK RD,NEAR SOUTH SIDE,K-12 School,1999,2,41.8527726,-87.6292811,row_2022,815732,1,,67484.9,T1,high,
251716,11311 S Forrestville Ave,11311 S FORRESTVILLE AVE,PULLMAN,,,,41.6887957,-87.6093938,row_2022,774387,1,1907,22054.9,T1,high,
251717,4034 W 56th St,4034 W 56TH ST,WEST ELSDON,,,,41.7914911,-87.7244916,row_2022,865204,1,1935,18990.6,T1,high,1 in-range footprint(s) on the same-named street of another type ignored
251718,4728 N Wolcott Ave,4728 N WOLCOTT AVE,LINCOLN SQUARE,K-12 School,1888,4,41.9678476,-87.676325,row_2022,857765,1,1888,33062.4,T1,high,"year guard: address candidate 448171 built 1895, property built 1888"
251719,3020 N Lamon Ave,3020 N LAMON AVE,BELMONT CRAGIN,K-12 School,1919,2,41.935776,-87.7493671,row_2022,227453,1,,31699.5,T1,high,
251720,2714 W Augusta Blvd,2714 W AUGUSTA BLVD,WEST TOWN,K-12 School,1892,3,41.899404,-87.6949454,row_2022,329641,1,,40022,T1,high,
251721,1010 N Wells St,1010 N WELLS ST,NEAR NORTH SIDE,K-12 School,2000,2,41.9009309,-87.6345147,row_2022,326058,1,1981,11025.7,coord_nearest,medium,nearest footprint 29 m from the trusted coordinate
251722,6315 S Claremont Ave,6315 S CLAREMONT AVE,CHICAGO LAWN,,,,41.7787232,-87.6821285,row_2022,27853,1,1926,1516.7,T2,low,direction N vs S; 24185 m from the trusted coordinate
251723,2611 W 48th St,2611 W 48TH ST,BRIGHTON PARK,K-12 School,2012,1,41.8064639,-87.6897829,row_2022,450524,1,1954,48533.7,coord_pip,medium,
251724,5835 N Lincoln Ave,5835 N LINCOLN AVE,WEST RIDGE,K-12 School,1959,2,41.9875954,-87.7024487,row_2022,45990,1,,137303.1,T1,high,
251725,6040 N Kilpatric Ave,6040 N KILPATRIC AVE,FOREST GLEN,K-12 School,1929,4,41.9911733,-87.7459914,row_2022,42445,1,,63,coord_nearest,low,"street 'KILPATRIC' is not in the footprint table; year guard: coord_nearest candidate 40611 built 1953, property built 1929; year guard: coord_nearest candidate 41237 built 1944, property built 1929; year guard: coord_nearest candidate 41439 built 1952, property built 1929; year guard: coord_nearest candidate 41768 built 1952, property built 1929; year guard: coord_nearest candidate 42036 built 1955, property built 1929; year guard: coord_nearest candidate 42243 built 1955, property built 1929; year guard: coord_nearest candidate 42474 built 1955, property built 1929; year guard: coord_nearest candidate 42683 built 1955, property built 1929; year guard: coord_nearest candidate 42893 built 1956, property built 1929; nearest footprint 69 m from the trusted coordinate"
251726,555 E 51st St,555 E 51ST ST,WASHINGTON PARK,K-12 School,1970,2,41.8020498,-87.6119284,row_2022,460015,1,,62330.6,T1,high,
251727,1326 W 14th Place,1326 W 14TH PL,NEAR WEST SIDE,K-12 School,1906,1,41.8625674,-87.6601124,row_2022,374645,1,,26094.9,T1,high,1 in-range footprint(s) on the same-named street of another type ignored
251728,2035 N Mobile Ave,2035 N MOBILE AVE,BELMONT CRAGIN,K-12 School,1929,2,41.9175933,-87.7826627,row_2022,287480,1,,62839.1,T1,high,
251729,5515 South Lowe Ave,5515 S LOWE AVE,ENGLEWOOD,,,,41.7935529,-87.6413449,row_2022,484773,1,1971,55671.8,T1,high,
251730,1839 N Richmond St,1839 N RICHMOND ST,LOGAN SQUARE,,,,41.9150286,-87.7002432,row_2022,866008,1,,19329.5,T1,high,
251731,3244 W Ainslie St,3244 W AINSLIE ST,ALBANY PARK,K-12 School,1916,2,41.9703627,-87.7103621,row_2022,861975,1,,35737.9,T1,high,
251732,3400 W 65th Place,3400 W 65TH PL,CHICAGO LAWN,K-12 School,1906,3,41.7744471,-87.7080019,row_2022,550548,1,,24853.9,T1,high,1 in-range footprint(s) on the same-named street of another type ignored
251733,6550 S Richmond St,6550 S RICHMOND ST,CHICAGO LAWN,K-12 School,1926,2,41.7739068,-87.6970673,row_2022,553085,1,,2724.8,T1,high,"year guard: address candidate 20607 built 1930, property built 1926"
251734,4343 W Wrightwood Ave,4343 W WRIGHTWOOD AVE,HERMOSA,K-12 School,1918,2,41.9278909,-87.7360017,row_2022,255925,1,,65194.6,T1,high,
251735,2009 W Schiller St,2009 W SCHILLER ST,WEST TOWN,K-12 School,1961,1,41.907025,-87.6777955,row_2022,314470,1,1961,39612.9,T1,high,
251736,3235 N Leclaire Ave,3235 N LECLAIRE AVE,PORTAGE PARK,K-12 School,1928,2,41.9398104,-87.7541302,row_2022,209604,1,,59470,T1,high,
251737,2022 W Washington Blvd,2022 W WASHINGTON BLVD,NEAR WEST SIDE,K-12 School,1959,1,41.8832418,-87.6776487,row_2022,355113,1,,36193.3,T1,high,
251738,7740 S Ingleside Ave,7740 S INGLESIDE AVE,GREATER GRAND CROSSING,,,,41.7537612,-87.6017645,row_2022,602433,1,,78767.5,T1,high,
251739,4330 W Wabansia Ave,4330 W WABANSIA AVE,HUMBOLDT PARK,K-12 School,2004,1,41.9117064,-87.7348734,row_2022,303551,1,,4687.9,coord_nearest,medium,nearest footprint 23 m from the trusted coordinate
251740,4511 S EVANS AVE,4511 S EVANS AVE,GRAND BOULEVARD,K-12 School,1966,1,41.8127399,-87.6078422,row_2015,436892,1,,8134.4,T1,high,
251741,3010 S Parnell Ave,3010 S PARNELL AVE,BRIDGEPORT,K-12 School,1962,2,41.8395705,-87.6403768,row_2022,404219,1,,48294.9,T1,high,
251742,5410 S St Louis Ave,5410 S ST LOUIS AVE,GAGE PARK,K-12 School,2010,1,41.7948902,-87.7110834,row_2022,482797,1,,564.5,coord_nearest,medium,nearest footprint 21 m from the trusted coordinate
251743,1915 S FEDERAL ST,1915 S FEDERAL ST,NEAR SOUTH SIDE,K-12 School,2005,1,41.8561903,-87.6290976,row_2015,379925,1,1985,13250.9,T1,high,
251744,3900 N Lawndale Ave,3900 N LAWNDALE AVE,IRVING PARK,K-12 School,1924,3,41.9520236,-87.7203583,row_2022,156963,1,,41961,T1,high,
251745,5110 N Damen Ave,5110 N DAMEN AVE,LINCOLN SQUARE,K-12 School,1930,1,41.9750792,-87.6795214,row_2022,78283,1,,61289.5,T1,high,
251746,5501 N Kedzie Ave,5501 N KEDZIE AVE,NORTH PARK,K-12 School,1999,1,41.981352,-87.7086719,row_2022,815724,1,1989,103125.9,T1,high,
251748,5600 S Rockwell St,5600 S ROCKWELL ST,GAGE PARK,,,,41.7918601,-87.6890156,row_2022,491236,1,1927,1308,coord_nearest,medium,nearest footprint 21 m from the trusted coordinate
251749,4055 W Arthington St,4055 W ARTHINGTON ST,WEST GARFIELD PARK,,,,41.869889,-87.7274816,row_2022,370002,1,,34449,T1,high,
251750,5534 S St Louis Ave,5534 S ST LOUIS AVE,GAGE PARK,K-12 School,1999,1,41.7923518,-87.7110242,row_2022,488106,1,1997,51995.6,T1,high,
251751,2150 S Laflin St,2150 S LAFLIN ST,LOWER WEST SIDE,K-12 School,1975,3,41.8526731,-87.6637693,row_2022,385225,1,,49246.1,T1,high,
251753,1460 W 112th St,1460 W 112TH ST,MORGAN PARK,,,,41.6904935,-87.6592719,row_2022,771080;771157,2,,40595.6,T1_multi,high,
251754,5335 S Kenwood Ave,5335 S KENWOOD AVE,HYDE PARK,K-12 School,1954,3,41.798525,-87.5933035,row_2022,465877,1,1953,31887.2,T1,high,
251755,7345 N Washtenaw Ave,7345 N WASHTENAW AVE,WEST RIDGE,K-12 School,1937,6,42.0152662,-87.6971486,row_2022,4018,1,,319.6,coord_nearest,medium,"year guard: address candidate 3769 built 1955, property built 1937; year guard: address candidate 593520 built 1948, property built 1937; year guard: coord_nearest candidate 3417 built 1954, property built 1937; year guard: coord_nearest candidate 3476 built 1955, property built 1937; year guard: coord_nearest candidate 3807 built 1955, property built 1937; year guard: coord_nearest candidate 3808 built 1958, property built 1937; year guard: coord_nearest candidate 3815 built 1950, property built 1937; year guard: coord_nearest candidate 3819 built 1953, property built 1937; year guard: coord_nearest candidate 3820 built 1953, property built 1937; year guard: coord_nearest candidate 3830 built 1953, property built 1937; year guard: coord_nearest candidate 4130 built 1953, property built 1937; year guard: coord_nearest candidate 4278 built 1952, property built 1937; year guard: coord_nearest candidate 4299 built 1952, property built 1937; year guard: coord_nearest candidate 4674 built 1953, property built 1937; nearest footprint 25 m from the trusted coordinate"
251757,6024 W Warwick Ave,6024 W WARWICK AVE,DUNNING,K-12 School,1918,1,41.9485987,-87.7776403,row_2022,171976,1,,35440.5,T1,high,
251758,3663 S Wabash Ave,3663 S WABASH AVE,DOUGLAS,,,,41.8277959,-87.6247513,row_2022,419758,1,,31976,T1,high,
251759,5900 N Winthrop Ave,5900 N WINTHROP AVE,EDGEWATER,K-12 School,1914,2,41.9891573,-87.6583334,row_2022,853482,1,,32283.8,T1,high,
251760,2031 S Peoria St,2031 S PEORIA ST,LOWER WEST SIDE,,,,41.8542719,-87.6480323,row_2022,382055,1,1993,27339.6,T1,high,
251761,2815 S Komensky Ave,2815 S KOMENSKY AVE,SOUTH LAWNDALE,K-12 School,1904,4,41.840062,-87.7255084,row_2022,404169,1,,17804.8,T1,high,
251762,2727 N Long Ave,2727 N LONG AVE,BELMONT CRAGIN,K-12 School,1930,4,41.9303859,-87.7611531,row_2022,248287,1,1902,30238.1,T1,high,
251763,545 W Division,545 W DIVISION,NEAR NORTH SIDE,Multifamily Housing,2009,1,41.903609,-87.6430754,row_2022,891286,1,2009,18870.1,T1,high,
251764,544 W Oak St,544 W OAK ST,NEAR NORTH SIDE,Multifamily Housing,2011,1,41.9005252,-87.6429553,row_2022,894157,1,2012,29385.7,T1,high,
251765,5550 N Kenmore Ave,5550 N KENMORE AVE,EDGEWATER,Multifamily Housing,1928,1,41.9833647,-87.6567496,row_2022,57662,1,1928,6128,coord_nearest,medium,"year guard: address candidate 57114 built 1949, property built 1928; year guard: coord_nearest candidate 56218 built 1932, property built 1928; year guard: coord_nearest candidate 57150 built 1942, property built 1928; year guard: coord_nearest candidate 834623 built 2005, property built 1928; year guard: coord_nearest candidate 855016 built 1973, property built 1928; nearest footprint 23 m from the trusted coordinate"
251766,1062 W Bryn Mawr Ave,1062 W BRYN MAWR AVE,EDGEWATER,Multifamily Housing,1929,1,41.9837729,-87.6577038,row_2022,56218,1,1932,8996.9,T1,high,
251767,1311 N Halsted,1311 N HALSTED,NEAR NORTH SIDE,Multifamily Housing,1999,1,41.9054382,-87.6479827,row_2022,813298,1,,13688.1,T1,high,
251768,213 W Institute Pl,213 W INSTITUTE PL,NEAR NORTH SIDE,Office,1931,1,41.8973037,-87.6348042,row_2022,336037,1,,21256.5,T1,high,
251769,8410 W Bryn Mawr Ave,8410 W BRYN MAWR AVE,OHARE,Office,1981,1,41.9811984,-87.8372387,row_2022,59348,1,1981,266461.1,coord_nearest,medium,nearest footprint 23 m from the trusted coordinate
251770,8420 W Bryn Mawr Ave,8420 W BRYN MAWR AVE,OHARE,Office,1982,1,41.9812194,-87.8376503,row_2022,59348,1,1981,266461.1,coord_nearest,medium,nearest footprint 4 m from the trusted coordinate
251771,1333 N Kingsbury,1333 N KINGSBURY,NEAR NORTH SIDE,Office,1961,1,41.905731,-87.649646,row_2022,315780,1,1915,12692.1,coord_nearest,low,"year guard: address candidate 315810 built 1990, property built 1961; nearest footprint 63 m from the trusted coordinate"
251772,6430 W Irving Park Rd,6430 W IRVING PARK RD,DUNNING,Supermarket/Grocery Store,1989,1,41.9530102,-87.7877072,row_2022,883558,1,1895,3715.9,coord_nearest,medium,"year guard: coord_nearest candidate 847060 built 1996, property built 1989; nearest footprint 24 m from the trusted coordinate"
251773,7342 W Foster Ave,7342 W FOSTER AVE,NORWOOD PARK,Supermarket/Grocery Store,1978,1,41.9745429,-87.8113469,row_2022,77087,1,,253271.5,coord_nearest,medium,nearest footprint 5 m from the trusted coordinate
251774,1244 East 93rd Street,1244 E 93RD ST,BURNSIDE,Multifamily Housing,2000,1,41.7259844,-87.5931065,row_2022,838690,1,2000,20883.6,T1,high,
251775,251 N Albany Avenue,251 N ALBANY AVE,EAST GARFIELD PARK,Multifamily Housing,2002,1,41.8856798,-87.7036477,row_2022,871717,1,,1983.8,coord_nearest,medium,"year guard: address candidate 851754 built 2006, property built 2002; nearest footprint 24 m from the trusted coordinate"
251776,271 N Albany Ave,271 N ALBANY AVE,EAST GARFIELD PARK,Multifamily Housing,1996,1,41.8863387,-87.7036684,row_2022,353045,1,,12890.2,T1,high,
251777,6345 S Stewart,6345 S STEWART,ENGLEWOOD,Multifamily Housing,1995,1,41.7785703,-87.6348654,row_2022,534371,1,,11522.2,T1,high,
251780,735 N State St,735 N STATE ST,NEAR NORTH SIDE,,,,41.8958694,-87.6280332,row_2022,338844,1,,30083.5,T1,high,
251783,5212 W Agatite,5212 W AGATITE,PORTAGE PARK,,,,41.9616156,-87.7579994,row_2022,859351,1,,9248.3,T1,high,
251784,835 N Rush St,835 N RUSH ST,NEAR NORTH SIDE,,,,41.897691,-87.6258868,row_2022,333293,1,,27645.9,coord_nearest,medium,nearest footprint 4 m from the trusted coordinate
251785,1439 W Wellington Ave,1439 W WELLINGTON AVE,LAKE VIEW,,,,41.9359842,-87.6652384,row_2022,225698,1,,20715.9,T1,high,
251786,642 W Deming Pl,642 W DEMING PL,LINCOLN PARK,,,,41.9279838,-87.6458666,row_2022,252862,1,,2493,coord_nearest,medium,nearest footprint 8 m from the trusted coordinate
251788,10155 S Ewing Ave,10155 S EWING AVE,EAST SIDE,,,,41.7104129,-87.5351368,row_2022,720517,1,1957,36471.5,coord_nearest,medium,nearest footprint 11 m from the trusted coordinate
251789,2226 N Hoyne Ave,2226 N HOYNE AVE,LOGAN SQUARE,,,,41.9221761,-87.6804011,row_2022,271015,1,,5224.6,T1,high,
251790,5115 N Mont Clare Ave,5115 N MONT CLARE AVE,NORWOOD PARK,,,,41.9741858,-87.8045938,row_2022,83671,1,,33305,T1,high,
251792,7801 S Throop St,7801 S THROOP ST,AUBURN GRESHAM,,,,41.7522514,-87.655245,row_2022,611082,1,,21082.2,T1,high,
251793,5472 S Kimbark Ave,5472 S KIMBARK AVE,HYDE PARK,,,,41.7959266,-87.5950906,row_2022,476127,1,,20481.4,T1,high,
251794,3814 W Iowa St,3814 W IOWA ST,HUMBOLDT PARK,,,,41.8973405,-87.7219554,row_2022,336223,1,,18498.6,T1,high,
251796,5050 S East End Ave,5050 S EAST END AVE,KENWOOD,Multifamily Housing,1951,1,41.8028259,-87.5855648,row_2022,456548,1,1951,5219.7,T1,high,
251797,3534 W Van Buren,3534 W VAN BUREN,EAST GARFIELD PARK,,,,41.8755171,-87.7145535,row_2022,363802,1,1889,1117.3,coord_nearest,medium,nearest footprint 7 m from the trusted coordinate
251858,2957 N Hoyne Ave,2957 N HOYNE AVE,NORTH CENTER,K-12 School,1895,1,41.9357611,-87.6805244,row_2022,226710,1,,17745.3,T1,high,
251859,8255 S Houston Ave,8255 S HOUSTON AVE,SOUTH CHICAGO,K-12 School,1902,1,41.7448813,-87.5501872,row_2022,634267,1,,20334,T1,high,
251860,1250 W Erie St,1250 W ERIE ST,WEST TOWN,K-12 School,1957,1,41.8935757,-87.6593668,row_2022,342915,1,,47546.9,T1,high,
251863,2730 S Kostner Ave,2730 S KOSTNER AVE,SOUTH LAWNDALE,K-12 School,1996,2,41.8413347,-87.734348,row_2022,401532,1,,39945.9,T1,high,
251865,2231 N Central Ave,2231 N CENTRAL AVE,BELMONT CRAGIN,K-12 School,2009,2,41.9213172,-87.7657438,row_2022,888753,1,2009,42257.7,T1,high,
251866,2040 W Adams St,2040 W ADAMS ST,NEAR WEST SIDE,,,,41.8788361,-87.6782054,row_2022,359125,1,,36454.5,T1,high,
251867,1840 W Ohio St,1840 W OHIO ST,WEST TOWN,,,,41.8924324,-87.673705,row_2022,345301,1,,37421,T1,high,
251869,4445 N PULASKI RD,4445 N PULASKI RD,,,,,41.9619656,-87.7273684,row_2018,124845,1,,29655.2,T1,high,
251870,5330 W Berteau Ave,5330 W BERTEAU AVE,PORTAGE PARK,K-12 School,1915,2,41.9570151,-87.7610059,row_2022,859347,1,,34831.8,T1,high,
251871,1955 E 75th St,1955 E 75TH ST,SOUTH SHORE,K-12 School,2011,1,41.758764,-87.5763689,row_2022,592719,1,1929,4163.5,coord_nearest,medium,nearest footprint 24 m from the trusted coordinate
251872,7651 S Homan Ave,7651 S HOMAN AVE,ASHBURN,K-12 School,2008,1,41.7537599,-87.707309,row_2022,605884,1,,709.4,coord_nearest,low,nearest footprint 51 m from the trusted coordinate
251873,2111 W 47th St,2111 W 47TH ST,NEW CITY,K-12 School,2013,1,41.8083844,-87.6775696,row_2022,446955,1,1931,2625.9,coord_nearest,medium,nearest footprint 22 m from the trusted coordinate
251874,7424 S Morgan St,7424 S MORGAN ST,ENGLEWOOD,,,,41.7589267,-87.6492534,row_2022,593273,1,,29180.8,T1,high,
251875,4209 W Irving Park Rd,4209 W IRVING PARK RD,IRVING PARK,K-12 School,1901,1,41.953565,-87.732843,row_2015,848056,1,,3096.9,coord_nearest,medium,"year guard: coord_nearest candidate 153551 built 1928, property built 1901; year guard: coord_nearest candidate 155154 built 1918, property built 1901; year guard: coord_nearest candidate 155224 built 1971, property built 1901; year guard: coord_nearest candidate 156098 built 1915, property built 1901; year guard: coord_nearest candidate 156352 built 1970, property built 1901; year guard: coord_nearest candidate 156651 built 1906, property built 1901; year guard: coord_nearest candidate 846467 built 1911, property built 1901; year guard: coord_nearest candidate 846468 built 1927, property built 1901; year guard: coord_nearest candidate 847958 built 1978, property built 1901; year guard: coord_nearest candidate 847960 built 1914, property built 1901; year guard: coord_nearest candidate 848053 built 1912, property built 1901; year guard: coord_nearest candidate 848054 built 1918, property built 1901; year guard: coord_nearest candidate 848055 built 1925, property built 1901; nearest footprint 15 m from the trusted coordinate"
251876,1540 W 84TH ST,1540 W 84TH ST,AUBURN GRESHAM,,,,41.7413737,-87.6623565,row_2022,650141,1,1952,11934,T1,high,
251877,2710 S Dearborn St,2710 S DEARBORN ST,DOUGLAS,,,,41.8440381,-87.6285901,row_2022,397367,1,1954,42535.6,T1,high,
251878,1212 S Plymouth Ct,1212 S PLYMOUTH CT,NEAR SOUTH SIDE,,,,41.8668563,-87.6286512,row_2022,371557,1,1988,30322.4,T1,high,
251880,5815 S Homan Ave,5815 S HOMAN AVE,GAGE PARK,K-12 School,1928,3,41.787505,-87.708142,row_2022,506096,1,,24311.2,T1,high,
251883,4525 N Kenmore Ave,4525 N KENMORE AVE,UPTOWN,,,,41.9643461,-87.6560525,row_2022,115934,1,1906,27972.4,T1,high,
251884,5631 S Kimbark Ave,5631 S KIMBARK AVE,HYDE PARK,K-12 School,1893,3,41.7923497,-87.5947154,row_2022,871246,1,,25246.8,T1,high,
251885,4541 S Wood St,4541 S WOOD ST,NEW CITY,K-12 School,1990,1,41.8109365,-87.6695693,row_2015,440910;440914,2,,4315.1,T1_multi,high,
251886,6059 S Wabash Ave,6059 S WABASH AVE,WASHINGTON PARK,,,,41.7838338,-87.6236538,row_2022,512766,1,1937,32570.1,T1,high,
251887,1522 W Fillmore Blvd,1522 W FILLMORE BLVD,NEAR WEST SIDE,K-12 School,1894,2,41.8686034,-87.6649633,row_2022,370572,1,,21827.8,T1,high,
251888,1434 N Parkside Ave,1434 N PARKSIDE AVE,AUSTIN,,,,41.9067836,-87.7671793,row_2022,315550,1,,65149.4,T1,high,
251889,4310 N Melvina Ave,4310 N MELVINA AVE,PORTAGE PARK,K-12 School,1932,3,41.9588904,-87.782012,row_2022,136614,1,,26103,T1,high,
251890,2850 W 24th Blvd,2850 W 24TH BLVD,SOUTH LAWNDALE,K-12 School,1913,2,41.8479686,-87.6972871,row_2022,391330,1,,124230.8,T1,high,
251891,3301 W Franklin Blvd,3301 W FRANKLIN BLVD,HUMBOLDT PARK,K-12 School,2009,1,41.8899322,-87.7089514,row_2022,888755,1,2009,191930,coord_nearest,low,nearest footprint 45 m from the trusted coordinate
251892,6936 S Hermitage Ave,6936 S HERMITAGE AVE,WEST ENGLEWOOD,K-12 School,1910,1,41.7673983,-87.6676759,row_2022,569638,1,1910,21005.6,T1,high,
251893,6525 N Hiawatha Ave,6525 N HIAWATHA AVE,FOREST GLEN,K-12 School,1939,4,41.9994602,-87.7618211,row_2022,23472,1,1928,1418.6,coord_nearest,low,"year guard: address candidate 22949 built 1953, property built 1939; year guard: coord_nearest candidate 23127 built 1955, property built 1939; year guard: coord_nearest candidate 23342 built 1955, property built 1939; year guard: coord_nearest candidate 23548 built 1955, property built 1939; year guard: coord_nearest candidate 23632 built 1954, property built 1939; year guard: coord_nearest candidate 23775 built 1944, property built 1939; year guard: coord_nearest candidate 23857 built 1952, property built 1939; year guard: coord_nearest candidate 23977 built 1952, property built 1939; year guard: coord_nearest candidate 24113 built 1949, property built 1939; year guard: coord_nearest candidate 24209 built 1953, property built 1939; year guard: coord_nearest candidate 24308 built 1950, property built 1939; year guard: coord_nearest candidate 843012 built 2006, property built 1939; nearest footprint 37 m from the trusted coordinate"
251894,6821 S Normal,6821 S NORMAL,ENGLEWOOD,,,,41.770138,-87.6371258,row_2022,561584,1,,100332.2,coord_nearest,medium,nearest footprint 19 m from the trusted coordinate
251896,4655 S Dearborn St,4655 S DEARBORN ST,GRAND BOULEVARD,Office,1990,1,41.8096548,-87.6270298,row_2022,441216,1,1922,29858.1,T1,high,
251898,8445 S Kolin Ave,8445 S KOLIN AVE,ASHBURN,K-12 School,1961,5,41.7388635,-87.7299193,row_2022,659553,1,1960,28056.9,T1,high,
251899,4250 S Rockwell St,4250 S ROCKWELL ST,BRIGHTON PARK,,,,41.8159353,-87.6896845,row_2022,432204;432641,2,,30135.5,T1_multi,high,
251900,4201 W Henderson St,4201 W HENDERSON ST,IRVING PARK,K-12 School,1926,5,41.9416494,-87.732229,row_2022,202938;203043,2,,45755.5,T1_multi,high,
251902,900 W Wilson Ave,900 W WILSON AVE,UPTOWN,,,,41.9655741,-87.6525219,row_2022,111063,1,1975,39382,T1,high,
251903,1051 W 13th Ave,1051 W 13TH AVE,NEAR WEST SIDE,,,,41.8653235,-87.6534703,row_2022,372703,1,1960,39459.9,coord_pip,medium,
251904,1409 - 1443 N Ogden Ave,1409-1443 N OGDEN AVE,NEAR NORTH SIDE,K-12 School,1971,1,41.9070469,-87.6460552,row_2022,312910;314663,2,1970,41094.4,T1_multi,high,
251905,2010 N Central Park Ave,2010 N CENTRAL PARK AVE,LOGAN SQUARE,K-12 School,1896,3,41.9176213,-87.7169285,row_2022,285772,1,,40348.3,T1,high,
251906,2216 W Hirsch St,2216 W HIRSCH ST,WEST TOWN,K-12 School,1915,1,41.9068434,-87.6830426,row_2022,313076,1,,35080.2,T1,high,
251907,1903 E 96th St,1903 E 96TH ST,SOUTH DEERING,,,,41.7205022,-87.5775949,row_2022,701505,1,1954,14355.1,T1,high,
251908,1420 W 17th St,1420 W 17TH ST,LOWER WEST SIDE,,,,41.8588761,-87.6622254,row_2022,376639,1,,19880.1,T1,high,
251909,5225 N Oak Park Ave,5225 N OAK PARK AVE,NORWOOD PARK,K-12 School,1936,3,41.9763526,-87.7961983,row_2022,77051,1,,24516.9,T1,high,"year guard: address candidate 477240 built 1954, property built 1936"
251910,2021 N Point St,2021 N POINT ST,LOGAN SQUARE,,,,41.9180154,-87.6945414,row_2022,283282,1,,31713.9,T1,high,
251911,2345 S Millard Ave,2345 S MILLARD AVE,SOUTH LAWNDALE,K-12 School,1972,1,41.8485071,-87.7159812,row_2022,392013,1,1973,20881.2,T1,high,
251912,1000 W 52nd St,1000 W 52ND ST,NEW CITY,,,,41.7997877,-87.6502548,row_2022,463145,1,1971,13486.1,T1,high,
251913,1440 W AUGUSTA,1440 W AUGUSTA,WEST TOWN,,,,41.8997916,-87.6636942,row_2020,329134,1,1970,9645.9,coord_nearest,medium,nearest footprint 11 m from the trusted coordinate
251914,838 W MARQUETTE RD,838 W MARQUETTE RD,ENGLEWOOD,,,,41.7725608,-87.6461274,row_2022,555447,1,1961,29765.5,T1,high,
251917,2939 W Addison St,2939 W ADDISON ST,IRVING PARK,Retail Store,2003,1,41.946539,-87.7020849,row_2022,181629,1,1987,73255.5,T1,high,
251918,1309 N Wells St,1309 N WELLS ST,NEAR NORTH SIDE,Multifamily Housing,1990,1,41.9060113,-87.6344063,row_2022,315880,1,1990,12224.2,T1,high,
251919,223 W Erie St,223 W ERIE ST,NEAR NORTH SIDE,Office,1890,1,41.8938674,-87.6351376,row_2022,343993,1,,13677.8,coord_nearest,low,"year guard: address candidate 813848 built 1895, property built 1890; year guard: coord_nearest candidate 341916 built 1925, property built 1890; year guard: coord_nearest candidate 343310 built 1985, property built 1890; year guard: coord_nearest candidate 343344 built 1945, property built 1890; year guard: coord_nearest candidate 813779 built 1988, property built 1890; year guard: coord_nearest candidate 813846 built 1945, property built 1890; year guard: coord_nearest candidate 813868 built 1925, property built 1890; year guard: coord_nearest candidate 836111 built 2005, property built 1890; year guard: coord_nearest candidate 891792 built 2010, property built 1890; nearest footprint 35 m from the trusted coordinate"
251920,189 E Lake Shore Dr,189 E LAKE SHORE DR,NEAR NORTH SIDE,Multifamily Housing,1924,1,41.9007729,-87.6222551,row_2022,837540,1,,18004.3,T1,high,
251925,2219 N Kenmore Ave,2219 N KENMORE AVE,LINCOLN PARK,College/University,1968,1,41.9223197,-87.6545756,row_2022,881531,1,,15617.4,coord_pip,medium,
251926,910 W Huron St,910 W HURON ST,WEST TOWN,Multifamily Housing,2009,1,41.8951583,-87.6506362,row_2022,341554,1,1913,23311.9,coord_nearest,medium,nearest footprint 23 m from the trusted coordinate
251927,260 E Chestnut St,260 E CHESTNUT ST,NEAR NORTH SIDE,Multifamily Housing,1965,1,41.8985645,-87.6194706,row_2022,331877,1,1966,9765.3,T1,high,
251928,2121 W Harrison St,2121 W HARRISON ST,NEAR WEST SIDE,Other - Public Services,1982,1,41.8738811,-87.6797788,row_2022,365504,1,,30351.3,T1,high,
251929,600 S Michigan Ave,600 S MICHIGAN AVE,LOOP,College/University,1960,1,41.8743716,-87.6243795,row_2022,364630,1,1907,11730.5,T1,high,"year guard: address candidate 344526 built 1996, property built 1960; year guard: address candidate 892859 built 2007, property built 1960"
251930,1134 W Granville Ave,1134 W GRANVILLE AVE,EDGEWATER,Multifamily Housing,2008,1,41.9946686,-87.6597792,row_2022,874339,1,,8892.3,coord_nearest,medium,nearest footprint 22 m from the trusted coordinate
251941,5450 N Cumberland Ave,5450 N CUMBERLAND AVE,OHARE,,,,41.978973,-87.8367337,row_2022,69727,1,,49939.7,T1,high,
251942,4900 S Lake Shore Dr,4900 S LAKE SHORE DR,KENWOOD,,,,41.8059151,-87.584839,row_2022,449715;450583;451080,3,,51611.6,T1_multi,high,
251943,1825 W Lawrence Ave,1825 W LAWRENCE AVE,LINCOLN SQUARE,,,,41.9686924,-87.6756922,row_2022,104032,1,1974,15545,T1,high,
251944,820 S Michigan Ave,820 S MICHIGAN AVE,LOOP,Multifamily Housing,1949,1,41.8715767,-87.6243095,row_2022,832377,1,,6947.9,coord_nearest,medium,"year guard: address candidate 814967 built 1971, property built 1949; year guard: coord_nearest candidate 814962 built 1962, property built 1949; year guard: coord_nearest candidate 832378 built 1961, property built 1949; nearest footprint 28 m from the trusted coordinate"
251945,916 S Wabash Ave,916 S WABASH AVE,LOOP,College/University,1930,1,41.8700417,-87.6260414,row_2022,814979,1,1907,8059.2,coord_nearest,medium,nearest footprint 3 m from the trusted coordinate
251946,1010 N Lake Shore Drive,1010 N LAKE SHORE DR,NEAR NORTH SIDE,Multifamily Housing,1928,1,41.9012419,-87.6243596,row_2022,837666,1,,13291.5,coord_nearest,medium,"year guard: address candidate 837665 built 1953, property built 1928; year guard: coord_nearest candidate 323892 built 1967, property built 1928; year guard: coord_nearest candidate 813457 built 1944, property built 1928; year guard: coord_nearest candidate 813467 built 1984, property built 1928; nearest footprint 6 m from the trusted coordinate"
251947,924 E 57th St,924 E 57TH ST,HYDE PARK,Laboratory,1993,1,41.7919522,-87.6027958,row_2019,488411,1,,38850,T1,high,
251948,5812 S Ellis Ave,5812 S ELLIS AVE,HYDE PARK,Laboratory,1977,1,41.790012,-87.601281,row_2019,497015,1,,9246.9,coord_nearest,medium,nearest footprint 13 m from the trusted coordinate
251949,5837 S Maryland Ave,5837 S MARYLAND AVE,HYDE PARK,Laboratory,1967,1,41.788876,-87.60489,row_2019,815642,1,1929,390774.2,coord_nearest,medium,"year guard: coord_nearest candidate 494106 built 1972, property built 1967; nearest footprint 13 m from the trusted coordinate"
251950,5824 S Ellis Ave,5824 S ELLIS AVE,HYDE PARK,Laboratory,1953,1,41.789752,-87.601272,row_2019,497015,1,,9246.9,coord_nearest,medium,"year guard: coord_nearest candidate 494780 built 1969, property built 1953; nearest footprint 11 m from the trusted coordinate"
251951,5840 S Ellis Ave,5840 S ELLIS AVE,HYDE PARK,Laboratory,1950,2,41.78964,-87.601268,row_2019,497015,1,,9246.9,coord_nearest,medium,"year guard: coord_nearest candidate 494780 built 1969, property built 1950; nearest footprint 11 m from the trusted coordinate"
251952,970 E.59th St.,970 E 59TH ST,HYDE PARK,Laboratory,1931,1,41.787765,-87.601884,row_2017,815642,1,1929,390774.2,coord_nearest,medium,nearest footprint 11 m from the trusted coordinate
251953,920 E. 59th St.,920 E 59TH ST,HYDE PARK,Laboratory,1930,1,41.789582,-87.603272,row_2017,815642,1,1929,390774.2,coord_nearest,medium,"year guard: coord_nearest candidate 496259 built 1976, property built 1930; year guard: coord_nearest candidate 496694 built 1949, property built 1930; year guard: coord_nearest candidate 880960 built 2007, property built 1930; nearest footprint 23 m from the trusted coordinate"
251954,5835 S Drexel Ave,5835 S DREXEL AVE,HYDE PARK,Laboratory,1953,2,,,none,,0,,,none,none,no trusted coordinate
251955,5841 S Maryland Ave,5841 S MARYLAND AVE,HYDE PARK,Laboratory,1930,1,41.788813,-87.604889,row_2019,815642,1,1929,390774.2,coord_nearest,medium,"year guard: coord_nearest candidate 494106 built 1972, property built 1930; nearest footprint 11 m from the trusted coordinate"
251956,949 E 58th St,949 E 58TH ST,HYDE PARK,Laboratory,1927,1,41.789531,-87.602855,row_2019,815642,1,1929,390774.2,coord_nearest,medium,"year guard: coord_nearest candidate 496259 built 1976, property built 1927; year guard: coord_nearest candidate 496694 built 1949, property built 1927; nearest footprint 11 m from the trusted coordinate"
251957,5821 S Drexel Ave,5821 S DREXEL AVE,HYDE PARK,Laboratory,1961,1,,,none,,0,,,none,none,no trusted coordinate
251958,2301 2315 E 93rd St,2301-2315 E 93RD ST,CALUMET HEIGHTS,Medical Office,1971,1,41.7260993,-87.5681251,row_2022,690745;815726,2,1955,18701.5,T1_multi,high,
251959,840 N LaSalle St,840 N LA SALLE ST,NEAR NORTH SIDE,College/University,1939,1,41.8978282,-87.6328802,row_2022,334632,1,,11162.5,coord_nearest,medium,"1 in-range footprint(s) on the same-named street of another type ignored; year guard: coord_nearest candidate 332159 built 1990, property built 1939; year guard: coord_nearest candidate 815868 built 2000, property built 1939; year guard: coord_nearest candidate 861206 built 2006, property built 1939; nearest footprint 6 m from the trusted coordinate"
251960,45 W North Blvd,45 W NORTH BLVD,NEAR NORTH SIDE,,,,41.9110852,-87.6306321,row_2022,303080,1,,28809,coord_nearest,low,nearest footprint 31 m from the trusted coordinate
251964,114 S Racine Ave,114 S RACINE AVE,NEAR WEST SIDE,Office,1920,1,41.8798416,-87.6572316,row_2022,358459,1,1914,27355.5,T1,high,
251965,3445 3481 S King Dr,3445-3481 S DR MARTIN LUTHER KING JR DR,DOUGLAS,Fitness Center/Health Club/Gym,2008,1,41.8318671,-87.6168305,row_2022,416825,1,,2516,T1,high,
251992,11555 W Touhy Ave,11555 W TOUHY AVE,OHARE,Office,1989,1,42.0085513,-87.9137377,row_2022,13012,1,,161.5,coord_nearest,low,nearest footprint 33 m from the trusted coordinate
251996,1600 S Prairie Ave,1600 S PRAIRIE AVE,NEAR SOUTH SIDE,Multifamily Housing,2006,1,41.8601704,-87.6209716,row_2022,866141,1,,28343,T1,high,
252013,900 N Franklin St,900 N FRANKLIN ST,NEAR NORTH SIDE,,,,41.898998,-87.6359207,row_2022,329967,1,1949,11791.2,T1,high,
252018,5000 N Marine Dr,5000 N MARINE DR,UPTOWN,Multifamily Housing,1923,1,41.9733889,-87.6511689,row_2022,83629,1,1925,9667.7,T1,high,
252020,1420 N Lake Shore Dr,1420 N LAKE SHORE DR,NEAR NORTH SIDE,Multifamily Housing,1928,1,41.9084503,-87.6260681,row_2022,310719,1,1927,15302,coord_nearest,medium,"year guard: address candidate 815305 built 1933, property built 1928; year guard: coord_nearest candidate 308684 built 1967, property built 1928; year guard: coord_nearest candidate 310472 built 1984, property built 1928; nearest footprint 24 m from the trusted coordinate"
252021,1816 W Garfield Blvd,1816 W GARFIELD BLVD,NEW CITY,K-12 School,1956,1,41.7940704,-87.670235,row_2022,483342,1,,26121.8,T1,high,
252023,1309 W 95th St,1309 W 95TH ST,WASHINGTON HEIGHTS,K-12 School,1952,1,41.7211939,-87.6557768,row_2022,856673,1,,12344.2,T1,high,
252024,9535 S Loomis St,9535 S LOOMIS ST,WASHINGTON HEIGHTS,K-12 School,1961,1,41.7202507,-87.6575245,row_2022,856678,1,,23047.1,T1,high,
252025,1817 W 80th St,1817 W 80TH ST,AUBURN GRESHAM,K-12 School,1920,1,41.748355,-87.6689735,row_2022,624654,1,,18218.1,T1,high,
252027,8130 S California Ave,8130 S CALIFORNIA AVE,ASHBURN,K-12 School,1957,1,41.7453662,-87.6926511,row_2022,636377,1,1957,23292.4,T1,high,
252028,2130 2140 W Fulton St,2130-2140 W FULTON ST,NEAR WEST SIDE,,,,41.8868261,-87.6804989,row_2022,878531,1,,28697,T1,high,
252029,1812 - 1840 W Hubbard St,1812-1840 W HUBBARD ST,WEST TOWN,Mixed Use Property,1914,1,41.8899003,-87.6725707,row_2022,349777,1,,55431.2,T1,high,
252030,100 E Chestnut,100 E CHESTNUT,NEAR NORTH SIDE,,,,41.8984762,-87.6255238,row_2022,332257,1,1927,3506.1,T1,high,
252031,201 E Walton Pl,201 E WALTON PL,NEAR NORTH SIDE,Hotel,1987,1,41.8999365,-87.6218024,row_2022,813513,1,1956,18938.5,coord_nearest,medium,"1 in-range footprint(s) on the same-named street of another type ignored; year guard: coord_nearest candidate 813532 built 1997, property built 1987; nearest footprint 6 m from the trusted coordinate"
252033,1405 N Washtenaw,1405 N WASHTENAW,WEST TOWN,K-12 School,2014,1,41.9068011,-87.6943263,row_2022,315131,1,,3961.8,T1,high,
252034,1401 N California Ave,1401 N CALIFORNIA AVE,WEST TOWN,Senior Living Community,1925,1,41.9066713,-87.6968246,row_2022,314834,1,,16980.1,T1,high,1 in-range footprint(s) on the same-named street of another type ignored
252035,57 E Delaware Pl,57 E DELAWARE PL,NEAR NORTH SIDE,Multifamily Housing,1998,1,41.8990721,-87.6260513,row_2022,813548,1,1901,17359.9,T1,high,
252036,1101 E 56th St,1101 E 56TH ST,HYDE PARK,Social/Meeting Hall,1904,1,41.7931211,-87.5996553,row_2022,821446,1,,19037.4,coord_nearest,medium,nearest footprint 4 m from the trusted coordinate
252037,5530 S Ellis Ave,5530 S ELLIS AVE,HYDE PARK,Fitness Center/Health Club/Gym,2003,1,41.7940878,-87.6015103,row_2022,821443,1,,109281.3,coord_nearest,medium,nearest footprint 12 m from the trusted coordinate
252038,5730 S Ellis Ave,5730 S ELLIS AVE,HYDE PARK,Library,1984,1,41.7904849,-87.6014305,row_2022,493429,1,,44660.7,T1,high,
252039,5604 - 5620 S Ellis Ave,5604-5620 S ELLIS AVE,HYDE PARK,Laboratory,1949,1,41.7930548,-87.6014877,row_2022,486215,1,,86689.6,coord_nearest,medium,"year guard: coord_nearest candidate 870973 built 2006, property built 1949; nearest footprint 7 m from the trusted coordinate"
252040,5720 S Ellis Ave,5720 S ELLIS AVE,HYDE PARK,College/University,1985,1,41.7907579,-87.6014359,row_2022,492318,1,,15566.9,T1,high,
252041,970 E 58th St,970 E 58TH ST,HYDE PARK,Retail Store,1902,1,41.7896835,-87.601399,row_2022,497015,1,,9246.9,coord_pip,medium,
252042,6030 S Ellis Ave,6030 S ELLIS AVE,WOODLAWN,Office,1966,1,41.7849898,-87.6013154,row_2022,512658,1,,1410.3,coord_nearest,medium,"year guard: address candidate 512272 built 1980, property built 1966; year guard: coord_nearest candidate 893175 built 2013, property built 1966; nearest footprint 17 m from the trusted coordinate"
252043,6031 S Ellis Ave,6031 S ELLIS AVE,WOODLAWN,Residence Hall/Dormitory,2009,1,41.7849935,-87.6010221,row_2022,510262,1,1958,43557.4,coord_nearest,medium,"year guard: address candidate 893175 built 2013, property built 2009; nearest footprint 22 m from the trusted coordinate"
252044,1111 E 60th St,1111 E 60TH ST,WOODLAWN,Multifamily Housing,1948,1,41.7858403,-87.5990682,row_2022,511927,1,,18206.1,T1,high,
252045,1116 E 59th St,1116 E 59TH ST,HYDE PARK,Social/Meeting Hall,1912,1,41.787886,-87.5988838,row_2022,884585,1,,18129,T1,high,
252046,5550 S University Ave,5550 S UNIVERSITY AVE,HYDE PARK,Fitness Center/Health Club/Gym,1932,1,41.7935611,-87.5982742,row_2022,484072,1,,59478.3,coord_nearest,medium,"year guard: coord_nearest candidate 484658 built 1937, property built 1932; nearest footprint 1 m from the trusted coordinate"
252047,5757 S University Ave,5757 S UNIVERSITY AVE,HYDE PARK,College/University,2013,1,41.789758,-87.5978901,row_2022,496758,1,1927,17625.3,coord_nearest,medium,nearest footprint 10 m from the trusted coordinate
252048,5801 S Ellis Ave,5801 S ELLIS AVE,HYDE PARK,Office,1949,1,41.7895421,-87.6011151,row_2022,497181,1,,10085.1,T1,high,
252049,5811 - 5827 S Ellis Ave,5811-5827 S ELLIS AVE,HYDE PARK,College/University,1892,1,41.7892493,-87.6011084,row_2022,884587,1,,13305.9,T1,high,
252050,5747 S Ellis Ave,5747 S ELLIS AVE,HYDE PARK,Laboratory,1929,1,41.7900519,-87.6011273,row_2022,870952,1,,27075,T1,high,
252051,320 E 21st St,320 E 21ST ST,NEAR SOUTH SIDE,,,,41.8544493,-87.6198071,row_2022,382415,1,1949,17799.9,T1,high,
252052,1118 1132 E 58th St,1118-1132 E 58TH ST,HYDE PARK,Laboratory,1894,1,41.789705,-87.5988539,row_2022,884582,1,,17339.9,T1,high,
252053,1020 - 1024 E 58th St,1020-1024 E 58TH ST,HYDE PARK,Laboratory,1894,1,41.7895594,-87.5998188,row_2022,499858,1,,12536.1,coord_nearest,low,nearest footprint 56 m from the trusted coordinate
252054,5850 S Woodlawn Ave,5850 S WOODLAWN AVE,HYDE PARK,Worship Facility,1928,1,41.7881194,-87.5965278,row_2022,501896,1,,30591.6,coord_nearest,low,"year guard: coord_nearest candidate 500461 built 1949, property built 1928; year guard: coord_nearest candidate 824800 built 2004, property built 1928; nearest footprint 43 m from the trusted coordinate"
252056,1115-25 East 58th Street,1115-1125 E 58TH ST,HYDE PARK,Office,1893,2,41.7890062,-87.5986549,row_2018,883254,1,,5610.1,T1,high,
252057,1126 E 59th St,1126 E 59TH ST,HYDE PARK,College/University,1929,1,41.7878892,-87.5984784,row_2022,884584,1,,10494.7,T1,high,
252058,915 E 60th St,915 E 60TH ST,WOODLAWN,Performing Arts,2011,1,41.785791,-87.6037447,row_2022,894278,1,2012,52971,T1,high,
252059,1212 E 59th St,1212 E 59TH ST,HYDE PARK,Other - Entertainment/Public Assembly,1916,1,41.7879215,-87.5958063,row_2022,501896,1,,30591.6,T1,high,
252060,950 E 61st St,950 E 61ST ST,WOODLAWN,Office,1970,1,41.784209,-87.6023829,row_2022,514273,1,,23994,T1,high,
252061,1313 E 60th St,1313 E 60TH ST,WOODLAWN,College/University,1938,1,41.78596,-87.5940866,row_2022,511560,1,,2865.2,coord_nearest,low,"year guard: address candidate 509741 built 1961, property built 1938; year guard: coord_nearest candidate 509946 built 1958, property built 1938; nearest footprint 68 m from the trusted coordinate"
252064,1100 E 57th St,1100 E 57TH ST,HYDE PARK,Library,2009,1,41.7915214,-87.5995006,row_2022,487268,1,,88624.5,T1,high,
252065,280 S Columbus Dr,280 S COLUMBUS DR,LOOP,,,,41.8783843,-87.6208316,row_2022,881847,1,,372402.6,coord_nearest,low,nearest footprint 33 m from the trusted coordinate
252066,65 E Monroe St,65 E MONROE ST,LOOP,Multifamily Housing,2009,1,41.8806963,-87.6252844,row_2022,881851,1,1912,18577.3,coord_nearest,medium,nearest footprint 1 m from the trusted coordinate
252067,3311 S Michigan Ave,3311 S MICHIGAN AVE,DOUGLAS,Senior Living Community,1976,1,41.83433,-87.6231738,row_2022,413090,1,,9005.4,T1,high,
252068,22 W Monroe St,22 W MONROE ST,LOOP,,,,41.880845,-87.628591,row_2022,880580,1,,23488.5,T2,low,direction E vs W; 114 m from the trusted coordinate
252069,11 W 26th St,11 W 26TH ST,DOUGLAS,,,,41.8454682,-87.627453,row_2022,886031,1,2006,31300.1,T1,high,
252070,4700 S Lake Park Ave,4700 S LAKE PARK AVE,KENWOOD,Multifamily Housing,1971,3,41.8095348,-87.5924502,row_2022,443297,1,1957,5790.5,T1,high,
252071,520 S State St,520 S STATE ST,LOOP,Multifamily Housing,2008,1,41.8752473,-87.6277672,row_2022,891265,1,2009,25967.2,T1,high,
252072,641 W Lake St,641 W LAKE ST,NEAR WEST SIDE,Office,1903,1,41.8855862,-87.6442984,row_2022,814368,1,,9481.3,T1,high,
252073,118 S Clinton St,118 S CLINTON ST,NEAR WEST SIDE,Office,1910,1,41.8799571,-87.64128,row_2022,358299,1,1905,10542,T1,high,
252075,4248 W 47TH ST,4248 W 47TH ST,ARCHER HEIGHTS,K-12 School,2008,,41.8078949,-87.7303603,row_2022,444832,1,1932,62593.6,T1,high,
252076,2916 W 47TH ST,2916 W 47TH ST,BRIGHTON PARK,K-12 School,2007,1,41.8083363,-87.6973892,row_2022,445963,1,,15620.5,T1,high,
252077,5050 S HOMAN AVE,5050 S HOMAN AVE,GAGE PARK,K-12 School,2011,,41.8010679,-87.7088347,row_2022,894356,1,2011,27930.9,T1,high,
252078,5025 S ST LOUIS,5025 S ST LOUIS,GAGE PARK,K-12 School,2013,1,41.8017562,-87.7109883,row_2022,894355,1,2013,63099.8,T1,high,
252079,2050 N NATCHEZ AVE,2050 N NATCHEZ AVE,BELMONT CRAGIN,K-12 School,2012,,41.9179365,-87.7878669,row_2022,283163,1,,206121.4,coord_nearest,medium,nearest footprint 2 m from the trusted coordinate
252080,400 W Ontario St,400 W ONTARIO ST,NEAR NORTH SIDE,Multifamily Housing,1999,1,41.8932355,-87.6387765,row_2022,876279,1,,17117.5,T1,high,
252082,4540 W Belmont Ave,4540 W BELMONT AVE,IRVING PARK,K-12 School,2014,1,41.9390156,-87.7411475,row_2022,848162,1,,40382.5,T1,high,
252083,2335 N Orchard St,2335 N ORCHARD ST,LINCOLN PARK,,,,41.9246926,-87.6461638,row_2022,262150,1,,22995.2,T1,high,
252084,400 W 95th St,400 W 95TH ST,WASHINGTON HEIGHTS,,,,41.7217013,-87.6335578,row_2022,699575,1,,4806.7,T1,high,1 in-range footprint(s) on the same-named street of another type ignored
252085,6850 S Crandon Ave,6850 S CRANDON AVE,SOUTH SHORE,,,,41.7701889,-87.57003,row_2022,561934,1,,17706.6,coord_nearest,medium,nearest footprint 0 m from the trusted coordinate
252086,27 E Monroe St,27 E MONROE ST,LOOP,,,,41.8806706,-87.6267379,row_2022,814632,1,1912,4516,T1,high,
252088,8444 W Wilson Ave,8444 W WILSON AVE,OHARE,Multifamily Housing,1960,4,41.9638465,-87.8385723,row_2022,122725,1,,2243.5,coord_nearest,medium,"year guard: coord_nearest candidate 117977 built 1979, property built 1960; year guard: coord_nearest candidate 120530 built 1979, property built 1960; year guard: coord_nearest candidate 120903 built 1979, property built 1960; year guard: coord_nearest candidate 121327 built 1979, property built 1960; year guard: coord_nearest candidate 121497 built 1979, property built 1960; year guard: coord_nearest candidate 121509 built 1979, property built 1960; year guard: coord_nearest candidate 121519 built 1979, property built 1960; nearest footprint 26 m from the trusted coordinate"
252090,20 E Delaware Pl,20 E DELAWARE PL,NEAR NORTH SIDE,Hotel,1927,1,41.8992645,-87.6273796,row_2022,891282,1,1924,6621.2,T1,high,
252091,1301 E 47th St,1301 E 47TH ST,KENWOOD,Office,1970,1,41.8095532,-87.5949564,row_2022,443171,1,,92193.6,T1,high,
252092,10808 - 10830 S Doty Ave W,10808-10830 S DOTY AVE,PULLMAN,Retail Store,2013,1,41.6980137,-87.5957163,row_2022,,0,,,none,none,no footprint within 75 m of the trusted coordinate
252094,1110 N Lake Shore Dr,1110 N LAKE SHORE DR,NEAR NORTH SIDE,Multifamily Housing,1970,,41.9028154,-87.6247719,row_2022,322678,1,1970,4773,T1,high,
252095,1427 E 60th St,1427 E 60TH ST,WOODLAWN,Office,2001,1,41.7859954,-87.5903969,row_2022,815679,1,,24341.5,T1,high,
252104,2650 W Bradley Pl,2650 W BRADLEY PL,North Center,Office,1981,3,41.9495476,-87.6948209,row_2022,167472,1,,47219.9,T1,high,
252105,611 S Wells St,611 S WELLS ST,LOOP,Multifamily Housing,2007,1,41.874243,-87.6334765,row_2022,891264,1,2009,18698.6,T1,high,
252107,205 E Randolph St,205 E RANDOLPH ST,LOOP,Performing Arts,2003,1,41.884167,-87.6221133,row_2022,821496,1,,14380.3,T1,high,
252112,2526 W Cermak Ave,2526 W CERMAK AVE,SOUTH LAWNDALE,Supermarket/Grocery Store,2006,,41.8521007,-87.6890511,row_2022,384809,1,1899,69966.9,T1,high,
252121,211 E Grand Ave,211 E GRAND AVE,NEAR NORTH SIDE,Hotel,2012,1,41.891659,-87.6222044,row_2022,881857,1,,976.2,T1,high,
252123,7200 S Ingleside Ave,7200 S INGLESIDE AVE,GREATER GRAND CROSSING,Other,2006,1,41.7640703,-87.6020108,row_2022,837965,1,2005,27161.9,T1,high,
252124,2666 E 73rd St,2666 E 73RD ST,SOUTH SHORE,Multifamily Housing,1928,1,41.7645422,-87.5599259,row_2022,574509,1,1929,7088.2,T1,high,
252125,1 S Franklin St,1 S FRANKLIN ST,LOOP,Hotel,1990,1,41.8819028,-87.6351641,row_2022,357008,1,1958,9459.8,T1,high,
252126,7601 S Cicero Ave,7601 S CICERO AVE,WEST LAWN,Movie Theater,1990,1,41.7546601,-87.7413848,row_2022,598914,1,,916095.1,T1,high,
252127,922 W Washington Blvd,922 W WASHINGTON BLVD,Near West Side,Multifamily Housing,2015,1,41.883196,-87.6507588,row_2022,879763,1,1921,12108.5,coord_nearest,medium,nearest footprint 0 m from the trusted coordinate
252216,5801 N Sheridan Rd,5801 N SHERIDAN RD,EDGEWATER,Multifamily Housing,1956,1,41.9874524,-87.6551588,row_2022,47226,1,1954,9390.5,T1,high,
252217,1320 W Fullerton Ave,1320 W FULLERTON AVE,LINCOLN PARK,Fitness Center/Health Club/Gym,1984,1,41.9253574,-87.6613885,row_2022,257181,1,,88165.1,coord_nearest,medium,"year guard: coord_nearest candidate 261860 built 1995, property built 1984; year guard: coord_nearest candidate 264176 built 1988, property built 1984; year guard: coord_nearest candidate 883631 built 2007, property built 1984; nearest footprint 1 m from the trusted coordinate"
252218,343 W. Erie St,343 W ERIE ST,NEAR NORTH SIDE,Office,1910,1,41.8938396,-87.6372478,row_2022,343439,1,,12796.5,coord_nearest,medium,"year guard: coord_nearest candidate 341969 built 1930, property built 1910; year guard: coord_nearest candidate 342005 built 1937, property built 1910; year guard: coord_nearest candidate 342503 built 1994, property built 1910; year guard: coord_nearest candidate 342803 built 1953, property built 1910; year guard: coord_nearest candidate 343955 built 1985, property built 1910; year guard: coord_nearest candidate 344116 built 1939, property built 1910; year guard: coord_nearest candidate 836111 built 2005, property built 1910; nearest footprint 0 m from the trusted coordinate"
252219,5555 S Everett Ave,5555 S EVERETT AVE,HYDE PARK,Multifamily Housing,1932,1,41.7936431,-87.5823505,row_2022,483500,1,1925,12522.6,T1,high,
252240,331 W Surf St,331 W SURF ST,LAKE VIEW,Medical Office,2015,1,41.9342613,-87.6380656,row_2022,861930,1,1962,70225.6,coord_nearest,medium,nearest footprint 17 m from the trusted coordinate
252246,4131 W Cortland St,4131 W CORTLAND ST,HERMOSA,,,,41.9151867,-87.7301023,row_2022,860893,1,,11849.6,T1,high,
252247,222 E Chestnut,222 E CHESTNUT,NEAR NORTH SIDE,Multifamily Housing,1929,1,41.8985443,-87.6209121,row_2022,877658,1,1931,5094.7,T1,high,
252248,2815 W 79th St,2815 W 79TH ST,ASHBURN,Senior Living Community,2010,1,41.7497265,-87.6932733,row_2022,892133,1,2011,17582.2,T1,high,
252249,4623 W Galdys Ave,4623 W GALDYS AVE,AUSTIN,Multifamily Housing,2011,1,41.8758618,-87.741314,row_2022,363463,1,,55.3,coord_nearest,low,street 'GALDYS' is not in the footprint table; nearest footprint 31 m from the trusted coordinate
252250,840 850 W Argyle St,840-850 W ARGYLE ST,UPTOWN,Multifamily Housing,1951,1,41.9734658,-87.6518108,row_2022,84240,1,1953,8019.4,T1,high,
252251,300 W 23rd St,300 W 23RD ST,ARMOUR SQUARE,Multifamily Housing,1976,1,41.8510442,-87.6348198,row_2022,387655,1,1978,14677.1,T1,high,
252252,635 W Grace St,635 W GRACE ST,LAKE VIEW,Multifamily Housing,1974,1,41.9519025,-87.6463573,row_2022,158076;158697,2,1975,13781.1,T1_multi,high,
252253,1170 W Erie St,1170 W ERIE ST,WEST TOWN,Multifamily Housing,1972,1,41.8933909,-87.6570574,row_2022,342703,1,1970,8354.1,T1,high,
252256,7018 S Cregier Ave,7018 S CREGIER AVE,SOUTH SHORE,Multifamily Housing,1980,1,41.7673821,-87.5814054,row_2022,569189,1,1928,6249,T1,high,
252258,1222 W Roosevelt Rd,1222 W ROOSEVELT RD,NEAR WEST SIDE,Multifamily Housing,2005,1,41.8670903,-87.6576734,row_2022,836360,1,2005,4876.5,T1,high,
252259,4536-40 N Magnolia Ave,4536-4540 N MAGNOLIA AVE,UPTOWN,Multifamily Housing,1929,2,41.9646313,-87.6611531,row_2022,857305;857306,2,1929,11504,T1_multi,high,
252261,301 N Austin Blvd,301 N AUSTIN BLVD,AUSTIN,Multifamily Housing,1924,1,41.8856537,-87.7746884,row_2022,353656,1,,14412.2,T1,high,
252262,1816 N St Louis Ave,1816 N ST LOUIS AVE,LOGAN SQUARE,,,,41.9142184,-87.7135843,row_2022,813205,1,,4471.6,T1,high,
252264,1257 1265 W Pratt Blvd,1257-1265 W PRATT BLVD,ROGERS PARK,Multifamily Housing,1919,1,42.0053938,-87.6631998,row_2022,15033,1,1919,11174.9,T1,high,
252265,421 S Central Ave,421 S CENTRAL AVE,AUSTIN,Multifamily Housing,2000,3,41.8740103,-87.7644859,row_2022,365714,1,,7028,T1,high,
252266,4829 S Cottage Grove,4829 S COTTAGE GROVE,KENWOOD,Multifamily Housing,1970,1,41.8068347,-87.6063608,row_2022,821738,1,,12947.3,T1,high,
252267,801 S Wells St,801 S WELLS ST,LOOP,,,,41.872091,-87.6334248,row_2022,366993,1,1908,14244.7,T1,high,
252268,2800 W Fulton St,2800 W FULTON ST,EAST GARFIELD PARK,Senior Living Community,2000,1,41.8866462,-87.6965581,row_2022,352591,1,1927,5691.2,coord_nearest,medium,"year guard: address candidate 851755 built 2006, property built 2000; year guard: coord_nearest candidate 832781 built 2005, property built 2000; year guard: coord_nearest candidate 860177 built 2006, property built 2000; nearest footprint 20 m from the trusted coordinate"
252269,1143-53 N Lavergne,1143-1153 N LAVERGNE,AUSTIN,,,,41.9017563,-87.7507129,row_2022,326162,1,,60745.5,coord_nearest,medium,nearest footprint 12 m from the trusted coordinate
252270,25 E Delaware Pl,25 E DELAWARE PL,NEAR NORTH SIDE,Multifamily Housing,1928,1,41.8990507,-87.6270984,row_2022,331340,1,1927,4429.9,T1,high,
252274,5957-73 W Madison St,5957-5973 W MADISON ST,AUSTIN,Multifamily Housing,1930,1,41.8799858,-87.7740984,row_2022,855401,1,1928,22580.9,coord_nearest,medium,nearest footprint 6 m from the trusted coordinate
252279,1122-40 W Lunt Ave,1122-1140 W LUNT AVE,ROGERS PARK,Multifamily Housing,1949,3,42.0093163,-87.6606301,row_2022,9764;9774;9807,3,,12529.4,T1_multi,high,
252284,2600 N Southport Ave,2600 N SOUTHPORT AVE,LINCOLN PARK,Multifamily Housing,1920,1,41.9288911,-87.6635922,row_2022,251612,1,,1882.8,coord_nearest,medium,"year guard: address candidate 248570 built 1990, property built 1920; year guard: coord_nearest candidate 248665 built 1990, property built 1920; year guard: coord_nearest candidate 251640 built 1929, property built 1920; year guard: coord_nearest candidate 251676 built 1928, property built 1920; year guard: coord_nearest candidate 251738 built 1988, property built 1920; year guard: coord_nearest candidate 251739 built 1988, property built 1920; year guard: coord_nearest candidate 251796 built 1995, property built 1920; year guard: coord_nearest candidate 850257 built 2006, property built 1920; year guard: coord_nearest candidate 850260 built 2006, property built 1920; nearest footprint 14 m from the trusted coordinate"
252286,5042 N. Winthrop,5042 N WINTHROP,UPTOWN,Multifamily Housing,1920,1,41.97453,-87.6579155,row_2022,857008,1,1911,4734,coord_nearest,medium,"year guard: address candidate 857010 built 1933, property built 1920; year guard: coord_nearest candidate 79947 built 1930, property built 1920; year guard: coord_nearest candidate 80335 built 1980, property built 1920; year guard: coord_nearest candidate 80569 built 1928, property built 1920; year guard: coord_nearest candidate 81175 built 1993, property built 1920; year guard: coord_nearest candidate 83643 built 1926, property built 1920; year guard: coord_nearest candidate 857009 built 1930, property built 1920; year guard: coord_nearest candidate 857025 built 1993, property built 1920; nearest footprint 8 m from the trusted coordinate"
252288,137-143 N Parkside Ave,137-143 N PARKSIDE AVE,AUSTIN,Multifamily Housing,1920,2,41.8833283,-87.7664692,row_2022,356149,1,1899,1113.5,coord_nearest,medium,"year guard: address candidate 355935 built 1930, property built 1920; year guard: address candidate 859504 built 2006, property built 1920; year guard: coord_nearest candidate 356245 built 1930, property built 1920; year guard: coord_nearest candidate 356596 built 1930, property built 1920; year guard: coord_nearest candidate 356604 built 1929, property built 1920; year guard: coord_nearest candidate 832642 built 1999, property built 1920; year guard: coord_nearest candidate 832643 built 1999, property built 1920; year guard: coord_nearest candidate 832644 built 1999, property built 1920; year guard: coord_nearest candidate 832645 built 1999, property built 1920; year guard: coord_nearest candidate 832646 built 1999, property built 1920; year guard: coord_nearest candidate 832647 built 1999, property built 1920; year guard: coord_nearest candidate 832648 built 1999, property built 1920; year guard: coord_nearest candidate 832650 built 2000, property built 1920; year guard: coord_nearest candidate 832651 built 2005, property built 1920; year guard: coord_nearest candidate 832652 built 2005, property built 1920; year guard: coord_nearest candidate 832653 built 2005, property built 1920; year guard: coord_nearest candidate 832658 built 2005, property built 1920; year guard: coord_nearest candidate 859890 built 2006, property built 1920; nearest footprint 7 m from the trusted coordinate"
252289,2128-40 N Kedzie,2128-2140 N KEDZIE,LOGAN SQUARE,Multifamily Housing,1900,6,41.9201574,-87.707208,row_2022,277320,1,,25693.1,T1,high,"year guard: address candidate 833784 built 2005, property built 1900"
252291,4946 N Sheridan Rd,4946 N SHERIDAN RD,UPTOWN,Multifamily Housing,1928,1,41.9729461,-87.6550671,row_2022,857176,1,1918,13960.8,T1,high,
252292,5700 N Sheridan Rd,5700 N SHERIDAN RD,EDGEWATER,Multifamily Housing,1946,1,41.9856411,-87.6553885,row_2022,51214,1,,1358,coord_nearest,low,"year guard: address candidate 50957 built 1969, property built 1946; year guard: coord_nearest candidate 50285 built 1966, property built 1946; year guard: coord_nearest candidate 52570 built 1970, property built 1946; year guard: coord_nearest candidate 52604 built 1972, property built 1946; year guard: coord_nearest candidate 854525 built 1972, property built 1946; nearest footprint 42 m from the trusted coordinate"
252294,510-24 W Wellington,510-524 W WELLINGTON,LAKE VIEW,Multifamily Housing,1949,1,41.9366554,-87.6423584,row_2022,220180;220584,2,,15123,T1_multi,high,
252295,1501 W Belmont Ave,1501 W BELMONT AVE,LAKE VIEW,Multifamily Housing,1970,1,41.9396185,-87.6663602,row_2022,210293,1,1959,2597.9,coord_nearest,medium,"year guard: address candidate 833141 built 2005, property built 1970; year guard: coord_nearest candidate 211126 built 1988, property built 1970; year guard: coord_nearest candidate 847768 built 2006, property built 1970; year guard: coord_nearest candidate 848637 built 2006, property built 1970; year guard: coord_nearest candidate 848638 built 2006, property built 1970; year guard: coord_nearest candidate 890008 built 2009, property built 1970; year guard: coord_nearest candidate 892821 built 2010, property built 1970; nearest footprint 20 m from the trusted coordinate"
252297,2575 W Lyndale,2575 W LYNDALE,LOGAN SQUARE,Multifamily Housing,1924,1,41.9223292,-87.6922225,row_2022,270224,1,,6455,coord_nearest,medium,"year guard: coord_pip candidate 271138 built 1928, property built 1924; nearest footprint 22 m from the trusted coordinate"
252299,532 W Roscoe,532 W ROSCOE,LAKE VIEW,Multifamily Housing,1971,1,41.9434489,-87.6433135,row_2022,861468,1,1971,10994.9,T1,high,
252301,1934 N Washtenaw Ave,1934 N WASHTENAW AVE,LOGAN SQUARE,Multifamily Housing,2001,1,41.916759,-87.6948705,row_2022,288212,1,,27529.1,T1,high,
252302,6531 S. Lowe Ave.,6531 S LOWE AVE,ENGLEWOOD,,,,41.7752573,-87.6406034,row_2022,543802,1,1974,33986.9,T1,high,
252303,6236-44 S King Dr,6236-6244 S DR MARTIN LUTHER KING JR DR,WASHINGTON PARK,,,,41.7809549,-87.6157887,row_2022,527257,1,1916,11379.4,T1,high,
252309,7320 N Sheridan Rd,7320 N SHERIDAN RD,ROGERS PARK,Multifamily Housing,1994,1,42.0145618,-87.6645859,row_2022,4347,1,1995,10218.1,T1,high,
252310,917 W Eastwood Ave,917 W EASTWOOD AVE,UPTOWN,Multifamily Housing,1926,1,41.9662837,-87.6534914,row_2022,111035,1,1911,3033.6,coord_pip,medium,"year guard: address candidate 110959 built 1934, property built 1926"
252311,824 832 E 53rd St,824-832 E 53RD ST,HYDE PARK,Multifamily Housing,1930,1,41.798741,-87.6052753,row_2022,465068,1,1923,14585.9,T1,high,1 in-range footprint(s) on the same-named street of another type ignored
252312,346 E 53rd St,346 E 53RD ST,WASHINGTON PARK,,,,41.79855,-87.6174567,row_2022,892073,1,2010,16273.9,T1,high,
252313,5040 N. Pulaski,5040 N PULASKI,NORTH PARK,Office,1923,1,41.9730489,-87.7283087,row_2022,87274,1,,28124,T1,high,"year guard: address candidate 462264 built 1954, property built 1923"
252315,6151 N Winthrop Ave,6151 N WINTHROP AVE,EDGEWATER,Multifamily Housing,1925,1,41.9938182,-87.6581835,row_2022,33592,1,1917,6977.7,coord_nearest,medium,"year guard: address candidate 33667 built 1931, property built 1925; year guard: coord_nearest candidate 32053 built 1949, property built 1925; year guard: coord_nearest candidate 32861 built 1968, property built 1925; year guard: coord_nearest candidate 33721 built 1973, property built 1925; year guard: coord_nearest candidate 34038 built 1974, property built 1925; year guard: coord_nearest candidate 34526 built 1969, property built 1925; year guard: coord_nearest candidate 34812 built 1968, property built 1925; year guard: coord_nearest candidate 35030 built 1970, property built 1925; nearest footprint 23 m from the trusted coordinate"
252316,4615 N Clifton Ave,4615 N CLIFTON AVE,UPTOWN,,,,41.9658973,-87.6587166,row_2022,111033,1,1920,11612,T1,high,
252317,4423 N Sheridan Ave,4423 N SHERIDAN AVE,UPTOWN,Multifamily Housing,1927,1,41.9625143,-87.6546105,row_2022,845003,1,1909,4840.3,coord_nearest,medium,"year guard: address candidate 122970 built 1949, property built 1927; year guard: coord_nearest candidate 119865 built 1966, property built 1927; nearest footprint 27 m from the trusted coordinate"
252318,7600 N Bosworth,7600 N BOSWORTH,ROGERS PARK,Multifamily Housing,1922,1,42.0194545,-87.6696441,row_2022,308,1,1925,13456.1,T1,high,
252319,7425 S South Shore Dr,7425 S SOUTH SHORE DR,SOUTH SHORE,Multifamily Housing,1926,1,41.7617836,-87.5581768,row_2022,581572,1,1923,21335.4,T1,high,
252320,1353 & 1357 S Blue Island Ave,1353-1357 S BLUE ISLAND AVE,NEAR WEST SIDE,Multifamily Housing,1994,2,41.86418,-87.65573,covered_list,373538;373906;374022,3,1994,32390.2,T1_multi,high,
252322,4938 W Quincy St,4938 W QUINCY ST,AUSTIN,Multifamily Housing,1930,6,41.8777549,-87.7488635,row_2022,361321,1,,17764.6,coord_nearest,medium,"year guard: coord_nearest candidate 362046 built 1992, property built 1930; year guard: coord_nearest candidate 362053 built 1992, property built 1930; year guard: coord_nearest candidate 362056 built 1992, property built 1930; year guard: coord_nearest candidate 362061 built 1992, property built 1930; year guard: coord_nearest candidate 362071 built 1992, property built 1930; year guard: coord_nearest candidate 362091 built 1992, property built 1930; year guard: coord_nearest candidate 362092 built 1992, property built 1930; year guard: coord_nearest candidate 362097 built 1992, property built 1930; nearest footprint 2 m from the trusted coordinate"
252323,401 E Bowen Ave,401 E BOWEN AVE,GRAND BOULEVARD,,,,41.8192285,-87.6164518,row_2022,866233,1,,8026.4,T1,high,
252324,1116 N Kedzie Ave,1116 N KEDZIE AVE,HUMBOLDT PARK,Office,1922,1,41.901566,-87.7068964,row_2022,325728,1,,49422.1,T1,high,
252326,6200-42 N Hoyne Ave,6200-6242 N HOYNE AVE,WEST RIDGE,Multifamily Housing,1950,1,41.994312,-87.6825391,row_2022,32494,1,,12011.5,T1_multi,medium,3 in-range footprints more than 60 m apart; nearest the trusted coordinate kept
252328,5630 N Sheridan Ave,5630 N SHERIDAN AVE,EDGEWATER,Multifamily Housing,1957,1,41.9846998,-87.6553704,row_2022,54061,1,1949,18599.1,T1,high,
252333,1250 W Morse Ave,1250 W MORSE AVE,ROGERS PARK,Multifamily Housing,1980,1,42.0080576,-87.6635598,row_2022,11398,1,1916,11997.8,T1,high,
253904,1250 W Van Buren St,1250 W VAN BUREN ST,NEAR WEST SIDE,Multifamily Housing,1927,1,41.876595,-87.6590055,row_2022,836304,1,,15223.9,T1,high,
253905,420 W Surf St,420 W SURF ST,LAKE VIEW,Multifamily Housing,1933,1,41.934439,-87.6402174,row_2022,229214,1,1934,7494.5,T1,high,
253946,7736 7772 N Sheridan Rd,7736-7772 N SHERIDAN RD,ROGERS PARK,Multifamily Housing,2003,1,42.0223124,-87.6669802,row_2022,892398,1,2003,1404.7,T1_multi,medium,9 in-range footprints more than 60 m apart; nearest the trusted coordinate kept
253951,1801 S Michigan Ave,1801 S MICHIGAN AVE,NEAR SOUTH SIDE,Multifamily Housing,1998,1,41.8578168,-87.623785,row_2022,378014,1,,17915.9,T1,high,
253952,8439-8503 W Catherine Ave,8439-8503 W CATHERINE AVE,OHARE,,,,41.9773504,-87.8382881,row_2022,76256,1,,22432.1,T1,high,
253954,1717 N Crilly Ct,1717 N CRILLY CT,LINCOLN PARK,Multifamily Housing,1891,1,41.9133919,-87.6356245,row_2022,295737,1,,16804.9,T1,high,
253955,550 W Fulton,550 W FULTON,NEAR WEST SIDE,Multifamily Housing,1999,1,41.8869244,-87.6418503,row_2022,815132,1,,13162.1,T1,high,
253956,3611 W Montrose Ave,3611 W MONTROSE AVE,Irving Park,Multifamily Housing,1996,1,41.9609543,-87.7185194,row_2022,130050,1,1913,1527.7,coord_pip,medium,"year guard: address candidate 845231 built 2006, property built 1996"
253957,7201-09 S Yates Blvd,7201-7209 S YATES BLVD,SOUTH SHORE,Multifamily Housing,1926,1,41.7643451,-87.5663393,row_2022,576063,1,,22538.5,T1,high,
253958,523 S Plymouth Ct,523 S PLYMOUTH CT,Loop,Multifamily Housing,1915,1,41.8752074,-87.6285488,row_2022,814889,1,1917,7123.7,T1,high,
253959,2333 W Saint Paul Ave,2333 W ST PAUL AVE,West Town,Multifamily Housing,1950,1,41.9133871,-87.686249,row_2022,296671,1,1904,5897.1,coord_nearest,medium,"year guard: address candidate 296684 built 1998, property built 1950; year guard: coord_nearest candidate 835923 built 2005, property built 1950; year guard: coord_nearest candidate 884047 built 2007, property built 1950; nearest footprint 20 m from the trusted coordinate"
253961,2545 W. Fitch Ave.,2545 W FITCH AVE,WEST RIDGE,Multifamily Housing,1950,1,42.0085073,-87.6946615,row_2017,8305,1,1950,8167.1,T1,high,
253962,621 S Plymouth Ct,621 S PLYMOUTH CT,Loop,Multifamily Housing,1915,1,41.8739546,-87.6285361,row_2022,364707,1,,8755.9,coord_nearest,medium,"year guard: address candidate 365045 built 1986, property built 1915; year guard: coord_nearest candidate 814922 built 1986, property built 1915; year guard: coord_nearest candidate 814932 built 1927, property built 1915; year guard: coord_nearest candidate 893134 built 2012, property built 1915; nearest footprint 11 m from the trusted coordinate"
253963,1210  E 78th St,1210 E 78TH ST,Avalon Park,Multifamily Housing,2015,1,41.753325,-87.5950408,row_2022,892824,1,2010,14368.2,coord_pip,medium,
253964,7150 S Cyril Ct,7150 S CYRIL CT,SOUTH SHORE,Multifamily Housing,1929,1,41.7645579,-87.5770845,row_2022,575188,1,,10337,T1,high,
253965,230 W Huron St,230 W HURON ST,NEAR NORTH SIDE,Office,1903,1,41.8948831,-87.6355031,row_2022,340480,1,,9509.3,coord_nearest,low,"year guard: address candidate 341089 built 1937, property built 1903; year guard: coord_nearest candidate 340448 built 1925, property built 1903; year guard: coord_nearest candidate 341916 built 1925, property built 1903; year guard: coord_nearest candidate 341969 built 1930, property built 1903; year guard: coord_nearest candidate 813712 built 1969, property built 1903; year guard: coord_nearest candidate 813727 built 1911, property built 1903; year guard: coord_nearest candidate 813744 built 1989, property built 1903; year guard: coord_nearest candidate 813779 built 1988, property built 1903; year guard: coord_nearest candidate 891792 built 2010, property built 1903; nearest footprint 43 m from the trusted coordinate"
253966,1501 W Melrose St,1501 W MELROSE ST,LAKE VIEW,Senior Living Community,2009,1,41.9405312,-87.6663826,row_2022,892821,1,2010,28044.7,T1,high,
253967,20 N State St,20 N STATE ST,Loop,Multifamily Housing,1930,1,41.8824926,-87.6279958,row_2022,356119,1,1906,51514.8,coord_nearest,medium,"year guard: coord_nearest candidate 814515 built 1979, property built 1930; year guard: coord_nearest candidate 820540 built 2005, property built 1930; year guard: coord_nearest candidate 868625 built 1960, property built 1930; nearest footprint 5 m from the trusted coordinate"
253968,4655 W Berteau Ave,4655 W BERTEAU AVE,Portage Park,Multifamily Housing,1970,1,41.9563963,-87.7452359,row_2022,147027,1,1912,1516,coord_nearest,low,"year guard: coord_nearest candidate 145148 built 1979, property built 1970; year guard: coord_nearest candidate 845514 built 2006, property built 1970; year guard: coord_nearest candidate 886717 built 2007, property built 1970; year guard: coord_nearest candidate 886718 built 2007, property built 1970; year guard: coord_nearest candidate 886719 built 2007, property built 1970; year guard: coord_nearest candidate 886720 built 2007, property built 1970; year guard: coord_nearest candidate 887924 built 2008, property built 1970; nearest footprint 48 m from the trusted coordinate"
253969,459 W Division St,459 W DIVISION ST,NEAR NORTH SIDE,Multifamily Housing,2016,1,41.9036488,-87.6404632,row_2022,,0,,,none,none,"built 2016, after the City's 2015 footprint layer: no footprint in it can be this building"
253972,3900  W BRYN MAWR AVE,3900 W BRYN MAWR AVE,North Park,Multifamily Housing,1997,1,41.9829578,-87.7257507,row_2022,57959,1,1994,15457.2,coord_nearest,low,nearest footprint 54 m from the trusted coordinate
253973,4015 N Milwaukee Ave,4015 N MILWAUKEE AVE,Portage Park,Multifamily Housing,2007,1,41.953804,-87.7477339,row_2022,153777,1,,8815.4,coord_pip,medium,
253980,120 E Cullerton St,120 E CULLERTON ST,NEAR SOUTH SIDE,Multifamily Housing,1890,2,41.8556149,-87.6228803,row_2022,821240,1,,7894.1,coord_pip,medium,
253982,111 W Polk St,111 W POLK ST,Loop,Multifamily Housing,2014,1,41.8720871,-87.6309691,row_2022,886002,1,2008,31604.6,coord_nearest,medium,nearest footprint 19 m from the trusted coordinate
253983,657 W Fulton St,657 W FULTON ST,NEAR WEST SIDE,Multifamily Housing,2006,1,41.8866947,-87.6450336,row_2022,834534,1,2005,22175.5,coord_nearest,medium,nearest footprint 6 m from the trusted coordinate
253984,311 W Superior St,311 W SUPERIOR ST,Near North Side,,,,41.895456,-87.6361911,row_2022,340504,1,,18017.9,T1,high,
253986,430 W Erie St,430 W ERIE ST,Near North Side,,,,41.8940287,-87.6398369,row_2022,342647,1,,9832.6,T1,high,
253987,4900 N Marine Dr,4900 N MARINE DR,Uptown,Multifamily Housing,1948,1,41.9716553,-87.6505761,row_2022,88963,1,,9493.5,T1,high,
253988,400 W Erie St,400 W ERIE ST,Near North Side,,,,41.8940423,-87.6386031,row_2022,871138,1,1915,14409.3,T1,high,
253989,820 N Orleans St,820 N ORLEANS ST,Near North Side,,,,41.897338,-87.6373454,row_2022,874084,1,,21011.1,coord_nearest,medium,nearest footprint 5 m from the trusted coordinate
253990,3151 N Lincoln Ave,3151 N LINCOLN AVE,Lake View,Multifamily Housing,1936,1,41.9398563,-87.65846,row_2019,210372,1,,29835.6,T1,high,
253991,1735 N Paulina,1735 N PAULINA,West Town,Multifamily Housing,2007,1,41.9134254,-87.6700625,row_2022,296227,1,1904,29897.7,T1,high,
253992,1041 1051 W Glenlake Ave,1041-1051 W GLENLAKE AVE,Edgewater,Multifamily Housing,1969,1,41.9922243,-87.6570727,row_2022,38092,1,,11838.5,coord_pip,medium,
253993,2500 N Lakeview Ave,2500 N LAKEVIEW AVE,Lincoln Park,Multifamily Housing,1975,1,41.9281285,-87.6393553,row_2022,252007,1,1972,20881.6,T1,high,
253994,5235 N Ravenswood Ave,5235 N RAVENSWOOD AVE,Edgewater,Multifamily Housing,1890,1,41.9770623,-87.6742892,row_2022,74586,1,1889,1261.5,coord_nearest,low,"year guard: address candidate 71485 built 1988, property built 1890; year guard: coord_nearest candidate 71515 built 1901, property built 1890; year guard: coord_nearest candidate 71814 built 1946, property built 1890; year guard: coord_nearest candidate 72794 built 1910, property built 1890; year guard: coord_nearest candidate 73216 built 1915, property built 1890; year guard: coord_nearest candidate 73222 built 1915, property built 1890; year guard: coord_nearest candidate 73225 built 1915, property built 1890; year guard: coord_nearest candidate 73240 built 1911, property built 1890; year guard: coord_nearest candidate 73380 built 1906, property built 1890; year guard: coord_nearest candidate 74423 built 1952, property built 1890; year guard: coord_nearest candidate 74510 built 1906, property built 1890; year guard: coord_nearest candidate 74529 built 1919, property built 1890; year guard: coord_nearest candidate 74538 built 1919, property built 1890; year guard: coord_nearest candidate 74562 built 1906, property built 1890; year guard: coord_nearest candidate 75675 built 1942, property built 1890; year guard: coord_nearest candidate 842284 built 2006, property built 1890; nearest footprint 43 m from the trusted coordinate"
253995,1017 W Washington Blvd,1017 W WASHINGTON BLVD,Near West Side,,,,41.8829393,-87.6528237,row_2022,868067;868068,2,1909,44595.6,T1_multi,high,
253996,2100 N Lincoln Park West,2100 N LINCOLN PARK,Lincoln Park,Multifamily Housing,1916,1,41.9202653,-87.6365525,row_2022,275293,1,1919,16300.9,T1,high,
254001,4434 4444 N Damen Ave,4434-4444 N DAMEN AVE,North Center,Multifamily Housing,2007,1,,,none,122799,1,1930,13865.3,T1,high,
254004,2700 N Halsted St,2700 N HALSTED ST,Lincoln Park,Multifamily Housing,2002,1,41.9315733,-87.6491189,row_2022,861942,1,,3445.9,coord_nearest,medium,"year guard: address candidate 849894 built 2006, property built 2002; year guard: coord_nearest candidate 849895 built 2006, property built 2002; year guard: coord_nearest candidate 849897 built 2006, property built 2002; year guard: coord_nearest candidate 849927 built 2006, property built 2002; year guard: coord_nearest candidate 891105 built 2008, property built 2002; year guard: coord_nearest candidate 891128 built 2009, property built 2002; year guard: coord_nearest candidate 891129 built 2009, property built 2002; nearest footprint 22 m from the trusted coordinate"
254008,4816 4828 S Dorchester Ave,4816-4828 S DORCHESTER AVE,Kenwood,Multifamily Housing,1920,1,41.8073315,-87.5920839,row_2022,867563;867564,2,,16626.5,T1_multi,high,
254009,1120 1126 E 47th St,1120-1126 E 47TH ST,Kenwood,Multifamily Housing,1915,1,41.8097341,-87.5983911,row_2022,440996,1,1913,18544.1,T1,high,1 in-range footprint(s) on the same-named street of another type ignored
254010,824 W Superior St,824 W SUPERIOR ST,West Town,Multifamily Housing,2004,1,41.8956465,-87.6488543,row_2022,339732,1,,14103.4,T1,high,
254011,4848 N Sheridan Rd,4848 N SHERIDAN RD,Uptown,Multifamily Housing,2006,1,41.9705388,-87.6550055,row_2022,874937,1,,16612.7,T1,high,
254012,4721 4729 S Ellis St,4721-4729 S ELLIS ST,Kenwood,Multifamily Housing,1922,1,41.808935,-87.6015409,row_2022,444404;445043,2,1920,30304.1,T1_multi,high,
254015,5801 N Pulaski Rd - Bldg G,5801 N PULASKI RD,North Park,Residential Care Facility,1981,1,41.9859315,-87.7283692,row_2022,52559,1,,760.5,T1_multi,medium,22 in-range footprints more than 60 m apart; nearest the trusted coordinate kept
254016,5801 N Pulaski Rd - Bldg E,5801 N PULASKI RD,North Park,Residential Care Facility,1991,1,41.9859315,-87.7283692,row_2022,52559,1,,760.5,T1_multi,medium,22 in-range footprints more than 60 m apart; nearest the trusted coordinate kept
254022,220 E Walton Pl,220 E WALTON PL,Near North Side,Multifamily Housing,1919,1,41.9001683,-87.6211001,row_2022,813502,1,,10238.4,coord_nearest,medium,"year guard: address candidate 813491 built 1923, property built 1919; year guard: coord_nearest candidate 327683 built 1974, property built 1919; year guard: coord_nearest candidate 328962 built 1956, property built 1919; year guard: coord_nearest candidate 328974 built 1974, property built 1919; year guard: coord_nearest candidate 813463 built 1929, property built 1919; year guard: coord_nearest candidate 813487 built 1923, property built 1919; year guard: coord_nearest candidate 813513 built 1956, property built 1919; nearest footprint 5 m from the trusted coordinate"
254023,831 43 W Adams St,831-843 W ADAMS ST,Near West Side,Multifamily Housing,1899,1,41.8790873,-87.6485072,row_2022,359162,1,,14544.4,T1,high,
254024,11 S Green St,11 S GREEN ST,Near West Side,Multifamily Housing,2015,1,41.8813944,-87.6483735,row_2022,356512,1,1910,6088.7,T2,low,direction N vs S; 85 m from the trusted coordinate
254025,901 W 63rd St,901 W 63RD ST,Englewood,Multifamily Housing,2010,1,41.7796,-87.647269,row_2022,892876,1,2010,10277.8,T1,high,
254034,1609 W Warren Blvd,1609 W WARREN BLVD,Near West Side,Multifamily Housing,2014,1,41.8822632,-87.6672692,row_2022,356670,1,,5642.7,coord_nearest,medium,nearest footprint 18 m from the trusted coordinate
254035,725 W Irving Park Rd,725 W IRVING PARK RD,Lake View,Multifamily Housing,1923,1,41.9544676,-87.6488149,row_2022,872185,1,1914,14695,coord_nearest,medium,"year guard: coord_nearest candidate 151207 built 1968, property built 1923; year guard: coord_nearest candidate 152998 built 1928, property built 1923; nearest footprint 11 m from the trusted coordinate"
254037,1728 N Damen Ave,1728 N DAMEN AVE,West Town,Multifamily Housing,1928,2,41.9131725,-87.6776717,row_2022,295806,1,,21362,T1,high,
254038,2260 E 99th St,2260 E 99TH ST,South Deering,Multifamily Housing,2015,1,41.7153982,-87.568715,row_2022,712312,1,,379,coord_nearest,medium,nearest footprint 20 m from the trusted coordinate
254039,7021 7035 N Sheridan Rd,7021-7035 N SHERIDAN RD,Rogers Park,Multifamily Housing,1920,1,42.0098791,-87.6621633,row_2022,842407;842408,2,,18709.4,T1_multi,high,
254043,4040 N Oakley St,4040 N OAKLEY ST,North Center,Multifamily Housing,2007,1,41.9552739,-87.6862243,row_2022,845812,1,,21391.4,T1,high,
254045,2272 S Archer Ave,2272 S ARCHER AVE,Armour Square,Multifamily Housing,2007,1,41.851552,-87.6378091,row_2022,882075,1,,1331.1,coord_nearest,medium,nearest footprint 27 m from the trusted coordinate
254046,840 846 W Ainslie St,840-846 W AINSLIE ST,Uptown,Multifamily Housing,1923,1,41.9717305,-87.6518045,row_2022,89997,1,,24618.6,coord_nearest,medium,"year guard: address candidate 90437 built 1928, property built 1923; year guard: coord_nearest candidate 92304 built 1950, property built 1923; year guard: coord_nearest candidate 93801 built 1929, property built 1923; nearest footprint 11 m from the trusted coordinate"
254047,1222 W 79th St,1222 W 79TH ST,Auburn Gresham,Multifamily Housing,2000,1,41.7505934,-87.6547268,row_2022,831026,1,,13001.8,T1,high,
254048,7750 S Emerald Ave,7750 S EMERALD AVE,Auburn Gresham,Multifamily Housing,2006,1,41.7527829,-87.6430241,row_2022,838233,1,2005,16950.4,T1,high,
254049,1337 W Fargo Ave,1337 W FARGO AVE,Rogers Park,Multifamily Housing,1928,1,42.0170651,-87.6647475,row_2022,2096,1,1931,7099.4,T1,high,
254050,1400 N State Pkwy,1400 N STATE PKWY,Near North Side,Multifamily Housing,1962,1,41.9078828,-87.6289325,row_2022,311301,1,1960,6068.5,T1,high,
254051,1500 N Clybourn Ave,1500 N CLYBOURN AVE,Near North Side,Mixed Use Property,2015,1,41.9085601,-87.6464527,row_2022,877692,1,,896.6,coord_nearest,medium,nearest footprint 27 m from the trusted coordinate
254052,2324 W Irving Park Rd,2324 W IRVING PARK RD,North Center,,,,41.9541447,-87.686975,row_2022,833304,1,2005,19193.3,T1,high,
254053,1255 N State Parkway,1255 N STATE PKWY,Near North Side,Multifamily Housing,1923,1,41.9055736,-87.6285865,row_2022,317409,1,1925,11594.1,T1,high,
254054,2 S Leavitt St,2 S LEAVITT ST,NEAR WEST SIDE,Multifamily Housing,2008,1,41.8811797,-87.6816772,row_2022,859797,1,2006,15797.4,coord_nearest,medium,nearest footprint 5 m from the trusted coordinate
254055,1235 S Washtenaw,1235 S WASHTENAW,North Lawndale,Multifamily Housing,2011,1,41.865432,-87.6932313,row_2022,372548,1,1972,1417.6,coord_nearest,low,nearest footprint 36 m from the trusted coordinate
254056,520 N Halsted St,520 N HALSTED ST,West Town,Multifamily Housing,2003,1,41.8918885,-87.6477646,row_2022,843443,1,2006,27639.6,coord_nearest,medium,nearest footprint 0 m from the trusted coordinate
254057,932 W Washington Blvd,932 W WASHINGTON BLVD,Near West Side,Residential Care Facility,1890,1,41.8831927,-87.650963,row_2022,879816,1,,28100.2,T1,high,
254059,3210 W Arthington St,3210 W ARTHINGTON ST,East Garfield Park,,,,41.8701671,-87.7062894,row_2022,868787,1,,26513.1,T1,high,
254060,1524 S Sangamon St,1524 S SANGAMON ST,Near West Side,Multifamily Housing,2003,2,41.8610019,-87.6499614,row_2022,375434,1,2002,19449.8,T1,high,
254061,6700 S Crandon Ave,6700 S CRANDON AVE,South Shore,Multifamily Housing,1928,1,41.7734277,-87.5701267,row_2022,891773,1,1928,5895.4,T1,high,
254062,221 E Cullerton Ave,221 E CULLERTON AVE,Near South Side,Multifamily Housing,1910,1,41.8554147,-87.6214173,row_2022,882025,1,,1521.9,coord_nearest,medium,"year guard: address candidate 880784 built 2007, property built 1910; year guard: coord_nearest candidate 821244 built 2003, property built 1910; year guard: coord_nearest candidate 821246 built 1922, property built 1910; nearest footprint 12 m from the trusted coordinate"
254063,1800 W Grace St,1800 W GRACE ST,North Center,Multifamily Housing,2009,1,41.9506818,-87.6742161,row_2022,160428,1,,40630.6,coord_pip,medium,
254064,1411 N State Parkway,1411 N STATE PKWY,Near North Side,Multifamily Housing,1906,1,,,none,310518,1,1891,9730,T3,low,"year guard: address candidate 888370 built 2008, property built 1906; no trusted coordinate; year guard: T3 candidate 311301 built 1960, property built 1906; nearest range 1410-1410, 1 house numbers away; no trusted coordinate"
254065,1345 S Wabash Ave,1345 S WABASH AVE,Near South Side,Multifamily Housing,2015,1,41.8644819,-87.6256135,row_2022,821277,1,1944,13734.4,T1,high,
254066,1515 S Michigan Ave,1515 S MICHIGAN AVE,Near South Side,Multifamily Housing,1997,1,41.8615136,-87.6238722,row_2022,375014,1,,1962.1,T1,high,
254067,1645 E. 54th St.,1645 E 54TH ST,Hyde Park,,,,41.7980221,-87.5848944,row_2022,468675,1,1924,9313.5,coord_pip,medium,
254068,3500 S Sangamon,3500 S SANGAMON,Bridgeport,,,,41.8306538,-87.6494973,row_2022,417928,1,,19379.1,coord_nearest,medium,nearest footprint 4 m from the trusted coordinate
254069,5924 N Lincoln Ave,5924 N LINCOLN AVE,West Ridge,,,,41.9887148,-87.7048029,row_2022,45500,1,1959,14938.6,T1,high,
254072,400 S Green St,400 S GREEN ST,Near West Side,Multifamily Housing,1890,1,41.8766207,-87.6485139,row_2022,362471,1,,15813.3,coord_nearest,medium,"year guard: address candidate 362483 built 1901, property built 1890; year guard: coord_nearest candidate 360942 built 1915, property built 1890; year guard: coord_nearest candidate 361705 built 1909, property built 1890; year guard: coord_nearest candidate 361716 built 1909, property built 1890; year guard: coord_nearest candidate 361998 built 1914, property built 1890; year guard: coord_nearest candidate 362674 built 1947, property built 1890; nearest footprint 23 m from the trusted coordinate"
254073,215 N. Aberdeen St.,215 N ABERDEEN ST,NEAR WEST SIDE,Multifamily Housing,1908,1,41.8860589,-87.6543394,row_2022,879718,1,1911,8643.9,coord_nearest,medium,"year guard: address candidate 359688 built 1931, property built 1908; year guard: address candidate 860406 built 2006, property built 1908; year guard: coord_nearest candidate 353601 built 1912, property built 1908; year guard: coord_nearest candidate 876410 built 1928, property built 1908; year guard: coord_nearest candidate 876412 built 1925, property built 1908; year guard: coord_nearest candidate 876413 built 1923, property built 1908; year guard: coord_nearest candidate 876416 built 1925, property built 1908; year guard: coord_nearest candidate 876423 built 1926, property built 1908; year guard: coord_nearest candidate 876426 built 1989, property built 1908; nearest footprint 18 m from the trusted coordinate"
254074,2007 N Sedgwick,2007 N SEDGWICK,Lincoln Park,Multifamily Housing,1978,1,41.9185854,-87.6386766,row_2022,281991,1,1974,4710.4,T1,high,
254075,601 W Jackson,601 W JACKSON,Near West Side,Multifamily Housing,2015,1,41.8778885,-87.6426092,row_2022,876540,1,,1911.7,coord_nearest,medium,nearest footprint 18 m from the trusted coordinate
254076,340 E North Water St,340 E NORTH WATER ST,Near North Side,Multifamily Housing,2015,1,41.8896259,-87.6189735,row_2022,350525,1,1991,85236.1,coord_nearest,medium,nearest footprint 23 m from the trusted coordinate
254077,3021 S Michigan Ave,3021 S MICHIGAN AVE,Douglas,Multifamily Housing,1964,1,41.8388974,-87.623107,row_2022,405197,1,,14176.4,T1,high,
254079,3946 N Ravenswood Ave,3946 N RAVENSWOOD AVE,North Center,Multifamily Housing,2006,1,41.9537798,-87.6743468,row_2022,883524,1,,16732.1,T1,high,
254080,521 N Rush St,521 N RUSH ST,Near North Side,Hotel,1999,1,41.8916713,-87.6252247,row_2022,814001,1,1932,45354.1,coord_nearest,medium,nearest footprint 7 m from the trusted coordinate
254082,4917 S Drexel Blvd,4917 S DREXEL BLVD,Kenwood,,,,41.8053845,-87.6036619,row_2022,451782,1,1926,7291,coord_nearest,medium,nearest footprint 7 m from the trusted coordinate
254093,123 N Desplaines St,123 N DESPLAINES ST,Near West Side,Multifamily Housing,2014,1,41.8839095,-87.6440424,row_2022,815556,1,1943,5107.5,T1,high,
254094,3041 S Michigan Ave,3041 S MICHIGAN AVE,Douglas,Multifamily Housing,1964,1,41.8382998,-87.6232968,row_2022,407314,1,,1617.5,coord_nearest,medium,"year guard: coord_nearest candidate 851985 built 2006, property built 1964; nearest footprint 16 m from the trusted coordinate"
254095,5556 N Sheridan Rd,5556 N SHERIDAN RD,Edgewater,Multifamily Housing,2000,1,41.9834188,-87.6553259,row_2022,57879,1,1966,14752.5,coord_nearest,medium,"year guard: address candidate 834623 built 2005, property built 2000; nearest footprint 24 m from the trusted coordinate"
254096,350 W Belden Ave,350 W BELDEN AVE,Lincoln Park,Multifamily Housing,1955,1,41.923895,-87.6384955,row_2022,875455,1,,32835.7,coord_nearest,medium,"year guard: coord_nearest candidate 264633 built 1961, property built 1955; year guard: coord_nearest candidate 850990 built 2006, property built 1955; year guard: coord_nearest candidate 850991 built 2006, property built 1955; year guard: coord_nearest candidate 850992 built 2006, property built 1955; year guard: coord_nearest candidate 850993 built 2006, property built 1955; year guard: coord_nearest candidate 850994 built 2006, property built 1955; year guard: coord_nearest candidate 850995 built 2006, property built 1955; year guard: coord_nearest candidate 881549 built 2007, property built 1955; nearest footprint 17 m from the trusted coordinate"
254099,7511 S South Shore Dr,7511 S SOUTH SHORE DR,South Shore,K-12 School,2010,1,41.7603243,-87.5567363,row_2022,892417,1,2011,38607.2,T1,high,
254101,3400 N Lake Shore Dr,3400 N LAKE SHORE DR,Lake View,Multifamily Housing,1921,1,41.9434022,-87.6406854,row_2022,193357,1,,4607.7,coord_nearest,medium,"year guard: coord_nearest candidate 193397 built 1969, property built 1921; year guard: coord_nearest candidate 193398 built 1942, property built 1921; year guard: coord_nearest candidate 837166 built 1955, property built 1921; year guard: coord_nearest candidate 837167 built 1955, property built 1921; year guard: coord_nearest candidate 853753 built 1925, property built 1921; year guard: coord_nearest candidate 853754 built 1925, property built 1921; nearest footprint 14 m from the trusted coordinate"
254102,3140 N Sheffield Ave,3140 N SHEFFIELD AVE,Lake View,,,,41.9393396,-87.6542334,row_2022,889660,1,2008,22327.4,T1,high,
254105,500 S Clinton St,500 S CLINTON ST,Near West Side,Multifamily Housing,2000,5,41.8752492,-87.6411262,row_2022,364104,1,,17163.1,T1,high,
254107,811 S Lytle St,811 S LYTLE ST,Near West Side,,,,41.8713216,-87.6578914,row_2022,367703,1,,26230.7,T1,high,
254109,2901 S Michigan Ave,2901 S MICHIGAN AVE,Douglas,Multifamily Housing,1964,1,41.8419668,-87.6231505,row_2022,399473,1,1921,26352,coord_nearest,low,"year guard: address candidate 400425 built 1968, property built 1964; nearest footprint 46 m from the trusted coordinate"
254113,40 E Delaware Pl,40 E DELAWARE PL,Near North Side,Multifamily Housing,1924,1,41.8992762,-87.6268119,row_2022,837711,1,,42324,coord_nearest,medium,"year guard: address candidate 891283 built 1930, property built 1924; year guard: coord_nearest candidate 331346 built 1988, property built 1924; year guard: coord_nearest candidate 813551 built 2001, property built 1924; year guard: coord_nearest candidate 837712 built 1988, property built 1924; year guard: coord_nearest candidate 885970 built 2006, property built 1924; year guard: coord_nearest candidate 885981 built 2008, property built 1924; year guard: coord_nearest candidate 886063 built 2008, property built 1924; nearest footprint 11 m from the trusted coordinate"
254114,3600 N Halsted St,3600 N HALSTED ST,Lake View,Multifamily Housing,2014,1,41.9474017,-87.6496366,row_2022,860978,1,,5293,T1,high,
254115,2301 15 S Archer Ave,2301-2315 S ARCHER AVE,Armour Square,Multifamily Housing,2000,1,41.8508429,-87.6387342,row_2022,877310,1,,24213.8,coord_nearest,medium,"year guard: coord_nearest candidate 832403 built 2004, property built 2000; year guard: coord_nearest candidate 892074 built 2009, property built 2000; nearest footprint 0 m from the trusted coordinate"
254151,1430 N Astor St,1430 N ASTOR ST,Near North Side,Multifamily Housing,1976,1,41.9086825,-87.6277268,row_2022,309922,1,1974,9008.9,T1,high,
254152,2455 S Damen Ave,2455 S DAMEN AVE,Lower West Side,,,,41.846991,-87.6755586,row_2022,394935,1,,34390.1,T1,high,
254153,1760 W Wrightwood Ave,1760 W WRIGHTWOOD AVE,Lincoln Park,Multifamily Housing,1920,1,41.9288241,-87.673042,row_2022,831648,1,,21702.8,T1,high,
254154,3101 W Touhy Ave,3101 W TOUHY AVE,West Ridge,Multifamily Housing,1980,1,42.0117963,-87.7069325,row_2022,8756,1,1979,14016.7,T1,high,
254155,5700 North Harlem Avenue,5700 N HARLEM AVE,Norwood Park,Senior Living Community,2015,1,41.9846663,-87.807073,row_2022,54747,1,,23548.9,T1,high,
254156,5025 N Paulina St,5025 N PAULINA ST,Uptown,,,,41.973254,-87.6709934,row_2022,458777,1,1907,1155,T2,low,direction S vs N; 18983 m from the trusted coordinate
254157,5114 N Christiana Ave,5114 N CHRISTIANA AVE,North Park,College/University,2000,1,41.9743775,-87.7124542,row_2022,463909,1,1970,1314.2,T2,low,direction S vs N; 19341 m from the trusted coordinate
254158,5141 N Christiana Ave,5141 N CHRISTIANA AVE,North Park,College/University,2014,1,41.9751116,-87.7121827,row_2022,80133,1,,2959.3,T1,high,
254159,3205 W Carmen Ave,3205 W CARMEN AVE,Albany Park,College/University,2006,1,41.9738057,-87.7088579,row_2022,86273,1,1925,47667.7,coord_pip,medium,
254160,6430 N Kenmore Ave,6430 N KENMORE AVE,Rogers Park,,,,41.9988199,-87.6579005,row_2022,22652,1,,20270.8,T1,high,
254161,6511 N Sheridan Rd,6511 N SHERIDAN RD,Rogers Park,,,,42.0005517,-87.6605695,row_2022,815719,1,,27704.1,T1,high,
254162,1125 W Loyola Ave,1125 W LOYOLA AVE,Rogers Park,,,,42.0014376,-87.6596225,row_2022,19553,1,1965,41131.5,coord_nearest,medium,nearest footprint 1 m from the trusted coordinate
254163,1 11 E Pearson Ave,1-11 E PEARSON AVE,Near North Side,,,,41.8974114,-87.6281518,row_2022,813603,1,,12600.1,T1,high,
254164,6515 N Kenmore Ave,6515 N KENMORE AVE,Rogers Park,,,,42.0009455,-87.6581636,row_2022,19957,1,,35351.5,T1,high,
254165,6551 N Sheridan Rd,6551 N SHERIDAN RD,Rogers Park,,,,42.0016341,-87.6606014,row_2022,18334,1,,22868.4,T1,high,
254166,1001 1025 W Loyola Ave,1001-1025 W LOYOLA AVE,Rogers Park,,,,42.0014751,-87.6566475,row_2022,19541,1,,20518.6,T1,high,
254167,6333 N Winthrop Ave,6333 N WINTHROP AVE,Edgewater,,,,41.9974032,-87.6582946,row_2022,24906,1,,36129.8,T1,high,
254168,1050 W  Sheridan,1050 W SHERIDAN,Rogers Park,,,,41.9983242,-87.6581883,row_2022,23592,1,,41524.2,coord_nearest,medium,nearest footprint 10 m from the trusted coordinate
254169,6350 N Kenmore Ave,6350 N KENMORE AVE,Edgewater,,,,41.997908,-87.6572011,row_2022,24869,1,1958,13567.9,coord_nearest,medium,nearest footprint 26 m from the trusted coordinate
254170,6327 N Kenmore Ave,6327 N KENMORE AVE,Edgewater,,,,41.9972359,-87.6568862,row_2022,894234,1,2013,12601,T1,high,
254171,6526 N Winthrop,6526 N WINTHROP,Rogers Park,,,,42.0007202,-87.6585641,row_2022,815718,1,,50739.5,T1,high,
254172,6340 N Winthrop Ave,6340 N WINTHROP AVE,Edgewater,,,,41.9976079,-87.6586034,row_2022,842091,1,,20759.4,T1,high,
254173,1060 E  41st St,1060 E 41ST ST,Oakland,,,,41.8203579,-87.600436,row_2022,894155,1,2013,13853.2,T1,high,
254174,4200 W Diversey Ave,4200 W DIVERSEY AVE,Hermosa,Other,1941,1,41.9318422,-87.731564,row_2022,237766,1,1943,112629,T1,high,
254181,1414 E 59th St,1414 E 59TH ST,Hyde Park,Residence Hall/Dormitory,1932,1,41.7879699,-87.5908435,row_2022,501726,1,1931,39353.9,T1,high,
254225,1250 W 119th St,1250 W 119TH ST,West Pullman,Fitness Center/Health Club/Gym,2012,1,41.6777604,-87.6536621,row_2022,841875,1,2006,59862.4,coord_nearest,low,nearest footprint 39 m from the trusted coordinate
254226,525 W Oakdale Ave,525 W OAKDALE AVE,Lake View,Multifamily Housing,1973,1,41.9354355,-87.6428444,row_2022,227274,1,1973,18221.5,T1,high,
254227,945 W 69th St,945 W 69TH ST,Englewood,Mixed Use Property,2006,1,41.7686657,-87.6487034,row_2022,837881,1,2005,23764.8,T1,high,
254246,550 E 50th Pl,550 E 50TH PL,Grand Boulevard,Multifamily Housing,1985,1,41.8031919,-87.6119589,row_2022,455713,1,1984,8690.5,T1,high,
254260,513 W Fullerton Pkwy,513 W FULLERTON PKWY,Lincoln Park,Senior Care Community,1967,1,,,none,261850,1,1916,7671.1,T3,low,"no trusted coordinate; nearest range 523-531, 10 house numbers away; no trusted coordinate"
254261,1800 West Roscoe,1800 W ROSCOE,North Center,,,,41.9433805,-87.6740479,row_2022,192389,1,,57355.1,T1,high,
254262,906 934 W Sunnyside,906-934 W SUNNYSIDE,Uptown,Multifamily Housing,1926,1,41.9637432,-87.6527114,row_2022,117808,1,1916,36347.1,coord_nearest,medium,"year guard: coord_nearest candidate 117743 built 1970, property built 1926; year guard: coord_nearest candidate 119795 built 1930, property built 1926; year guard: coord_nearest candidate 844984 built 2006, property built 1926; nearest footprint 1 m from the trusted coordinate"
254296,534 552 W Brompton Ave,534-552 W BROMPTON AVE,Lake View,,,,41.9473778,-87.6442575,row_2022,175302,1,,20287.4,T1,high,
254309,343 W Old Town Court,343 W OLD TOWN CT,Near North Side,Multifamily Housing,2002,1,41.904077,-87.6378592,row_2022,863685,1,,2557.8,coord_nearest,low,"year guard: address candidate 851850 built 2006, property built 2002; year guard: coord_nearest candidate 859082 built 2006, property built 2002; year guard: coord_nearest candidate 859084 built 2006, property built 2002; nearest footprint 39 m from the trusted coordinate"
254316,2544 W Montrose Ave,2544 W MONTROSE AVE,Lincoln Square,Other - Specialty Hospital,2000,1,41.961395,-87.6929262,row_2022,127044,1,,31412.4,T1,high,
254317,1740 N Maplewood,1740 N MAPLEWOOD,Logan Square,Multifamily Housing,2001,1,41.9132859,-87.6911099,row_2022,295782,1,,32308.8,T1,high,
254327,3125 W Fullerton,3125 W FULLERTON,Logan Square,Multifamily Housing,2007,1,41.9246235,-87.7056437,row_2022,866039,1,,35740.9,T1,high,
254329,901 S Plymouth Ct,901 S PLYMOUTH CT,Loop,Multifamily Housing,1979,1,41.8705009,-87.6284461,row_2022,368756,1,1980,21591.4,coord_nearest,medium,"year guard: coord_nearest candidate 366904 built 1983, property built 1979; nearest footprint 12 m from the trusted coordinate"
254342,3110 N Sheridan Rd,3110 N SHERIDAN RD,Lake View,,,,41.9380889,-87.6396267,row_2022,837921,1,1965,6653,T1,high,
254343,859 W Erie St,859 W ERIE ST,West Town,Multifamily Housing,2004,1,41.8932357,-87.6500192,row_2022,826161,1,2004,13139.5,coord_nearest,medium,"year guard: coord_nearest candidate 891826 built 2008, property built 2004; year guard: coord_nearest candidate 891827 built 2008, property built 2004; year guard: coord_nearest candidate 891828 built 2008, property built 2004; nearest footprint 1 m from the trusted coordinate"
254344,5831 N Northwest Hwy,5831 N NORTHWEST HWY,Norwood Park,Senior Living Community,1994,1,41.9874691,-87.7901608,row_2022,47958,1,,18913.9,T1,high,
254345,255 W 69th St,255 W 69TH ST,Greater Grand Crossing,Senior Living Community,1990,1,41.7689299,-87.6320835,row_2022,566676,1,,19934.7,T1,high,
254346,11505 S WESTERN AVE,11505 S WESTERN AVE,Morgan Park,,,,41.684308,-87.6807747,row_2022,784341,1,1956,2594.2,coord_nearest,low,nearest footprint 37 m from the trusted coordinate
254347,1900 W JACKSON BLVD,1900 W JACKSON BLVD,Near West Side,,,,41.8776117,-87.6742279,row_2022,361857,1,,149705.5,coord_nearest,low,nearest footprint 42 m from the trusted coordinate
254348,1000 S CLARK ST,1000 S CLARK ST,Loop,Multifamily Housing,2016,3,41.8698488,-87.6306555,row_2022,,0,,,none,none,"built 2016, after the City's 2015 footprint layer: no footprint in it can be this building"
254349,1116 W ADAMS ST,1116 W ADAMS ST,Near West Side,Multifamily Housing,2015,1,41.8791942,-87.6553456,row_2022,358551,1,1947,97574.1,coord_pip,medium,
254351,1241 1245 W JACKSON BLVD,1241-1245 W JACKSON BLVD,Near West Side,Multifamily Housing,2000,1,41.8776536,-87.6586473,row_2022,888276,1,,8237.6,coord_nearest,medium,"year guard: coord_nearest candidate 859830 built 2006, property built 2000; year guard: coord_nearest candidate 888273 built 2008, property built 2000; year guard: coord_nearest candidate 888274 built 2008, property built 2000; year guard: coord_nearest candidate 888275 built 2008, property built 2000; nearest footprint 26 m from the trusted coordinate"
254352,126 E CHESTNUT ST,126 E CHESTNUT ST,Near North Side,Worship Facility,1912,1,41.8984889,-87.6245529,row_2022,331192,1,,45917.9,T1,high,
254353,1415 N KINGSBURY ST,1415 N KINGSBURY ST,Near North Side,,,,41.9065121,-87.6502974,row_2022,314274,1,,73050.5,coord_nearest,medium,nearest footprint 27 m from the trusted coordinate
254355,16 E PEARSON ST,16 E PEARSON ST,Near North Side,,,,41.8976401,-87.6275498,row_2022,813591,1,1891,2223.4,T1,high,
254356,161 W 9TH ST,161 W 9TH ST,Loop,,,,41.8708039,-87.632639,row_2022,894034,1,2010,54911.3,T1,high,
254357,2012 W 17th St,2012 W 17TH ST,Near West Side,Multifamily Housing,2016,1,41.8586567,-87.6765969,row_2022,,0,,,none,none,"built 2016, after the City's 2015 footprint layer: no footprint in it can be this building"
254359,1825 W WEBSTER AVE,1825 W WEBSTER AVE,Logan Square,Other - Recreation,2014,1,41.9213526,-87.6736672,row_2022,273857,1,1953,41806.1,T1,high,
254360,1929 W WILSON AVE,1929 W WILSON AVE,Lincoln Square,,,,41.9650134,-87.6772808,row_2022,115304,1,1972,112031.4,coord_nearest,medium,nearest footprint 0 m from the trusted coordinate
254361,201 N GARLAND CT,201 N GARLAND CT,Loop,,,,41.885792,-87.625116,row_2022,894074,1,2014,19454.8,T1,high,
254362,2501 N ELSTON AVE,2501 N ELSTON AVE,Logan Square,Vehicle Dealership,2015,1,41.9270923,-87.6802085,row_2022,253991,1,,203133.5,T1,high,
254364,28 N FRANKLIN ST,28 N FRANKLIN ST,Loop,Hotel,2015,1,41.88265,-87.6354735,row_2022,894280,1,2015,3991.3,T1,high,
254365,326 N ORLEANS ST,326 N ORLEANS ST,Near North Side,,,,41.8879843,-87.636532,row_2022,350999,1,,141326.1,coord_nearest,medium,nearest footprint 21 m from the trusted coordinate
254367,350 E SOUTH WATER ST,350 E SOUTH WATER ST,Loop,,,,41.8866149,-87.618965,row_2022,883628,1,2007,12787.2,coord_nearest,low,nearest footprint 39 m from the trusted coordinate
254368,355 E ERIE ST,355 E ERIE ST,Near North Side,Outpatient Rehabilitation/Physical Therapy,2016,1,41.8941336,-87.6181791,row_2022,,0,,,none,none,"built 2016, after the City's 2015 footprint layer: no footprint in it can be this building"
254369,3640 W FILLMORE ST,3640 W FILLMORE ST,North Lawndale,,,,41.8682025,-87.7170739,row_2022,371433,1,,445.8,coord_nearest,low,nearest footprint 65 m from the trusted coordinate
254370,3659 W 99TH ST,3659 W 99TH ST,Mount Greenwood,Residential Care Facility,2013,1,41.7131707,-87.7137377,row_2022,711076,1,1890,1525.4,T2,low,direction E vs W; 14937 m from the trusted coordinate
254371,3720 S DEARBORN ST,3720 S DEARBORN ST,Douglas,Multifamily Housing,2015,4,41.8266228,-87.6278208,row_2022,,0,,,none,none,no footprint within 75 m of the trusted coordinate
254372,3750 W OGDEN AVE,3750 W OGDEN AVE,North Lawndale,Mixed Use Property,2012,1,41.8531945,-87.7193289,row_2022,385321,1,,1427.5,coord_nearest,medium,nearest footprint 7 m from the trusted coordinate
254373,3949 W NORTH AVE,3949 W NORTH AVE,Humboldt Park,Multifamily Housing,2014,1,41.909782,-87.7259675,row_2022,887368,1,2007,5980.9,coord_nearest,medium,nearest footprint 28 m from the trusted coordinate
254374,4054 N KEDZIE AVE,4054 N KEDZIE AVE,Irving Park,Multifamily Housing,2015,1,41.9555313,-87.7082079,row_2022,148999,1,1972,3272.1,T1,high,
254375,4150 S PULASKI RD,4150 S PULASKI RD,Archer Heights,Lifestyle Center,2016,2,41.8170566,-87.7240553,row_2022,,0,,,none,none,"built 2016, after the City's 2015 footprint layer: no footprint in it can be this building"
254376,416 N LARAMIE AVE,416 N LARAMIE AVE,Austin,,,,41.8882518,-87.7555011,row_2022,876383,1,,25658,T1,high,
254377,4800 W GEORGE ST,4800 W GEORGE ST,Belmont Cragin,Multifamily Housing,2016,1,41.9334629,-87.7467922,row_2022,,0,,,none,none,"built 2016, after the City's 2015 footprint layer: no footprint in it can be this building"
254378,4820 N KEDZIE AVE,4820 N KEDZIE AVE,Albany Park,,,,41.9691051,-87.7086435,row_2022,871189,1,1921,8101.3,coord_nearest,medium,nearest footprint 24 m from the trusted coordinate
254379,5105 S HARPER AVE,5105 S HARPER AVE,Hyde Park,Multifamily Housing,2015,1,41.8022606,-87.5890043,row_2022,457847,1,,7928.5,coord_nearest,medium,nearest footprint 1 m from the trusted coordinate
254381,5500 S UNIVERSITY AVE,5500 S UNIVERSITY AVE,Hyde Park,Residence Hall/Dormitory,2016,1,41.7950077,-87.5982795,row_2022,,0,,,none,none,"built 2016, after the City's 2015 footprint layer: no footprint in it can be this building"
254382,5640 S ELLIS AVE,5640 S ELLIS AVE,Hyde Park,Laboratory,2015,1,41.7919609,-87.6014617,row_2022,486215,1,,86689.6,coord_nearest,medium,nearest footprint 2 m from the trusted coordinate
254384,6245 S INGLESIDE AVE,6245 S INGLESIDE AVE,Woodlawn,K-12 School,2014,1,41.7808845,-87.6025448,row_2022,527561,1,1974,2807.5,coord_nearest,low,nearest footprint 42 m from the trusted coordinate
254385,6307 S STEWART AVE,6307 S STEWART AVE,Englewood,Medical Office,2016,1,41.7796496,-87.6348968,row_2022,,0,,,none,none,"built 2016, after the City's 2015 footprint layer: no footprint in it can be this building"
254386,6458 N WINTHROP AVE,6458 N WINTHROP AVE,Rogers Park,,,,41.9998832,-87.6583313,row_2022,20070,1,,26131.1,T1,high,
254387,707 N WELLS ST,707 N WELLS ST,Near North Side,,,,41.8950515,-87.6340126,row_2022,813737,1,,4926.9,T1,high,
254388,805 N LA SALLE DR,805 N LA SALLE DR,Near North Side,Multifamily Housing,2015,1,41.8968028,-87.6325661,row_2022,336014,1,,12259,coord_nearest,medium,nearest footprint 21 m from the trusted coordinate
254389,825 N CHRISTIANA AVE,825 N CHRISTIANA AVE,Humboldt Park,Residence Hall/Dormitory,2015,1,41.8962637,-87.709784,row_2022,334567,1,1943,186282.1,T1,high,
254409,728 W Jackson Blvd,728 W JACKSON BLVD,NEAR WEST SIDE,Multifamily Housing,1927,2,41.8780809,-87.6452998,row_2022,865208,1,,28230.5,T1,high,
254512,347 W Chestnut St,347 W CHESTNUT ST,Near North Side,Multifamily Housing,2016,1,41.8980504,-87.6374872,row_2022,,0,,,none,none,"built 2016, after the City's 2015 footprint layer: no footprint in it can be this building"
254513,625 W Division St,625 W DIVISION ST,Near North Side,Multifamily Housing,2015,1,41.9035874,-87.6443321,row_2022,827015,1,2004,1348.2,coord_nearest,medium,nearest footprint 22 m from the trusted coordinate
254514,2012 W St Paul Ave,2012 W ST PAUL AVE,WEST TOWN,Multifamily Housing,1940,1,41.9131738,-87.6781067,row_2022,296511,1,,15925.4,T1,high,
254527,6321 S Cottage Grove Ave,6321 S COTTAGE GROVE AVE,WOODLAWN,Multifamily Housing,2015,1,41.7797573,-87.6057696,row_2022,530541,1,1914,12157,T1,high,
254534,1727 S Indiana Ave,1727 S INDIANA AVE,NEAR SOUTH SIDE,Multifamily Housing,1908,1,41.8582986,-87.6221935,row_2022,376897,1,,38839.5,T1,high,
254535,905 N Orleans St,905 N ORLEANS ST,Near North Side,Multifamily Housing,2017,1,41.8991136,-87.6371219,row_2022,,0,,,none,none,"built 2017, after the City's 2015 footprint layer: no footprint in it can be this building"
254536,220 E Illinois St,220 E ILLINOIS ST,Near North Side,Multifamily Housing,2017,1,41.8910859,-87.6217038,row_2022,,0,,,none,none,"built 2017, after the City's 2015 footprint layer: no footprint in it can be this building"
254539,6400 W Berteau,6400 W BERTEAU,DUNNING,Multifamily Housing,1996,5,41.956676,-87.7867485,row_2022,144666,1,,19760,T1,high,
254564,6530 W Irving Park Rd,6530 W IRVING PARK RD,DUNNING,,,,41.952964,-87.7902052,row_2022,155672,1,1994,13879.9,T1,high,
254567,545 McClurg Ct,545 MCCLURG CT,Near North Side,Multifamily Housing,2017,1,41.8923895,-87.6175608,row_2022,,0,,,none,none,"built 2017, after the City's 2015 footprint layer: no footprint in it can be this building"
254568,20 22 N Aberdeen St,20-22 N ABERDEEN ST,NEAR WEST SIDE,Multifamily Housing,2013,3,41.8822504,-87.6545217,row_2022,879782,1,1916,2885.8,T1,high,
254569,833 N Clark St,833 N CLARK ST,Near North Side,Multifamily Housing,2017,1,41.8976656,-87.6311243,row_2022,,0,,,none,none,"built 2017, after the City's 2015 footprint layer: no footprint in it can be this building"
254570,7347 7365 Sheridan Rd,7347-7365 SHERIDAN RD,ROGERS PARK,Multifamily Housing,1950,1,42.0066,-87.66729,covered_list,3215,1,1949,11010.9,T2,low,direction N vs blank; 984 m from the trusted coordinate
254571,1664 W Division St,1664 W DIVISION ST,West Town,Multifamily Housing,2016,1,41.9034151,-87.6699714,row_2022,,0,,,none,none,"built 2016, after the City's 2015 footprint layer: no footprint in it can be this building"
254572,1545 S State St,1545 S STATE ST,NEAR SOUTH SIDE,Multifamily Housing,1908,1,41.8605998,-87.6271195,row_2022,375474,1,1898,17028.9,T1,high,
254573,3753 3755 S Cottage Grove Ave,3753-3755 S COTTAGE GROVE AVE,Oakland,Multifamily Housing,2013,1,41.8263596,-87.607967,row_2022,894158,1,2013,16878.7,T1,high,
254616,330 N Green St,330 N GREEN ST,NEAR WEST SIDE,Office,2019,1,41.8877239,-87.6488322,row_2022,,0,,,none,none,"built 2019, after the City's 2015 footprint layer: no footprint in it can be this building"
254975,367 W LOCUST ST,367 W LOCUST ST,Near North Side,Multifamily Housing,2017,1,41.8988186,-87.6383719,row_2022,,0,,,none,none,"built 2017, after the City's 2015 footprint layer: no footprint in it can be this building"
254976,637 N WELLS ST,637 N WELLS ST,Near North Side,,,,41.8935192,-87.6339724,row_2022,343260,1,1973,63343.4,coord_nearest,medium,nearest footprint 0 m from the trusted coordinate
254977,3201 N ASHLAND AVE,3201 N ASHLAND AVE,Lake View,Supermarket/Grocery Store,2017,1,41.9397446,-87.6685161,row_2022,,0,,,none,none,"built 2017, after the City's 2015 footprint layer: no footprint in it can be this building"
254978,1101 W WAVELAND AVE,1101 W WAVELAND AVE,Lake View,Office,2017,1,41.9488945,-87.6568176,row_2022,,0,,,none,none,"built 2017, after the City's 2015 footprint layer: no footprint in it can be this building"
254981,2733 W BELDEN AVE,2733 W BELDEN AVE,Logan Square,Multifamily Housing,2016,2,41.9228243,-87.6967431,row_2022,,0,,,none,none,"built 2016, after the City's 2015 footprint layer: no footprint in it can be this building"
254984,1333 S WABASH AVE,1333 S WABASH AVE,Near South Side,Multifamily Housing,2016,1,41.8648083,-87.6256236,row_2022,,0,,,none,none,"built 2016, after the City's 2015 footprint layer: no footprint in it can be this building"
254987,1325 N WELLS ST,1325 N WELLS ST,Near North Side,Multifamily Housing,2018,1,41.9064732,-87.6344199,row_2022,,0,,,none,none,"built 2018, after the City's 2015 footprint layer: no footprint in it can be this building"
254988,434 W MELROSE ST,434 W MELROSE ST,Lake View,,,,41.9411915,-87.6411121,row_2020,847693,1,2006,4275.7,T1,high,
254989,2330 N HALSTED ST,2330 N HALSTED ST,Lincoln Park,Performing Arts,2018,1,41.9245676,-87.6488752,row_2022,,0,,,none,none,"built 2018, after the City's 2015 footprint layer: no footprint in it can be this building"
254993,400 W HURON ST,400 W HURON ST,Near North Side,Multifamily Housing,2017,1,41.8948429,-87.6386171,row_2022,,0,,,none,none,"built 2017, after the City's 2015 footprint layer: no footprint in it can be this building"
254994,118 N JEFFERSON ST,118 N JEFFERSON ST,Near West Side,Hotel,2016,1,41.8838003,-87.6428635,row_2022,,0,,,none,none,"built 2016, after the City's 2015 footprint layer: no footprint in it can be this building"
254995,4 E ELM ST,4 E ELM ST,Near North Side,Multifamily Housing,2016,1,41.903296,-87.6283671,row_2022,,0,,,none,none,"built 2016, after the City's 2015 footprint layer: no footprint in it can be this building"
254996,1521 W NORTH AVE,1521 W NORTH AVE,West Town,,,,41.9105418,-87.6661689,row_2022,306511,1,1889,1552,coord_nearest,low,nearest footprint 37 m from the trusted coordinate
254997,830 N MILWAUKEE AVE,830 N MILWAUKEE AVE,West Town,Multifamily Housing,2017,1,41.8969182,-87.6566862,row_2022,,0,,,none,none,"built 2017, after the City's 2015 footprint layer: no footprint in it can be this building"
254998,165 W SUPERIOR ST,165 W SUPERIOR ST,Near North Side,,,,41.8954898,-87.6338316,row_2022,340360,1,,16706.5,coord_pip,medium,
254999,2950 N SHERIDAN RD,2950 N SHERIDAN RD,Lake View,Multifamily Housing,2017,1,41.9358086,-87.6395526,row_2022,,0,,,none,none,"built 2017, after the City's 2015 footprint layer: no footprint in it can be this building"
255002,3857 S DR MARTIN L KING JR DR,3857 S DR MARTIN LUTHER KING JR DR,Douglas,,,,41.8239833,-87.6168539,row_2022,425309,1,1970,3661,coord_nearest,low,nearest footprint 52 m from the trusted coordinate
255003,2211 N MILWAUKEE AVE,2211 N MILWAUKEE AVE,Logan Square,,,,41.9210762,-87.6941379,row_2022,274452,1,1910,1866,coord_nearest,medium,nearest footprint 6 m from the trusted coordinate
255004,3137 S FEDERAL ST,3137 S FEDERAL ST,Douglas,,,,41.8369218,-87.6287894,row_2022,409195,1,,11338.1,coord_nearest,medium,nearest footprint 24 m from the trusted coordinate
255005,1838 W CHICAGO AVE,1838 W CHICAGO AVE,West Town,Multifamily Housing,2016,6,41.8960752,-87.6737358,row_2022,,0,,,none,none,"built 2016, after the City's 2015 footprint layer: no footprint in it can be this building"
255006,839 S WELLS ST,839 S WELLS ST,Loop,Multifamily Housing,2016,1,41.8713553,-87.6334043,row_2022,,0,,,none,none,"built 2016, after the City's 2015 footprint layer: no footprint in it can be this building"
255008,3030 N BROADWAY,3030 N BROADWAY,Lake View,Enclosed Mall,2016,1,41.9373384,-87.6444565,row_2022,,0,,,none,none,"built 2016, after the City's 2015 footprint layer: no footprint in it can be this building"
255009,750 N HUDSON AVE,750 N HUDSON AVE,Near North Side,Multifamily Housing,2017,1,41.8963157,-87.6401915,row_2022,,0,,,none,none,"built 2017, after the City's 2015 footprint layer: no footprint in it can be this building"
255010,949 N ELSTON AVE,949 N ELSTON AVE,West Town,,,,41.8997439,-87.6564955,row_2022,329928,1,1891,1536,coord_nearest,medium,nearest footprint 22 m from the trusted coordinate
255011,1209 W ALBION AVE,1209 W ALBION AVE,Rogers Park,,,,42.0024376,-87.6611912,row_2022,842624,1,1914,2421.3,coord_nearest,medium,nearest footprint 0 m from the trusted coordinate
255012,1330 E 53RD ST,1330 E 53RD ST,Hyde Park,,,,41.7995979,-87.593761,row_2022,463256,1,,3680.9,T1,high,
255013,504 N GREEN ST,504 N GREEN ST,West Town,,,,41.8913382,-87.6489425,row_2022,894615,1,2015,1096.8,T1,high,
255014,228 E ONTARIO ST,228 E ONTARIO ST,Near North Side,Hotel,2018,1,41.893483,-87.6219306,row_2022,,0,,,none,none,"built 2018, after the City's 2015 footprint layer: no footprint in it can be this building"
255015,730 W COUCH PL,730 W COUCH PL,Near West Side,Multifamily Housing,2016,1,41.885213,-87.6469963,row_2022,,0,,,none,none,"built 2016, after the City's 2015 footprint layer: no footprint in it can be this building"
255016,4339 W 18TH PL,4339 W 18TH PL,North Lawndale,Senior Living Community,2017,1,41.8557715,-87.7338879,row_2022,,0,,,none,none,"built 2017, after the City's 2015 footprint layer: no footprint in it can be this building"
255017,5011 W 47TH ST,5011 W 47TH ST,Garfield Ridge,Multifamily Housing,2017,1,41.8074412,-87.7485668,row_2022,,0,,,none,none,"built 2017, after the City's 2015 footprint layer: no footprint in it can be this building"
255020,311 N MORGAN ST,311 N MORGAN ST,Near West Side,,,,41.8871219,-87.6520358,row_2022,352030,1,,23905.1,T1,high,
255021,3300 W OGDEN AVE,3300 W OGDEN AVE,North Lawndale,,,,41.8571886,-87.7079694,row_2022,379119,1,1889,3094.3,coord_nearest,medium,nearest footprint 11 m from the trusted coordinate
255022,505 N GREEN ST,505 N GREEN ST,West Town,,,,41.8913711,-87.6486494,row_2022,876305,1,1891,2285.7,coord_pip,medium,
255023,454 W DIVISION ST,454 W DIVISION ST,Near North Side,Multifamily Housing,2017,1,41.9038696,-87.6403878,row_2022,,0,,,none,none,"built 2017, after the City's 2015 footprint layer: no footprint in it can be this building"
255024,2501 W ARMITAGE AVE,2501 W ARMITAGE AVE,Logan Square,,,,41.9174439,-87.6898836,row_2022,835605,1,,40702.7,T1,high,
255026,3218 N CLARK ST,3218 N CLARK ST,Lake View,Multifamily Housing,2017,1,41.9404135,-87.651223,row_2022,,0,,,none,none,"built 2017, after the City's 2015 footprint layer: no footprint in it can be this building"
255027,720 S WELLS ST,720 S WELLS ST,Loop,Multifamily Housing,2018,1,41.8728918,-87.6337399,row_2022,,0,,,none,none,"built 2018, after the City's 2015 footprint layer: no footprint in it can be this building"
255028,1001 S STATE ST,1001 S STATE ST,Loop,,,,41.8698398,-87.6273322,row_2022,814991,1,1961,3320.9,coord_nearest,medium,nearest footprint 20 m from the trusted coordinate
255083,165 N Desplaines St,165 N DESPLAINES ST,NEAR WEST SIDE,,,,41.8850146,-87.6440768,row_2022,814442,1,,5067,coord_nearest,medium,nearest footprint 27 m from the trusted coordinate
255090,7122 S Jeffery Blvd,7122 S JEFFERY BLVD,SOUTH SHORE,,,,41.7654373,-87.5764328,row_2022,572887,1,,29604.5,coord_pip,medium,
255091,900 N North Branch St,900 N NORTH BRANCH ST,NEAR NORTH SIDE,,,,41.8989653,-87.6480903,row_2022,329538,1,,169974.8,coord_nearest,medium,nearest footprint 28 m from the trusted coordinate
255092,1244 North Clybourn,1244 N CLYBOURN,Near North Side,Multifamily Housing,2007,1,41.9046977,-87.6410746,row_2022,858870,1,2006,2728.7,coord_nearest,medium,nearest footprint 22 m from the trusted coordinate
255147,2200 W. Harrison St.,2200 W HARRISON ST,Near West Side,,,,41.8740732,-87.6814695,row_2022,851209,1,2006,20399.7,coord_nearest,medium,nearest footprint 8 m from the trusted coordinate
255148,810 W. Grace St.,810 W GRACE ST,Lake View,Multifamily Housing,1973,1,41.9512988,-87.6501117,row_2022,158822,1,1969,35922.4,coord_nearest,medium,"year guard: coord_nearest candidate 834873 built 2005, property built 1973; nearest footprint 1 m from the trusted coordinate"
255149,6135-6199 North Lincoln,6135-6199 N LINCOLN,NORTH PARK,,,,41.9937086,-87.712542,row_2022,842678,1,2006,5821.7,T1_multi,medium,4 in-range footprints more than 60 m apart; nearest the trusted coordinate kept
255150,4756-4770  South Kedzie Avenue,4756-4770 S KEDZIE AVE,BRIGHTON PARK,,,,41.8064604,-87.7040748,row_2022,450357,1,1996,2408.6,T1,high,
255165,801 S Financial Place,801 S FINANCIAL PL,LOOP,Multifamily Housing,2017,1,41.8721023,-87.6327971,row_2022,,0,,,none,none,"built 2017, after the City's 2015 footprint layer: no footprint in it can be this building"
255190,1241 N Milwaukee Ave,1241 N MILWAUKEE AVE,WEST TOWN,Multifamily Housing,2017,1,41.904342,-87.6677918,row_2022,,0,,,none,none,"built 2017, after the City's 2015 footprint layer: no footprint in it can be this building"
255191,1027 East 57th Street,1027 E 57TH ST,Hyde Park,Laboratory,1897,2,,,none,883258,1,,29324.4,T3,low,"no trusted coordinate; nearest range 1025-1025, 2 house numbers away; no trusted coordinate"
255504,601 W Polk Street,601 W POLK ST,Near West Side,Data Center,1918,1,41.8718785,-87.6424174,row_2022,367340,1,,64052.5,T1,high,
255740,808 W Van Buren,808 W VAN BUREN,NEAR WEST SIDE,Multifamily Housing,2018,1,41.8767752,-87.6476134,row_2022,,0,,,none,none,"built 2018, after the City's 2015 footprint layer: no footprint in it can be this building"
255743,730 South Clark Street,730 S CLARK ST,LOOP,Multifamily Housing,2008,1,41.8727806,-87.6307715,row_2022,886002,1,2008,31604.6,T1,high,
255756,2989 N Milwaukee Ave,2989 N MILWAUKEE AVE,Avondale,,,,41.9357579,-87.7181393,row_2022,226651,1,,14390.1,coord_pip,medium,
255757,1118 N State Street,1118 N STATE ST,NEAR NORTH SIDE,,,,41.9023119,-87.6284974,row_2022,851806;878127,2,,10637.3,T1_multi,high,
255758,517 N Parkside Ave,517 N PARKSIDE AVE,Austin,,,,41.8898359,-87.7663352,row_2022,350597,1,,18939,T1,high,
255783,4631 4637 S Lake Park,4631-4637 S LAKE PARK,Kenwood,,,,41.8109173,-87.5937036,row_2022,439090;439382,2,,17820.6,T1_multi,high,
255791,2425 E 71st St,2425 E 71ST ST,SOUTH SHORE,Senior Living Community,1994,1,41.7657118,-87.5666264,row_2022,571744,1,,15384.2,T1,high,
255919,412 N Wells St,412 N WELLS ST,NEAR NORTH SIDE,Office,2017,1,41.889647,-87.6341693,row_2022,,0,,,none,none,"built 2017, after the City's 2015 footprint layer: no footprint in it can be this building"
255920,1920 N Milwaukee Ave,1920 N MILWAUKEE AVE,LOGAN SQUARE,Multifamily Housing,1907,1,41.9162991,-87.6868269,row_2022,843407,1,1910,4689.3,coord_nearest,medium,"year guard: address candidate 289691 built 1996, property built 1907; year guard: coord_nearest candidate 843389 built 2006, property built 1907; year guard: coord_nearest candidate 843409 built 1942, property built 1907; year guard: coord_nearest candidate 854424 built 1926, property built 1907; year guard: coord_nearest candidate 854425 built 1922, property built 1907; year guard: coord_nearest candidate 870196 built 2006, property built 1907; year guard: coord_nearest candidate 870198 built 2006, property built 1907; year guard: coord_nearest candidate 870199 built 2006, property built 1907; nearest footprint 4 m from the trusted coordinate"
255921,2535 S Dr Martin Luther King Jr Dr,2535 S DR MARTIN LUTHER KING JR DR,NEAR SOUTH SIDE,Medical Office,2016,1,41.846471,-87.6171696,row_2022,,0,,,none,none,"built 2016, after the City's 2015 footprint layer: no footprint in it can be this building"
255922,1550 N Wieland St,1550 N WIELAND ST,NEAR NORTH SIDE,Multifamily Housing,2017,1,41.9108418,-87.635839,row_2022,,0,,,none,none,"built 2017, after the City's 2015 footprint layer: no footprint in it can be this building"
255923,1636 W Adams St,1636 W ADAMS ST,NEAR WEST SIDE,Multifamily Housing,2018,1,41.8789806,-87.6682619,row_2022,,0,,,none,none,"built 2018, after the City's 2015 footprint layer: no footprint in it can be this building"
255924,325 S Paulina St,325 S PAULINA ST,NEAR WEST SIDE,Office,2019,1,41.8768036,-87.6690235,row_2022,,0,,,none,none,"built 2019, after the City's 2015 footprint layer: no footprint in it can be this building"
255925,1955 N Richmond St,1955 N RICHMOND ST,LOGAN SQUARE,,,,41.9172562,-87.7003107,row_2022,287471,1,1911,2644.1,coord_nearest,medium,nearest footprint 20 m from the trusted coordinate
255927,4447 N Kedzie Ave,4447 N KEDZIE AVE,ALBANY PARK,Multifamily Housing,2018,1,41.9626075,-87.7081401,row_2022,,0,,,none,none,"built 2018, after the City's 2015 footprint layer: no footprint in it can be this building"
255928,530 N La Salle Dr,530 N LA SALLE DR,NEAR NORTH SIDE,Hotel,2018,1,41.8916823,-87.6327307,row_2022,,0,,,none,none,"built 2018, after the City's 2015 footprint layer: no footprint in it can be this building"
255929,2911 W 47Th St,2911 W 47TH ST,BRIGHTON PARK,,,,41.8081217,-87.6970737,row_2022,447525,1,1956,62850.5,coord_nearest,medium,nearest footprint 2 m from the trusted coordinate
255930,803 W Fulton Market,803 W FULTON MARKET,NEAR WEST SIDE,,,,41.8866868,-87.6476511,row_2022,834533,1,2005,3310.7,coord_nearest,medium,nearest footprint 24 m from the trusted coordinate
255931,5748 N Hermitage Ave,5748 N HERMITAGE AVE,EDGEWATER,,,,41.9865382,-87.6732447,row_2022,501738,1,1909,956.9,T2,low,direction S vs N; 21951 m from the trusted coordinate
255932,33 S Ashland Ave,33 S ASHLAND AVE,NEAR WEST SIDE,Multifamily Housing,2017,1,41.8803876,-87.6666227,row_2022,,0,,,none,none,"built 2017, after the City's 2015 footprint layer: no footprint in it can be this building"
255933,9 W Walton St,9 W WALTON ST,NEAR NORTH SIDE,Multifamily Housing,2018,1,41.8998215,-87.6286992,row_2022,,0,,,none,none,"built 2018, after the City's 2015 footprint layer: no footprint in it can be this building"
255934,33 S Aberdeen St,33 S ABERDEEN ST,NEAR WEST SIDE,Multifamily Housing,2018,2,41.8806305,-87.6545227,row_2022,,0,,,none,none,"built 2018, after the City's 2015 footprint layer: no footprint in it can be this building"
255935,6253 S Cottage Grove Ave,6253 S COTTAGE GROVE AVE,WOODLAWN,Multifamily Housing,2017,1,41.7806729,-87.6057893,row_2022,,0,,,none,none,"built 2017, after the City's 2015 footprint layer: no footprint in it can be this building"
255936,675 N Wells St,675 N WELLS ST,NEAR NORTH SIDE,Multifamily Housing,2018,1,41.8946098,-87.6340008,row_2022,,0,,,none,none,"built 2018, after the City's 2015 footprint layer: no footprint in it can be this building"
255937,710 W Grand Ave,710 W GRAND AVE,WEST TOWN,,,,41.8913106,-87.6463245,row_2022,347991,1,,6697.8,T1,high,
255938,822 N Clark St,822 N CLARK ST,NEAR NORTH SIDE,,,,41.8973609,-87.63141,row_2022,336347,1,1889,1783.5,coord_nearest,medium,nearest footprint 19 m from the trusted coordinate
255939,5334 S State St,5334 S STATE ST,WASHINGTON PARK,,,,41.7972464,-87.6259151,row_2022,,0,,,none,none,no footprint within 75 m of the trusted coordinate
255940,1767 N Milwaukee Ave,1767 N MILWAUKEE AVE,WEST TOWN,Multifamily Housing,2017,1,41.9135878,-87.6822028,row_2022,,0,,,none,none,"built 2017, after the City's 2015 footprint layer: no footprint in it can be this building"
255941,1801 W Jackson Blvd,1801 W JACKSON BLVD,NEAR WEST SIDE,Ice/Curling Rink,2017,1,41.877432,-87.6717679,row_2022,,0,,,none,none,"built 2017, after the City's 2015 footprint layer: no footprint in it can be this building"
255942,734 W Sheridan Rd,734 W SHERIDAN RD,LAKE VIEW,Multifamily Housing,2018,1,41.9528697,-87.6493402,row_2022,,0,,,none,none,"built 2018, after the City's 2015 footprint layer: no footprint in it can be this building"
255943,1640 W Division St,1640 W DIVISION ST,WEST TOWN,Multifamily Housing,2018,1,41.9034291,-87.6691296,row_2022,,0,,,none,none,"built 2018, after the City's 2015 footprint layer: no footprint in it can be this building"
255944,243 E Ontario St,243 E ONTARIO ST,NEAR NORTH SIDE,,,,41.8932703,-87.6215665,row_2022,813879,1,1959,8718,coord_pip,medium,
255945,1140 S Wabash Ave,1140 S WABASH AVE,LOOP,Multifamily Housing,2017,3,41.8680369,-87.625982,row_2022,,0,,,none,none,"built 2017, after the City's 2015 footprint layer: no footprint in it can be this building"
255946,171 N Aberdeen St,171 N ABERDEEN ST,NEAR WEST SIDE,,,,41.885145,-87.6543154,row_2022,353601,1,1912,5765,coord_nearest,medium,nearest footprint 4 m from the trusted coordinate
255947,27 N Aberdeen St,27 N ABERDEEN ST,NEAR WEST SIDE,Multifamily Housing,2018,1,41.8824925,-87.6542353,row_2022,,0,,,none,none,"built 2018, after the City's 2015 footprint layer: no footprint in it can be this building"
255948,728 N Morgan St,728 N MORGAN ST,WEST TOWN,Multifamily Housing,2017,2,41.8955129,-87.6527592,row_2022,,0,,,none,none,"built 2017, after the City's 2015 footprint layer: no footprint in it can be this building"
255949,3630 N Clark St,3630 N CLARK ST,LAKE VIEW,Hotel,2018,1,41.9479656,-87.6572985,row_2022,,0,,,none,none,"built 2018, after the City's 2015 footprint layer: no footprint in it can be this building"
255951,1950 W Polk St,1950 W POLK ST,NEAR WEST SIDE,Office,2018,1,41.8715963,-87.6758215,row_2022,,0,,,none,none,"built 2018, after the City's 2015 footprint layer: no footprint in it can be this building"
255952,221 W Hubbard St,221 W HUBBARD ST,NEAR NORTH SIDE,Multifamily Housing,2017,1,41.8898608,-87.6349485,row_2022,,0,,,none,none,"built 2017, after the City's 2015 footprint layer: no footprint in it can be this building"
255953,311 W Illinois St,311 W ILLINOIS ST,NEAR NORTH SIDE,Multifamily Housing,2017,1,41.8906484,-87.6360605,row_2022,,0,,,none,none,"built 2017, after the City's 2015 footprint layer: no footprint in it can be this building"
255954,930 W Altgeld St,930 W ALTGELD ST,LINCOLN PARK,Multifamily Housing,2018,1,41.9273223,-87.6525057,row_2022,,0,,,none,none,"built 2018, after the City's 2015 footprint layer: no footprint in it can be this building"
255955,1035 W Van Buren St,1035 W VAN BUREN ST,NEAR WEST SIDE,Multifamily Housing,2017,1,41.8764696,-87.6533212,row_2022,,0,,,none,none,"built 2017, after the City's 2015 footprint layer: no footprint in it can be this building"
255956,465 N Park Dr,465 N PARK DR,NEAR NORTH SIDE,Multifamily Housing,2018,1,41.890521,-87.6194688,row_2022,,0,,,none,none,"built 2018, after the City's 2015 footprint layer: no footprint in it can be this building"
255957,1140 N Wells St,1140 N WELLS ST,NEAR NORTH SIDE,Multifamily Housing,2018,1,41.9033111,-87.6346058,row_2022,,0,,,none,none,"built 2018, after the City's 2015 footprint layer: no footprint in it can be this building"
255958,625 W Adams St,625 W ADAMS ST,NEAR WEST SIDE,Office,2018,1,41.8791526,-87.6437027,row_2022,,0,,,none,none,"built 2018, after the City's 2015 footprint layer: no footprint in it can be this building"
255965,5430 N. Sheridan Rd.,5430 N SHERIDAN RD,EDGEWATER,Multifamily Housing,2008,1,41.9809412,-87.6552598,row_2022,883957,1,,13124.8,T1,high,
255967,4545 W Division St,4545 W DIVISION ST,HUMBOLDT PARK,Enclosed Mall,2016,1,41.9023317,-87.7404589,row_2022,,0,,,none,none,"built 2016, after the City's 2015 footprint layer: no footprint in it can be this building"
255970,1109 W Washington,1109 W WASHINGTON,NEAR WEST SIDE,Multifamily Housing,2020,1,41.8829053,-87.6548039,row_2022,,0,,,none,none,"built 2020, after the City's 2015 footprint layer: no footprint in it can be this building"
255977,3905-29 N. Western Ave.,3905-3929 N WESTERN AVE,NORTH CENTER,,,,41.952357,-87.688272,row_2022,889733;889734;889735;889736,4,2009,18504.7,T1_multi,high,
255984,737 N Ada St,737 N ADA ST,WEST TOWN,,,1,,,none,340703,1,1888,1125.5,T3,low,"no trusted coordinate; nearest range 736-736, 1 house numbers away; no trusted coordinate"
256076,300 N Canal Street,300 N CANAL ST,NEAR WEST SIDE,Multifamily Housing,2006,1,41.886841,-87.6400435,row_2022,834536,1,2005,14652.7,T1,high,
256077,1 Thornwood Drive,1 THORNWOOD DR,,,,,,,none,,0,,,none,none,street 'THORNWOOD' is not in the footprint table; no trusted coordinate
256079,3859 S. Vincennes Avenue,3859 S VINCENNES AVE,OAKLAND,Multifamily Housing,2013,13,,,none,892601,1,2010,5205.4,T3,low,"no trusted coordinate; nearest range 3838-3846, 13 house numbers away; no trusted coordinate"
256080,3744-54 S ELLIS AVE,3744-3754 S ELLIS AVE,OAKLAND,Multifamily Housing,2005,21,41.8269133,-87.6069482,row_2022,421650,1,1888,1020.2,coord_nearest,low,nearest footprint 30 m from the trusted coordinate
256081,650 E 38TH PLACE,650 E 38TH PL,,Multifamily Housing,2005,24,,,none,866192,1,2006,3920,T1,high,
256124,1515 W Webster Avenue,1515 W WEBSTER AVE,LINCOLN PARK,Office,2018,1,41.9214845,-87.6670258,row_2022,,0,,,none,none,"built 2018, after the City's 2015 footprint layer: no footprint in it can be this building"
256125,168 N Michigan ave,168 N MICHIGAN AVE,LOOP,,,,41.8849652,-87.6246242,row_2022,814387,1,1916,5899.1,T1,high,
256247,2710 N. Clark St,2710 N CLARK ST,LINCOLN PARK,Senior Living Community,2003,1,41.9316042,-87.644592,row_2022,835282,1,2005,13115.8,T1,high,
256248,1201 N LaSalle Street,1201 N LA SALLE ST,NEAR NORTH SIDE,Multifamily Housing,2017,1,41.9039749,-87.6327769,row_2022,,0,,,none,none,"built 2017, after the City's 2015 footprint layer: no footprint in it can be this building"
256249,110 N Carpenter,110 N CARPENTER,NEAR WEST SIDE,Office,2018,1,41.8833866,-87.6533916,row_2022,,0,,,none,none,"built 2018, after the City's 2015 footprint layer: no footprint in it can be this building"
256250,2606-2610 W Balmoral Ave,2606-2610 W BALMORAL AVE,LINCOLN SQUARE,Multifamily Housing,1948,1,41.9796075,-87.6945246,row_2022,65213,1,,766.7,coord_nearest,low,"year guard: address candidate 65779 built 1952, property built 1948; year guard: coord_nearest candidate 64546 built 1954, property built 1948; year guard: coord_nearest candidate 64567 built 1953, property built 1948; year guard: coord_nearest candidate 64579 built 1957, property built 1948; year guard: coord_nearest candidate 64626 built 1966, property built 1948; year guard: coord_nearest candidate 64639 built 1955, property built 1948; year guard: coord_nearest candidate 65763 built 1957, property built 1948; year guard: coord_nearest candidate 65811 built 1960, property built 1948; year guard: coord_nearest candidate 65842 built 1954, property built 1948; year guard: coord_nearest candidate 65869 built 1954, property built 1948; year guard: coord_nearest candidate 65943 built 1957, property built 1948; year guard: coord_nearest candidate 65992 built 1956, property built 1948; year guard: coord_nearest candidate 67170 built 1956, property built 1948; year guard: coord_nearest candidate 67174 built 1956, property built 1948; year guard: coord_nearest candidate 67177 built 1956, property built 1948; year guard: coord_nearest candidate 67189 built 1956, property built 1948; year guard: coord_nearest candidate 67199 built 1955, property built 1948; year guard: coord_nearest candidate 67201 built 1955, property built 1948; year guard: coord_nearest candidate 67213 built 1955, property built 1948; year guard: coord_nearest candidate 67228 built 1955, property built 1948; year guard: coord_nearest candidate 67230 built 1956, property built 1948; year guard: coord_nearest candidate 67241 built 1953, property built 1948; year guard: coord_nearest candidate 67248 built 1955, property built 1948; year guard: coord_nearest candidate 67253 built 1956, property built 1948; year guard: coord_nearest candidate 67258 built 1955, property built 1948; year guard: coord_nearest candidate 842533 built 2006, property built 1948; year guard: coord_nearest candidate 842534 built 2006, property built 1948; year guard: coord_nearest candidate 842535 built 2006, property built 1948; year guard: coord_nearest candidate 842536 built 2006, property built 1948; year guard: coord_nearest candidate 842537 built 2006, property built 1948; nearest footprint 41 m from the trusted coordinate"
256263,1330 W. Fulton,1330 W FULTON,NEAR WEST SIDE,Office,2017,1,41.8867389,-87.6601577,row_2022,,0,,,none,none,"built 2017, after the City's 2015 footprint layer: no footprint in it can be this building"
256264,1808 S Michigan,1808 S MICHIGAN,NEAR SOUTH SIDE,Multifamily Housing,1999,1,41.8576061,-87.6240737,row_2022,821215,1,1998,23899,T1,high,
256405,303 E Superior Street,303 E SUPERIOR ST,NEAR NORTH SIDE,Laboratory,2004,1,41.8956924,-87.6201429,row_2022,824884,1,2005,53676.4,T1,high,
256406,375 E Chicago Ave,375 E CHICAGO AVE,NEAR NORTH SIDE,College/University,1978,1,41.8967201,-87.6175675,row_2022,815078,1,,46179.9,T1,high,
256407,340 E Superior Street,340 E SUPERIOR ST,NEAR NORTH SIDE,College/University,1925,1,41.8959359,-87.6188729,row_2022,866006,1,,9128.3,T1,high,"year guard: address candidate 815874 built 2002, property built 1925"
256408,320 E Superior Street,320 E SUPERIOR ST,NEAR NORTH SIDE,Laboratory,1965,1,41.8959241,-87.6195455,row_2022,866005,1,,33424.1,T1,high,
256409,310 E Superior Street,310 E SUPERIOR ST,NEAR NORTH SIDE,College/University,1955,1,41.8959181,-87.619883,row_2022,866005,1,,33424.1,T1,high,
256410,300 E Superior Street,300 E SUPERIOR ST,NEAR NORTH SIDE,Laboratory,1990,1,41.8959103,-87.6202192,row_2022,866005,1,,33424.1,T1,high,
256411,303 E Chicago Ave,303 E CHICAGO AVE,NEAR NORTH SIDE,Laboratory,1925,1,41.8966804,-87.6201282,row_2022,866004,1,1926,27621.6,T1,high,
256419,3360 S State Street,3360 S STATE ST,DOUGLAS,,,,41.8329242,-87.6268027,row_2022,414610,1,,26809.2,T1,high,
256420,10 W 32nd Street,10 W 32ND ST,DOUGLAS,,,,41.8361231,-87.6271101,row_2022,408222,1,,35820.4,T1,high,
256421,3105 S Dearborn St,3105 S DEARBORN ST,DOUGLAS,,,,41.838031,-87.6277827,row_2022,407414,1,,26890.7,T1,high,
256422,3350 S Federal Street,3350 S FEDERAL ST,DOUGLAS,,,,41.8330508,-87.6291908,row_2022,414044,1,,19622.6,T1,high,
256423,10 W 33rd Street,10 W 33RD ST,DOUGLAS,,,,41.8347816,-87.6270716,row_2022,410868,1,,37451.5,T1,high,
256424,10 W 31st Street,10 W 31ST ST,DOUGLAS,,,,41.8384056,-87.6271555,row_2022,405961,1,,26944,T1,high,
256425,3255 S Dearborn Street,3255 S DEARBORN ST,DOUGLAS,,,,41.8348119,-87.627711,row_2022,411607,1,,16177.1,coord_pip,medium,
256426,35 W 33rd Street,35 W 33RD ST,DOUGLAS,,,,41.8345474,-87.6279935,row_2022,413500,1,,45957,T1,high,
256427,3241 S Federal Street,3241 S FEDERAL ST,DOUGLAS,,,,41.8351003,-87.6287613,row_2022,410543,1,,56445,coord_nearest,medium,nearest footprint 14 m from the trusted coordinate
256428,3201 S State Street,3201 S STATE ST,DOUGLAS,,,,41.8363718,-87.6263808,row_2022,873288,1,,21332.3,T1,high,
256429,60 E 32nd Street,60 E 32ND ST,DOUGLAS,,,,41.8365522,-87.6240938,row_2022,410347,1,,2231.7,coord_nearest,low,nearest footprint 30 m from the trusted coordinate
256430,3100 S Michigan Avenue,3100 S MICHIGAN AVE,DOUGLAS,,,,41.8382495,-87.6235884,row_2022,407618,1,1957,7100,T1,high,
256431,3140 S Michigan Avenue,3140 S MICHIGAN AVE,DOUGLAS,,,,41.8370757,-87.6235607,row_2022,408686,1,1957,7525,T1,high,
256433,3301 S State Street,3301 S STATE ST,DOUGLAS,,,,41.8345729,-87.6263549,row_2022,857554,1,2006,36226.3,T1,high,
256434,3040 S Wabash Avenue,3040 S WABASH AVE,DOUGLAS,,,,41.8383841,-87.6252916,row_2022,404930,1,,32017.4,coord_nearest,medium,nearest footprint 26 m from the trusted coordinate
256435,55 W 34th Street,55 W 34TH ST,DOUGLAS,,,,41.8327002,-87.6287221,row_2022,415615,1,,118066.4,coord_nearest,medium,nearest footprint 1 m from the trusted coordinate
256436,3424 S State Street,3424 S STATE ST,DOUGLAS,,,,41.8320662,-87.6268183,row_2022,415663;416163,2,,31634.1,T1_multi,high,
256437,3450 S State Street,3450 S STATE ST,DOUGLAS,,,,41.8313288,-87.6267875,row_2022,416920,1,1962,17080.2,coord_nearest,medium,nearest footprint 10 m from the trusted coordinate
256438,3440 S Dearborn Street,3440 S DEARBORN ST,DOUGLAS,,,,41.8315964,-87.6279306,row_2022,415615,1,,118066.4,T1,high,
256439,35 W 34th Street,35 W 34TH ST,DOUGLAS,,,,41.832718,-87.627754,row_2022,415663,1,,15200.9,coord_nearest,medium,nearest footprint 18 m from the trusted coordinate
256440,10 W 35th Street,10 W 35TH ST,DOUGLAS,,,,41.8311134,-87.6269922,row_2022,416920,1,1962,17080.2,T1,high,1 in-range footprint(s) on the same-named street of another type ignored
256441,3300 S FEDERAL ST,3300 S FEDERAL ST,Douglas,,,,41.834594,-87.6292218,row_2022,412839,1,,16105.9,T1,high,
256455,2801-13 N Leavitt Street,2801-2813 N LEAVITT ST,NORTH CENTER,,,,41.9324421,-87.6806049,row_2022,237849,1,,13720.5,T1,high,
256456,2815-27 N. Leavitt Street,2815-2827 N LEAVITT ST,NORTH CENTER,,,,41.932713,-87.6809654,row_2022,233513,1,,13670.7,T1,high,
256457,2737 N. Hoyne Avenue,2737 N HOYNE AVE,LINCOLN PARK,Multifamily Housing,2019,1,41.9314073,-87.6786869,row_2022,,0,,,none,none,"built 2019, after the City's 2015 footprint layer: no footprint in it can be this building"
256458,1901 W Madison St,1901 W MADISON ST,,,,,41.88125,-87.67448,covered_list,357638,1,1994,200707.2,T1,high,
256489,640 N Wells,640 N WELLS,NEAR NORTH SIDE,Multifamily Housing,2017,1,41.8936585,-87.6342704,row_2022,,0,,,none,none,"built 2017, after the City's 2015 footprint layer: no footprint in it can be this building"
256490,5427 N Broadway St,5427 N BROADWAY ST,EDGEWATER,Multifamily Housing,1910,3,41.9808017,-87.6598439,row_2022,842220,1,,6646,coord_nearest,medium,"year guard: coord_nearest candidate 60763 built 1921, property built 1910; year guard: coord_nearest candidate 61898 built 1942, property built 1910; year guard: coord_nearest candidate 63324 built 1919, property built 1910; year guard: coord_nearest candidate 855023 built 1914, property built 1910; year guard: coord_nearest candidate 855024 built 1937, property built 1910; year guard: coord_nearest candidate 855025 built 1918, property built 1910; nearest footprint 3 m from the trusted coordinate"
256500,933 E 56th Street,933 E 56TH ST,HYDE PARK,Laboratory,2017,1,41.7930873,-87.6025043,row_2022,,0,,,none,none,"built 2017, after the City's 2015 footprint layer: no footprint in it can be this building"
256501,1117-1137 W Monroe,1117-1137 W MONROE,NEAR WEST SIDE,Multifamily Housing,2006,1,41.8802471,-87.655384,row_2022,836305;836306;859856,3,2006,40942,T1_multi,high,
256502,1442 E. 59th Street,1442 E 59TH ST,HYDE PARK,Residence Hall/Dormitory,1916,1,41.7879793,-87.5898627,row_2022,502651,1,,10603.5,T1,high,
256527,55 E 11Th St,55 E 11TH ST,Loop,,,,41.8691715,-87.6253738,row_2022,814995,1,1961,13776.7,coord_pip,medium,
256528,710 W 14Th St,710 W 14TH ST,Near West Side,,,,41.8637004,-87.6452914,row_2022,373947,1,1889,3648.5,coord_nearest,medium,nearest footprint 15 m from the trusted coordinate
256529,1411 E 53Rd St,1411 E 53RD ST,Hyde Park,Hotel,2018,1,41.799407,-87.5912832,row_2022,,0,,,none,none,"built 2018, after the City's 2015 footprint layer: no footprint in it can be this building"
256530,1616 E 56Th St,1616 E 56TH ST,Hyde Park,Multifamily Housing,2018,1,41.7935063,-87.5857558,row_2022,,0,,,none,none,"built 2018, after the City's 2015 footprint layer: no footprint in it can be this building"
256531,180 N Ada Street,180 N ADA ST,Near West Side,,,,41.8852708,-87.66091,row_2022,876474,1,1930,40979.5,coord_nearest,medium,nearest footprint 22 m from the trusted coordinate
256532,1025 W Addison St,1025 W ADDISON ST,Lake View,Multifamily Housing,2018,1,41.9471177,-87.6553812,row_2022,,0,,,none,none,"built 2018, after the City's 2015 footprint layer: no footprint in it can be this building"
256534,811 W Agatite Ave,811 W AGATITE AVE,Uptown,,,,41.96263,-87.6504304,row_2022,122818,1,,23848.5,coord_nearest,medium,nearest footprint 5 m from the trusted coordinate
256535,3535 N Ashland Ave,3535 N ASHLAND AVE,Lake View,,,,41.9462214,-87.668695,row_2022,180083,1,1941,22023,T1,high,
256536,61 E Banks Street,61 E BANKS ST,Near North Side,Multifamily Housing,2019,1,41.9066893,-87.6265031,row_2022,,0,,,none,none,"built 2019, after the City's 2015 footprint layer: no footprint in it can be this building"
256537,3833 N Broadway,3833 N BROADWAY,Lake View,Multifamily Housing,2020,1,41.9522077,-87.6494892,row_2022,,0,,,none,none,"built 2020, after the City's 2015 footprint layer: no footprint in it can be this building"
256538,2340 N California Ave,2340 N CALIFORNIA AVE,Logan Square,,,,41.9240178,-87.6975424,row_2022,266251,1,,2614.6,coord_pip,medium,
256539,210 N Carpenter St,210 N CARPENTER ST,Near West Side,Office,2018,1,41.885945,-87.6534618,row_2022,,0,,,none,none,"built 2018, after the City's 2015 footprint layer: no footprint in it can be this building"
256540,123 E Cermak Rd,123 E CERMAK RD,Near South Side,Hotel,2018,1,41.8527742,-87.6227588,row_2022,,0,,,none,none,"built 2018, after the City's 2015 footprint layer: no footprint in it can be this building"
256541,508 W Diversey Pkwy,508 W DIVERSEY PKWY,Lake View,Multifamily Housing,2019,1,41.932971,-87.6417874,row_2022,,0,,,none,none,"built 2019, after the City's 2015 footprint layer: no footprint in it can be this building"
256542,5525 W Diversey Ave,5525 W DIVERSEY AVE,Belmont Cragin,,,,41.9311871,-87.7647965,row_2022,245892,1,1989,8836.9,T1,high,
256543,360 W Erie Street,360 W ERIE ST,Near North Side,Multifamily Housing,2019,1,41.8940497,-87.6380312,row_2022,,0,,,none,none,"built 2019, after the City's 2015 footprint layer: no footprint in it can be this building"
256544,451 E Grand Ave,451 E GRAND AVE,Near North Side,Multifamily Housing,2018,1,41.8917668,-87.6157519,row_2022,,0,,,none,none,"built 2018, after the City's 2015 footprint layer: no footprint in it can be this building"
256545,200 N Green St,200 N GREEN ST,Near West Side,Hotel,2019,1,41.8856992,-87.6487891,row_2022,,0,,,none,none,"built 2019, after the City's 2015 footprint layer: no footprint in it can be this building"
256546,7621 S Greenwood Ave,7621 S GREENWOOD AVE,Greater Grand Crossing,,,,41.7561333,-87.5978555,row_2022,598537,1,,22439.9,T1,high,
256547,8647 W Higgins Road,8647 W HIGGINS RD,O'Hare,Office,2019,1,41.9871626,-87.8426449,row_2022,,0,,,none,none,"built 2019, after the City's 2015 footprint layer: no footprint in it can be this building"
256548,202 W Hill Street,202 W HILL ST,Near North Side,Multifamily Housing,2021,1,41.9022119,-87.6345715,row_2022,,0,,,none,none,"built 2021, after the City's 2015 footprint layer: no footprint in it can be this building"
256549,110 W Huron St,110 W HURON ST,Near North Side,Hotel,2019,1,41.8949355,-87.6317208,row_2022,,0,,,none,none,"built 2019, after the City's 2015 footprint layer: no footprint in it can be this building"
256550,1200 S Indiana Ave,1200 S INDIANA AVE,Near South Side,Multifamily Housing,2019,1,41.8673979,-87.6227005,row_2022,,0,,,none,none,"built 2019, after the City's 2015 footprint layer: no footprint in it can be this building"
256551,909 S Jefferson St,909 S JEFFERSON ST,Near West Side,,,,41.86387,-87.6468194,row_2020,891755,1,2009,11095.4,coord_nearest,medium,nearest footprint 12 m from the trusted coordinate
256552,4758 N Laramie Ave,4758 N LARAMIE AVE,Portage Park,,,,41.9677358,-87.7578425,row_2022,844619,1,1922,9698.1,coord_nearest,medium,nearest footprint 29 m from the trusted coordinate
256553,2335 N Lincoln Ave,2335 N LINCOLN AVE,Lincoln Park,Multifamily Housing,2019,1,41.924548,-87.6472939,row_2022,,0,,,none,none,"built 2019, after the City's 2015 footprint layer: no footprint in it can be this building"
256554,2345 N Lincoln Ave,2345 N LINCOLN AVE,Lincoln Park,Multifamily Housing,2019,1,41.9247412,-87.6475635,row_2022,,0,,,none,none,"built 2019, after the City's 2015 footprint layer: no footprint in it can be this building"
256555,2350 N Lincoln Ave,2350 N LINCOLN AVE,Lincoln Park,Office,2019,1,41.9246991,-87.647929,row_2022,,0,,,none,none,"built 2019, after the City's 2015 footprint layer: no footprint in it can be this building"
256556,727 W Madison St,727 W MADISON ST,Near West Side,Multifamily Housing,2019,1,41.881678,-87.6467212,row_2022,,0,,,none,none,"built 2019, after the City's 2015 footprint layer: no footprint in it can be this building"
256557,1411 S Michigan Avenue,1411 S MICHIGAN AVE,Near South Side,,,,41.8637392,-87.6239241,row_2022,373911,1,,8806.7,T1,high,
256558,1326 S Michigan Avenue,1326 S MICHIGAN AVE,Near South Side,Multifamily Housing,2019,,41.8649995,-87.624243,row_2022,,0,,,none,none,"built 2019, after the City's 2015 footprint layer: no footprint in it can be this building"
256559,5504 S Michigan Ave,5504 S MICHIGAN AVE,Washington Park,Multifamily Housing,2020,1,41.7941899,-87.6226006,row_2022,,0,,,none,none,"built 2020, after the City's 2015 footprint layer: no footprint in it can be this building"
256560,1980 N Milwaukee Ave,1980 N MILWAUKEE AVE,Logan Square,,,,41.9173351,-87.6884536,row_2022,286983,1,,14055.2,coord_nearest,medium,nearest footprint 23 m from the trusted coordinate
256561,2025 N Milwaukee Ave,2025 N MILWAUKEE AVE,Logan Square,Multifamily Housing,2020,1,41.918124,-87.6892906,row_2022,,0,,,none,none,"built 2020, after the City's 2015 footprint layer: no footprint in it can be this building"
256562,450 N Morgan St,450 N MORGAN ST,West Town,,,,41.8904191,-87.6524217,row_2022,349349,1,1891,8200.9,coord_nearest,medium,nearest footprint 6 m from the trusted coordinate
256563,1323 W Morse Ave,1323 W MORSE AVE,Rogers Park,Multifamily Housing,2018,1,42.0078205,-87.6647156,row_2022,,0,,,none,none,"built 2018, after the City's 2015 footprint layer: no footprint in it can be this building"
256564,3527 W North Avenue,3527 W NORTH AVE,Humboldt Park,Multifamily Housing,2019,1,41.9098981,-87.7154966,row_2022,,0,,,none,none,"built 2019, after the City's 2015 footprint layer: no footprint in it can be this building"
256565,111 S Peoria St,111 S PEORIA ST,,,,,,,none,,0,,,none,none,no trusted coordinate
256566,176 N Racine Avenue,176 N RACINE AVE,Near West Side,Office,2019,1,41.8852696,-87.6569359,row_2022,,0,,,none,none,"built 2019, after the City's 2015 footprint layer: no footprint in it can be this building"
256567,1554 N Talman Ave,1554 N TALMAN AVE,West Town,,,,41.9100477,-87.6934643,row_2022,866950,1,1899,2391,coord_pip,medium,
256568,363 E Wacker Dr,363 E WACKER DR,Loop,,,,41.8874644,-87.6178602,row_2022,883628,1,2007,12787.2,coord_nearest,low,nearest footprint 71 m from the trusted coordinate
256569,1659 W Washington Blvd,1659 W WASHINGTON BLVD,Near West Side,Multifamily Housing,2018,1,41.883151,-87.6692307,row_2022,,0,,,none,none,"built 2018, after the City's 2015 footprint layer: no footprint in it can be this building"
256570,904 W Washington Blvd,904 W WASHINGTON BLVD,Near West Side,Multifamily Housing,2019,1,41.88321,-87.6499726,row_2022,,0,,,none,none,"built 2019, after the City's 2015 footprint layer: no footprint in it can be this building"
256571,175 S Wells St,175 S WELLS ST,Loop,,,,41.8794155,-87.6336058,row_2022,353241,1,1990,21377.4,T2,low,direction N vs S; 634 m from the trusted coordinate
256572,1667 N Western Avenue,1667 N WESTERN AVE,West Town,,,,41.9122342,-87.6871237,row_2022,299342,1,,7226.1,coord_nearest,medium,nearest footprint 18 m from the trusted coordinate
256573,313 W Wolf Point Plaza,313 W WOLF POINT PLZ,Near North Side,Multifamily Housing,2020,1,41.8878056,-87.6368282,row_2022,,0,,,none,none,"built 2020, after the City's 2015 footprint layer: no footprint in it can be this building"
256574,7134 W 65Th St,7134 W 65TH ST,Clearing,,,,41.7738259,-87.7997419,row_2022,555242,1,,518,coord_nearest,low,nearest footprint 46 m from the trusted coordinate
256575,1601 S Dearborn St,1601 S DEARBORN ST,Near South Side,,,,41.8600887,-87.6286361,row_2022,375713,1,,1886.9,T1,high,
256606,900 East 103rd Street,900 E 103RD ST,,,,,,,none,724068;728111,2,,526583.2,T1_multi,high,
256607,6149 N. Broadway,6149 N BROADWAY,,Multifamily Housing,2020,1,,,none,,0,,,none,none,"built 2020, after the City's 2015 footprint layer: no footprint in it can be this building"
256608,3900 W Palmer St,3900 W PALMER ST,,,,,,,none,275190,1,,47360.2,T1,high,
256614,108 North State Street,108 N STATE ST,,,,,41.88425,-87.63245,covered_list,814451,1,1926,10396.7,coord_nearest,medium,nearest footprint 15 m from the trusted coordinate
256615,25 West Randolph Street,25 W RANDOLPH ST,,Multifamily Housing,2016,1,41.88425,-87.63245,covered_list,,0,,,none,none,"built 2016, after the City's 2015 footprint layer: no footprint in it can be this building"
256616,330 W Grand Ave,330 W GRAND AVE,,Multifamily Housing,2005,1,,,none,837920,1,2005,11319.9,T1,high,
256630,8 E Huron St,8 E HURON ST,,Multifamily Housing,2017,1,,,none,,0,,,none,none,"built 2017, after the City's 2015 footprint layer: no footprint in it can be this building"
256634,6134 S. Cottage Grove Avenue,6134 S COTTAGE GROVE AVE,,Multifamily Housing,2015,1,,,none,520402,1,,3873,T1,high,
256639,619 S LaSalle,619 S LA SALLE,,,,,41.86949,-87.62586,covered_list,814912,1,,9377.2,T1,high,
256640,1251 S. Michigan Avenue,1251 S MICHIGAN AVE,,Multifamily Housing,2006,2,,,none,834949,1,2005,42903.8,T1,high,
256645,1419 S Wabash Ave,1419 S WABASH AVE,,Multifamily Housing,2019,1,,,none,,0,,,none,none,"built 2019, after the City's 2015 footprint layer: no footprint in it can be this building"
256646,51 E 145h Street,51 E 145H ST,,,,,,,none,,0,,,none,none,street '145H' is not in the footprint table; no trusted coordinate
256647,2356 East 70th Street,2356 E 70TH ST,,,,,,,none,864200,1,1920,10463,T1,high,
256653,3212 West Diversey Ave,3212 W DIVERSEY AVE,,Multifamily Housing,1925,1,,,none,851235,1,1926,11168.5,T3,low,"no trusted coordinate; nearest range 3213-3229, 1 house numbers away; no trusted coordinate"
256655,1140 N La Salle Dr,1140 N LA SALLE DR,,Multifamily Housing,1930,1,41.90423,-87.63823,covered_list,322028,1,1932,12334.9,T1,high,
256656,2600 North Kedzie Ave,2600 N KEDZIE AVE,,,,,,,none,865936,1,,4172.2,T3,low,"1 in-range footprint(s) on the same-named street of another type ignored; no trusted coordinate; nearest range 2623-2629, 23 house numbers away; no trusted coordinate"
256658,4050 West 115th Street,4050 W 115TH ST,,Multifamily Housing,1973,8,,,none,784500,1,,11635.8,T1,high,
256659,3145-61 N Lincoln,3145-3161 N LINCOLN,,,,,,,none,210372,1,,29835.6,T1,high,
256660,3859 S. Vincennes Avenue,3859 S VINCENNES AVE,,Multifamily Housing,2013,1,41.81681,-87.60778,covered_list,431372,1,,35404.1,coord_nearest,medium,nearest footprint 24 m from the trusted coordinate
256663,630 N Franklin St,630 N FRANKLIN ST,,Multifamily Housing,2005,1,41.89237,-87.63635,covered_list,345609,1,,23984.6,coord_nearest,medium,nearest footprint 9 m from the trusted coordinate
256667,6547 N Harlem Avenue,6547 N HARLEM AVE,,Multifamily Housing,1970,1,,,none,22268,1,,11874,T1,high,
256668,900-10 W Winona Street,900-910 W WINONA ST,,Multifamily Housing,1912,1,,,none,885697,1,,9883.3,T1,high,
256669,4011 N Francisco Avenue,4011 N FRANCISCO AVE,,Multifamily Housing,2004,1,,,none,151867,1,1926,18330,T1,high,
256670,1 S Leavitt Street,1 S LEAVITT ST,,Multifamily Housing,2004,1,,,none,827061,1,2004,16180.1,T1,high,
256671,1061 W 16th Street,1061 W 16TH ST,,Multifamily Housing,2007,1,,,none,376025,1,,13047,T1,high,
256672,2903-2923 N Claremont Ave,2903-2923 N CLAREMONT AVE,,Multifamily Housing,2004,3,,,none,821345,1,,10505.8,T1,high,
256673,4845-4859 N Harding,4845-4859 N HARDING,,Multifamily Housing,1960,1,,,none,100171,1,,12172.7,T1,high,
256674,1259 N Wood Street,1259 N WOOD ST,,Multifamily Housing,1909,1,,,none,318775,1,1891,1182.8,T3,low,"year guard: address candidate 318645 built 1922, property built 1909; no trusted coordinate; year guard: T3 candidate 318018 built 1994, property built 1909; year guard: T3 candidate 319209 built 1996, property built 1909; year guard: T3 candidate 319714 built 1994, property built 1909; year guard: T3 candidate 319845 built 1994, property built 1909; year guard: T3 candidate 320152 built 1994, property built 1909; year guard: T3 candidate 320296 built 1994, property built 1909; year guard: T3 candidate 832938 built 1998, property built 1909; year guard: T3 candidate 832940 built 1999, property built 1909; year guard: T3 candidate 870150 built 2006, property built 1909; nearest range 1260-1260, 1 house numbers away; no trusted coordinate"
256675,1750 N Wolcott Avenue,1750 N WOLCOTT AVE,,,,,,,none,295268,1,1900,13980,T1,high,
256676,560-648 W 16th Street,560-648 W 16TH ST,,Multifamily Housing,2010,9,,,none,891257;891258;891259;891260;891261,5,2009,22507.4,T1_multi,high,
256677,1143 S Plymouth Court,1143 S PLYMOUTH CT,,Multifamily Housing,1982,1,41.86949,-87.62586,covered_list,370218,1,,20853.1,T1,high,
256678,14 N Peoria Street,14 N PEORIA ST,,Multifamily Housing,1969,1,41.88119,-87.65437,covered_list,356160,1,1914,17818.8,T1,high,
256679,1511-1525 W Cullom Ave,1511-1525 W CULLOM AVE,,Multifamily Housing,1975,1,41.95403,-87.67027,covered_list,152451,1,1886,2657.9,coord_nearest,medium,"year guard: coord_nearest candidate 152876 built 1995, property built 1975; nearest footprint 10 m from the trusted coordinate"
256680,1205-1255 N Orleans Court,1205-1255 N ORLEANS CT,,Multifamily Housing,2006,6,41.90423,-87.63823,covered_list,863685;863687;863689;863691;863693;863694,6,,16066,T1_multi,high,
256681,1112 S Wabash Avenue,1112 S WABASH AVE,,,,,41.86949,-87.62586,covered_list,815005,1,1908,12546,T1,high,
256690,1335 W FARGO AVE,1335 W FARGO AVE,,,,,,,none,2076,1,1926,13404.5,T1,high,
256707,1840 N Marcey Street,1840 N MARCEY ST,,,,,,,none,290257,1,1968,100555.6,T1,high,
256708,1115-25 East 58th Street,1115-1125 E 58TH ST,,,,,,,none,883254,1,,5610.1,T1,high,
256709,1101-11 East 58th Street,1101-1111 E 58TH ST,,Office,1915,1,,,none,883255,1,,12124.1,T1,high,
256710,7131 S Bennett,7131 S BENNETT,,,,,41.76381,-87.58054,covered_list,574118,1,1923,17280.6,T1,high,
256727,1220 W. Jackson Blvd,1220 W JACKSON BLVD,,Multifamily Housing,2020,1,,,none,,0,,,none,none,"built 2020, after the City's 2015 footprint layer: no footprint in it can be this building"
256728,221 W Harrison St,221 W HARRISON ST,,Multifamily Housing,2020,1,,,none,,0,,,none,none,"built 2020, after the City's 2015 footprint layer: no footprint in it can be this building"
256729,6018 S Karlov Avenue,6018 S KARLOV AVE,,K-12 School,2016,1,,,none,,0,,,none,none,"built 2016, after the City's 2015 footprint layer: no footprint in it can be this building"
256730,3930 E 105th Street,3930 E 105TH ST,,,,,,,none,744374,1,1948,476.3,T2,low,direction W vs E; no trusted coordinate
256731,6448 S Tripp Avenue,6448 S TRIPP AVE,,K-12 School,1956,5,,,none,547853,1,,28803.1,T1,high,
256732,5424 N Oketo Avenue,5424 N OKETO AVE,,K-12 School,1943,2,41.97553,-87.8018,covered_list,70752,1,,18152.5,T1,high,
256733,5329 S Oak Park Avenue,5329 S OAK PARK AVE,,K-12 School,1935,4,,,none,482545,1,,21663,T1,high,
256734,3542 S Washtenaw Avenue,3542 S WASHTENAW AVE,,K-12 School,1893,2,41.81912,-87.69604,covered_list,419775,1,,15706.6,T1,high,
256735,8601 W Foster Avenue,8601 W FOSTER AVE,,K-12 School,1970,5,,,none,88178,1,1970,42354,T1,high,
256736,10810 S Avenue H,10810 S AVENUE H,,K-12 School,1948,6,,,none,751136;751863,2,,31034.6,T1_multi,high,
256737,3419 S Bell Avenue,3419 S BELL AVE,,,,,,,none,416858,1,,15188.7,T1,high,
256745,4071 N Oak Park Ave,4071 N OAK PARK AVE,,K-12 School,2019,1,41.93992,-87.80117,covered_list,,0,,,none,none,"built 2019, after the City's 2015 footprint layer: no footprint in it can be this building"
256746,6835 S Normal Blvd,6835 S NORMAL BLVD,,K-12 School,2019,1,41.76985,-87.64316,covered_list,,0,,,none,none,"built 2019, after the City's 2015 footprint layer: no footprint in it can be this building"
256759,1533 W.Warren Blvd,1533 W WARREN BLVD,,,,,,,none,356656,1,1934,8266.6,T3,low,"no trusted coordinate; nearest range 1519-1521, 12 house numbers away; no trusted coordinate"
256760,3000 North Halsted Street,3000 N HALSTED ST,,,,,41.9397,-87.66901,covered_list,220752,1,1995,44971.5,T1,high,
256761,403 N Wabash,403 N WABASH,,Multifamily Housing,2017,1,41.89535,-87.62278,covered_list,,0,,,none,none,"built 2017, after the City's 2015 footprint layer: no footprint in it can be this building"
256762,24 East Washington Street,24 E WASHINGTON ST,,,,,,,none,868623,1,1913,21683.6,T3,low,"no trusted coordinate; nearest range 25-25, 1 house numbers away; no trusted coordinate"
256764,450 W Belmont,450 W BELMONT,,,,,,,none,205627,1,1913,2131.4,T1,high,
256765,2750 N ELSTON AVE,2750 N ELSTON AVE,Logan Square,,,,41.931485,-87.6870201,row_2022,849839,1,,7336.3,T1,high,
256766,1802 S STATE ST,1802 S STATE ST,Near South Side,Multifamily Housing,2020,1,41.8577044,-87.6273403,row_2022,,0,,,none,none,"built 2020, after the City's 2015 footprint layer: no footprint in it can be this building"
256767,146 W ERIE ST,146 W ERIE ST,Near North Side,,,,41.8941158,-87.6330024,row_2022,342398,1,1924,8298.1,T1,high,
256768,355 E WACKER DR,355 E WACKER DR,Loop,,,,41.8874734,-87.6182283,row_2022,883628,1,2007,12787.2,coord_nearest,low,nearest footprint 72 m from the trusted coordinate
256769,2773 N HAMPDEN CT,2773 N HAMPDEN CT,Lincoln Park,Multifamily Housing,2018,1,41.9327335,-87.642344,row_2022,,0,,,none,none,"built 2018, after the City's 2015 footprint layer: no footprint in it can be this building"
256770,1531 W HOWARD ST,1531 W HOWARD ST,Rogers Park,,,,42.019255,-87.6695611,row_2022,841853,1,1923,2378.3,coord_pip,medium,
256771,2942 W NORTH AVE,2942 W NORTH AVE,West Town,,,,41.9102911,-87.7007965,row_2022,852420,1,1915,14193.5,T1,high,
256772,128 S LAFLIN ST,128 S LAFLIN ST,Near West Side,,,,41.8793005,-87.6645076,row_2022,358759,1,1960,25829.2,coord_pip,medium,
256773,1604 N RICHMOND ST,1604 N RICHMOND ST,West Town,,,,41.9104047,-87.7003905,row_2022,306327,1,1899,2390.5,coord_pip,medium,
256774,1957 N FAIRFIELD AVE,1957 N FAIRFIELD AVE,Logan Square,,,,41.9173578,-87.6958244,row_2022,287250,1,,31726,coord_pip,medium,
256775,10355 S WOODLAWN AVE,10355 S WOODLAWN AVE,Pullman,,,,41.7059165,-87.594129,row_2022,732566,1,,2028.7,coord_nearest,low,nearest footprint 37 m from the trusted coordinate
256776,900 E GRAND AVE,900 E GRAND AVE,Near North Side,,,,41.8923378,-87.6040448,row_2022,346210,1,1994,765615.9,T1,high,
256777,939 W WASHINGTON BLVD,939 W WASHINGTON BLVD,Near West Side,,,,41.882969,-87.6512197,row_2022,355870,1,,14034.5,T1,high,
256778,3939 W DEVON AVE,3939 W DEVON AVE,Forest Glen,,,,41.9971334,-87.7278503,row_2022,843989,1,1961,5174.5,T1,high,
256779,1342 W TAYLOR ST,1342 W TAYLOR ST,Near West Side,,,,41.8694599,-87.6609557,row_2022,876929,1,,2179.1,coord_nearest,medium,nearest footprint 17 m from the trusted coordinate
256780,2611 N HERMITAGE AVE,2611 N HERMITAGE AVE,Lincoln Park,Multifamily Housing,2019,1,41.9289746,-87.6718598,row_2022,,0,,,none,none,"built 2019, after the City's 2015 footprint layer: no footprint in it can be this building"
256781,754 S WABASH AVE,754 S WABASH AVE,Loop,College/University,2019,1,41.8722587,-87.6260946,row_2022,,0,,,none,none,"built 2019, after the City's 2015 footprint layer: no footprint in it can be this building"
256782,110 N WACKER DR,110 N WACKER DR,Loop,Office,2020,1,41.8834982,-87.6372003,row_2022,,0,,,none,none,"built 2020, after the City's 2015 footprint layer: no footprint in it can be this building"
256783,5252 S CORNELL AVE,5252 S CORNELL AVE,Hyde Park,Multifamily Housing,2020,1,41.7996465,-87.5856589,row_2022,,0,,,none,none,"built 2020, after the City's 2015 footprint layer: no footprint in it can be this building"
256784,450 W BELMONT AVE,450 W BELMONT AVE,Lakeview,Multifamily Housing,2019,1,41.9401983,-87.641545,row_2022,,0,,,none,none,"built 2019, after the City's 2015 footprint layer: no footprint in it can be this building"
256785,2217 W MADISON ST,2217 W MADISON ST,Near West Side,,,,41.8811192,-87.68225,row_2022,859797,1,2006,15797.4,coord_nearest,medium,nearest footprint 11 m from the trusted coordinate
256786,2823 W BELMONT AVE,2823 W BELMONT AVE,Avondale,,,,41.9392781,-87.698802,row_2022,212480,1,1915,11624.7,T1,high,
256787,121 E 47TH ST,121 E 47TH ST,Grand Boulevard,,,,41.8091929,-87.6218385,row_2022,444175,1,,2055,T1,high,
256788,105 N MAY ST,105 N MAY ST,Near West Side,,,,41.8831765,-87.6554254,row_2022,879771,1,,4736.8,coord_nearest,medium,nearest footprint 23 m from the trusted coordinate
256789,4022 N ELSTON AVE,4022 N ELSTON AVE,Irving Park,,,,41.9541009,-87.7199601,row_2022,152810,1,1918,6836.1,T1,high,
256790,1550 N CLARK ST,1550 N CLARK ST,Near North Side,Multifamily Housing,2020,1,41.9109389,-87.631812,row_2022,,0,,,none,none,"built 2020, after the City's 2015 footprint layer: no footprint in it can be this building"
256791,4101 W 76TH ST,4101 W 76TH ST,West Lawn,,,,41.754944,-87.7245516,row_2022,815712,1,,4439.7,coord_nearest,low,nearest footprint 46 m from the trusted coordinate
256792,845 W MADISON ST,845 W MADISON ST,Near West Side,Multifamily Housing,2020,2,41.8816401,-87.6491101,row_2022,,0,,,none,none,"built 2020, after the City's 2015 footprint layer: no footprint in it can be this building"
256793,4346 N HONORE ST,4346 N HONORE ST,North Center,Multifamily Housing,2018,1,41.9610806,-87.6753636,row_2022,,0,,,none,none,"built 2018, after the City's 2015 footprint layer: no footprint in it can be this building"
256794,6342 S Green,6342 S GREEN,Englewood,Multifamily Housing,2021,1,41.7784034,-87.6461288,row_2022,,0,,,none,none,"built 2021, after the City's 2015 footprint layer: no footprint in it can be this building"
256795,2845 W BELDEN AVE,2845 W BELDEN AVE,Logan Square,,,,41.9231718,-87.6991247,row_2022,268515,1,1891,4331.5,T1,high,
256796,1555 N ASHLAND AVE,1555 N ASHLAND AVE,West Town,,,,41.9104691,-87.6675406,row_2022,305629,1,,2023.9,coord_nearest,medium,nearest footprint 16 m from the trusted coordinate
256797,1135 W SHERIDAN RD,1135 W SHERIDAN RD,Edgewater,Multifamily Housing,2019,1,41.9980861,-87.6598836,row_2022,,0,,,none,none,"built 2019, after the City's 2015 footprint layer: no footprint in it can be this building"
256798,2405 W HUTCHINSON ST,2405 W HUTCHINSON ST,North Center,,,,41.9584669,-87.6889008,row_2022,139449,1,,557.2,coord_nearest,medium,nearest footprint 25 m from the trusted coordinate
256799,51 E 14TH ST,51 E 14TH ST,Near South Side,Multifamily Housing,2019,4,41.8639618,-87.6253988,row_2022,,0,,,none,none,"built 2019, after the City's 2015 footprint layer: no footprint in it can be this building"
256801,804 W MONTROSE AVE,804 W MONTROSE AVE,Uptown,,,,,,none,122818,1,,23848.5,T3,low,"no trusted coordinate; nearest range 810-810, 6 house numbers away; no trusted coordinate"
256802,4555 N SHERIDAN RD,4555 N SHERIDAN RD,Uptown,,,,41.9652726,-87.654636,row_2022,113994,1,,10999.9,coord_nearest,medium,nearest footprint 29 m from the trusted coordinate
256803,4914 N CLARK ST,4914 N CLARK ST,Uptown,,,,41.9721374,-87.6680132,row_2022,90025,1,1917,4672.9,T1,high,
256804,810 W WAYMAN ST,810 W WAYMAN ST,Near West Side,,,,41.8874967,-87.6480208,row_2022,876387,1,,6365.9,coord_nearest,medium,nearest footprint 21 m from the trusted coordinate
256805,6800 N WESTERN AVE,6800 N WESTERN AVE,West Ridge,,,,42.0050761,-87.690219,row_2022,841655,1,1949,13986.7,T1,high,
256806,3435 W MONTROSE AVE,3435 W MONTROSE AVE,Irving Park,,,,41.9610014,-87.7145801,row_2022,129791,1,,3406.2,coord_pip,medium,
256807,209 E CULLERTON ST,209 E CULLERTON ST,Near South Side,,,,41.852835,-87.62862,row_2020,383684,1,1966,27310.1,coord_nearest,low,nearest footprint 48 m from the trusted coordinate
256808,205 S PEORIA ST,205 S PEORIA ST,Near West Side,,,,41.8789981,-87.6494662,row_2022,359180,1,1924,5584.4,coord_pip,medium,
256809,633 W NORTH AVE,633 W NORTH AVE,Near North Side,Multifamily Housing,2020,1,41.9108662,-87.6447192,row_2022,,0,,,none,none,"built 2020, after the City's 2015 footprint layer: no footprint in it can be this building"
256810,9401 S STONY ISLAND AVE,9401 S STONY ISLAND AVE,Calumet Heights,Multifamily Housing,2020,1,41.7240788,-87.5850102,row_2022,,0,,,none,none,"built 2020, after the City's 2015 footprint layer: no footprint in it can be this building"
256811,1201 E 60TH ST,1201 E 60TH ST,Woodlawn,Convention Center,2020,1,41.7859139,-87.5962298,row_2022,,0,,,none,none,"built 2020, after the City's 2015 footprint layer: no footprint in it can be this building"
256812,1156 E 61ST ST,1156 E 61ST ST,Woodlawn,Residence Hall/Dormitory,2019,1,41.7842656,-87.5973148,row_2022,,0,,,none,none,"built 2019, after the City's 2015 footprint layer: no footprint in it can be this building"
256813,639 W ROOSEVELT RD,639 W ROOSEVELT RD,Near West Side,,,,41.8670892,-87.6436798,row_2022,880355,1,1926,6411.4,T1,high,
256814,730 N MILWAUKEE AVE,730 N MILWAUKEE AVE,West Town,,,,41.8950601,-87.6537902,row_2022,871617,1,,3539.1,coord_nearest,medium,nearest footprint 2 m from the trusted coordinate
256815,2480 N MILWAUKEE AVE,2480 N MILWAUKEE AVE,Logan Square,Multifamily Housing,2019,1,41.9263486,-87.7031962,row_2022,,0,,,none,none,"built 2019, after the City's 2015 footprint layer: no footprint in it can be this building"
256816,4631 W FOSTER AVE,4631 W FOSTER AVE,Albany Park,Strip Mall,2020,3,41.9752599,-87.7442137,row_2022,,0,,,none,none,"built 2020, after the City's 2015 footprint layer: no footprint in it can be this building"
256817,4424 S COTTAGE GROVE AVE,4424 S COTTAGE GROVE AVE,Grand Boulevard,Multifamily Housing,2020,1,41.8142228,-87.6068168,row_2022,,0,,,none,none,"built 2020, after the City's 2015 footprint layer: no footprint in it can be this building"
256818,4434 S COTTAGE GROVE AVE,4434 S COTTAGE GROVE AVE,Grand Boulevard,Multifamily Housing,2020,1,41.8139405,-87.6068096,row_2022,,0,,,none,none,"built 2020, after the City's 2015 footprint layer: no footprint in it can be this building"
256819,100 South State Street,100 S STATE ST,,Office,1910,1,41.88425,-87.63245,covered_list,814637,1,,9161.5,T1,high,
256826,1201 W Lake Street,1201 W LAKE ST,,,,,,,none,353688,1,1912,29559.3,T1,high,
256827,6950 N Hiawatha Avenue,6950 N HIAWATHA AVE,,,,,41.99103,-87.74164,covered_list,13211,1,,25192.7,T1,high,
256829,366 W. Superior,366 W SUPERIOR,,Multifamily Housing,2019,1,41.89238,-87.63491,covered_list,,0,,,none,none,"built 2019, after the City's 2015 footprint layer: no footprint in it can be this building"
256830,717 S. Wells,717 S WELLS,,,,,41.88425,-87.63245,covered_list,366002,1,1923,9929.9,T1,high,
256831,2111 S Wabash Ave,2111 S WABASH AVE,,Multifamily Housing,2020,1,,,none,,0,,,none,none,"built 2020, after the City's 2015 footprint layer: no footprint in it can be this building"
256832,4155 S Packers Ave,4155 S PACKERS AVE,,,,,,,none,430571,1,,7540.9,T1,high,
256833,145 South Wells,145 S WELLS,,,,,41.88425,-87.63245,covered_list,814451,1,1926,10396.7,coord_nearest,medium,nearest footprint 15 m from the trusted coordinate
256834,1375 Fulton,1375 FULTON,,Office,2020,1,41.88321,-87.65877,covered_list,,0,,,none,none,"built 2020, after the City's 2015 footprint layer: no footprint in it can be this building"
256835,1744 N Western Ave,1744 N WESTERN AVE,,Multifamily Housing,2018,1,,,none,,0,,,none,none,"built 2018, after the City's 2015 footprint layer: no footprint in it can be this building"
256836,1440 N Dayton Street,1440 N DAYTON ST,,Office,1965,1,,,none,865976,1,1922,14391.2,T1,high,
256837,2150 S Canalport Avenue,2150 S CANALPORT AVE,,Office,1900,1,41.85904,-87.66014,covered_list,376856,1,,2218.1,coord_nearest,medium,"year guard: address candidate 384368 built 1928, property built 1900; year guard: coord_nearest candidate 376150 built 1924, property built 1900; year guard: coord_nearest candidate 376570 built 1997, property built 1900; year guard: coord_nearest candidate 376740 built 1908, property built 1900; year guard: coord_nearest candidate 377126 built 1913, property built 1900; year guard: coord_nearest candidate 377171 built 1905, property built 1900; year guard: coord_nearest candidate 858741 built 2006, property built 1900; year guard: coord_nearest candidate 858744 built 2006, property built 1900; year guard: coord_nearest candidate 868141 built 1993, property built 1900; year guard: coord_nearest candidate 868148 built 1925, property built 1900; nearest footprint 12 m from the trusted coordinate"
256838,5841 S. Maryland Ave MC0985,5841 S MARYLAND AVE,,Hospital (General Medical & Surgical),1926,25,,,none,,0,,,none,none,no trusted coordinate
256840,1643 N Milwaukee Avenue,1643 N MILWAUKEE AVE,,Mixed Use Property,1894,1,,,none,302096,1,1894,4614.5,T1,high,
256841,1649 Broadway,1649 BROADWAY,,,,,,,none,,0,,,none,none,no trusted coordinate
256842,2017 Mendell St,2017 MENDELL ST,,,,,,,none,280872,1,,19742.5,T2,low,direction N vs blank; no trusted coordinate
256844,1308 N Elston,1308 N ELSTON,,Office,1914,2,41.89441,-87.65955,covered_list,316257,1,,12223,T1,high,
256845,4900 N Bernard,4900 N BERNARD,,Senior Living Community,1975,1,,,none,96230,1,,12501,T1,high,
256846,6 S. Laflin,6 S LAFLIN,,,,,41.88321,-87.65877,covered_list,821396,1,2002,37985.3,T1,high,
256847,2071 N Southport Avenue,2071 N SOUTHPORT AVE,,Office,1921,1,41.92194,-87.65474,covered_list,278151,1,,22836.5,T1,high,
256856,2201 Lakeside Blvd,2201 LAKESIDE BLVD,,,,,41.9397,-87.66901,covered_list,208979,1,,2629,coord_nearest,medium,nearest footprint 9 m from the trusted coordinate
256857,3426 N Elaine Place,3426 N ELAINE PL,,,,,41.9397,-87.66901,covered_list,188428,1,1925,4154.8,T1,high,
256874,717 S CLARK ST,717 S CLARK ST,,Multifamily Housing,2020,3,41.86926,-87.62626,covered_list,,0,,,none,none,"built 2020, after the City's 2015 footprint layer: no footprint in it can be this building"
256875,1448 W MADISON ST,1448 W MADISON ST,,,,,41.88321,-87.65877,covered_list,876494,1,1948,6889.9,coord_nearest,medium,nearest footprint 8 m from the trusted coordinate
256876,1432 S CLINTON ST,1432 S CLINTON ST,,Data Center,2020,1,41.88321,-87.65877,covered_list,,0,,,none,none,"built 2020, after the City's 2015 footprint layer: no footprint in it can be this building"
256877,167 N GREEN ST,167 N GREEN ST,,Office,2020,1,41.88321,-87.65877,covered_list,,0,,,none,none,"built 2020, after the City's 2015 footprint layer: no footprint in it can be this building"
256878,4835 S CICERO AVE,4835 S CICERO AVE,,,,,,,none,454423,1,,9730.7,T1,high,
256879,2755 N MILWAUKEE AVE,2755 N MILWAUKEE AVE,,Multifamily Housing,2021,1,41.92079,-87.69098,covered_list,,0,,,none,none,"built 2021, after the City's 2015 footprint layer: no footprint in it can be this building"
256880,23 W CHICAGO AVE,23 W CHICAGO AVE,,Multifamily Housing,2021,2,41.8924,-87.6338,covered_list,,0,,,none,none,"built 2021, after the City's 2015 footprint layer: no footprint in it can be this building"
256881,1525 N ELSTON AVE,1525 N ELSTON AVE,,,,,,,none,307368,1,1879,2530.2,T1,high,
256882,1648 W DIVISION ST,1648 W DIVISION ST,,Multifamily Housing,2020,1,41.90555,-87.6731,covered_list,,0,,,none,none,"built 2020, after the City's 2015 footprint layer: no footprint in it can be this building"
256883,369 W GRAND AVE,369 W GRAND AVE,,Multifamily Housing,2021,1,41.8924,-87.6338,covered_list,,0,,,none,none,"built 2021, after the City's 2015 footprint layer: no footprint in it can be this building"
256884,633 S LASALLE ST,633 S LA SALLE ST,,,,,41.86926,-87.62626,covered_list,370125,1,1893,21274.1,coord_nearest,medium,nearest footprint 9 m from the trusted coordinate
256885,740 N ABERDEEN ST,740 N ABERDEEN ST,,Multifamily Housing,2020,1,41.89441,-87.65955,covered_list,,0,,,none,none,"built 2020, after the City's 2015 footprint layer: no footprint in it can be this building"
256886,215 N PEORIA ST,215 N PEORIA ST,,,,,41.88321,-87.65877,covered_list,876494,1,1948,6889.9,coord_nearest,medium,nearest footprint 8 m from the trusted coordinate
256887,1700 N WESTERN AVE,1700 N WESTERN AVE,,,,,,,none,299644,1,,567.7,T1,high,
256888,318 N CARPENTER ST,318 N CARPENTER ST,,Office,2019,1,41.88321,-87.65877,covered_list,,0,,,none,none,"built 2019, after the City's 2015 footprint layer: no footprint in it can be this building"
256889,6314 N WINTHROP AVE,6314 N WINTHROP AVE,,,,,41.99173,-87.66684,covered_list,39767,1,1916,1332.6,coord_nearest,medium,nearest footprint 13 m from the trusted coordinate
256890,455 E WATERSIDE DR,455 E WATERSIDE DR,,Multifamily Housing,2021,1,41.88626,-87.62231,covered_list,,0,,,none,none,"built 2021, after the City's 2015 footprint layer: no footprint in it can be this building"
256891,104 S LAFLIN ST,104 S LAFLIN ST,,Multifamily Housing,2020,1,41.88321,-87.65877,covered_list,,0,,,none,none,"built 2020, after the City's 2015 footprint layer: no footprint in it can be this building"
256892,343 W SCHILLER ST,343 W SCHILLER ST,,Multifamily Housing,2020,1,41.90423,-87.63823,covered_list,,0,,,none,none,"built 2020, after the City's 2015 footprint layer: no footprint in it can be this building"
256893,211 N HARBOR DR,211 N HARBOR DR,,Multifamily Housing,2021,1,41.88626,-87.62231,covered_list,,0,,,none,none,"built 2021, after the City's 2015 footprint layer: no footprint in it can be this building"
256894,228 W HILL ST,228 W HILL ST,,Multifamily Housing,2021,1,41.90423,-87.63823,covered_list,,0,,,none,none,"built 2021, after the City's 2015 footprint layer: no footprint in it can be this building"
256895,3763 N SHEFFIELD AVE,3763 N SHEFFIELD AVE,,,,,,,none,162113,1,1979,3474.8,T3,low,"no trusted coordinate; nearest range 3758-3760, 3 house numbers away; no trusted coordinate"
256897,1646 N HALSTED ST,1646 N HALSTED ST,,,,,41.92247,-87.65477,covered_list,866267,1,1989,13971.1,T1,high,
256898,1520 W HARRISON ST,1520 W HARRISON ST,,,,,41.88321,-87.65877,covered_list,876494,1,1948,6889.9,coord_nearest,medium,nearest footprint 8 m from the trusted coordinate
256899,1521 N ELSTON AVE,1521 N ELSTON AVE,,,,,,,none,307654,1,1891,1300.5,T1,high,
256900,320 N SANGAMON ST,320 N SANGAMON ST,,Office,2021,1,41.88321,-87.65877,covered_list,,0,,,none,none,"built 2021, after the City's 2015 footprint layer: no footprint in it can be this building"
256901,155 W NORTH AVE,155 W NORTH AVE,,,,,,,none,303176,1,,2606.4,T3,low,"no trusted coordinate; nearest range 153-153, 2 house numbers away; no trusted coordinate"
256903,2310 S STATE ST,2310 S STATE ST,,,,,41.85284,-87.62862,covered_list,387894,1,1953,8851.9,T1,high,
256904,2344 S STATE ST,2344 S STATE ST,,,,,41.85284,-87.62862,covered_list,383684,1,1966,27310.1,coord_nearest,low,nearest footprint 47 m from the trusted coordinate
256952,2100 S Morgan,2100 S MORGAN,,,,,41.8591,-87.66009,covered_list,376789,1,1889,1412.5,coord_nearest,medium,nearest footprint 12 m from the trusted coordinate
256953,551 W Elm,551 W ELM,,,,,41.90423,-87.63823,covered_list,859082,1,2006,7833,coord_nearest,medium,nearest footprint 4 m from the trusted coordinate
256954,949 W. Dakin Street,949 W DAKIN ST,,Multifamily Housing,2021,1,,,none,,0,,,none,none,"built 2021, after the City's 2015 footprint layer: no footprint in it can be this building"
256955,3141 N Sheffield Ave,3141 N SHEFFIELD AVE,,Multifamily Housing,2000,1,41.9397,-87.66901,covered_list,211168,1,,14049,T1,high,
256956,320 N Michigan Ave,320 N MICHIGAN AVE,,Multifamily Housing,2000,1,41.88545,-87.6223,covered_list,351864,1,1888,6226.6,T1,high,
256957,20 E Delaware Place,20 E DELAWARE PL,,,,,,,none,891282,1,1924,6621.2,T1,high,
256958,11640 S Marshfield Ave,11640 S MARSHFIELD AVE,,,,,,,none,891502,1,2009,259781,T1,high,
256959,849 W Ohio Street,849 W OHIO ST,,Multifamily Housing,2001,1,41.89441,-87.65955,covered_list,826179,1,2004,761.1,T1_multi,medium,17 in-range footprints more than 60 m apart; nearest the trusted coordinate kept
256960,1922 W Ogden Ave,1922 W OGDEN AVE,,Multifamily Housing,1964,1,,,none,,0,,,none,none,no trusted coordinate
256961,1201 N Clark,1201 N CLARK,,Multifamily Housing,2020,1,41.90423,-87.63823,covered_list,,0,,,none,none,"built 2020, after the City's 2015 footprint layer: no footprint in it can be this building"
256962,30 E Balbo Ave,30 E BALBO AVE,,,,,41.88425,-87.63245,covered_list,814451,1,1926,10396.7,coord_nearest,medium,nearest footprint 15 m from the trusted coordinate
256963,4351 S Drexel Boulevard,4351 S DREXEL BLVD,,,,,,,none,432017,1,1970,28927.1,T1,high,
256964,10538 S Langley Avenue,10538 S LANGLEY AVE,,K-12 School,1905,2,,,none,742048,1,,13940.9,T1,high,
256965,3436 N Osceola Avenue,3436 N OSCEOLA AVE,,K-12 School,1935,4,41.93992,-87.80093,covered_list,199210,1,,18713,T1,high,
256966,6445 W Strong Street,6445 W STRONG ST,,K-12 School,1945,3,41.97636,-87.80108,covered_list,78577,1,1924,1372.3,coord_nearest,medium,"year guard: coord_nearest candidate 76308 built 1963, property built 1945; year guard: coord_nearest candidate 76312 built 1965, property built 1945; year guard: coord_nearest candidate 76314 built 1958, property built 1945; year guard: coord_nearest candidate 76319 built 1951, property built 1945; year guard: coord_nearest candidate 76329 built 1960, property built 1945; year guard: coord_nearest candidate 76339 built 1958, property built 1945; year guard: coord_nearest candidate 76347 built 1955, property built 1945; year guard: coord_nearest candidate 76357 built 1955, property built 1945; year guard: coord_nearest candidate 76370 built 1955, property built 1945; year guard: coord_nearest candidate 77408 built 1962, property built 1945; year guard: coord_nearest candidate 77442 built 1962, property built 1945; year guard: coord_nearest candidate 77470 built 1952, property built 1945; year guard: coord_nearest candidate 77478 built 1962, property built 1945; year guard: coord_nearest candidate 77505 built 1953, property built 1945; year guard: coord_nearest candidate 77547 built 1957, property built 1945; year guard: coord_nearest candidate 77581 built 1952, property built 1945; year guard: coord_nearest candidate 77628 built 1952, property built 1945; year guard: coord_nearest candidate 78570 built 1955, property built 1945; year guard: coord_nearest candidate 78572 built 1955, property built 1945; year guard: coord_nearest candidate 78587 built 1954, property built 1945; year guard: coord_nearest candidate 78597 built 1957, property built 1945; year guard: coord_nearest candidate 78604 built 1979, property built 1945; year guard: coord_nearest candidate 78611 built 1958, property built 1945; year guard: coord_nearest candidate 78621 built 1957, property built 1945; year guard: coord_nearest candidate 78643 built 1956, property built 1945; year guard: coord_nearest candidate 79707 built 1957, property built 1945; year guard: coord_nearest candidate 79730 built 1956, property built 1945; year guard: coord_nearest candidate 79758 built 1956, property built 1945; year guard: coord_nearest candidate 79761 built 1956, property built 1945; year guard: coord_nearest candidate 79768 built 1956, property built 1945; year guard: coord_nearest candidate 79794 built 1952, property built 1945; year guard: coord_nearest candidate 79796 built 1952, property built 1945; year guard: coord_nearest candidate 843171 built 2006, property built 1945; year guard: coord_nearest candidate 843182 built 2006, property built 1945; nearest footprint 13 m from the trusted coordinate"
256968,4124-4132 N Kedvale Avenue,4124-4132 N KEDVALE AVE,,Multifamily Housing,1930,1,,,none,146294,1,1931,11721.7,T1,high,
256997,400 N. Aberdeen,400 N ABERDEEN,,,,,,,none,879605,1,,3684.6,T3,low,"no trusted coordinate; nearest range 401-401, 1 house numbers away; no trusted coordinate"
256998,609 W Randolph St.,609 W RANDOLPH ST,,,,,,,none,354567,1,1899,1620.6,T3,low,"no trusted coordinate; nearest range 615-615, 6 house numbers away; no trusted coordinate"
256999,1935 S Wabash Ave,1935 S WABASH AVE,,Multifamily Housing,2010,2,41.85284,-87.62788,covered_list,383684,1,1966,27310.1,coord_nearest,low,nearest footprint 51 m from the trusted coordinate
257000,445 W Erie,445 W ERIE,,Office,1903,1,41.8924,-87.6338,covered_list,345923,1,1874,2617.2,coord_nearest,medium,"year guard: coord_nearest candidate 344859 built 1949, property built 1903; year guard: coord_nearest candidate 344899 built 1966, property built 1903; year guard: coord_nearest candidate 345483 built 1968, property built 1903; year guard: coord_nearest candidate 346414 built 1925, property built 1903; year guard: coord_nearest candidate 346965 built 1978, property built 1903; year guard: coord_nearest candidate 815885 built 2004, property built 1903; nearest footprint 10 m from the trusted coordinate"
257001,540 W Webster,540 W WEBSTER,,Multifamily Housing,2015,1,41.92247,-87.65477,covered_list,269968,1,1891,2063.4,coord_nearest,medium,nearest footprint 8 m from the trusted coordinate
257024,1454 W Randolph,1454 W RANDOLPH,,,,,,,none,353835,1,1929,33934.6,T3,low,"no trusted coordinate; nearest range 1436-1450, 4 house numbers away; no trusted coordinate"
257025,700 W. Chicago Ave.,700 W CHICAGO AVE,,,,,,,none,836101,1,2005,106029.2,T1,high,
257026,8747 W Bryn Mawr Ave,8747 W BRYN MAWR AVE,,Multifamily Housing,2004,1,,,none,831130,1,2003,14998.5,T1,high,
257027,8711 W Bryn Mawr,8711 W BRYN MAWR,,Multifamily Housing,2004,1,,,none,831131,1,2003,15879,T1,high,
257028,8757 W Bryn Mawr,8757 W BRYN MAWR,,,,,,,none,59490,1,1985,22650.2,T3,low,"no trusted coordinate; nearest range 8750-8750, 7 house numbers away; no trusted coordinate"
257029,808 N Wells St,808 N WELLS ST,,Multifamily Housing,2021,1,,,none,,0,,,none,none,"built 2021, after the City's 2015 footprint layer: no footprint in it can be this building"
257030,2322 S. Canal St,2322 S CANAL ST,,,,,,,none,892074,1,2009,12953,T1,high,
257031,312 W 23rd pl,312 W 23RD PL,,,,,,,none,388950,1,1888,1702.8,T1,high,
257032,3460 North Broadway Street,3460 N BROADWAY ST,,,,,,,none,186273,1,1950,30715.2,T1,high,
257033,8727 W Bryn Mawr Ave,8727 W BRYN MAWR AVE,,Multifamily Housing,2004,1,,,none,831132,1,2004,16495.8,T1,high,
257034,9101 S Euclid Ave,9101 S EUCLID AVE,,K-12 School,1959,3,,,none,683060,1,1956,28764.7,T1,high,
257035,2929 W 83rd St,2929 W 83RD ST,,K-12 School,1958,1,,,none,649100,1,1958,22220.5,T1,high,
257036,1700 West Van Buren Street,1700 W VAN BUREN ST,,,,,,,none,361536,1,1985,63021.2,T1,high,
257037,2300 S State St,2300 S STATE ST,,,,,,,none,387894,1,1953,8851.9,T3,low,"no trusted coordinate; nearest range 2310-2310, 10 house numbers away; no trusted coordinate"
257038,3001 N Southport Ave,3001 N SOUTHPORT AVE,,,,,,,none,222896,1,,5514.2,T1,high,
257040,77 West Huron Street,77 W HURON ST,,,,,,,none,880563,1,,13159.4,T1,high,
257042,3516 E 118th Street,3516 E 118TH ST,,,,,,,none,789578,1,1979,11126.3,T3,low,"no trusted coordinate; nearest range 3519-3519, 3 house numbers away; no trusted coordinate"
260008,2731 2739 N MILWAUKEE AVE,2731-2739 N MILWAUKEE AVE,LOGAN SQUARE,Multifamily Housing,1920,1,41.9308963,-87.7101665,row_2022,245065,1,,330.6,coord_nearest,low,"year guard: address candidate 891573 built 1928, property built 1920; year guard: coord_nearest candidate 244181 built 1974, property built 1920; year guard: coord_nearest candidate 245045 built 1926, property built 1920; year guard: coord_nearest candidate 245410 built 1926, property built 1920; year guard: coord_nearest candidate 246088 built 1931, property built 1920; year guard: coord_nearest candidate 851231 built 1972, property built 1920; year guard: coord_nearest candidate 891572 built 1928, property built 1920; nearest footprint 36 m from the trusted coordinate"
260025,4239 N OAKPARK AVE,4239 N OAKPARK AVE,DUNNING,Senior Living Community,2017,1,41.9576922,-87.797544,row_2022,,0,,,none,none,"built 2017, after the City's 2015 footprint layer: no footprint in it can be this building"
260029,5724 5734 S BLACKSTONE AVE,5724-5734 S BLACKSTONE AVE,HYDE PARK,Multifamily Housing,1926,1,41.790747,-87.5903803,row_2022,493823,1,1925,13273.1,T1,high,
260032,1616  E 50TH PL,1616 E 50TH PL,KENWOOD,Multifamily Housing,1950,1,41.8035286,-87.5856755,row_2022,454924,1,1952,3745.3,T1,high,
260034,1617  E 50TH PL,1617 E 50TH PL,KENWOOD,Multifamily Housing,1950,1,41.8033091,-87.5856689,row_2022,455820,1,1952,3678.3,T1,high,
260037,5222 5238 S DREXEL AVE,5222-5238 S DREXEL AVE,HYDE PARK,Multifamily Housing,1925,1,41.7997782,-87.6040738,row_2022,868639,1,,24618,T1,high,
260040,5335 5349 N CALIFORNIA AVE,5335-5349 N CALIFORNIA AVE,LINCOLN SQUARE,,,,41.9720824,-87.7023494,row_2020,68206,1,1958,8819.6,T1,high,
260042,333 E Ontario St,333 E ONTARIO ST,NEAR NORTH SIDE,Multifamily Housing,1971,2,41.8933212,-87.6189672,row_2022,813874,1,1974,13852,T1,high,
260051,3710  N PINE GROVE AVE,3710 N PINE GROVE AVE,LAKE VIEW,Multifamily Housing,1971,1,41.9500463,-87.646998,row_2022,164607,1,1974,14523.5,T1,high,
260054,2600  S KING DR,2600 S DR MARTIN LUTHER KING JR DR,DOUGLAS,,,,41.8456529,-87.6178164,row_2022,833853,1,2005,13517.6,T1,high,
260060,2300 2320 N COMMONWEALTH AVE,2300-2320 N COMMONWEALTH AVE,LINCOLN PARK,Multifamily Housing,1991,1,41.9238817,-87.6382029,row_2022,264633,1,1961,11629.2,T1,high,
260073,920  W WILSON AVE,920 W WILSON AVE,UPTOWN,Multifamily Housing,1923,1,41.9655623,-87.6532628,row_2022,113866,1,,17885.5,coord_nearest,medium,"year guard: address candidate 857450 built 1929, property built 1923; year guard: coord_nearest candidate 110959 built 1934, property built 1923; year guard: coord_nearest candidate 111063 built 1975, property built 1923; year guard: coord_nearest candidate 113841 built 1932, property built 1923; year guard: coord_nearest candidate 113871 built 1930, property built 1923; year guard: coord_nearest candidate 113894 built 1929, property built 1923; year guard: coord_nearest candidate 857449 built 1933, property built 1923; nearest footprint 25 m from the trusted coordinate"
260074,2804  E 77TH PL,2804 E 77TH PL,SOUTH SHORE,Senior Living Community,2000,1,41.7546866,-87.5549647,row_2022,602272,1,1893,1411.2,coord_nearest,medium,"year guard: coord_nearest candidate 838288 built 2005, property built 2000; nearest footprint 21 m from the trusted coordinate"
260077,901 905 W ARGYLE ST,901-905 W ARGYLE ST,UPTOWN,Multifamily Housing,1927,1,41.9732352,-87.6526516,row_2022,85874,1,1927,10491.9,T1,high,
260078,1626  W 87TH ST,1626 W 87TH ST,AUBURN GRESHAM,,,,41.7358852,-87.6641427,row_2022,884766,1,2007,11620.6,T2,low,direction E vs W; 6635 m from the trusted coordinate
260083,6930 6950 S SOUTH SHORE DR,6930-6950 S SOUTH SHORE DR,SOUTH SHORE,,,,41.7689605,-87.5666705,row_2022,565132,1,1926,15079.2,T1,high,
260086,5541  S EVERETT AVE,5541 S EVERETT AVE,HYDE PARK,,,,41.7940349,-87.5823623,row_2022,482678,1,1927,8199.1,T1,high,
260088,5839  S HARLEM AVE,5839 S HARLEM AVE,GARFIELD RIDGE,Senior Living Community,2000,1,41.7853541,-87.801098,row_2022,821753,1,1899,13227.1,T1,high,
260091,5550 5556 S DORCHESTER AVE,5550-5556 S DORCHESTER AVE,HYDE PARK,Multifamily Housing,1948,1,41.7936152,-87.5917938,row_2022,484285,1,1949,6846.4,T1,high,
260093,5514 5524 S BLACKSTONE AVE,5514-5524 S BLACKSTONE AVE,HYDE PARK,Multifamily Housing,1913,1,41.7947177,-87.5904732,row_2022,481053,1,1913,18280.3,T1,high,
260101,4747 S DR MARTIN LUTHER KING JR DR,4747 S DR MARTIN LUTHER KING JR DR,GRAND BOULEVARD,,,,41.8079956,-87.6164049,row_2022,447021,1,1974,13388.4,T1,high,
260104,5101 5113 S INGLESIDE AVE,5101-5113 S INGLESIDE AVE,HYDE PARK,Multifamily Housing,1915,1,41.8022278,-87.6027373,row_2022,886291,1,1908,17943,T1,high,
260116,3812  S MICHIGAN AVE,3812 S MICHIGAN AVE,DOUGLAS,,,,41.8250587,-87.6232542,row_2022,423515,1,1965,7954.6,T1,high,
260118,440 442 W BARRY AVE,440-442 W BARRY AVE,LAKE VIEW,Multifamily Housing,1929,1,41.937822,-87.6409939,row_2022,215948,1,1906,2407.4,coord_nearest,medium,"year guard: address candidate 215249 built 1935, property built 1929; year guard: coord_nearest candidate 848744 built 1970, property built 1929; year guard: coord_nearest candidate 848745 built 1972, property built 1929; year guard: coord_nearest candidate 848746 built 1974, property built 1929; year guard: coord_nearest candidate 861618 built 1970, property built 1929; year guard: coord_nearest candidate 861619 built 1966, property built 1929; nearest footprint 13 m from the trusted coordinate"
260123,5355 5371 N DELPHIA AVE,5355-5371 N DELPHIA AVE,OHARE,,,,41.9771995,-87.8413903,row_2022,75890,1,1979,22099.1,T1,high,
260127,18 28 S Michigan Ave,18-28 S MICHIGAN AVE,LOOP,College/University,1899,1,41.8816587,-87.6245001,row_2022,814597;880224,2,1898,17997.1,T1_multi,high,"year guard: address candidate 355497 built 1916, property built 1899"
260129,1340 W Washington Blvd,1340 W WASHINGTON BLVD,NEAR WEST SIDE,Office,1925,1,41.883024,-87.6612564,row_2022,865789,1,1927,21875.5,T1,high,
260132,2401 W Grace St,2401 W GRACE ST,NORTH CENTER,Office,2000,1,41.950267,-87.6884756,row_2022,165660,1,,19155.4,T1,high,
260135,309  W 23RD ST,309 W 23RD ST,ARMOUR SQUARE,,,,41.8508212,-87.6351329,row_2022,882174,1,,1817.9,coord_nearest,medium,1 in-range footprint(s) on the same-named street of another type ignored; nearest footprint 2 m from the trusted coordinate
260149,3145 S Ashland Ave,3145 S ASHLAND AVE,MCKINLEY PARK,,,,41.8364683,-87.6655669,row_2022,407718,1,,134895.3,T1,high,
260150,920 E 58th St,920 E 58TH ST,HYDE PARK,Laboratory,1973,1,41.78988,-87.6027637,row_2019,496694,1,1949,15918.6,T1,high,
260184,2728 N HAMPDEN CT,2728 N HAMPDEN CT,LINCOLN PARK,Multifamily Housing,1970,1,41.9315201,-87.6421305,row_2022,862227,1,1970,6896.8,T1,high,
