id,data_year,property_name,address,zip_code,community_area,community_area_num,primary_property_type,reporting_status,status,exempt_from_chicago_energy_rating,gross_floor_area_buildings_sq_ft,year_built,of_buildings,water_use_kgal,energy_star_score,electricity_use_kbtu,natural_gas_use_kbtu,district_steam_use_kbtu,district_chilled_water_use_kbtu,all_other_fuel_use_kbtu,site_eui_kbtu_sq_ft,source_eui_kbtu_sq_ft,weather_normalized_site_eui_kbtu_sq_ft,weather_normalized_source_eui_kbtu_sq_ft,total_ghg_emissions_metric_tons_co2e,ghg_intensity_kg_co2e_sq_ft,chicago_energy_rating,site_energy_kbtu,site_energy_basis,fuel_sum_kbtu,eui_x_gfa_kbtu,ratio_to_eui_x_gfa,gfa_consistent
100001,2022,Presence SMEMC St Elizabeth Campus,1431 N Claremont Ave,60622,WEST TOWN,24,Mixed Use Property,Submitted Data,submitted,true,505417,1928,3,,,16795066.2,33899078.5,0,0,,164,267.3,164.7,265.2,4012.7,13,,50694145,fuel_sum,50694144.7,82888388,0.611595,false
100002,2022,Clemente Community Academy HS -CPS,1147 N Western Ave,60622,WEST TOWN,24,,Exempt,exempt,true,354518,,,,,,,,,,,,,,,,,,,,,,
100019,2022,Dixon Building,411 - 415 S Wells St,60607,LOOP,32,Office,Submitted Data,submitted,false,58200,1908,1,,75,1641381.8,2465232.2,0,0,,70.6,123.4,73.2,126.2,347.1,6,3.5,4106614,fuel_sum,4106614,4108920,0.999439,true
100068,2022,Joffco Square,555 W Roosevelt Rd,60607,NEAR WEST SIDE,28,Other - Mall,Submitted Data,submitted,false,158703,2008,1,,,8354489.4,331613,0,0,,108.3,296,108,294.8,1118,13.9,2,8686102,fuel_sum,8686102.4,17187535,0.505372,false
100148,2022,,7144 7148 S JEFFERY BLVD,60649,SOUTH SHORE,43,,Not Submitted,not_submitted,false,68912,,,,,,,,,,,,,,,,0,,,,,,
100179,2022,Saint Anthony Hospital - Main Hospital,2875 W 19th St,60623,SOUTH LAWNDALE,30,Hospital (General Medical & Surgical),Submitted Data,submitted,false,450612,1897,1,,,15191302.2,0,0,0,,,,,,,,0,,,15191302.2,,,
100211,2022,,73 E LAKE ST,60601,LOOP,32,Multifamily Housing,Submitted Data,submitted,false,407921,2014,1,,36,12253233.4,14931549.6,0,0,,91.1,167.4,91.9,166.7,2407,8.1,1.5,27184783,fuel_sum,27184783,37161603,0.731529,false
100252,2022,,10426  S MICHIGAN AVE,60628,ROSELAND,49,Multifamily Housing,Submitted Data,submitted,false,47039,2011,1,,92,1550327.6,110041.9,0,0,,35.3,94.7,34.2,91.3,210,4.5,4,1660370,fuel_sum,1660369.5,1660477,0.999936,true
100256,2022,Curie Metropolitan HS -CPS,4975 S Archer Ave,60632,ARCHER HEIGHTS,57,K-12 School,Submitted Data,submitted,false,415577,1973,2,,29,20678665.1,10705570.4,0,0,,75.5,166.4,76.9,168.7,3292.3,7.9,1,31384236,fuel_sum,31384235.5,31376064,1.00026,true
100317,2022,,5500 5518 S WABASH AVE,60637,WASHINGTON PARK,40,Multifamily Housing,Submitted Data,submitted,false,72332,1904,1,,74,692673.5,5840269.3,0,0,,90.3,111.6,92.7,113.1,401.4,5.5,4,6532943,fuel_sum,6532942.8,6531580,1.000209,true
100320,2022,,4039 4051 N LAPORTE AVE,60641,PORTAGE PARK,15,Multifamily Housing,Submitted Data,submitted,false,96000,1934,1,,92,341019.2,5283299.8,0,0,,58.6,67.7,61.2,70.2,325.5,3.4,4,5624319,fuel_sum,5624319,5625600,0.999772,true
100332,2022,Lindblom College Prep -CPS,6130 S Wolcott Ave,60636,WEST ENGLEWOOD,67,K-12 School,Submitted Data,submitted,false,305788,1919,1,,64,6522703.1,16611688.9,0,0,,75.7,116.8,78,119.2,1741.5,5.7,3,23134392,fuel_sum,23134392,23148152,0.999406,true
100334,2022,,860  N DEWITT PL,60611,NEAR NORTH SIDE,8,,Not Submitted,not_submitted,false,136600,,,,,,,,,,,,,,,,0,,,,,,
100346,2022,,2609 W BELMONT AVE,60618,AVONDALE,21,Multifamily Housing,Submitted Data,submitted,false,104796,2013,1,,99,1593052.3,2236680,0,0,,43.9,78.1,45.3,78.8,328.6,3.8,4,3829732,fuel_sum,3829732.3,4600544,0.832452,false
100372,2022,Holy Cross Hospial,2701 W 68th St,60629,CHICAGO LAWN,66,Hospital (General Medical & Surgical),Submitted Data,submitted,false,442222,1963,4,,47,31065775.4,120876421.7,-11882688.3,0,,341.7,487,341.5,486.3,9723.1,23.7,2,140059509,fuel_sum,140059508.8,151107257,0.926888,false
100375,2022,,3600 3612 W FRANKLIN BLVD,60624,HUMBOLDT PARK,23,Multifamily Housing,Submitted Data,submitted,false,63514,1917,1,,63,799196.2,4425856.3,0,0,,82.3,108.4,84.4,109.2,340.3,5.4,4,5225053,fuel_sum,5225052.5,5227202,0.999589,true
100393,2022,Ford City Mall,7601 S Cicero Ave,60652,WEST LAWN,65,Retail Store,Submitted Data,submitted,false,198596,1965,1,,92,5042689.8,336811,0,0,,27.1,72.9,26.6,71.4,682.1,3.4,4,5379501,fuel_sum,5379500.8,5381952,0.999545,true
100395,2022,Daley,7500 S Pulaski Ave,60652,WEST LAWN,65,,Not Submitted,not_submitted,false,589565,,,,,,,,,,,,,,,,0,,,,,,
100396,2022,St. Rita of Cascia HS,7740 S Western Ave,60620,ASHBURN,70,K-12 School,Submitted Data,submitted,false,435758,1960,1,,72,4795453.8,15057100.1,0,0,,71.8,105.8,74.1,108.1,1431.4,5.2,3.5,19852554,fuel_sum,19852553.9,31287424,0.634522,false
100397,2022,Bogan HS -CPS,3939 W 79th St,60652,ASHBURN,70,,Exempt,exempt,true,185411,,,,,,,,,,,,,,,,,,,,,,
100417,2022,Marist HS,4200 W 115th St,60655,MOUNT GREENWOOD,74,K-12 School,Submitted Data,submitted,false,486336,1963,2,,73,5016199.6,11002499.9,0,0,,66.2,105.8,68.2,107.5,1245.1,5.1,3.5,16018700,fuel_sum,16018699.5,32195443,0.497546,false
100418,2022,Morgan Park HS -CPS,1744 W Pryor Ave,60643,MORGAN PARK,75,K-12 School,Submitted Data,submitted,false,269480,1914,2,,81,6739239.2,5927159.9,0,0,,47,93.1,47,93.1,1202.5,4.5,4,12666399,fuel_sum,12666399.1,12665560,1.000066,true
100429,2022,The John Hancock Center,875 N Michigan Ave,60611,NEAR NORTH SIDE,8,Mixed Use Property,Submitted Data,submitted,false,2620946,1970,1,,59,120891221,0,0,0,,52.8,147.8,54.1,151.5,15923.1,7,3.5,120891221,fuel_sum,120891221,138385949,0.87358,false
100431,2022,1100 N Clark St,1100 N Clark St,60610,NEAR NORTH SIDE,8,,Not Submitted,not_submitted,false,156250,,,,,,,,,,,,,,,,0,,,,,,
100433,2022,Presence SMEMC St Mary Campus,2233 W Division St,60622,WEST TOWN,24,Hospital (General Medical & Surgical),Submitted Data,submitted,false,981153,1976,5,,43,70160661.6,111657822.3,0,0,,260.7,449.8,260.6,443.9,15171.8,21.8,2,181818484,fuel_sum,181818483.9,255786587,0.710821,false
100438,2022,Palmolive Building Condominium Association,913 - 921 N Michigan Ave,60611,NEAR NORTH SIDE,8,Multifamily Housing,Submitted Data,submitted,false,436505,1929,1,,9,21105151.6,29367050,0,0,,127.1,226.4,127.7,226.1,4339.7,10.9,1,50472202,fuel_sum,50472201.6,55479786,0.90974,false
100447,2022,211 E Chicago Ave,211 E Chicago Ave,60611,NEAR NORTH SIDE,8,Office,Submitted Data,submitted,false,404342,1965,1,,80,13353924.9,14404388.9,0,0,,70.4,133.2,71.4,133,2524,6.4,4,27758314,fuel_sum,27758313.8,28465677,0.97515,true
100448,2022,Hilton Chicago MM Suites,198 E Delaware Pl,60611,NEAR NORTH SIDE,8,Hotel,Submitted Data,submitted,false,358850,1989,1,,42,12054190.6,41243762.7,0,0,,169.3,244.7,174.3,248.4,3778.4,12,2,53297953,fuel_sum,53297953.3,60753305,0.877285,false
100469,2022,,5527 5537 S EVERETT AVE,60637,HYDE PARK,41,,Not Submitted,not_submitted,false,58872,,,,,,,,,,,,,,,,0,,,,,,
100470,2022,Lawson Partners,30 W Chicago,60654,NEAR NORTH SIDE,8,,Exempt,exempt,true,259349,,,,,,,,,,,,,,,,,,,,,,
100485,2022,,1900 1910 W FARWELL AVE,60626,ROGERS PARK,1,Multifamily Housing,Submitted Data,submitted,false,59000,1915,1,,45,720741.2,4534612.4,0,0,,89.1,114.9,91.4,116.8,335.8,5.7,2,5255354,fuel_sum,5255353.6,5256900,0.999706,true
100489,2022,,4520 4528 S DREXEL BLVD,60653,KENWOOD,39,,Not Submitted,not_submitted,false,55749,,,,,,,,,,,,,,,,0,,,,,,
100507,2022,,4950 4952 S PRAIRIE AVE,60615,GRAND BOULEVARD,38,,Not Submitted,not_submitted,false,60840,,,,,,,,,,,,,,,,0,,,,,,
100533,2022,Englewood Academy HS -CPS,6201 S Stewart Ave,60621,ENGLEWOOD,68,K-12 School,Submitted Data,submitted,false,188800,1979,1,,9,8971110.5,16058779.4,0,0,,132.6,222.4,137.7,227.8,2034.6,10.8,1,25029890,fuel_sum,25029889.9,25034880,0.999801,true
100572,2022,Perspectives Middle Academy -CPS,8131 S May St,60620,AUBURN GRESHAM,71,,Exempt,exempt,true,305000,,,,,,,,,,,,,,,,,,,,,,
100598,2022,Farragut Career Academy HS -CPS,2345 S Christiana Ave,60623,SOUTH LAWNDALE,30,,Exempt,exempt,true,359255,,,,,,,,,,,,,,,,,,,,,,
100623,2022,,1345 1359 W ESTES AVE,60626,ROGERS PARK,1,,Not Submitted,not_submitted,false,76125,,,,,,,,,,,,,,,,0,,,,,,
100631,2022,Hubbard HS -CPS,6200 S Hamlin Ave,60629,WEST LAWN,65,K-12 School,Submitted Data,submitted,false,218200,1929,3,,52,4147514.9,16286199.5,0,0,,93.6,131.6,98.4,136.5,1411.3,6.5,2.5,20433714,fuel_sum,20433714.4,20423520,1.000499,true
100637,2022,,510 534 W ADDISON ST,60613,LAKE VIEW,6,Multifamily Housing,Submitted Data,submitted,false,68667,1920,1,,24,895242.2,7662373.3,0,0,,124.6,153.7,133.4,162.8,524.9,7.6,2,8557616,fuel_sum,8557615.5,8555908,1.0002,true
100668,2022,Allstate Building,3245 W ARTHINGTON ST,60624,EAST GARFIELD PARK,29,,Not Submitted,not_submitted,false,324027,,,,,,,,,,,,,,,,0,,,,,,
100674,2022,,3301 W Arthington St,60624,NORTH LAWNDALE,29,Multifamily Housing,Submitted Data,submitted,false,228897,1909,2,,98,2464876,10564274.6,0,0,,56.9,78.6,58.3,78.4,885.8,3.9,4,13029151,fuel_sum,13029150.6,13024239,1.000377,true
100683,2022,,7000  S PARNELL AVE,60621,ENGLEWOOD,68,,Not Submitted,not_submitted,false,54892,,,,,,,,,,,,,,,,0,,,,,,
100729,2022,Northern Trust - Chicago,801 S Canal St,60607,NEAR WEST SIDE,28,Office,Submitted Data,submitted,false,680000,1989,1,,89,23216949.5,1700714.6,0,0,,36.6,98.2,37.6,100.8,3148.3,4.6,4,24917664,fuel_sum,24917664.1,24888000,1.001192,true
100730,2022,Congress Center,525 W Van Buren,60607,NEAR WEST SIDE,28,Office,Submitted Data,submitted,false,539738,2000,1,,73,23178377.6,0,0,0,,44,123.1,43.5,121.7,3052.9,5.8,3.5,23178378,fuel_sum,23178377.6,23748472,0.975994,true
100733,2022,,840 S CANAL ST,60607,NEAR WEST SIDE,28,,Exempt,exempt,true,508582,,,,,,,,,,,,,,,,,,,,,,
100851,2022,600 W Chicago,600 W Chicago,60654,NEAR NORTH SIDE,8,Office,Submitted Data,submitted,false,2388976.8,1908,1,,39,172011816.2,1311105.1,0,29227660.9,,89.3,224.6,88.1,224,24266.3,10.7,2.5,202550582,fuel_sum,202550582.2,213335628,0.949446,false
100856,2022,United Center,1901 W Madison St,60612,NEAR WEST SIDE,28,,Not Submitted,not_submitted,false,2289000,,,,,,,,,,,,,,,,0,,,,,,
100867,2022,Rush University Medical Center,1653 W Congress Pkwy,60612,NEAR WEST SIDE,28,Hospital (General Medical & Surgical),Submitted Data,submitted,false,5863656,1982,19,,31,450327013.7,360612170.5,210634274.5,0,,262.3,486.1,262.1,480.2,92454.1,23.7,1.5,1021573459,fuel_sum,1021573458.7,1538036969,0.664206,false
100878,2022,,1521 1523 W SHERWIN AVE,60626,ROGERS PARK,1,,Not Submitted,not_submitted,false,107430,,,,,,,,,,,,,,,,0,,,,,,
100946,2022,New Englewood Terrace Apartments,6425 S Lowe,60621,ENGLEWOOD,68,Multifamily Housing,Submitted Data,submitted,false,379680,1966,1,,79,5051343.2,18207405,0,0,,71.4,102.1,74.3,105.2,1632.4,5,3.5,23258748,fuel_sum,23258748.2,27109152,0.857967,false
100947,2022,,7131 7143 S YATES BLVD,60649,SOUTH SHORE,43,Multifamily Housing,Submitted Data,submitted,false,70000,1930,1,,67,1096968.2,4785161.5,0,0,,84,115.7,87,118,398.6,5.7,4,5882130,fuel_sum,5882129.7,5880000,1.000362,true
100984,2022,,1604 1610 W SHERWIN AVE,60626,ROGERS PARK,1,,Not Submitted,not_submitted,false,52920,,,,,,,,,,,,,,,,0,,,,,,
101013,2022,,7320 7332 N DAMEN AVE,60645,ROGERS PARK,1,,Not Submitted,not_submitted,false,55000,,,,,,,,,,,,,,,,0,,,,,,
101030,2022,,3750  S COTTAGE GROVE AVE,60653,OAKLAND,36,Multifamily Housing,Submitted Data,submitted,false,76017,2012,1,,79,1954106.1,2249579.9,0,0,,55.3,103.1,57.8,105.6,376.9,5,3.5,4203686,fuel_sum,4203686,4203740,0.999987,true
101032,2022,,5110  S DR MARTIN LUTHER KING JR DR,60615,WASHINGTON PARK,40,Multifamily Housing,Submitted Data,submitted,false,118232,1969,1,,35,2045703.1,11788471.2,0,0,,121,158.4,126.5,163,895.6,7.8,1.5,13834174,fuel_sum,13834174.3,14306072,0.967014,false
101038,2022,2111 W Roosevelt Rd,2111 W Roosevelt Rd,60608,NEAR WEST SIDE,28,Office,Submitted Data,submitted,false,785947,2006,1,,86,23332706.7,18691983.2,0,0,,91.7,185.3,93.6,186,4071.4,8.9,4,42024690,fuel_sum,42024689.9,72071340,0.583098,false
101039,2022,Marshall Metro HS -CPS,3250 W Adams St,60624,EAST GARFIELD PARK,27,,Exempt,exempt,true,366981,,,,,,,,,,,,,,,,,,,,,,
101043,2022,Manley Career Academy HS -CPS,2935 W Polk St,60612,EAST GARFIELD PARK,27,,Exempt,exempt,true,213820,,,,,,,,,,,,,,,,,,,,,,
101086,2022,,1016  W HOLLYWOOD AVE,60660,EDGEWATER,77,,Not Submitted,not_submitted,false,71130,,,,,,,,,,,,,,,,0,,,,,,
101090,2022,,4554  S DREXEL BLVD,60653,KENWOOD,39,Multifamily Housing,Submitted Data,submitted,false,95927,1966,1,,55,2206266.2,6930215.9,0,0,,102.6,151,107.7,156.4,658.7,7.4,2.5,9136482,fuel_sum,9136482.1,9842110,0.928305,false
101177,2022,,6901 6921 S PAXTON AVE,60649,SOUTH SHORE,43,,Not Submitted,not_submitted,false,73708,,,,,,,,,,,,,,,,0,,,,,,
101179,2022,Shriners Hospital for Children-Chicago,2211 N Oak Park Ave,60707,MONTCLARE,18,Hospital (General Medical & Surgical),Submitted Data,submitted,false,362866,1981,1,,54,14948511,31691002.4,0,0,,237.4,382.4,235.4,377,3652.2,18.6,3.5,46639513,fuel_sum,46639513.4,86144388,0.541411,false
101185,2022,Digital Lakeside,350 E Cermak,60616,NEAR SOUTH SIDE,33,Data Center,Submitted Data,submitted,false,1279228,1912,1,,1,1114458041,0,33250416.9,455641579.1,,1296.4,2887.6,1298.3,2889.8,,,1,1603350037,fuel_sum,1603350037,1658391179,0.966811,false
101199,2022,DuSable Campus -CPS,4934 S Wabash Ave,60615,GRAND BOULEVARD,38,,Exempt,exempt,true,410375,,,,,,,,,,,,,,,,,,,,,,
101217,2022,,850  W EASTWOOD AVE,60640,UPTOWN,3,Multifamily Housing,Submitted Data,submitted,false,244164,1992,1,,83,4322769.4,14938150,0,0,,78.9,113.8,82,115.6,1362.8,5.6,4,19260919,fuel_sum,19260919.4,19264540,0.999812,true
101226,2022,,1200  E 78TH ST,60619,AVALON PARK,45,Multifamily Housing,Submitted Data,submitted,false,113616,2009,1,,83,1846477.4,4176091.8,0,0,,65,103.2,68,106.2,465,5,4,6022569,fuel_sum,6022569.2,7385040,0.815509,false
101263,2022,,900  W ARGYLE ST,60640,UPTOWN,3,,Not Submitted,not_submitted,false,72000,,,,,,,,,,,,,,,,0,,,,,,
101283,2022,Chicago-Central,4058 W Melrose St,60641,IRVING PARK,16,,Not Submitted,not_submitted,false,119087,,,,,,,,,,,,,,,,0,,,,,,
101329,2022,,340  E 38TH ST,60653,DOUGLAS,35,,Not Submitted,not_submitted,false,148662,,,,,,,,,,,,,,,,0,,,,,,
101343,2022,,2015  S MORGAN ST,60608,LOWER WEST SIDE,31,Multifamily Housing,Submitted Data,submitted,false,64644,2009,1,,94,1012613.3,2057962.9,0,0,,56.4,91.8,58.2,92.2,242.7,4.5,4,3070576,fuel_sum,3070576.2,3645922,0.842195,false
101356,2022,DePaul College Prep,3633 N California,60618,IRVING PARK,16,,Not Submitted,not_submitted,false,202400,,,,,,,,,,,,,,,,0,,,,,,
101363,2022,,1101 1123 E HYDE PARK BLVD,60615,HYDE PARK,41,Multifamily Housing,Submitted Data,submitted,false,69631,1923,1,,60,415411.9,4796430,0,0,,74.8,89,78.3,92,309.5,4.4,2.5,5211842,fuel_sum,5211841.9,5208399,1.000661,true
101368,2022,Addison Mall,2901 W ADDISON ST,60618,AVONDALE,21,Strip Mall,Submitted Data,submitted,false,68831,1988,1,,,3091183.2,5826654.1,0,0,,129.6,214.6,133.4,216.1,716.6,10.4,3,8917837,fuel_sum,8917837.3,8920498,0.999702,true
101396,2022,,4640 N SHERIDAN RD,60640,UPTOWN,3,,Submitted Data,submitted,false,216000,,,,,,,,,,,,,,,,0,,,,,,
101407,2022,CA 23,15 23 N ABERDEEN ST,60607,NEAR WEST SIDE,28,Multifamily Housing,Submitted Data,submitted,false,120905,2012,1,,100,1831867.1,2346872.2,0,0,,34.6,62.8,34.8,62.2,365.9,3,4,4178739,fuel_sum,4178739.3,4183313,0.998907,true
101409,2022,,2715  N CICERO AVE,60639,BELMONT CRAGIN,19,Senior Living Community,Submitted Data,submitted,false,76000,2008,1,,60,1840258.7,4543900,0,0,,84,130.6,87.7,133.3,483.7,6.4,2.5,6384159,fuel_sum,6384158.7,6384000,1.000025,true
101420,2022,Chicago Acad Elementary -CPS,3400 N Austin Ave,60634,DUNNING,17,K-12 School,Submitted Data,submitted,false,250844,1920,2,,30,5770415.5,19381421.9,0,0,,100.3,145.5,100.4,143.4,1789.5,7.1,1,25151837,fuel_sum,25151837.4,25159653,0.999689,true
101448,2022,,1401  W ROOSEVELT RD,60608,NEAR WEST SIDE,28,,Submitted Data,submitted,false,69385,,,,,,,,,,,,,,,,0,,,,,,
101471,2022,,701 709 W BROMPTON AVE,60657,LAKE VIEW,6,Multifamily Housing,Submitted Data,submitted,false,53469,1980,1,,81,1584925.5,1208532.1,0,0,,52.2,106.7,52.6,107.7,272.9,5.1,4,2793458,fuel_sum,2793457.6,2791082,1.000851,true
101492,2022,Wright College,4300 N Narragansett,60634,DUNNING,17,,Not Submitted,not_submitted,false,769961,,,,,,,,,,,,,,,,0,,,,,,
101503,2022,,5604 5624 S WABASH AVE,60637,WASHINGTON PARK,40,,Not Submitted,not_submitted,false,52081,,,,,,,,,,,,,,,,0,,,,,,
101507,2022,North Park University,5148 N KEDZIE AVE,60625,NORTH PARK,13,College/University,Submitted Data,submitted,false,113740,1958,1,,,4721243.1,10940464.7,0,0,,137.7,217.2,142.8,222.6,1203,10.6,2,15661708,fuel_sum,15661707.8,15661998,0.999981,true
101519,2022,,7430  S ROCKWELL ST,60629,CHICAGO LAWN,66,Senior Living Community,Submitted Data,submitted,false,77682,2010,1,,87,2027318.3,2912600.2,0,0,,63.6,112.4,65.5,113.4,421.7,5.4,4,4939919,fuel_sum,4939918.5,4940575,0.999867,true
101527,2022,Sankofa House,4041  W ROOSEVELT RD,60624,NORTH LAWNDALE,29,Multifamily Housing,Submitted Data,submitted,false,67988,2008,1,,76,992881.8,4587861.8,0,0,,82.1,111.7,86,115.9,374.5,5.5,3.5,5580744,fuel_sum,5580743.6,5581815,0.999808,true
101537,2022,,4532 4542 S DREXEL BLVD,60653,KENWOOD,39,,Not Submitted,not_submitted,false,62469,,,,,,,,,,,,,,,,0,,,,,,
101545,2022,,849 863 W BUENA AVE,60613,UPTOWN,3,Multifamily Housing,Submitted Data,submitted,false,51163,1925,1,,50,541560.1,4310877.6,0,0,,94.8,118.1,101.2,123.8,300.3,5.9,2,4852438,fuel_sum,4852437.7,4850252,1.000451,true
101547,2022,Mercy Chicago - Hospital,2525 S Michigan Ave,60616,NEAR SOUTH SIDE,33,,Not Submitted,not_submitted,false,750000,,,,,,,,,,,,,,,,0,,,,,,
101549,2022,Chicago Board Options Exchange,400 S LaSalle St,60605,LOOP,32,,Not Submitted,not_submitted,false,348589,,,,,,,,,,,,,,,,0,,,,,,
101551,2022,Metropolitan Pier and Exposition Authority,301 E Cermak Rd,60616,ARMOUR SQUARE,33,Convention Center,Submitted Data,submitted,false,9245333,1971,10,,,447507595,412348801.5,0,0,,93,182.4,94.3,183.7,80844.9,8.7,1,859856397,fuel_sum,859856396.5,859815969,1.000047,true
101557,2022,Atlas 2 E 8th St,2 E 8th St,60605,LOOP,32,Multifamily Housing,Submitted Data,submitted,false,340887,1985,1,,15,10482816.8,22710399.6,0,0,,125.7,201.4,126.5,197.6,2587,9.8,1,33193216,fuel_sum,33193216.4,42849496,0.774647,false
101559,2022,IL0303ZZ - Metcalf Federal Bldg,77 W Jackson,60604,LOOP,32,,Submitted Data,submitted,false,839825,,,,,,,,,,,,,,,,0,,,,,,
101560,2022,IL0054ZZ - Clark Fedral Bldg,536 S Clark St,60605,LOOP,32,Office,Submitted Data,submitted,false,635978,1912,1,,37,32003002.4,40525632.4,0,0,,114,207.8,117.4,209.1,6367.8,10,1.5,72528635,fuel_sum,72528634.8,72501492,1.000374,true
101562,2022,DePaul Center,1 E Jackson Blvd,60604,LOOP,32,College/University,Submitted Data,submitted,false,701699,1910,1,,,39308078.7,851799,0,0,,57.2,158.1,56.9,157.2,5222.7,7.4,3,40159878,fuel_sum,40159877.7,40137183,1.000565,true
101567,2022,The Monadnock Building,53 W Jackson Blvd,60604,LOOP,32,Office,Submitted Data,submitted,false,496749,1890,1,,97,4951242.7,12869190,0,0,,35.9,55.1,37.3,55.7,1335.7,2.7,4,17820433,fuel_sum,17820432.7,17833289,0.999279,true
101569,2022,Robert Morris Center,401 S State St,60605,LOOP,32,,Not Submitted,not_submitted,false,517424,,,,,,,,,,,,,,,,0,,,,,,
101572,2022,King College Prep -CPS,4445 S Drexel Blvd,60653,KENWOOD,39,,Exempt,exempt,true,310545,,,,,,,,,,,,,,,,,,,,,,
101579,2022,"First Praire Shores, LLC",2901 S King Dr,60616,DOUGLAS,35,Multifamily Housing,Submitted Data,submitted,false,289267,1960,1,,22,4707325.2,34295202.2,0,0,,134.8,170.1,143.3,177.9,2441.6,8.4,1,39002527,fuel_sum,39002527.4,38993192,1.000239,true
101592,2022,,5452 5466 S ELLIS AVE,60615,HYDE PARK,41,Multifamily Housing,Submitted Data,submitted,false,51368,1900,1,,98,229065.9,2729060.7,0,0,,57.6,68.3,60.3,71.2,175.1,3.4,4,2958127,fuel_sum,2958126.6,2958797,0.999774,true
101593,2022,,5034 5040 S WOODLAWN AVE,60615,KENWOOD,39,Multifamily Housing,Submitted Data,submitted,false,61535,1920,1,,65,484701.3,4579999.9,0,0,,82.3,100.2,86.3,103.8,307.1,5,4,5064701,fuel_sum,5064701.2,5064331,1.000073,true
101643,2022,,1818  W PETERSON,60660,WEST RIDGE,2,Multifamily Housing,Submitted Data,submitted,false,109912,2006,1,,83,1644023.5,8570236,0,0,,92.9,123.8,96.4,126.7,671.7,6.1,4,10214260,fuel_sum,10214259.5,10210825,1.000336,true
101657,2022,,1329 1337 W TOUHY AVE,60626,ROGERS PARK,1,,Not Submitted,not_submitted,false,56894,,,,,,,,,,,,,,,,0,,,,,,
101671,2022,,6101 6115 N SEELEY AVE,60659,WEST RIDGE,2,,Not Submitted,not_submitted,false,65250,,,,,,,,,,,,,,,,0,,,,,,
101674,2022,Presidents Plaza 2,8700 W Bryn Mawr Ave,60631,OHARE,76,Office,Submitted Data,submitted,false,953318,1983,1,,69,25341841.3,597589.4,0,0,,58.8,162.2,58.3,160.9,3369.6,7.6,3,25939431,fuel_sum,25939430.7,56055098,0.462749,false
101676,2022,O'Hare Plaza I,8725- 8745 W Higgins Rd,60631,OHARE,76,Office,Submitted Data,submitted,false,985092,1969,1,,87,15093080.4,20899839.8,0,0,,66.9,119.3,,,3098.1,5.8,4,35992920,fuel_sum,35992920.2,65902655,0.546153,false
101679,2022,Presidents Plaza 1,8600 W Bryn Mawr Ave,60631,OHARE,76,Office,Submitted Data,submitted,false,729676,1980,1,,81,26489490.9,264812.9,0,0,,64.1,178.4,64.1,178.4,3503.1,8.4,4,26754304,fuel_sum,26754303.8,46772232,0.572013,false
101681,2022,Presence Resurrection Medical Center,7435 W Talcott Ave,60631,NORWOOD PARK,10,Hospital (General Medical & Surgical),Submitted Data,submitted,false,1511148,1953,2,,44,85849752.5,172928684.2,0,0,,236.1,385,236.5,382.4,20492.7,18.7,2,258778437,fuel_sum,258778436.7,356782043,0.725312,false
101682,2022,8750 West Bryn Mawr Ave - Triangle Plaza,8750 W Bryn Mawr Ave,60631,OHARE,76,Office,Submitted Data,submitted,false,1286868,1985,1,,86,31846235.2,186167.5,0,0,,41.7,116.2,42.3,118,4204.5,5.5,4,32032403,fuel_sum,32032402.7,53662396,0.596925,false
101686,2022,Harlem-Foster Shopping Center,7240 W Foster Ave,60656,NORWOOD PARK,10,Strip Mall,Submitted Data,submitted,false,760652,1958,3,,,15496325.6,15906000.3,0,0,,114.8,219.6,115.7,218.6,2885.9,10.5,3,31402326,fuel_sum,31402325.9,87322850,0.359612,false
101691,2022,,2701 2711 N MILDRED AVE,60614,LINCOLN PARK,7,,Not Submitted,not_submitted,false,61700,,,,,,,,,,,,,,,,0,,,,,,
101703,2022,,1606  E 50TH PL,60615,KENWOOD,39,Multifamily Housing,Submitted Data,submitted,false,59310,1950,1,,24,1714906.5,4935913.9,0,0,,112.1,168.3,116.9,173.3,488,8.2,1,6650820,fuel_sum,6650820.4,6648651,1.000326,true
101705,2022,,1607  E 50TH PL,60615,KENWOOD,39,Multifamily Housing,Submitted Data,submitted,false,59310,1950,1,,20,1631553,5457151,0,0,,119.5,173.6,123.7,176.6,504.8,8.5,1,7088704,fuel_sum,7088704,7087545,1.000164,true
101707,2022,111 E Wacker Dr,111 E Wacker Dr,60601,LOOP,32,Office,Submitted Data,submitted,false,1219035,1969,1,,46,42695131.4,54041778.6,0,0,,84.8,154.6,85.7,153.7,8494,7.4,2,96736910,fuel_sum,96736910,103374168,0.935794,false
101708,2022,233 N Michigan Ave,233 N Michigan Ave,60601,LOOP,32,Office,Submitted Data,submitted,false,1298056,1972,1,,46,38485093,60610704.3,0,0,,85.2,147.4,88.5,150.9,8288.4,7.1,2,99095797,fuel_sum,99095797.3,110594371,0.896029,false
101709,2022,20 N Wacker Dr,20 N Wacker Dr,60606,LOOP,32,Office,Submitted Data,submitted,false,1742899,1929,1,,,45397341.5,67842610.7,0,0,,65,113.8,68,117,9582.9,5.5,2,113239952,fuel_sum,113239952.2,113288435,0.999572,true
101710,2022,,1605  E 50TH ST,60615,KENWOOD,39,Multifamily Housing,Submitted Data,submitted,false,59310,1950,1,,17,1713153,5716948.6,0,0,,125.3,182.1,131.5,188.6,529.3,8.9,1,7430102,fuel_sum,7430101.6,7431543,0.999806,true
101713,2022,Aon Center,200 E Randolph St,60601,LOOP,32,Office,Submitted Data,submitted,false,3457865,1972,1,,77,88354337.4,84739207.1,0,60385415.5,,73.1,122.6,71.9,121.6,19331.4,6.1,3.5,233478960,fuel_sum,233478960,252769932,0.923682,false
101715,2022,The Franklin,227 W Monroe,60606,LOOP,32,Office,Submitted Data,submitted,false,3135770,1989,1,,85,112463085.5,327886.4,0,0,,38,106.2,38,106.2,14830.4,5,4,112790972,fuel_sum,112790971.9,119159260,0.946556,false
101716,2022,311 S Wacker,311 S Wacker,60606,LOOP,32,Office,Submitted Data,submitted,false,1627486,1990,1,,74,72225877.7,0,0,0,,50.4,141,50.9,142.4,9513.2,6.6,3.5,72225878,fuel_sum,72225877.7,82025294,0.880532,false
101717,2022,55 E Monroe,55 E Monroe St,60603,LOOP,32,Office,Submitted Data,submitted,true,2065628.9,1972,1,,,86540180.9,0,0,30132754.3,,73.1,169,72.7,171.6,12986.6,8.1,,116672935,fuel_sum,116672935.2,150997473,0.772681,false
101718,2022,Three First National Plaza,70 W Madison St,60602,LOOP,32,Office,Submitted Data,submitted,false,1636819,1981,1,,68,76022525.3,420,0,0,,47.5,132.9,48,134.5,10013.3,6.3,3,76022945,fuel_sum,76022945.3,77748903,0.977801,true
101720,2022,131 S Dearborn 3,131 S Dearborn,60603,LOOP,32,Financial Office,Submitted Data,submitted,false,272235,2000,1,,89,7588151.3,9683401,0,0,,63.4,115.4,63.4,115.4,1513.8,5.6,4,17271552,fuel_sum,17271552.3,17259699,1.000687,true
101722,2022,500 W Monroe,500 W Monroe,60661,NEAR WEST SIDE,28,Office,Submitted Data,submitted,false,1559966,1992,1,,81,60749467.3,0,0,0,,52.7,147.5,53.3,149.4,8001.6,6.9,4,60749467,fuel_sum,60749467.3,82210208,0.738953,false
101724,2022,Tribune Tower,435 N Michigan Ave,60611,NEAR NORTH SIDE,8,Multifamily Housing,Submitted Data,submitted,false,895265,2000,1,,52,17366733.3,54301252.4,0,0,,80.1,118,79.7,116.9,5171.6,5.8,2.5,71667986,fuel_sum,71667985.7,71710727,0.999404,true
101727,2022,Citigroup Center,500 W Madison St,60661,NEAR WEST SIDE,28,Office,Submitted Data,submitted,false,1877620,1986,1,,65,98638920.9,0,0,0,,53.2,148.8,53.1,148.6,12992.2,7,3,98638921,fuel_sum,98638920.9,99889384,0.987482,true
101729,2022,540 W Madison Ave,540 W Madison,60661,NEAR WEST SIDE,28,Financial Office,Submitted Data,submitted,false,1419333,2004,1,,74,126069983.5,817698.5,0,0,,103.8,289.5,104.4,291.2,16648.6,13.6,3.5,126887682,fuel_sum,126887682,147326765,0.861267,false
101731,2022,175 W Jackson,175 W Jackson,60604,LOOP,32,Office,Submitted Data,submitted,false,1863650,1928,1,,79,43859689.6,38569597.3,0,28777728,,61.5,104.7,61.1,104.6,9342.2,5.2,3.5,111207015,fuel_sum,111207014.9,114614475,0.97027,true
101733,2022,Two North Riverside Plaza,2 N Riverside Plz,60606,NEAR WEST SIDE,28,Office,Submitted Data,submitted,false,778175,1929,1,,63,39661293,2585201,0,0,,57,153.5,58.2,156.5,5361.3,7.2,3,42246494,fuel_sum,42246494,44355975,0.952442,false
101735,2022,71215A State St,101 N State St E,60602,LOOP,32,Retail Store,Submitted Data,submitted,false,1841736,1879,1,,45,76140900.5,88706600.6,0,0,,89.5,166.3,91.1,168,14740.5,8,2,164847501,fuel_sum,164847501.1,164835372,1.000074,true
101736,2022,Hyatt Center,71 S Wacker Dr,60606,LOOP,32,Office,Submitted Data,submitted,false,1797097,2005,1,,77,89020096.1,688501.6,0,0,,53.2,148.1,53.6,149.5,11761.8,7,3.5,89708598,fuel_sum,89708597.7,95605560,0.93832,false
101737,2022,100 North Riverside Plaza,100 N Riverside Plz,60606,NEAR WEST SIDE,28,Office,Submitted Data,submitted,true,1055404,1990,1,,,54227963.4,136071,0,0,,62.3,173.9,63.2,176.3,7158,8.2,,54364034,fuel_sum,54364034.4,65751669,0.826808,false
101738,2022,300 E Randolph,300 E Randolph,60601,LOOP,32,Office,Submitted Data,submitted,false,2286697,2010,1,,69,100579667,1172100,0,42724650.6,,64.9,144.6,63.4,142.9,,,4,144476418,fuel_sum,144476417.6,148406635,0.973517,true
101739,2022,One South Dearborn,1 S Dearborn,60603,LOOP,32,Office,Submitted Data,submitted,false,1048763,2005,1,,80,41126528.3,0,0,0,,43.6,122.1,43.6,122.1,5416.9,5.7,3.5,41126528,fuel_sum,41126528.3,45726067,0.899411,false
101742,2022,James R Thompson Center,100 W Randolph St,60601,LOOP,32,,Not Submitted,not_submitted,false,1193163,,,,,,,,,,,,,,,,0,,,,,,
101744,2022,One North Wacker,1 N Wacker Dr,60606,LOOP,32,Office,Submitted Data,submitted,false,1684690,2001,1,,79,75798867,0,0,32201150.6,,66.9,149.6,65.4,149.6,11680.8,7.2,3.5,108000018,fuel_sum,108000017.6,112705761,0.958248,false
101745,2022,161 North Clark,161 N Clark,60601,LOOP,32,Office,Submitted Data,submitted,false,1133525,1992,1,,64,61851011.1,0,0,0,,57.2,160.2,57.2,160.1,8146.7,7.5,3,61851011,fuel_sum,61851011.1,64837630,0.953937,false
101748,2022,One South Wacker,1 S Wacker,60606,LOOP,32,Office,Submitted Data,submitted,false,1429883,1982,1,,78,56649469.4,0,0,0,,42.2,118.1,42.8,119.8,7461.5,5.6,3.5,56649469,fuel_sum,56649469.4,60341063,0.938821,false
101751,2022,,7500  S SOUTH SHORE DR,60649,SOUTH SHORE,43,,Not Submitted,not_submitted,false,81000,,,,,,,,,,,,,,,,0,,,,,,
101753,2022,222 South Riverside Plaza,222 S Riverside Plz,60606,NEAR WEST SIDE,28,Office,Submitted Data,submitted,false,1237455,1971,1,,82,50232997.9,36487884.7,0,0,,70.1,144.6,72.3,146.9,8554.4,6.9,4,86720883,fuel_sum,86720882.6,86745596,0.999715,true
101755,2022,Harris Bank Building,115 S LaSalle St,60603,LOOP,32,,Not Submitted,not_submitted,false,1526102,,,,,,,,,,,,,,,,0,,,,,,
101756,2022,Cook County Building,118 N Clark St,60602,LOOP,32,Office,Submitted Data,submitted,false,638592,1906,1,,56,30261113,31472398.6,0,0,,96.7,184.4,99.4,185.2,5657.5,8.9,2.5,61733512,fuel_sum,61733511.6,61751846,0.999703,true
101757,2022,IL0000FC - Chicago Federal Ctr,219 S Dearborn,60604,LOOP,32,,Submitted Data,submitted,false,3176860,,,,,,,,,,,,,,,,0,,,,,,
101760,2022,Leo Burnett Building,35 W Wacker Dr,60601,LOOP,32,Office,Submitted Data,submitted,false,1398335,1989,1,,75,70125175.9,0,0,0,,50.4,141,50.1,140.2,9236.5,6.6,3.5,70125176,fuel_sum,70125175.9,70476084,0.995021,true
101762,2022,Richard J Daley Center,50 W Washington,60602,LOOP,32,,Not Submitted,not_submitted,false,1593714,,,,,,,,,,,,,,,,0,,,,,,
101765,2022,77 West Wacker Drive,77 W Wacker Dr,60601,LOOP,32,Office,Submitted Data,submitted,false,1223136,1992,1,,75,50799353.3,0,0,0,,42.9,120,42.8,119.8,6691,5.6,4,50799353,fuel_sum,50799353.3,52472534,0.968113,false
101766,2022,181 West Madison,181 W Madison St,60602,LOOP,32,Office,Submitted Data,submitted,false,1107510,1990,1,,69,62793811.2,0,0,0,,58,162.5,57.9,162,8270.8,7.6,3,62793811,fuel_sum,62793811.2,64235580,0.977555,true
101770,2022,10/30 South Wacker,10 S Wacker Dr,60606,LOOP,32,Office,Submitted Data,submitted,false,3014304,1983,1,,72,138626194.9,2415861.1,0,0,,49,135.7,49.7,137.6,18394.6,6.4,3.5,141042056,fuel_sum,141042056,147700896,0.954917,false
101776,2022,Hyatt Regency Chicago,151 E Wacker Dr,60601,LOOP,32,Hotel,Submitted Data,submitted,false,2295495,1974,1,,77,73737205.8,111320202.6,0,0,,91.5,159.9,93.9,162.4,15625,7.7,3.5,185057408,fuel_sum,185057408.4,210037793,0.881067,false
101784,2022,Auditorium Building,430 S Michigan Ave,60605,LOOP,32,College/University,Submitted Data,submitted,false,598474,1889,1,,,13908316.7,11071478.1,0,0,,41.7,84.5,42.7,85.1,2420,4,4,24979795,fuel_sum,24979794.8,24956366,1.000939,true
101787,2022,111 N Canal,111 N Canal St,60606,NEAR WEST SIDE,28,Office,Submitted Data,submitted,false,979270,1918,1,,91,59489685.2,20196811.4,0,0,,81.4,191.8,82,191.1,8908.4,9.1,4,79686497,fuel_sum,79686496.6,79712578,0.999673,true
101788,2022,333 W Wacker,333 W Wacker Dr,60606,LOOP,32,Office,Submitted Data,submitted,false,1075664,1982,1,,78,50156328.2,0,0,0,,49.5,138.7,50.1,140.2,6608.1,6.5,3.5,50156328,fuel_sum,50156328.2,53245368,0.941985,false
101789,2022,200 W Madison,200 W Madison,60606,LOOP,32,Office,Submitted Data,submitted,false,1026496,1982,1,,66,48108398.4,0,0,0,,48,134.5,48.9,136.9,6336.6,6.3,3,48108398,fuel_sum,48108398.4,49271808,0.976388,true
101790,2022,The Jewelers Building,35 E Wacker Dr,60601,LOOP,32,Office,Submitted Data,submitted,false,681100,1927,1,,60,30223745.2,18631799.9,0,0,,73.5,156.8,74.9,158.3,4970.5,7.5,2.5,48855545,fuel_sum,48855545.1,50060850,0.975923,true
101791,2022,John Hancock,55 W Monroe,60603,LOOP,32,Office,Submitted Data,submitted,false,895765,1980,1,,73,36393454.5,0,0,0,,40.6,113.8,41.4,116,4793.5,5.4,3.5,36393455,fuel_sum,36393454.5,36368059,1.000698,true
101793,2022,,625  W WRIGHTWOOD AVE,60614,LINCOLN PARK,7,Multifamily Housing,Submitted Data,submitted,false,88000,1965,1,,52,2001315.2,3136793.1,0,0,,58.4,101.1,58.9,99.3,430.2,4.9,2.5,5138108,fuel_sum,5138108.3,5139200,0.999788,true
101794,2022,225 W Wacker,225 W Wacker Dr,60606,LOOP,32,,Not Submitted,not_submitted,false,810498,,,,,,,,,,,,,,,,0,,,,,,
101795,2022,541 N Fairbanks,541 N Fairbanks,60611,NEAR NORTH SIDE,8,Office,Submitted Data,submitted,false,717914,1969,1,,75,25268870.3,29302000.1,0,0,,76.5,142.4,79.1,145.1,4884.6,6.9,3.5,54570870,fuel_sum,54570870.4,54920421,0.993635,true
101797,2022,303 E Wacker,303 E Wacker,60601,LOOP,32,Office,Submitted Data,submitted,false,1123711,1979,1,,87,65157552,38805.4,0,0,,64.1,179.3,64.7,181,8584.2,8.4,4,65196357,fuel_sum,65196357.4,72029875,0.905129,false
101798,2022,Headquarters Q12380,225 W Randolph,60606,LOOP,32,Office,Exempt,exempt,true,929932,2000,1,,,,,0,0,,,,,,,,,,,0,,,
101799,2022,200 S Wacker Property LLC,200 S Wacker Dr,60606,LOOP,32,Office,Submitted Data,submitted,false,865070,1981,1,,60,47043910.9,0,0,0,,55.8,156.2,56.9,159.4,6196.4,7.3,2.5,47043911,fuel_sum,47043910.9,48270906,0.974581,true
101801,2022,Michigan Plaza,205 N Michigan Ave,60601,LOOP,32,Office,Submitted Data,submitted,false,2344223.6,1981,1,,71,110210353.6,1944076.1,0,0,,50,138.4,50.4,139.7,14619.5,6.5,3.5,112154430,fuel_sum,112154429.7,117211180,0.956858,false
101804,2022,401 N Michigan Ave,401 N Michigan Ave,60611,NEAR NORTH SIDE,8,Office,Submitted Data,submitted,false,1103049,1965,1,,79,30069110.9,52141178.6,0,0,,79,133.5,77.6,132,6730,6.5,4,82210290,fuel_sum,82210289.5,87140871,0.943418,false
101807,2022,Fine Arts Building,408 410 S Michigan Ave,60605,LOOP,32,Office,Submitted Data,submitted,false,160558,1884,1,,67,2628049.3,12169713.7,0,0,,92.2,125.4,97.6,130.2,992.5,6.2,3,14797763,fuel_sum,14797763,14803448,0.999616,true
101812,2022,One North Dearborn,1 N Dearborn St,60602,LOOP,32,Office,Submitted Data,submitted,false,1088373,1904,1,,84,36206112.8,4741.4,0,11589564.2,,43.9,102.8,43.2,103.2,5379.9,4.9,4,47800418,fuel_sum,47800418.4,47779575,1.000436,true
101813,2022,150 N Michigan Ave,150 N Michigan Ave,60601,LOOP,32,Office,Submitted Data,submitted,false,708981,1984,1,,71,31515884.6,67042.1,0,0,,44.5,124.6,45.1,126.2,4154.6,5.9,3.5,31582927,fuel_sum,31582926.7,31549655,1.001055,true
101815,2022,,4845 4859 N MAGNOLIA AVE,60640,UPTOWN,3,Multifamily Housing,Submitted Data,submitted,false,50986,1916,1,,69,450774.9,3586383.1,0,0,,79.2,98.6,84.5,103.5,249.9,4.9,3,4037158,fuel_sum,4037158,4038091,0.999769,true
101816,2022,5041 - North Bridge Block 119 and 120,43 E Ohio St,60611,NEAR NORTH SIDE,8,,Not Submitted,not_submitted,false,450811,,,,,,,,,,,,,,,,0,,,,,,
101826,2022,Drexel Building,8136 8142 S DREXEL AVE,60619,CHATHAM,44,,Not Submitted,not_submitted,false,66888,,,,,,,,,,,,,,,,0,,,,,,
101827,2022,Burnham Center,111 W Washington,60602,LOOP,32,,Submitted Data,submitted,false,597773,,,,,,,,,,,,,,,,0,,,,,,
101828,2022,,6000  S INDIANA AVE,60637,WASHINGTON PARK,40,,Not Submitted,not_submitted,false,70399,,,,,,,,,,,,,,,,0,,,,,,
101830,2022,251010 - PepsiCo Chicago Plaza,555 W Monroe St,60661,NEAR WEST SIDE,28,,Not Submitted,not_submitted,false,454346,,,,,,,,,,,,,,,,0,,,,,,
101834,2022,One North Franklin,1 N Franklin,60606,LOOP,32,Office,Submitted Data,submitted,false,726112,1991,1,,66,34647574.3,0,0,0,,48.4,135.4,48.8,136.7,4563.6,6.4,3,34647574,fuel_sum,34647574.3,35143821,0.98588,true
101835,2022,230 W Monroe,230 W Monroe,60606,LOOP,32,Office,Submitted Data,submitted,true,677385,1971,1,,,21661842,30228981.8,0,0,,76.6,136.4,79,137.5,4458.8,6.6,,51890824,fuel_sum,51890823.8,51887691,1.00006,true
101838,2022,191 N Wacker,191 N Wacker Dr,60606,LOOP,32,Office,Submitted Data,submitted,false,904965,2003,1,,75,34880763,0,0,0,,44.8,125.5,45.2,126.6,4594.3,5.9,3.5,34880763,fuel_sum,34880763,40542432,0.860352,false
101839,2022,120 S Riverside Plaza,120 S Riverside Plz,60606,NEAR WEST SIDE,28,Office,Submitted Data,submitted,false,787045,1966,1,,94,13011036.5,21450097.5,0,0,,43.8,74.9,44.2,74.3,2853.1,3.6,4,34461134,fuel_sum,34461134,34472571,0.999668,true
101840,2022,Northwestern University Chicago Campus,710 N Lakeshore Dr,60611,NEAR NORTH SIDE,8,College/University,Submitted Data,submitted,false,236060,1939,1,,,19472904,25273359.9,0,0,,189.6,343.4,196.8,351,3907.2,16.6,1,44746264,fuel_sum,44746263.9,44756976,0.999761,true
101841,2022,122 Property LLC,122 S Michigan Ave,60603,LOOP,32,Office,Submitted Data,submitted,false,512369,1910,1,,60,17301907.5,34815053.1,0,4843511.9,,111.2,174.5,114.1,178.2,4383.4,8.6,2.5,56960473,fuel_sum,56960472.5,56975433,0.999737,true
101846,2022,200 West Adams St.,200 W Adams St,60606,LOOP,32,Office,Submitted Data,submitted,false,789024,1985,1,,85,24520005.1,0,0,0,,31.1,87,31.4,88,3229.6,4.1,4,24520005,fuel_sum,24520005.1,24538646,0.99924,true
101848,2022,200 West Monroe,200 W Monroe,60606,LOOP,32,Office,Submitted Data,submitted,false,703370,1973,1,,76,35471108,1171567.2,0,0,,52.1,143,52.7,144.7,4734.3,6.7,3.5,36642675,fuel_sum,36642675.2,36645577,0.999921,true
101850,2022,One East Wacker,1 E Wacker Dr,60601,LOOP,32,Office,Submitted Data,submitted,false,717443,1962,1,,91,8605951.1,31208254.6,0,0,,58.8,83.9,62.1,87.4,2791.1,4.1,4,39814206,fuel_sum,39814205.7,42185648,0.943786,false
101851,2022,150 160 E Huron,150 160 E Huron,60611,NEAR NORTH SIDE,8,,Not Submitted,not_submitted,false,419801,,,,,,,,,,,,,,,,0,,,,,,
101852,2022,Sheraton Chicago Hotel & Towers,301 E N Water St,60611,NEAR NORTH SIDE,8,Hotel,Submitted Data,submitted,false,1273000,1990,1,,53,79468097.3,24530899.7,0,0,,89.8,214.3,89.8,214.3,11770,10.2,2.5,103998997,fuel_sum,103998997,114315400,0.909755,false
101854,2022,10 South Riverside Plaza,10 S Riverside Plz,60606,NEAR WEST SIDE,28,Office,Submitted Data,submitted,false,787045,1964,1,,86,24227418,19734900.7,0,0,,55.9,112.5,56.5,112.3,4239.3,5.4,4,43962319,fuel_sum,43962318.7,43995816,0.999239,true
101856,2022,111 West Jackson,111 W Jackson Blvd,60604,LOOP,32,Office,Submitted Data,submitted,false,692429,1962,1,,69,20192260.7,21834272.4,0,10352844.3,,78,132.3,77.6,132.3,4364.9,6.5,3,52379377,fuel_sum,52379377.4,54009462,0.969819,false
101862,2022,101 North Wacker,101 N Wacker Dr,60606,LOOP,32,Office,Submitted Data,submitted,false,663093,1980,1,,75,38869500.8,1156602,0,0,,60.4,166,61.1,168,5181.1,7.8,3.5,40026103,fuel_sum,40026102.8,40050817,0.999383,true
101865,2022,Hartford Plaza,150 S Wacker Dr,60606,LOOP,32,Office,Submitted Data,submitted,false,1281114,1971,1,,74,43415009.2,44331435.4,0,0,,68.5,131.2,69.9,132.7,8073,6.3,3.5,87746445,fuel_sum,87746444.6,87756309,0.999888,true
101867,2022,125 South Wacker,125 S Wacker Dr,60606,LOOP,32,Office,Submitted Data,submitted,false,641962,1974,1,,67,33422010,0,0,0,,52.1,145.8,52.9,148.2,4402.2,6.9,3,33422010,fuel_sum,33422010,33446220,0.999276,true
101868,2022,300 South Wacker Property LLC,300 S Wacker Dr,60606,LOOP,32,Office,Submitted Data,submitted,false,618563,1971,1,,78,21532863.2,22179383.5,0,0,,71.7,137.1,72.4,136.2,4014.2,6.6,3.5,43712247,fuel_sum,43712246.7,44350967,0.985599,true
101869,2022,Hotel Sax Chicago,333 N Dearborn,60654,NEAR NORTH SIDE,8,Hotel,Submitted Data,submitted,false,222154,1998,1,,87,4408650.1,5989090.3,0,11721384.2,,99.6,131.9,100.5,133.2,1516.5,6.8,4,22119125,fuel_sum,22119124.6,22126538,0.999665,true
101871,2022,123 N Wacker,123 N Wacker,60606,LOOP,32,Office,Submitted Data,submitted,false,564484,1986,1,,66,27442035.9,0,0,0,,49.4,138.2,49,137.1,3614.5,6.5,3,27442036,fuel_sum,27442035.9,27885510,0.984097,true
101872,2022,100 N LaSalle,100 N LaSalle St,60602,LOOP,32,,Not Submitted,not_submitted,false,160475,,,,,,,,,,,,,,,,0,,,,,,
101873,2022,Oriental Theater,24 W Randolph,60601,LOOP,32,Performing Arts,Submitted Data,submitted,false,83411,1926,,,,10019414.2,404287.8,0,3024564.2,,161.2,374.4,158.6,372,,,1,13448266,fuel_sum,13448266.2,13445853,1.000179,true
101874,2022,CW GLL 444 N Michigan,444 N Michigan Ave,60611,NEAR NORTH SIDE,8,Office,Submitted Data,submitted,false,517115,1976,1,,33,43606254,45637.3,0,0,,84.4,236.2,85.7,239.8,5746,11.1,1.5,43651891,fuel_sum,43651891.3,43644506,1.000169,true
101876,2022,55 E Jackson Blvd,55 E Jackson Blvd,60604,LOOP,32,Office,Submitted Data,submitted,false,434169,1961,1,,52,19655171.8,27293652.7,0,0,,108.1,192.8,111.2,193.4,4038.6,9.3,3.5,46948825,fuel_sum,46948824.5,46933669,1.000323,true
101878,2022,200 W Jackson Boulevard Bldg,200 W Jackson Blvd,60606,LOOP,32,Office,Submitted Data,submitted,false,534330,1971,1,,64,15375181.8,27951181.1,0,8228807.7,,96.5,149.5,98.7,152.4,3943.4,7.4,3,51555171,fuel_sum,51555170.6,51562845,0.999851,true
101881,2022,25 E Washington,25 E Washington St,60602,LOOP,32,Office,Submitted Data,submitted,false,488324,1914,1,,91,14518995,0,4959147.7,0,,39.9,95.5,40.1,94.9,2241.6,4.6,4,19478143,fuel_sum,19478142.7,19484128,0.999693,true
101883,2022,Omni Hotel,676 N Michigan Ave,60611,NEAR NORTH SIDE,8,Hotel,Submitted Data,submitted,false,440281,1990,1,,3,58729940.8,6049269.9,0,0,,147.1,387.9,147.1,387.7,8056.9,18.3,1,64779211,fuel_sum,64779210.7,64765335,1.000214,true
101887,2022,USG Building,550 W Adams,60661,NEAR WEST SIDE,28,Office,Submitted Data,submitted,false,525575,2006,1,,83,19845830.9,106470,0,0,,38.4,107.2,38.1,106.4,2619.6,5,4,19952301,fuel_sum,19952300.9,20182080,0.988615,true
101889,2022,333 N Michigan,333 N Michigan Ave,60601,LOOP,32,Office,Submitted Data,submitted,false,361930.1,1928,1,,64,8394202.5,21360538.6,0,0,,82.2,126.9,86.5,130.1,2240.2,6.2,3,29754741,fuel_sum,29754741.1,29750654,1.000137,true
101890,2022,Rehabilitation Institute of Chicago,345 E Superior St,60611,NEAR NORTH SIDE,8,College/University,Submitted Data,submitted,false,370800,1974,1,,,19218097,64873330.8,0,0,,226.8,328.8,232.2,330.3,5977,16.1,1,84091428,fuel_sum,84091427.8,84097440,0.999929,true
101891,2022,224 S Michigan Ave,224 S Michigan Ave,60604,LOOP,32,Office,Submitted Data,submitted,false,412504,1904,1,,84,13604351.8,11374634.5,0,0,,60.6,121.3,61.1,120.7,2396,5.8,4,24978986,fuel_sum,24978986.3,24997742,0.99925,true
101894,2022,,7600 7612 S SOUTH SHORE DR,60649,SOUTH SHORE,43,,Not Submitted,not_submitted,false,92966,,,,,,,,,,,,,,,,0,,,,,,
101899,2022,,6830  N SHERIDAN RD,60626,ROGERS PARK,1,Multifamily Housing,Submitted Data,submitted,false,67064,1967,1,,76,1123987.9,4910743.9,0,0,,93.9,129.2,95.9,130.3,408.9,6.4,3.5,6034732,fuel_sum,6034731.8,6297310,0.958303,false
101900,2022,"Washington Franklin, LLC",309 W Washngton St,60606,LOOP,32,Office,Submitted Data,submitted,false,105313,1922,1,,73,3550261.7,4555860.6,0,0,,77,139.8,77.8,137.5,709.6,6.7,3.5,8106122,fuel_sum,8106122.3,8109101,0.999633,true
101901,2022,Allegro Hotel and Palace Theater,151 171 W Randolph St,60601,LOOP,32,Hotel,Submitted Data,submitted,false,383168,1926,1,,39,9539950.7,37572571.7,0,18325535.3,,170.8,216.2,169.5,215.5,4218,11,1.5,65438058,fuel_sum,65438057.7,65445094,0.999892,true
101904,2022,,2115  W FARWELL AVE,60645,WEST RIDGE,2,,Not Submitted,not_submitted,false,63193,,,,,,,,,,,,,,,,0,,,,,,
101907,2022,225 W Washington,225 W Washington St,60606,LOOP,32,Office,Submitted Data,submitted,false,528712.7,1987,1,,71,27387873.1,0,0,0,,51.8,145,52.5,147.1,3607.4,6.8,4,27387873,fuel_sum,27387873.1,27387318,1.00002,true
101910,2022,Michael A. Bilandic Building,160 N LaSalle St,60601,LOOP,32,Office,Submitted Data,submitted,false,464498,1920,1,,74,13885147.1,15669921.3,0,0,,63.6,119.1,63.9,117.4,2661.2,5.7,3.5,29555068,fuel_sum,29555068.4,29542073,1.00044,true
101912,2022,550 W Washington,550 W Washington,60661,NEAR WEST SIDE,28,Office,Submitted Data,submitted,false,400492,2000,1,,88,15924398.1,0,0,0,,40.6,113.6,41,114.9,2228.1,5.7,4,15924398,fuel_sum,15924398.1,16259975,0.979362,true
101913,2022,Chicago Transit Authority,567 W Lake St,60661,NEAR WEST SIDE,28,Office,Submitted Data,submitted,false,434052,2004,1,,71,18548851.2,9847861.2,0,0,,65.4,143.5,65.8,142.8,2966.2,6.8,3.5,28396712,fuel_sum,28396712.4,28387001,1.000342,true
101918,2022,Randolph-Wells Building,205 W Randolph St,60606,LOOP,32,Office,Submitted Data,submitted,false,200116,1914,1,,70,8299586.3,513036.5,0,0,,44,118.8,44.4,119.7,1120.4,5.6,3,8812623,fuel_sum,8812622.8,8805104,1.000854,true
101919,2022,Marquette Building,140 S Dearborn St,60603,LOOP,32,,Exempt,exempt,true,372265,,,,,,,,,,,,,,,,,,,,,,
101920,2022,Wrigley Building,410 N MICHIGAN AVE,60611,NEAR NORTH SIDE,8,Office,Submitted Data,submitted,false,661275,1921,1,,86,21545659.2,17350480.5,0,0,,58.8,118.8,59.5,118.1,3759.4,5.7,4,38896140,fuel_sum,38896139.7,38882970,1.000339,true
101923,2022,311 W Monroe,311 W Monroe,60606,LOOP,32,Office,Submitted Data,submitted,false,431945,1969,1,,85,13151114,3503193.9,0,0,,39.1,95.1,39.4,95.4,1918.3,4.5,4,16654308,fuel_sum,16654307.9,16889050,0.986101,true
101924,2022,"018110 - Union Tower, LLC",550 W Van Buren,60607,NEAR WEST SIDE,28,Office,Submitted Data,submitted,false,338934,1999,1,,81,15713067.2,0,0,0,,47.2,132.3,47.2,132.2,2069.6,6.2,4,15713067,fuel_sum,15713067.2,15997685,0.982209,true
101929,2022,"200 S Michigan, LLC",200 S Michigan Ave,60604,LOOP,32,Office,Submitted Data,submitted,false,371566,1955,1,,88,7994353.5,14662023.3,0,0,,61,101.7,63,103.8,1831.7,4.9,4,22656377,fuel_sum,22656376.8,22665526,0.999596,true
101934,2022,321 N Clark @ Riverfront Plaza,321 N Clark St,60654,NEAR NORTH SIDE,8,Office,Submitted Data,submitted,false,996359,1987,1,,77,44091202.1,0,0,0,,44.9,125.8,44.6,124.8,5807.4,5.9,3.5,44091202,fuel_sum,44091202.1,44736519,0.985575,true
101935,2022,500 N Michigan,500 N Michigan Ave,60611,NEAR NORTH SIDE,8,Office,Submitted Data,submitted,true,405288,1968,1,,,24576700.3,0,0,0,,62.9,176,64.2,179.7,3237.1,8.3,,24576700,fuel_sum,24576700.3,25492615,0.964071,false
101940,2022,Mallers Building LLC,5 S Wabash Ave,60603,LOOP,32,Enclosed Mall,Submitted Data,submitted,true,314262,1912,1,,,12947935,12839730.1,0,0,,82.1,158.3,80.9,155.1,2387.4,7.6,,25787665,fuel_sum,25787665.1,25800910,0.999487,true
101943,2022,303 W Madison,303 W Madison St,60606,LOOP,32,Office,Submitted Data,submitted,false,353439,1987,1,,79,17533064.2,0,0,0,,50.8,142.1,51.4,143.8,2309.4,6.7,3.5,17533064,fuel_sum,17533064.2,17954701,0.976517,true
101950,2022,332 Property LLC,332 S Michigan Ave,60604,LOOP,32,Office,Submitted Data,submitted,false,529401,1910,1,,71,14712241.2,29573324.1,0,0,,83.7,136.5,87.2,138.2,3508.6,6.6,3.5,44285565,fuel_sum,44285565.3,44310864,0.999429,true
101954,2022,Garland Building,111 N Wabash Ave,60602,LOOP,32,Office,Submitted Data,submitted,false,259000,1914,1,,28,13373517.8,16141418.9,0,0,,114,210,116.8,210.8,2618.8,10.1,1,29514937,fuel_sum,29514936.7,29526000,0.999625,true
101958,2022,17 N State LLC,17 N State St,60602,LOOP,32,Office,Submitted Data,submitted,false,409072,1914,1,,77,13842750.7,12856704.7,0,0,,65.3,127.8,65.9,127.1,2506.2,6.1,3.5,26699455,fuel_sum,26699455.4,26712402,0.999515,true
101960,2022,Chicago Cultural Center,78 E Washington St,60602,LOOP,32,Other - Entertainment/Public Assembly,Submitted Data,submitted,false,240000,1897,1,,,9328142.6,9440952.4,0,0,,78.2,150.1,80.6,152.6,1730.1,7.2,2,18769095,fuel_sum,18769095,18768000,1.000058,true
101961,2022,Inland Steel Building,30 W Monroe,60603,LOOP,32,Office,Submitted Data,submitted,false,311003,1958,1,,64,9170233.5,20553204.1,0,0,,98.8,157,102.7,160,2299.5,7.6,3,29723438,fuel_sum,29723437.6,30727096,0.967336,false
101968,2022,30 N Michigan Ave,30 N Michigan Ave,60602,LOOP,32,Office,Submitted Data,submitted,false,222125,1914,1,,45,12138101.9,10692048.6,0,0,,102.8,203.5,102.7,199.8,2166.7,9.8,2,22830151,fuel_sum,22830150.5,22834450,0.999812,true
101969,2022,Chicago Temple Building,77 W Washington,60602,LOOP,32,Office,Submitted Data,submitted,false,238531,1924,1,,59,7981605,11794100.2,0,0,,82.9,145.6,85.8,147.4,1677.7,7,2.5,19775705,fuel_sum,19775705.2,19774220,1.000075,true
101971,2022,Corboy Law Center,25 E Pearson St,60611,NEAR NORTH SIDE,8,,Not Submitted,not_submitted,false,306560,,,,,,,,,,,,,,,,0,,,,,,
101972,2022,150 N Wacker Dr,150 N Wacker Dr,60606,LOOP,32,Office,Submitted Data,submitted,false,295894,1970,1,,63,8778339.4,20614177.5,0,0,,99.3,156.2,103.5,159.2,2251.2,7.6,3,29392517,fuel_sum,29392516.9,29382274,1.000349,true
101975,2022,Daley Center,14 E Jackson Blvd,60604,LOOP,32,College/University,Submitted Data,submitted,true,371257,1930,1,,,8241100.7,16792522.8,0,5978544,,83.5,124.3,83.9,125,2292.5,6.2,,31012168,fuel_sum,31012167.5,30999960,1.000394,true
101978,2022,,42 46 N WALLER AVE,60644,AUSTIN,25,,Not Submitted,not_submitted,false,61538,,,,,,,,,,,,,,,,0,,,,,,
101980,2022,Harold Washington College,30 E Lake St,60601,LOOP,32,,Not Submitted,not_submitted,false,345300,,,,,,,,,,,,,,,,0,,,,,,
101981,2022,,4724 4730 S WOODLAWN AVE,60615,KENWOOD,39,Multifamily Housing,Submitted Data,submitted,false,58167,1925,1,,72,863450.9,4739150.3,0,0,,96.3,127.1,98.1,127.9,365.4,6.3,3.5,5602601,fuel_sum,5602601.2,5601482,1.0002,true
101987,2022,20 S Clark,20 S Clark St,60603,LOOP,32,Office,Submitted Data,submitted,false,464592,1970,1,,58,26324843.6,0,0,0,,56.7,158.7,57.3,160.6,3467.4,7.5,2.5,26324844,fuel_sum,26324843.6,26342366,0.999335,true
101988,2022,205 W Wacker,205 W Wacker Dr,60606,LOOP,32,Office,Submitted Data,submitted,false,324762,1929,1,,58,8539696,15410439.8,0,0,,77.3,129.5,,,1943.3,6.3,2.5,23950136,fuel_sum,23950135.8,25104103,0.954033,false
101989,2022,200 West Partners Limited Partnership,330 S Wells St,60606,LOOP,32,Multifamily Housing,Submitted Data,submitted,false,97930,2019,1,,43,4625064.8,3957300,0,0,,87.6,174.7,89.4,176.5,819.4,8.4,3,8582365,fuel_sum,8582364.8,8578668,1.000431,true
101998,2022,TransUnion LLC,555 W Adams St,60661,NEAR WEST SIDE,28,Office,Submitted Data,submitted,false,312000,1990,1,,,9115076.9,0,0,0,,29.2,81.8,29.2,81.8,1200.6,3.8,3,9115077,fuel_sum,9115076.9,9110400,1.000513,true
101999,2022,,1415  W LUNT AVE,60626,ROGERS PARK,1,Multifamily Housing,Submitted Data,submitted,false,52000,1972,1,,76,808569.8,2940721.1,0,0,,89.3,127.4,91.4,128.5,262.7,6.3,4,3749291,fuel_sum,3749290.9,4643600,0.80741,false
102029,2022,,5220  S DREXEL AVE,60615,HYDE PARK,41,Multifamily Housing,Submitted Data,submitted,false,53092,1926,1,,50,2126999.2,771655.1,0,0,,54.6,127.4,56.1,130.8,321.1,6,2,2898654,fuel_sum,2898654.3,2898823,0.999942,true
102032,2022,,450  W BRIAR PL,60657,LAKE VIEW,6,Multifamily Housing,Submitted Data,submitted,false,161000,1972,1,,82,4706452.3,1911232.8,0,0,,41.1,94.3,41.2,94.2,721.4,4.5,4,6617685,fuel_sum,6617685.1,6617100,1.000088,true
102055,2022,,740 750 W ADDISON ST,60613,LAKE VIEW,6,,Not Submitted,not_submitted,false,57600,,,,,,,,,,,,,,,,0,,,,,,
102079,2022,East Bank Club,500 N Kingsbury St,60654,NEAR NORTH SIDE,8,Fitness Center/Health Club/Gym,Submitted Data,submitted,false,384409,1980,1,,,32008405,33170497.9,0,0,,215.3,411,215.5,408.3,5977.8,19.7,1,65178903,fuel_sum,65178902.9,82763258,0.787534,false
102083,2022,,1645 1663 W PRATT BLVD,60626,ROGERS PARK,1,Multifamily Housing,Submitted Data,submitted,false,68000,1930,1,,71,783323.6,4268099.8,0,0,,74.3,98.2,74.6,97.7,329.9,4.9,4,5051423,fuel_sum,5051423.4,5052400,0.999807,true
102091,2022,,101 W SUPERIOR ST,60654,NEAR NORTH SIDE,8,Multifamily Housing,Submitted Data,submitted,false,111004,2001,1,,92,2041903.7,3249444.8,0,0,,47.7,82.2,47.9,81.1,441.5,4,4,5291349,fuel_sum,5291348.5,5294891,0.999331,true
102093,2022,,551 555 N PINE AVE,60644,AUSTIN,25,,Not Submitted,not_submitted,false,71880,,,,,,,,,,,,,,,,0,,,,,,
102125,2022,,259 E Erie St,60611,NEAR NORTH SIDE,8,Medical Office,Submitted Data,submitted,false,975524,2014,1,,75,46719793.2,43974039.3,0,0,,131.1,255.8,132,255.8,8489.3,12.3,4,90693833,fuel_sum,90693832.5,127891196,0.709148,false
102136,2022,,5301 5311 W WASHINGTON BLVD,60644,AUSTIN,25,,Not Submitted,not_submitted,false,51631,,,,,,,,,,,,,,,,0,,,,,,
102157,2022,Prudential Plaza,130 E Randolph St,60601,LOOP,32,Office,Submitted Data,submitted,false,3021067,1972,1,,87,120496185.9,39423228.5,0,0,,58.1,137.7,,,17965,6.5,4,159919414,fuel_sum,159919414.4,175523993,0.911097,false
102160,2022,"108 North State Street, LLC",108 N State St,60602,LOOP,32,,Not Submitted,not_submitted,false,1162380,,,,,,,,,,,,,,,,0,,,,,,
102232,2022,2800 Lake Shore Drive Condo Association,2800 N Lake Shore Dr,60657,LAKE VIEW,6,Multifamily Housing,Submitted Data,submitted,false,852820,1969,1,,74,8812260.4,57204496.6,0,0,,87.1,111.8,92.6,116.3,4199.1,5.5,4,66016757,fuel_sum,66016757,74280622,0.888748,false
102238,2022,Park West Condominium,444 W FULLERTON PKWY,60614,LINCOLN PARK,7,Multifamily Housing,Submitted Data,submitted,false,227669,1971,1,,11,6338171,19155931.8,0,0,,132.6,196.9,136.3,198.4,1852.3,9.6,1,25494103,fuel_sum,25494102.8,30188909,0.844486,false
102239,2022,,1061  E 41ST PL,60653,OAKLAND,36,Multifamily Housing,Submitted Data,submitted,false,108147,2004,1,,4,2474321.1,13870680.6,0,0,,151.1,198.7,159.7,205.9,1062.6,9.8,1,16345002,fuel_sum,16345001.7,16341012,1.000244,true
102270,2022,,2700 2714 N SPAULDING AVE,60647,LOGAN SQUARE,22,Multifamily Housing,Submitted Data,submitted,false,50000,1920,1,,73,716881.5,4625208,0,0,,106.8,137.3,112.8,141.3,340.1,6.8,4,5342090,fuel_sum,5342089.5,5340000,1.000391,true
102283,2022,Presence St Joseph Hospital - Chicago,2900 N Lake Shore Dr,60657,LAKE VIEW,6,Hospital (General Medical & Surgical),Submitted Data,submitted,false,965404,1960,2,,80,47879626.3,95085836.6,0,0,,210.2,343.8,209.9,339.1,11356.9,16.7,3.5,142965463,fuel_sum,142965462.9,202927921,0.704514,false
102284,2022,Commonwealth Plaza Condominium Association,330 W Diversey Pkwy,60657,LAKE VIEW,6,Multifamily Housing,Submitted Data,submitted,false,586721,1957,2,,52,7410278.5,48519799.8,0,0,,111.3,142.6,118,147.7,3553.2,7.1,3.5,55930078,fuel_sum,55930078.3,65302047,0.856483,false
102285,2022,Advocate Illinois Masonic Medical Center,836 W Wellington Ave,60657,LAKE VIEW,6,Hospital (General Medical & Surgical),Submitted Data,submitted,false,1792682,1908,12,,98,66216549.3,129706831.5,0,0,,154.7,253.9,155.6,252.7,15611,12.3,4,195923381,fuel_sum,195923380.8,277327905,0.706468,false
102286,2022,Illinois Masonic Medical Office Center,3000 N HALSTED ST,60657,LAKE VIEW,6,Medical Office,Submitted Data,submitted,false,142955,1993,1,,97,5781242.7,0,3438813.5,0,,64.5,142.2,64.3,140.2,989.8,6.9,4,9220056,fuel_sum,9220056.2,9220598,0.999941,true
102309,2022,Schurz HS -CPS,3601 N Milwaukee Ave,60641,IRVING PARK,16,K-12 School,Submitted Data,submitted,false,455800,1910,1,,45,11468200,29358951.2,0,0,,89.6,138.1,90,137,3069.9,6.7,2,40827151,fuel_sum,40827151.2,40839680,0.999693,true
102311,2022,Veterans Square strip center & office bldg,4827 4855 N MILWAUKEE AVE,60630,JEFFERSON PARK,11,,Not Submitted,not_submitted,false,102040,,,,,,,,,,,,,,,,0,,,,,,
102323,2022,,3515 3525 W FRANKLIN BLVD,60624,HUMBOLDT PARK,23,,Not Submitted,not_submitted,false,93000,,,,,,,,,,,,,,,,0,,,,,,
102331,2022,Disney Magnet -CPS,4140 N Marine Dr,60613,UPTOWN,3,K-12 School,Submitted Data,submitted,false,260140,1973,2,,11,13408989,11423780.4,0,0,,95.5,190.4,98.3,195.7,2372.9,9.1,1,24832769,fuel_sum,24832769.4,24843370,0.999573,true
102332,2022,Truman College,1145 W Wilson Ave,60640,UPTOWN,3,,Not Submitted,not_submitted,false,954142,,,,,,,,,,,,,,,,0,,,,,,
102335,2022,,4302 4312 N SHERIDAN RD,60613,UPTOWN,3,Multifamily Housing,Submitted Data,submitted,false,53136,1970,1,,100,523160.5,196000,0,0,,13.5,31.4,13.1,30.3,79.3,1.5,4,719161,fuel_sum,719160.5,717336,1.002544,true
102336,2022,Institute of Cultural Affairs,4750 N Sheridan Rd,60640,UPTOWN,3,Office,Submitted Data,submitted,false,206154,1921,1,,85,2586565.2,9616550.1,0,0,,69.6,97.8,72.5,99.1,915.9,5,4,12203115,fuel_sum,12203115.3,14348318,0.850491,false
102337,2022,,833  W BUENA AVE,60613,UPTOWN,3,Multifamily Housing,Submitted Data,submitted,false,211558,1970,1,,52,4091005.2,15676300.1,0,0,,106.6,150.6,111.4,153.6,1371.5,7.4,2.5,19767305,fuel_sum,19767305.3,22552083,0.876518,false
102340,2022,,200  W GRAND AVE,60654,NEAR NORTH SIDE,8,Multifamily Housing,Submitted Data,submitted,false,192102,2004,1,,8,5563315.9,12164358.5,0,0,,120.5,192.7,122,191.2,1378.9,9.4,1,17727674,fuel_sum,17727674.4,23148291,0.765831,false
102362,2022,,1945 W WILSON AVE,60640,LINCOLN SQUARE,4,Mixed Use Property,Submitted Data,submitted,true,68070,1979,1,,,2390261.7,2193023.5,0,0,,67.3,132.1,69,132.3,431.3,6.3,,4583285,fuel_sum,4583285.2,4581111,1.000475,true
102363,2022,Lane Tech HS -CPS,2501 W Addison St,60618,NORTH CENTER,5,K-12 School,Submitted Data,submitted,false,713935,1934,2,,73,12905521.2,36401892.4,0,0,,69.1,104.2,71.2,106.4,3633.3,5.1,3.5,49307414,fuel_sum,49307413.6,49332909,0.999483,true
102365,2022,Lake View HS -CPS,4015 N Ashland Ave,60613,LAKE VIEW,6,K-12 School,Submitted Data,submitted,false,266099,1898,3,,69,4928739.6,14569270.5,0,0,,73.3,109.4,75.5,111.7,1423,5.3,3,19498010,fuel_sum,19498010.1,19505057,0.999639,true
102368,2022,Bradley Business Center,2500 W Bradley Pl,60618,NORTH CENTER,5,Other,Submitted Data,submitted,true,566000,1956,1,,,7882831,10404317.6,0,0,,48.9,88.2,51.1,90.6,1590.9,4.3,,18287149,fuel_sum,18287148.6,27677400,0.660725,false
102380,2022,,4600  N CUMBERLAND AVE,60656,OHARE,76,Multifamily Housing,Submitted Data,submitted,false,62341,1974,1,,86,1078728.3,3416750,0,0,,75.3,110.7,77.1,111.3,323.6,5.4,4,4495478,fuel_sum,4495478.3,4694277,0.957651,false
102397,2022,,1734  N PAULINA ST,60622,WEST TOWN,24,Multifamily Housing,Submitted Data,submitted,false,95110,1984,1,,70,3372012.8,2547094.3,0,0,,62.2,127.4,62.6,126.7,579.4,6.1,3,5919107,fuel_sum,5919107.1,5915842,1.000552,true
102408,2022,Mundelein Center,1020 W Sheridan Rd,60660,ROGERS PARK,1,,Not Submitted,not_submitted,false,206160,,,,,,,,,,,,,,,,0,,,,,,
102409,2022,Senn Achievement Academy -CPS,5900 N Glenwood Ave,60660,EDGEWATER,77,K-12 School,Submitted Data,submitted,false,291204,1913,3,,13,10047600.3,28788159.4,0,0,,133.4,200.4,135.3,200.4,2852.5,9.8,1,38835760,fuel_sum,38835759.7,38846614,0.999721,true
102435,2022,,60 W ERIE ST,60654,NEAR NORTH SIDE,8,Multifamily Housing,Submitted Data,submitted,false,94430,2003,1,,1,5218285.9,907189.2,0,0,,89,226.2,88.9,225.6,735.5,10.7,1,6125475,fuel_sum,6125475.1,8404270,0.728853,false
102452,2022,Regenstein Library,1100 E 57th St,60637,HYDE PARK,41,Library,Submitted Data,submitted,false,604950,1971,1,,,22912845.6,765960.1,47332595.6,31383868.5,,169.3,248.7,165,243.4,7855.4,13,1,102395270,fuel_sum,102395269.8,102418035,0.999778,true
102455,2022,Charles M. Harper Cetner (Booth School),5807 S Woodlawn Ave,60637,HYDE PARK,41,College/University,Submitted Data,submitted,true,484154,2004,1,,,23377090.6,980518,22716196.2,0,,112.3,223.7,112.6,222.4,4639.5,11.1,,47073805,fuel_sum,47073804.8,54370494,0.865797,false
102456,2022,"High School/ Middle School/ Sunny and Kovler Gym/ Belfield, Judd, Blaine Hall",5840 S Kenwood Ave,60637,HYDE PARK,41,K-12 School,Submitted Data,submitted,false,90595,1961,1,,4,3112438.6,2442680.1,8674469.7,2278866.5,,182.2,262.6,183.6,265.1,1235.8,13.6,1,16508455,fuel_sum,16508454.9,16506409,1.000124,true
102460,2022,Museum of Science and Industry,5700 S Lake Shore Dr,60637,HYDE PARK,41,Museum,Submitted Data,submitted,false,1211750,1893,1,,,37613965.9,25159461.5,0,0,,51.8,108.7,52.8,109.7,6290.6,5.2,3,62773427,fuel_sum,62773427.4,62768650,1.000076,true
102473,2022,,523 531 W CORNELIA AVE,60657,LAKE VIEW,6,,Not Submitted,not_submitted,false,53356,,,,,,,,,,,,,,,,0,,,,,,
102487,2022,,3639 3649 N PINE GROVE AVE,60613,LAKE VIEW,6,Multifamily Housing,Submitted Data,submitted,false,145338,1968,1,,64,1873696.4,8930406.6,0,0,,107.7,145.7,112.5,149.7,721.1,7.2,4,10804103,fuel_sum,10804103,15652903,0.69023,false
102532,2022,Advocate Trinity Hospital,2320 E 93rd St,60617,CALUMET HEIGHTS,48,Hospital (General Medical & Surgical),Submitted Data,submitted,false,637903,1960,1,,68,27663678.3,56896698.4,0,0,,230.2,373.4,231.7,373.7,6665.8,18.1,3,84560377,fuel_sum,84560376.7,146845271,0.575847,false
102544,2022,Olive-Harvey College,10001 S Woodlawn Ave,60628,PULLMAN,50,,Not Submitted,not_submitted,false,635874,,,,,,,,,,,,,,,,0,,,,,,
102545,2022,Chicago Vocational Career Academy -CPS,2106 E 87th St,60617,AVALON PARK,45,,Exempt,exempt,true,684248,,,,,,,,,,,,,,,,,,,,,,
102550,2022,,809 817 W EASTWOOD AVE,60640,UPTOWN,3,,Not Submitted,not_submitted,false,53790,,,,,,,,,,,,,,,,0,,,,,,
102552,2022,,3127 3139 W PALMER ST,60647,LOGAN SQUARE,22,Multifamily Housing,Submitted Data,submitted,false,60000,2005,1,,40,998838.6,4791522.6,0,0,,96.5,130.5,98.4,131,386.1,6.4,1.5,5790361,fuel_sum,5790361.2,5790000,1.000062,true
102556,2022,,7450  N ROGERS AVE,60626,ROGERS PARK,1,Multifamily Housing,Submitted Data,submitted,false,97200,2003,1,,17,3612655.7,6638500.1,0,0,,109.8,180.1,112,179.6,828.4,8.5,1,10251156,fuel_sum,10251155.8,10672560,0.960515,false
102568,2022,,639  W GRACE ST,60613,LAKE VIEW,6,Multifamily Housing,Submitted Data,submitted,false,69353,1973,1,,38,2182463.6,7573900.1,0,0,,184.2,265.6,191.4,269.8,689.7,13,1.5,9756364,fuel_sum,9756363.7,12774823,0.763718,false
102585,2022,Chicago State University Campus,9501 S Martin Luther King Dr,60628,ROSELAND,49,College/University,Submitted Data,submitted,false,1170487,1971,12,,,58560221.7,87216219.1,0,0,,124.5,218.3,130.8,224.9,12345.7,10.5,2,145776441,fuel_sum,145776440.8,145725632,1.000349,true
102587,2022,Carver Millitary Academy -CPS,13100 S Carver Dr,60827,RIVERDALE,54,,Exempt,exempt,true,298689,,,,,,,,,,,,,,,,,,,,,,
102590,2022,,4627 4637 S DREXEL BLVD,60653,KENWOOD,39,,Not Submitted,not_submitted,false,65408,,,,,,,,,,,,,,,,0,,,,,,
102610,2022,,420  432 W ONTARIO ST,60654,NEAR NORTH SIDE,8,Multifamily Housing,Submitted Data,submitted,false,82716,1999,1,,100,850546.7,1710957.7,0,0,,31,50.5,30.6,49.5,202.9,2.5,4,2561504,fuel_sum,2561504.4,2564196,0.99895,true
102613,2022,,7914 7932 S WABASH AVE,60619,CHATHAM,44,,Not Submitted,not_submitted,false,30268,,,,,,,,,,,,,,,,0,,,,,,
102643,2022,,5400  N NORTHWEST HWY,60630,JEFFERSON PARK,11,Senior Living Community,Submitted Data,submitted,false,60000,2004,1,,14,1578094.3,4844800.2,0,0,,107,158.4,109.8,160.2,465.2,7.8,1,6422895,fuel_sum,6422894.5,6420000,1.000451,true
102690,2022,,1250  N LASALLE DR,60610,NEAR NORTH SIDE,8,Multifamily Housing,Submitted Data,submitted,false,189358,1985,1,,75,3799942.8,7359800.2,0,0,,78.4,129.1,80.6,129.5,891.4,6.3,3.5,11159743,fuel_sum,11159743,14845667,0.751717,false
102705,2022,,65  E GOETHE ST,60610,NEAR NORTH SIDE,8,Multifamily Housing,Submitted Data,submitted,false,126330,2002,1,,,8357188.9,11291540.4,0,0,,171.1,306.9,171.2,303.8,1700.5,14.8,1,19648729,fuel_sum,19648729.3,21615063,0.909029,false
102725,2022,,3656  W HURON ST,60624,HUMBOLDT PARK,23,Senior Living Community,Submitted Data,submitted,false,70370,2009,1,,16,1951575.3,4382000,0,0,,90,143,93.9,145.9,489.8,7,1,6333575,fuel_sum,6333575.3,6333300,1.000043,true
102745,2022,Harper Place Condominium Association,5309 5343 S HARPER AVE,60615,HYDE PARK,41,Multifamily Housing,Submitted Data,submitted,false,88384,1920,1,,76,1408806.3,4125925.6,0,0,,62.6,93.6,64,95.1,404.7,4.6,3.5,5534732,fuel_sum,5534731.9,5532838,1.000342,true
102766,2022,,6150  N KENMORE AVE,60660,EDGEWATER,77,Multifamily Housing,Submitted Data,submitted,false,77900,1962,1,,71,1293668.6,4673532.5,0,0,,81.7,116.8,85,119.4,418.6,5.7,3.5,5967201,fuel_sum,5967201.1,6364430,0.937586,false
102803,2022,,4845  S WESTERN AVE,60609,NEW CITY,61,Senior Living Community,Submitted Data,submitted,false,89556,2004,1,,64,2481114.3,4403300.5,0,0,,76.9,129.2,79.6,131.1,560.7,6.3,3,6884415,fuel_sum,6884414.8,6886856,0.999646,true
102809,2022,,5101 5111 N WINCHESTER AVE,60640,LINCOLN SQUARE,4,Multifamily Housing,Submitted Data,submitted,false,68400,1903,1,,83,531919.5,3984881.5,0,0,,66,82.9,69.8,86.2,281.7,4.1,4,4516801,fuel_sum,4516801,4514400,1.000532,true
102825,2022,,4510 4518 N ASHLAND AVE,60640,UPTOWN,3,,Not Submitted,not_submitted,false,67500,,,,,,,,,,,,,,,,0,,,,,,
102838,2022,,13550  S AVENUE O,60633,HEGEWISCH,55,Senior Living Community,Submitted Data,submitted,false,60600,2002,1,,27,1640114.3,5135800.1,0,0,,111.8,164.8,114.1,166.7,488.8,8.1,1,6775914,fuel_sum,6775914.4,6775080,1.000123,true
102854,2022,Hyde Park West Apartments & Townhomes,5325  S COTTAGE GROVE AVE,60615,HYDE PARK,41,,Submitted Data,submitted,false,133795,,,,,,,,,,,,,,,,0,,,,,,
102914,2022,,8915  S LOOMIS ST,60620,WASHINGTON HEIGHTS,73,,Not Submitted,not_submitted,false,44700,,,,,,,,,,,,,,,,0,,,,,,
102926,2022,,5736 5752 S STONY ISLAND AVE,60637,HYDE PARK,41,,Not Submitted,not_submitted,false,59558,,,,,,,,,,,,,,,,0,,,,,,
102946,2022,,7947  S SOUTH CHICAGO AVE,60617,SOUTH CHICAGO,46,,Not Submitted,not_submitted,false,61000,,,,,,,,,,,,,,,,0,,,,,,
102987,2022,,4048  S LAKE PARK AVE,60653,OAKLAND,36,,Submitted Data,submitted,false,55828,,,,,,,,,,,,,,,,0,,,,,,
103052,2022,,825 835 W CORNELIA AVE,60657,LAKE VIEW,6,,Not Submitted,not_submitted,false,74452,,,,,,,,,,,,,,,,0,,,,,,
103182,2022,,1000  N LASALLE DR,60610,NEAR NORTH SIDE,8,Multifamily Housing,Submitted Data,submitted,false,120728,1988,1,,28,3047726,9413037.2,0,0,,103.2,152.6,108.2,155.4,901.4,7.5,1,12460763,fuel_sum,12460763.2,12459130,1.000131,true
103205,2022,,7260  S SOUTH SHORE DR,60649,SOUTH SHORE,43,,Not Submitted,not_submitted,false,99523,,,,,,,,,,,,,,,,0,,,,,,
103264,2022,,2941 S Michigan Ave,60616,DOUGLAS,35,Multifamily Housing,Submitted Data,submitted,false,67133,1964,1,,36,1148363.2,6302307.6,0,0,,111,146.5,118,153.2,486,7.2,1.5,7450671,fuel_sum,7450670.8,7451763,0.999853,true
103271,2022,,1344  N DEARBORN ST,60610,NEAR NORTH SIDE,8,Multifamily Housing,Submitted Data,submitted,false,95465,1963,2,,53,1727981.3,6245186,0,0,,95.1,135.9,99.4,138.9,559.3,6.7,2.5,7973167,fuel_sum,7973167.3,9078722,0.878226,false
103273,2022,,221  E 121ST PL,60628,WEST PULLMAN,53,Multifamily Housing,Submitted Data,submitted,false,154140,1973,3,,92,1155975.8,11840080.3,0,0,,84.3,101.7,88.5,106,781.1,5.1,4,12996056,fuel_sum,12996056.1,12994002,1.000158,true
103278,2022,,33  W HURON ST,60654,NEAR NORTH SIDE,8,Multifamily Housing,Submitted Data,submitted,false,202071,1998,1,,99,2240405.3,5867078.6,0,0,,43.7,67,44.3,66.7,606.7,3.3,4,8107484,fuel_sum,8107483.9,8830503,0.918123,false
103310,2022,,1336 1352 N SEDGWICK ST,60610,NEAR NORTH SIDE,8,Multifamily Housing,Submitted Data,submitted,false,583000,1929,10,,76,10425240,43332388.7,0,0,,92.2,128.1,94.6,129,3674.7,6.3,3.5,53757629,fuel_sum,53757628.7,53752600,1.000094,true
103312,2022,,199  E LAKE SHORE DR,60611,NEAR NORTH SIDE,8,,Not Submitted,not_submitted,false,69150,,,,,,,,,,,,,,,,0,,,,,,
103314,2022,Evergreen Tower,1333  N CLEVELAND AVE,60610,NEAR NORTH SIDE,8,Multifamily Housing,Submitted Data,submitted,false,99507,1970,1,,38,4195684,1299904.7,0,0,,60.1,143.3,60.9,145.5,656.1,7.2,1.5,5495589,fuel_sum,5495588.7,5980371,0.918938,false
103315,2022,,230  E ONTARIO ST,60611,NEAR NORTH SIDE,8,Multifamily Housing,Submitted Data,submitted,false,138600,1969,1,,,1876553.1,7933752.9,0,0,,70.8,98,74.3,99.9,668.6,4.8,3,9810306,fuel_sum,9810306,9812880,0.999738,true
103317,2022,33 East Cedar Condominium Association,27 39 E CEDAR ST,60611,NEAR NORTH SIDE,8,Multifamily Housing,Submitted Data,submitted,false,184432,1958,1,,88,2206208,8169833.2,0,0,,63.9,90.9,67.4,93.3,724.5,4.5,4,10376041,fuel_sum,10376041.2,11785205,0.880429,false
103409,2022,,7733  S SOUTH SHORE DR,60649,SOUTH SHORE,43,,Not Submitted,not_submitted,false,70812,,,,,,,,,,,,,,,,0,,,,,,
103449,2022,,7616  S SOUTH SHORE DR,60649,SOUTH SHORE,43,,Not Submitted,not_submitted,false,58636,,,,,,,,,,,,,,,,0,,,,,,
103475,2022,,7235 7245 S JEFFERY BLVD,60649,SOUTH SHORE,43,,Not Submitted,not_submitted,false,57776,,,,,,,,,,,,,,,,0,,,,,,
103495,2022,,7465  S SOUTH SHORE DR,60649,SOUTH SHORE,43,,Not Submitted,not_submitted,false,85230,,,,,,,,,,,,,,,,0,,,,,,
103573,2022,,6446 6458 S KENWOOD AVE,60637,WOODLAWN,42,,Submitted Data,submitted,false,71595,,,,,,,,,,,,,,,,0,,,,,,
103580,2022,Good Shepherd Manor,6720  S CORNELL AVE,60649,SOUTH SHORE,43,,Submitted Data,submitted,false,95062,,,,,,,,,,,,,,,,0,,,,,,
103593,2022,St. Edmund's Tower,6145  S MICHIGAN AVE,60637,WASHINGTON PARK,40,,Not Submitted,not_submitted,false,69832,,,,,,,,,,,,,,,,0,,,,,,
103594,2022,NBC Tower,455 N Cityfront Plaza Dr,60611,NEAR NORTH SIDE,8,Office,Submitted Data,submitted,false,1164458,1988,1,,66,73722375.6,0,0,0,,78.5,219.8,78,218.4,9710.3,10.3,3,73722376,fuel_sum,73722375.6,91409953,0.806503,false
103595,2022,Chicago Board of Trade Building,141 W Jackson Blvd,60604,LOOP,32,Office,Submitted Data,submitted,false,1559956,1930,1,,78,79491745.8,0,0,44975405.6,,79.8,168.9,77.1,167.2,12840.4,8.2,3.5,124467151,fuel_sum,124467151.4,124484489,0.999861,true
103596,2022,550 W Jackson,550 W Jackson Blvd,60661,NEAR WEST SIDE,28,Office,Submitted Data,submitted,false,480117,2001,1,,95,14751138.2,0,0,0,,33.5,93.8,34,95.3,1942.9,4.4,4,14751138,fuel_sum,14751138.2,16083920,0.917136,false
103597,2022,30 N LaSalle St,30 N LaSalle St,60602,LOOP,32,Office,Submitted Data,submitted,false,972620,1974,1,,79,28996514.8,36083627.1,0,0,,66.9,122.4,67.7,121.9,5735.8,5.9,3.5,65080142,fuel_sum,65080141.9,65068278,1.000182,true
103598,2022,222 N LaSalle St,222 N LaSalle St,60601,LOOP,32,Office,Submitted Data,submitted,false,1246961,1986,1,,79,48969425.3,0,0,0,,40.2,112.6,39.7,111.2,6450,5.3,3.5,48969425,fuel_sum,48969425.3,50127832,0.976891,true
103600,2022,10 S LaSalle St,10 S LaSalle St,60603,LOOP,32,Office,Submitted Data,submitted,false,871962,1986,1,,70,43115463.8,568711.8,0,0,,50.1,139.1,50.8,141,5709.1,6.5,3,43684176,fuel_sum,43684175.6,43685296,0.999974,true
103601,2022,120 S LaSalle St,120 S LaSalle St,60603,LOOP,32,Office,Submitted Data,submitted,false,760892,1929,1,,82,14728144,23649961,0,8716872,,61.9,97.3,62.1,97.7,3655.5,4.8,4,47094977,fuel_sum,47094977,47099215,0.99991,true
103602,2022,190 S LaSalle St,190 S LaSalle St,60603,LOOP,32,Office,Submitted Data,submitted,false,901459,1985,1,,71,51093861.3,0,0,0,,57.8,161.9,57.7,161.7,6729.8,7.6,3.5,51093861,fuel_sum,51093861.3,52104330,0.980607,true
103604,2022,525 W Monroe St,525 W Monroe St,60661,NEAR WEST SIDE,28,Office,Submitted Data,submitted,false,1073992,1983,1,,76,46383356.6,841410.6,0,0,,45.9,127.2,46.4,128.6,6155.3,6,3.5,47224767,fuel_sum,47224767.2,49296233,0.957979,false
103605,2022,515 North State,515 N STATE ST,60654,NEAR NORTH SIDE,8,Office,Submitted Data,submitted,false,758442,1990,1,,76,34492204.7,0,0,0,,45.5,127.3,46.3,129.5,4543.1,6,3.5,34492205,fuel_sum,34492204.7,34509111,0.99951,true
103606,2022,Willis Tower,233 S Wacker Dr,60606,LOOP,32,Office,Submitted Data,submitted,false,4600624,1973,1,,59,301223757.5,39373682.6,0,0,,75.1,195.1,76.1,197.3,41766.8,9.2,2.5,340597440,fuel_sum,340597440.1,345506862,0.985791,true
103608,2022,329 W 18th St,329 W 18th St,60616,LOWER WEST SIDE,31,Office,Submitted Data,submitted,false,474474,1970,1,,,6546817.8,8504545.5,0,0,,34.6,62.7,34.8,61.8,1314,3,4,15051363,fuel_sum,15051363.3,16416800,0.916827,false
103611,2022,Clark-Adams,105 W Adams St,60603,LOOP,32,Office,Submitted Data,submitted,true,490273,1927,1,,,16142260.7,21143871.5,0,0,,76.1,137.5,78.5,140.1,3249.2,6.6,,37286132,fuel_sum,37286132.2,37309775,0.999366,true
103614,2022,Ann & Robert H. Lurie Children's Hospital of Chicago,225 E Chicago Ave,60611,NEAR NORTH SIDE,8,Hospital (General Medical & Surgical),Submitted Data,submitted,false,1287909,2012,1,,76,112617825.7,169648999.6,0,0,,220.9,384.9,221.3,382.1,24012.2,18.6,3.5,282266825,fuel_sum,282266825.3,284499098,0.992154,true
103615,2022,NMH Prentice Womens Hospital,250 E Superior St,60611,NEAR NORTH SIDE,8,Hospital (General Medical & Surgical),Submitted Data,submitted,false,945000,2007,1,,68,82576383.6,113337994.1,0,0,,207.3,370.6,208.9,370.1,16896.4,17.9,4,195914378,fuel_sum,195914377.7,195898500,1.000081,true
103617,2022,33 E Congress,33 E Congress Pkwy,60605,LOOP,32,College/University,Submitted Data,submitted,false,153876,1925,,,,6645522.9,5542499,0,0,,79.2,158.7,80.3,158.7,1169.7,7.6,3,12188022,fuel_sum,12188021.9,12186979,1.000086,true
103620,2022,ACIA AG Auto LLC,1530 N Dayton St,60642,NEAR NORTH SIDE,8,,Not Submitted,not_submitted,false,412000,,,,,,,,,,,,,,,,0,,,,,,
103621,2022,SpringHill Suites - Residence Inn,400 410 N Dearborn St,60654,NEAR NORTH SIDE,8,Hotel,Submitted Data,submitted,false,353000,2008,1,,49,15342491.4,23746202.2,0,0,,110.7,192.3,111.5,191,3282.1,9.3,2,39088694,fuel_sum,39088693.6,39077100,1.000297,true
103626,2022,,151 N Franklin St,60606,LOOP,32,Office,Submitted Data,submitted,false,962120,2018,1,,73,43188740.4,4087856.3,0,23166029.7,,74.3,154.3,72.2,153.4,7126.6,7.5,3.5,70442626,fuel_sum,70442626.4,71485516,0.985411,true
103628,2022,1K Fulton,1000 W Fulton St,60607,NEAR WEST SIDE,28,Office,Submitted Data,submitted,false,629476,1923,1,,81,20065373.8,21715017,0,0,,74.2,140.3,75.2,140.7,3796.3,6.7,4,41780391,fuel_sum,41780390.8,46707119,0.894519,false
103630,2022,Stroger Hospital Campus,1901 W Harrison St,60612,NEAR WEST SIDE,28,Hospital (General Medical & Surgical),Submitted Data,submitted,false,1596300,2002,4,,12,170046861.2,323922552.7,0,0,,309.4,511.3,312.3,510.6,39602.7,24.8,1,493969414,fuel_sum,493969413.9,493895220,1.00015,true
103632,2022,NMH Feinberg Pavilion and Galter Pavilion,251 E Huron St,60611,NEAR NORTH SIDE,8,Hospital (General Medical & Surgical),Submitted Data,submitted,false,2200000,1999,1,,65,195066372.2,302771983.5,0,0,,226.3,392.8,224.8,388.7,41774.7,19,3,497838356,fuel_sum,497838355.7,497860000,0.999957,true
103634,2022,Lewis & O'Malley,25 E Jackson Blvd,60604,LOOP,32,College/University,Submitted Data,submitted,false,380371,1928,1,,,14200351.7,17346217.2,0,0,,82.9,152.4,85.6,154.3,2791.7,7.3,3,31546569,fuel_sum,31546568.9,31532756,1.000438,true
103638,2022,The Field Museum,1400 S Lake Shore Dr,60605,NEAR SOUTH SIDE,33,Mixed Use Property,Submitted Data,submitted,true,1280537,1921,1,,,62280357.3,93262091.8,0,0,,121.6,212.8,120.4,209.4,13156.8,10.3,,155542449,fuel_sum,155542449.1,155713299,0.998903,true
103639,2022,LaSalle-Wacker Building,221 N LaSalle St,60601,LOOP,32,Office,Submitted Data,submitted,false,440000,1930,1,,72,13282057.2,23218471.7,0,0,,87.4,147.4,91.8,152.1,2982.7,7.1,4,36500529,fuel_sum,36500528.9,38456000,0.94915,false
103640,2022,One North LaSalle,1 N LaSalle St,60602,LOOP,32,Office,Submitted Data,submitted,false,554777,1929,1,,77,12383446.7,26377897.3,0,0,,69.9,112.4,72.4,113.9,3032.1,5.5,3.5,38761344,fuel_sum,38761344,38778912,0.999547,true
103641,2022,33 N LaSalle St,33 N LaSalle St,60602,LOOP,32,Office,Submitted Data,submitted,false,477171,1929,1,,65,13425349.7,27556938.1,0,930852,,87.8,141.2,91.6,145.2,3281,6.9,3,41913140,fuel_sum,41913139.8,41895614,1.000418,true
103643,2022,180 N LaSalle St,180 N LaSalle St,60601,LOOP,32,Office,Submitted Data,submitted,false,859786,1972,1,,78,23449749.6,26627470.4,0,16177438,,77.1,126,76.1,125.4,5355.5,6.2,3.5,66254658,fuel_sum,66254658,66289501,0.999474,true
103644,2022,200 N LaSalle Ave,200 N LaSalle Ave,60601,LOOP,32,Office,Submitted Data,submitted,false,698645,1984,1,,78,32015743.2,0,0,0,,45.8,128.3,46.6,130.4,4216.9,6,3.5,32015743,fuel_sum,32015743.2,31997941,1.000556,true
103645,2022,203 N LaSalle St,203 N LaSalle St,60601,LOOP,32,Office,Submitted Data,submitted,false,1155969,1985,1,,71,36537193.2,678198.8,0,0,,59.6,164.9,60.1,166.3,4848.5,7.8,3.5,37215392,fuel_sum,37215392,68895752,0.54017,false
103647,2022,135 S LaSalle Property LLC,135 S LaSalle St,60603,LOOP,32,Office,Submitted Data,submitted,false,2453127,1934,1,,82,34877258.5,82542498,0,18798445.7,,55.5,82.1,56.6,83.4,9968.7,4.1,4,136218202,fuel_sum,136218202.2,136148549,1.000512,true
103651,2022,Four40,440 S LaSalle St,60605,LOOP,32,Office,Submitted Data,submitted,false,1237300,1984,1,,59,78452163.3,102384.4,0,0,,63.5,177.6,63.9,178.8,10338.7,8.4,2.5,78554548,fuel_sum,78554547.7,78568550,0.999822,true
103653,2022,River North Point,350 N Orleans St,60654,NEAR NORTH SIDE,8,Office,Submitted Data,submitted,false,1883966,1975,1,,60,106274498.4,4139006.8,0,27347734.9,,73.1,173.5,71.9,173.5,15658.9,8.3,2.5,137761240,fuel_sum,137761240.1,137717915,1.000315,true
103655,2022,,5825  S DORCHESTER AVE,60637,HYDE PARK,41,Multifamily Housing,Submitted Data,submitted,false,81561,1966,1,,88,747919,2602,5809800.9,0,,80.4,111.4,86.3,118.7,484.4,5.9,4,6560322,fuel_sum,6560321.9,6557504,1.00043,true
103656,2022,Merchandise Mart,222 Merchandise Mart Plz,60654,NEAR NORTH SIDE,8,Office,Submitted Data,submitted,true,4259185,1930,1,,,96458630.6,87808385.1,0,35431011.8,,53.2,95.5,52.5,95.1,19236.1,4.7,,219698028,fuel_sum,219698027.5,226588642,0.96959,false
103661,2022,One Magnificent Mile,980 N Michigan Ave,60611,NEAR NORTH SIDE,8,Mixed Use Property,Submitted Data,submitted,false,1047675,1983,1,,53,53581207.2,0,0,0,,52.7,147.4,53.5,149.7,7057.4,6.9,2.5,53581207,fuel_sum,53581207.2,55212473,0.970455,true
103664,2022,Northern Trust Headquarters,50 S LaSalle St,60603,LOOP,32,Financial Office,Submitted Data,submitted,false,581260,1963,1,,74,19755483.5,17622868.5,0,0,,64.4,127.3,65.2,127.5,3538.1,6.1,3.5,37378352,fuel_sum,37378352,37433144,0.998536,true
103677,2022,,150 N RIVERSIDE PLAZA,60606,NEAR WEST SIDE,28,Office,Submitted Data,submitted,false,1513050,2017,1,,76,65755319.9,1441607.8,0,0,,45.2,124.8,45.9,126.8,8737.5,5.9,3.5,67196928,fuel_sum,67196927.7,68389860,0.982557,true
103679,2022,300 South Riverside Plaza,300 S Riverside Plz,60606,NEAR WEST SIDE,28,Office,Submitted Data,submitted,false,1225724,1983,1,,74,62059391.6,0,0,0,,50.6,141.8,51.2,143.5,8174.1,6.7,3.5,62059392,fuel_sum,62059391.6,62021634,1.000609,true
103681,2022,,6427-6455 N Sheridan Rd,60626,ROGERS PARK,1,,Not Submitted,not_submitted,false,113750,,,,,,,,,,,,,,,,0,,,,,,
103682,2022,,4624  S ELLIS AVE,60653,KENWOOD,39,,Not Submitted,not_submitted,false,100332,,,,,,,,,,,,,,,,0,,,,,,
103684,2022,NMH Arkes Family Pavilion,676 N St Clair St,60611,NEAR NORTH SIDE,8,Medical Office,Submitted Data,submitted,false,675000,1980,1,,37,68429785.2,240000,0,0,,101.7,284.2,102.2,285.6,9025.9,13.4,1.5,68669785,fuel_sum,68669785.2,68647500,1.000325,true
103685,2022,One North State,1 N State St,60602,LOOP,32,Office,Exempt,exempt,true,829068,1910,1,,,,,0,0,,,,,,,,,,,0,,,
103687,2022,Sullivan Center,1 S State St,60603,LOOP,32,Office,Submitted Data,submitted,false,870368,1899,1,,79,21168069,34137988.3,0,0,,63.5,109.3,65.8,110.7,4601.4,5.3,3.5,55306057,fuel_sum,55306057.3,55268368,1.000682,true
103689,2022,Old Chicago Main Post Office,404 W HARRISON ST,60607,NEAR WEST SIDE,28,Office,Submitted Data,submitted,false,2493160,2018,1,,69,62343953.8,62459533.1,0,60217574.8,,74.2,118.3,72.1,116.5,14702.6,5.9,3,185021062,fuel_sum,185021061.7,184992472,1.000155,true
103692,2022,CNA Building,333 S Wabash Ave,60604,LOOP,32,Office,Submitted Data,submitted,false,1474508,1972,1,,63,60045436.4,61411322.8,0,0,,85.9,164.4,89.5,168.3,11170.7,7.9,3,121456759,fuel_sum,121456759.2,126660237,0.958918,false
103696,2022,111 S Wacker,111 S Wacker,60606,LOOP,32,Office,Submitted Data,submitted,false,1454157,2004,1,,70,72884360.7,0,0,0,,58.4,163.4,58.8,164.8,9599.9,7.7,3,72884361,fuel_sum,72884360.7,84922769,0.858243,false
103698,2022,22 W Washington St,22 W Washington St,60602,LOOP,32,Office,Submitted Data,submitted,false,496607,2008,1,,81,46487573.8,0,0,0,,98.6,276.1,99.7,279.2,6123.1,13,4,46487574,fuel_sum,46487573.8,48965450,0.949395,false
103699,2022,George W Dunne Cook County Office Building,69 W Washington St,60602,LOOP,32,Office,Submitted Data,submitted,false,821861,1965,1,,86,19322644,30334500.3,0,0,,60.4,104.6,62.1,106.4,4156.3,5.1,4,49657144,fuel_sum,49657144.3,49640404,1.000337,true
103705,2022,The National,125 S Clark St,60603,LOOP,32,Office,Submitted Data,submitted,false,580000,1907,1,,92,14497036.8,29711814.9,0,11207711.8,,95.5,141.4,97.4,143.6,4078.3,7,4,55416564,fuel_sum,55416563.5,55390000,1.00048,true
103711,2022,Two North LaSalle,2 N LaSalle St,60602,LOOP,32,Office,Submitted Data,submitted,false,776691,1978,1,,67,33166247.3,0,0,0,,42.7,119.6,43.5,121.9,4368.5,5.6,3,33166247,fuel_sum,33166247.3,33164706,1.000046,true
103712,2022,Water Tower Place,845 N Michigan Ave,60611,NEAR NORTH SIDE,8,Mixed Use Property,Submitted Data,submitted,true,2984641,1976,1,,,137570616.3,82476254,0,0,,85.3,182.8,85.9,182.8,22500.7,8.7,,220046870,fuel_sum,220046870.3,254589877,0.864319,false
103716,2022,The Palmer House Hotel,17 E Monroe St,60603,LOOP,32,Hotel,Submitted Data,submitted,false,1749427,1925,3,,71,52479090.9,131214698.9,-4360181.4,-1344840,,105,164.2,106.9,165.3,13521.3,8,3.5,177988768,fuel_sum,177988768.4,183689835,0.968964,false
103721,2022,The Rookery Building,209 S LaSalle St,60604,LOOP,32,,Submitted Data,submitted,false,337879,,,,,,,,,,,,,,,,0,,,,,,
103727,2022,,5040 5060 N BROADWAY,60640,UPTOWN,3,,Not Submitted,not_submitted,false,436961,,,,,,,,,,,,,,,,0,,,,,,
103731,2022,,900  W FULLERTON AVE,60614,LINCOLN PARK,7,Multifamily Housing,Submitted Data,submitted,false,63753,2000,1,,74,813093.2,3008437.2,0,0,,72.8,103.5,75.8,105.1,266.9,5.1,3.5,3821530,fuel_sum,3821530.4,4641218,0.823389,false
103733,2022,International Tower,8550 W Bryn Mawr Ave,60631,OHARE,76,,Not Submitted,not_submitted,false,433339,,,,,,,,,,,,,,,,0,,,,,,
103738,2022,,4825  S DREXEL BLVD,60615,KENWOOD,39,,Not Submitted,not_submitted,false,89000,,,,,,,,,,,,,,,,0,,,,,,
103739,2022,20 N Clark St,20 N Clark St,60602,LOOP,32,Office,Submitted Data,submitted,false,445973,1981,1,,72,19518237.3,0,0,0,,43.8,122.5,44.3,124.2,2570.8,5.8,3.5,19518237,fuel_sum,19518237.3,19533617,0.999213,true
103743,2022,33 N Dearborn,33 N Dearborn St,60602,LOOP,32,Office,Submitted Data,submitted,false,372135,1966,1,,77,8293520.2,15145739.3,0,7406004.1,,82.9,123.2,80.7,121.2,2287.1,6.1,3.5,30845264,fuel_sum,30845263.6,30849992,0.999847,true
103745,2022,,900 North Michigan,60611,NEAR NORTH SIDE,8,Mixed Use Property,Submitted Data,submitted,true,2731896,1989,1,,,141132694.9,42277825.9,0,0,,85.8,205.7,85.4,204.5,20834.8,9.8,,183410521,fuel_sum,183410520.8,234396677,0.782479,false
103748,2022,NMH Olson Pavilion,710 N Fairbanks Ct,60611,NEAR NORTH SIDE,8,Laboratory,Submitted Data,submitted,false,186610,1978,1,,,18844881.9,37282688,0,0,,300.8,492.5,304.8,496.8,4462.4,23.9,1,56127570,fuel_sum,56127569.9,56132288,0.999916,true
103759,2022,Headquarters,547 W Jackson Blvd,60661,NEAR WEST SIDE,28,Office,Submitted Data,submitted,false,347691,1922,1,,57,19028890.8,9264646.7,0,0,,81.4,181.2,80.5,177.4,2998.5,8.6,2.5,28293538,fuel_sum,28293537.5,28302047,0.999699,true
103761,2022,20 W Kinzie St,20 W Kinzie St,60654,NEAR NORTH SIDE,8,Office,Submitted Data,submitted,false,393838,2000,1,,78,26171313.4,0,0,0,,66.5,186.1,65.9,184.4,3447.1,8.8,3.5,26171313,fuel_sum,26171313.4,26190227,0.999278,true
103766,2022,640 N LaSalle Dr,640 N LaSalle St,60654,NEAR NORTH SIDE,8,Office,Submitted Data,submitted,false,329845,1969,1,,70,15016977,2512881.8,0,0,,62.1,158.3,62.4,158,2111.4,7.5,3,17529859,fuel_sum,17529858.8,20483375,0.855809,false
103767,2022,,11 S LaSalle St,60603,LOOP,32,Hotel,Submitted Data,submitted,false,350682,2015,1,,91,9888333.4,13761327.9,0,6814968,,86.9,137.8,85,136.3,,,4,30464629,fuel_sum,30464629.3,30474266,0.999684,true
103770,2022,CME Group Inc,333 S LaSalle St,60604,LOOP,32,,Not Submitted,not_submitted,false,311966,,,,,,,,,,,,,,,,0,,,,,,
103778,2022,Weiss Memorial Hospital,4646 N Marine Dr,60640,UPTOWN,3,,Not Submitted,not_submitted,false,774990,,,,,,,,,,,,,,,,0,,,,,,
103780,2022,,360 N Michigan Ave,60601,LOOP,32,Hotel,Submitted Data,submitted,false,390430,2016,1,,38,14018280.8,23476086.5,0,0,,96,163.7,95.4,163,3093.3,7.9,1.5,37494367,fuel_sum,37494367.3,37481280,1.000349,true
103781,2022,625 N Michigan Ave,625 N Michigan Ave,60611,NEAR NORTH SIDE,8,Office,Submitted Data,submitted,false,359409,1969,1,,80,10418316.5,13623536.2,0,0,,66.9,121,67.7,120.3,2095.9,5.8,3.5,24041853,fuel_sum,24041852.7,24044462,0.999891,true
103782,2022,Warwick Allerton Hotel Chicago,136 148 E Huron St,60611,NEAR NORTH SIDE,8,Hotel,Submitted Data,submitted,false,300000,1924,1,,58,11399812.7,21388101,0,0,,109.3,181.3,112.4,184.5,2637.5,8.8,2.5,32787914,fuel_sum,32787913.7,32790000,0.999936,true
103789,2022,De La Salle Institute,3434 S Michigan Ave,60616,DOUGLAS,35,,Not Submitted,not_submitted,false,180000,,,,,,,,,,,,,,,,0,,,,,,
103798,2022,Federal Railroad Retirement Board,844 W Rush St,60611,NEAR NORTH SIDE,8,Office,Submitted Data,submitted,false,383007,1923,1,,70,11132155.1,21862212.1,0,0,,86.1,141.3,88.8,142.1,2627.5,6.9,3,32994367,fuel_sum,32994367.2,32976903,1.00053,true
103804,2022,190 N State St,190 N State St,60601,LOOP,32,Office,Submitted Data,submitted,false,245000,1917,1,,85,9206722.5,0,0,0,,40,112.1,40,112.1,1212.7,5.3,4,9206723,fuel_sum,9206722.5,9800000,0.939462,false
103812,2022,400 W Superior St,400 W Superior St,60654,NEAR NORTH SIDE,8,Office,Submitted Data,submitted,false,130007,1998,1,,42,8364657.6,2310124,0,0,,82.1,198.8,83.3,200,1224.4,9.4,2,10674782,fuel_sum,10674781.6,10673575,1.000113,true
103815,2022,328 S Jefferson,328 S Jefferson,60661,NEAR WEST SIDE,28,Office,Submitted Data,submitted,false,293000,1970,1,,,8925401,16282731.4,0,0,,86,143.6,89.6,146,2040.5,7,2,25208132,fuel_sum,25208132.4,25198000,1.000402,true
103816,2022,AMA Plaza,330 N Wabash Av,60611,NEAR NORTH SIDE,8,Office,Submitted Data,submitted,false,1881319,1971,1,,63,106434548.5,46605512.4,0,44551007.7,,105.6,207.1,104.8,207.9,19786.2,10.6,3,197591069,fuel_sum,197591068.6,198667286,0.994583,true
103849,2022,,1632 S INDIANA AVE,60616,NEAR SOUTH SIDE,33,Multifamily Housing,Submitted Data,submitted,false,59040,1997,1,,83,1044701.2,2501798.6,0,0,,60.1,94,60.8,93.7,270.5,4.6,4,3546500,fuel_sum,3546499.8,3548304,0.999492,true
103871,2022,,111 S PEORIA ST,60607,NEAR WEST SIDE,28,Multifamily Housing,Submitted Data,submitted,false,255100,2017,1,,96,4178418.8,6607850.3,0,0,,47.8,82.5,49.4,82.9,901.3,4,4,10786269,fuel_sum,10786269.1,12193780,0.884571,false
103933,2022,,3161  N CAMBRIDGE AVE,60657,LAKE VIEW,6,Multifamily Housing,Submitted Data,submitted,false,62825,1968,1,,97,479937.5,3019825.9,0,0,,68.9,88.8,71.4,90.6,223.6,4.4,4,3499763,fuel_sum,3499763.4,4328643,0.808513,false
103962,2022,,2828  N CAMBRIDGE AVE,60657,LAKE VIEW,6,,Submitted Data,submitted,false,75300,,,,,,,,,,,,,,,,0,,,,,,
103965,2022,,447 457 W WELLINGTON AVE,60657,LAKE VIEW,6,Multifamily Housing,Submitted Data,submitted,false,55574,1967,1,,57,825557.7,3570274.6,0,0,,85.2,117.5,88.9,119.6,298.4,5.8,2.5,4395832,fuel_sum,4395832.3,4734905,0.928389,false
103970,2022,,424  W OAKDALE AVE,60657,LAKE VIEW,6,Multifamily Housing,Submitted Data,submitted,false,52080,1970,1,,91,526269.7,2741882.2,0,0,,62.8,83.6,64.9,84.9,215,4.1,4,3268152,fuel_sum,3268151.9,3270624,0.999244,true
104095,2022,Hall Plaza,4600 4650 W Diversey Ave,60639,HERMOSA,19,,Not Submitted,not_submitted,false,53267,,,,,,,,,,,,,,,,0,,,,,,
104100,2022,,711  W GORDON TER,60613,UPTOWN,3,Multifamily Housing,Submitted Data,submitted,false,142073,1979,1,,65,5532498.6,0,0,0,,45.7,128,46.3,129.7,728.7,6,3,5532499,fuel_sum,5532498.6,6492736,0.852106,false
104105,2022,,640  W SHERIDAN RD,60613,LAKE VIEW,6,Multifamily Housing,Submitted Data,submitted,false,65918,1970,1,,91,788313.1,3162999.7,0,0,,64.9,90.8,66.6,92.6,271.8,4.5,4,3951313,fuel_sum,3951312.8,4278078,0.923619,false
104206,2022,,4501 4519 N MALDEN ST,60640,UPTOWN,3,Multifamily Housing,Submitted Data,submitted,false,78709,1925,1,,90,1855663.3,1217246.4,0,0,,39,82.3,40,84,309.1,3.9,4,3072910,fuel_sum,3072909.7,3069651,1.001062,true
104226,2022,,606 620 W CORNELIA AVE,60657,LAKE VIEW,6,Multifamily Housing,Submitted Data,submitted,false,81300,1969,1,,96,1013908.2,4148836.1,0,0,,71,99,74.2,100.7,353.9,4.9,4,5162744,fuel_sum,5162744.3,5772300,0.8944,false
104237,2022,,536 552 W ADDISON ST,60613,LAKE VIEW,6,Multifamily Housing,Submitted Data,submitted,false,66762,1970,1,,31,1135110.2,5264919,0,0,,102,138.7,106.3,141.8,429.2,6.8,1.5,6400029,fuel_sum,6400029.2,6809724,0.939837,false
104238,2022,,3510  N PINE GROVE AVE,60657,LAKE VIEW,6,Multifamily Housing,Submitted Data,submitted,false,77310,1970,1,,39,1178097.2,5862769.3,0,0,,98.7,132.6,101.4,133.2,466.6,6.5,1.5,7040867,fuel_sum,7040866.5,7630497,0.922727,false
104239,2022,,517 525 W BROMPTON AVE,60657,LAKE VIEW,6,Multifamily Housing,Submitted Data,submitted,false,52304,1924,1,,91,530950.2,2796260.3,0,0,,63.6,84.6,66.7,87.8,218.5,4.2,4,3327211,fuel_sum,3327210.5,3326534,1.000204,true
104250,2022,,544  W MELROSE ST,60657,LAKE VIEW,6,Multifamily Housing,Submitted Data,submitted,false,54089,1967,1,,43,968135.1,3629269.5,0,0,,90.9,128.9,94.4,130.4,320.3,6.3,2,4597405,fuel_sum,4597404.6,4916690,0.935061,false
104261,2022,,500  W BELMONT AVE,60657,LAKE VIEW,6,Multifamily Housing,Submitted Data,submitted,false,60127,1965,1,,41,1032251.5,4073322.8,0,0,,93,130.5,97.4,133.5,352.3,6.4,2,5105574,fuel_sum,5105574.3,5591811,0.913045,false
104263,2022,,444 454 W MELROSE ST,60657,LAKE VIEW,6,Multifamily Housing,Submitted Data,submitted,false,62663,1967,1,,50,912655.4,4345520.6,0,0,,90.9,123,93.9,124.9,351,6.1,2,5258176,fuel_sum,5258176,5696067,0.923124,false
104267,2022,,912 932 W GORDON TER,60613,UPTOWN,3,,Not Submitted,not_submitted,false,55710,,,,,,,,,,,,,,,,0,,,,,,
104278,2022,,429 431 W ROSCOE ST,60657,LAKE VIEW,6,Multifamily Housing,Submitted Data,submitted,false,55296,1931,1,,41,702521.7,5293170,0,0,,108.4,136.1,115.3,141.7,373.7,6.8,2,5995692,fuel_sum,5995691.7,5994086,1.000268,true
104285,2022,,528 534 W ALDINE AVE,60657,LAKE VIEW,6,Multifamily Housing,Submitted Data,submitted,false,52400,1966,1,,48,956687.1,3593326.9,0,0,,86.8,123.1,89,123.1,316.9,6,2,4550014,fuel_sum,4550014,4548320,1.000372,true
104288,2022,,452  W ALDINE AVE,60657,LAKE VIEW,6,Multifamily Housing,Submitted Data,submitted,false,101700,1966,1,,83,1216616.9,5112848.4,0,0,,71.1,98.6,74.4,101,431.8,4.9,4,6329465,fuel_sum,6329465.3,7230870,0.875339,false
104300,2022,,434 436 W ROSCOE ST,60657,LAKE VIEW,6,,Not Submitted,not_submitted,false,71532,,,,,,,,,,,,,,,,0,,,,,,
104340,2022,,4701 4705 N BEACON ST,60640,UPTOWN,3,Multifamily Housing,Submitted Data,submitted,false,50100,1930,1,,96,491178.9,3165269,0,0,,73,93.8,76,96.5,232.8,4.6,4,3656448,fuel_sum,3656447.9,3657300,0.999767,true
104374,2022,,6000  N SHERIDAN RD,60660,EDGEWATER,77,,Exempt,exempt,true,55686,,,,,,,,,,,,,,,,,,,,,,
104384,2022,,6011 6015 N KENMORE AVE,60660,EDGEWATER,77,,Not Submitted,not_submitted,false,53760,,,,,,,,,,,,,,,,0,,,,,,
104385,2022,,6001  N KENMORE AVE,60660,EDGEWATER,77,,Not Submitted,not_submitted,false,53334,,,,,,,,,,,,,,,,0,,,,,,
104430,2022,Edgewater Flats Condominium,1215 1225 W GRANVILLE AVE,60660,EDGEWATER,77,Multifamily Housing,Submitted Data,submitted,false,51840,1920,2,,62,499776.6,3575199.6,0,0,,78.6,99.4,82.3,102.4,255.7,4.9,3,4074976,fuel_sum,4074976.2,4074624,1.000086,true
104431,2022,,5948 5958 N BROADWAY,60660,EDGEWATER,77,Office,Submitted Data,submitted,false,16333,1924,1,,100,0,91108.8,0,0,,5.6,5.9,5.6,5.9,4.8,0.3,4,91109,fuel_sum,91108.8,91465,0.996108,true
104511,2022,,1040  W HOLLYWOOD AVE,60660,EDGEWATER,77,Multifamily Housing,Submitted Data,submitted,false,75815,1973,1,,79,957983.5,4747404.7,0,0,,93.8,126.1,94.6,125.6,378.3,6.2,3.5,5705388,fuel_sum,5705388.2,7111447,0.802282,false
104549,2022,,920  W LAWRENCE AVE,60640,UPTOWN,3,,Not Submitted,not_submitted,false,148138,,,,,,,,,,,,,,,,0,,,,,,
104635,2022,,1900 1912 W PRATT BLVD,60626,ROGERS PARK,1,Multifamily Housing,Submitted Data,submitted,false,48321,2000,1,,1,616338.1,8483172.9,0,0,,188.3,220.1,187.7,218.2,531.8,11,1,9099511,fuel_sum,9099511,9098844,1.000073,true
104710,2022,,4645  W BELMONT AVE,60641,BELMONT CRAGIN,19,,Exempt,exempt,true,76167,,,,,,,,,,,,,,,,,,,,,,
104735,2022,,2516 2526 N KEDZIE BLVD,60647,LOGAN SQUARE,22,Multifamily Housing,Submitted Data,submitted,false,36390,1920,1,,100,384860.4,901443.6,0,0,,35.3,55.6,35.3,54,98.6,2.7,4,1286304,fuel_sum,1286304,1284567,1.001352,true
104789,2022,,2322 2326 N COMMONWEALTH AVE,60614,LINCOLN PARK,7,,Not Submitted,not_submitted,false,80000,,,,,,,,,,,,,,,,0,,,,,,
104834,2022,,515 523 W BARRY AVE,60657,LAKE VIEW,6,Multifamily Housing,Submitted Data,submitted,false,62593,1967,1,,52,971976.6,4186798,0,0,,88,121.5,90.5,122.4,350.4,6,3.5,5158775,fuel_sum,5158774.6,5508184,0.936565,false
104836,2022,,445  W BARRY AVE,60657,LAKE VIEW,6,Multifamily Housing,Submitted Data,submitted,false,82550,1971,1,,94,2214697.8,1946404.7,0,0,,50.4,99.9,50.6,99.4,395.1,4.8,4,4161103,fuel_sum,4161102.5,4160520,1.00014,true
104838,2022,,421  W BARRY AVE,60657,LAKE VIEW,6,Multifamily Housing,Submitted Data,submitted,false,69972,1969,1,,63,1343588,5371904,0,0,,111.1,155.5,112.8,154,462.3,7.6,3,6715492,fuel_sum,6715492,7773889,0.863852,false
104849,2022,,660  W WRIGHTWOOD AVE,60614,LINCOLN PARK,7,Multifamily Housing,Submitted Data,submitted,false,38456,1970,1,,62,1248203.9,2137482.4,0,0,,88,149.2,87.3,147.1,277.9,7.2,3,3385686,fuel_sum,3385686.3,3384128,1.00046,true
104879,2022,,2600  N HAMPDEN CT,60614,LINCOLN PARK,7,Multifamily Housing,Submitted Data,submitted,false,90000,2005,1,,79,2656906.6,0,0,0,,40.9,114.5,40.8,114.2,350,5.4,3.5,2656907,fuel_sum,2656906.6,3681000,0.721789,false
104931,2022,,4600 4616 N WINCHESTER AVE,60640,LINCOLN SQUARE,4,Multifamily Housing,Submitted Data,submitted,false,50139,1906,1,,20,798627.6,6370331.2,0,0,,143,178,151.8,185.4,443.5,8.8,1,7168959,fuel_sum,7168958.8,7169877,0.999872,true
105006,2022,,5527 5539 N KENMORE AVE,60640,EDGEWATER,77,Multifamily Housing,Submitted Data,submitted,false,79000,1915,1,,90,1008577.4,3018286.8,0,0,,51,75.9,52.1,77.1,293.2,3.7,4,4026864,fuel_sum,4026864.2,4029000,0.99947,true
105011,2022,,5439 5443 N KENMORE AVE,60640,EDGEWATER,77,Multifamily Housing,Submitted Data,submitted,false,52237,1929,1,,62,1920809.9,844023.6,0,0,,52.9,119.9,54,122.5,297.8,5.7,3,2764834,fuel_sum,2764833.5,2763337,1.000542,true
105012,2022,,1016 1030 W BALMORAL AVE,60640,EDGEWATER,77,,Not Submitted,not_submitted,false,60000,,,,,,,,,,,,,,,,0,,,,,,
105034,2022,Carmen Marine Tenant Chicago Il,5030 N Marine Dr,60640,UPTOWN,3,Multifamily Housing,Submitted Data,submitted,false,303602,1971,1,,,,0,0,0,,,,,,0,0,0,,,0,,,
105044,2022,,2018 2040 W FARWELL AVE,60645,WEST RIDGE,2,,Not Submitted,not_submitted,false,59070,,,,,,,,,,,,,,,,0,,,,,,
105061,2022,,7618 7628 N EASTLAKE TER,60626,ROGERS PARK,1,,Not Submitted,not_submitted,false,50000,,,,,,,,,,,,,,,,0,,,,,,
105067,2022,,1025 1035 W LOYOLA AVE,60626,ROGERS PARK,1,Multifamily Housing,Submitted Data,submitted,false,91600,1932,1,,94,983846.3,5062706,0,0,,66,88.1,68.3,90.4,398.5,4.4,4,6046552,fuel_sum,6046552.3,6045600,1.000157,true
105070,2022,,1548 1558 W JUNEWAY TER,60626,ROGERS PARK,1,,Not Submitted,not_submitted,false,58791,,,,,,,,,,,,,,,,0,,,,,,
105078,2022,,6825  N SHERIDAN RD,60626,ROGERS PARK,1,Multifamily Housing,Submitted Data,submitted,false,112480,1966,1,,87,727428.2,5219299.9,0,0,,58.6,74,60.4,75.3,373,3.7,4,5946728,fuel_sum,5946728.1,6591328,0.902205,false
105150,2022,,1533 W JARVIS AVE,60626,ROGERS PARK,1,,Not Submitted,not_submitted,false,68955,,,,,,,,,,,,,,,,0,,,,,,
105233,2022,,7064  N SHERIDAN RD,60626,ROGERS PARK,1,,Not Submitted,not_submitted,false,50908,,,,,,,,,,,,,,,,0,,,,,,
105244,2022,,1329 1341 W ESTES AVE,60626,ROGERS PARK,1,Multifamily Housing,Submitted Data,submitted,false,67368,2000,1,,22,670220.2,7543049.4,0,0,,121.9,145.4,123.1,146.1,488.9,7.3,1,8213270,fuel_sum,8213269.6,8212159,1.000135,true
105252,2022,Lake Grove Village Bldg 1,3500 S LAKE PARK AVE,60653,OAKLAND,36,Multifamily Housing,Submitted Data,submitted,false,571833,1971,8,,60,7133772.1,41302161.9,0,0,,104.2,136.3,107.6,139.8,3133.4,6.7,1,48435934,fuel_sum,48435934,59584999,0.812888,false
105288,2022,"Mireles Academy, Arnold -CPS",9000 S Exchange Ave,60617,SOUTH CHICAGO,46,,Exempt,exempt,true,144246,,,,,,,,,,,,,,,,,,,,,,
105302,2022,Drexel Square,810  E HYDE PARK BLVD,60615,KENWOOD,39,,Not Submitted,not_submitted,false,76470,,,,,,,,,,,,,,,,0,,,,,,
105315,2022,,468  W MELROSE ST,60657,LAKE VIEW,6,Multifamily Housing,Submitted Data,submitted,false,59960,1961,1,,92,754802.3,3202810.8,0,0,,71.4,98.7,73.6,99.9,269.5,4.9,4,3957613,fuel_sum,3957613.1,4281144,0.924429,false
105339,2022,,5306  N CUMBERLAND AVE,60656,OHARE,76,,Not Submitted,not_submitted,false,102580,,,,,,,,,,,,,,,,0,,,,,,
105340,2022,,531 535 W DEMING PL,60614,LINCOLN PARK,7,Multifamily Housing,Submitted Data,submitted,false,65806,1967,1,,79,1090373.9,4339860,0,0,,82.5,115.6,86.7,118.8,374.1,5.7,3.5,5430234,fuel_sum,5430233.9,5428995,1.000228,true
105360,2022,,200  N CENTRAL AVE,60644,AUSTIN,25,Multifamily Housing,Submitted Data,submitted,false,50291,1930,1,,45,686163.5,4587960.8,0,0,,104.9,134,109.8,139.2,334.1,6.6,3,5274124,fuel_sum,5274124.3,5275526,0.999734,true
105391,2022,Southland Preservation,6253  S MICHIGAN AVE,60637,WASHINGTON PARK,40,,Not Submitted,not_submitted,false,190420,,,,,,,,,,,,,,,,0,,,,,,
105441,2022,Archer Courts Apartments,2220 2242 S PRINCETON AVE,60616,ARMOUR SQUARE,34,,Submitted Data,submitted,false,571833,,,,,,,,,,,,,,,,3.5,,,,,,
105454,2022,,530  W ARLINGTON PL,60614,LINCOLN PARK,7,Multifamily Housing,Submitted Data,submitted,false,68136,1924,1,,99,923899.7,2587469.5,0,0,,51.5,77.8,52,77.1,259.1,3.8,4,3511369,fuel_sum,3511369.2,3509004,1.000674,true
105472,2022,,5816  N SHERIDAN RD,60660,EDGEWATER,77,,Not Submitted,not_submitted,false,80654,,,,,,,,,,,,,,,,0,,,,,,
105478,2022,,6230 6236 N KENMORE AVE,60660,EDGEWATER,77,,Not Submitted,not_submitted,false,147000,,,,,,,,,,,,,,,,0,,,,,,
105483,2022,,5200 5220 N SHERIDAN RD,60640,EDGEWATER,77,,Not Submitted,not_submitted,false,124097,,,,,,,,,,,,,,,,0,,,,,,
105484,2022,,5220 5224 N KENMORE AVE,60640,EDGEWATER,77,Multifamily Housing,Submitted Data,submitted,false,51008,1929,1,,59,1952780.3,795370.6,0,0,,53.9,123.6,55,126.2,299.5,5.9,2.5,2748151,fuel_sum,2748150.9,2749331,0.999571,true
105488,2022,Lake Shore Tower Apartments,5600  N SHERIDAN RD,60660,EDGEWATER,77,Multifamily Housing,Submitted Data,submitted,false,128387,1965,1,,25,2801125,12528588.7,0,0,,124.3,170.3,129.9,175.2,1034.4,8.4,2,15329714,fuel_sum,15329713.7,15958504,0.960598,false
105490,2022,,5620 5626 N KENMORE AVE,60660,EDGEWATER,77,Multifamily Housing,Submitted Data,submitted,false,53976,1940,1,,84,550555.3,3577559.2,0,0,,76.5,98.2,77.9,99,262.5,4.9,4,4128115,fuel_sum,4128114.5,4129164,0.999746,true
105530,2022,,6900 6910 S CRANDON AVE,60649,SOUTH SHORE,43,,Not Submitted,not_submitted,false,129595,,,,,,,,,,,,,,,,0,,,,,,
105533,2022,,6228 6240 N WINTHROP AVE,60660,EDGEWATER,77,,Not Submitted,not_submitted,false,56200,,,,,,,,,,,,,,,,0,,,,,,
105551,2022,The Carolan Apartments,5480 S CORNELL AVE,60615,HYDE PARK,41,Multifamily Housing,Submitted Data,submitted,false,129149,1923,1,,83,866860.2,10257379.1,0,0,,91.3,108.3,97.5,114,659,5.4,4,11124239,fuel_sum,11124239.3,11791304,0.943427,false
105586,2022,Parkway Apartments,712 720 W DIVERSEY PKWY,60614,LAKE VIEW,6,Multifamily Housing,Submitted Data,submitted,false,52624,1929,1,,28,2844688.1,1685670.2,0,0,,86.1,185,85.7,182.1,464.2,8.8,2,4530358,fuel_sum,4530358.3,4530926,0.999875,true
105596,2022,Commonwealth Apartments,2751 2765 N PINE GROVE AVE,60614,LINCOLN PARK,7,Multifamily Housing,Submitted Data,submitted,true,109128,1927,1,,,3324159.5,5790514.8,0,0,,83.5,141,85.1,140.7,745.4,6.8,,9114674,fuel_sum,9114674.3,9112188,1.000273,true
105600,2022,Hampden Court Apartments,2740 2750 N HAMPDEN CT,60614,LINCOLN PARK,7,,Not Submitted,not_submitted,false,63200,,,,,,,,,,,,,,,,0,,,,,,
105604,2022,,525 531 W ARLINGTON PL,60614,LINCOLN PARK,7,,Not Submitted,not_submitted,false,70000,,,,,,,,,,,,,,,,0,,,,,,
105608,2022,,513 519 W BRIAR PL,60657,LAKE VIEW,6,Multifamily Housing,Submitted Data,submitted,false,50736,1932,1,,35,863512,4157249.1,0,0,,99,133.7,101.1,133.8,334.5,6.6,1.5,5020761,fuel_sum,5020761.1,5022864,0.999581,true
105609,2022,,426 432 W BRIAR PL,60657,LAKE VIEW,6,,Not Submitted,not_submitted,false,55328,,,,,,,,,,,,,,,,0,,,,,,
105615,2022,,426 W SURF ST,60657,LAKE VIEW,6,Multifamily Housing,Submitted Data,submitted,false,89650,1928,1,,83,2893293.2,1395052.2,0,0,,47.8,106.7,47.8,106,455.2,5.1,4,4288345,fuel_sum,4288345.4,4285270,1.000718,true
105617,2022,,441  W OAKDALE AVE,60657,LAKE VIEW,6,Multifamily Housing,Submitted Data,submitted,false,70720,1971,1,,24,1049080.5,5104042.4,0,0,,99.7,134.4,105.2,138.9,409.3,6.6,1,6153123,fuel_sum,6153122.9,7050784,0.872686,false
105619,2022,,521 541 W WELLINGTON AVE,60657,LAKE VIEW,6,Multifamily Housing,Submitted Data,submitted,false,80064,1925,1,,95,269449,4445760.7,0,0,,58.9,67.7,61.8,70.8,271.6,3.4,4,4715210,fuel_sum,4715209.7,4715770,0.999881,true
105653,2022,,601  E 32ND ST,60616,DOUGLAS,35,Multifamily Housing,Submitted Data,submitted,false,190893,1958,1,,17,4764495,16276422.6,0,0,,110.2,159.4,115.9,163.5,1492.1,7.8,1,21040918,fuel_sum,21040917.6,21036409,1.000214,true
105673,2022,,506  W HARRISON ST,60607,NEAR WEST SIDE,28,Hotel,Submitted Data,submitted,false,92435,1967,1,,69,3150182,4837604,0,0,,107.5,187,110.5,190.2,671.9,9,3,7987786,fuel_sum,7987786,9936763,0.803862,false
105695,2022,,1034 1038 N DEARBORN ST,60610,NEAR NORTH SIDE,8,Multifamily Housing,Submitted Data,submitted,false,72115,1929,1,,55,3535425.3,1297479.6,0,0,,67,156.2,66.7,154.7,534.6,7.4,2.5,4832905,fuel_sum,4832904.9,4831705,1.000248,true
105697,2022,Dearborn Plaza,1030 1032 N DEARBORN ST,60610,NEAR NORTH SIDE,8,Multifamily Housing,Submitted Data,submitted,false,79152,1929,1,,88,1464323.6,7513500.2,0,0,,113.4,151.5,115.5,151.9,592,7.5,4,8977824,fuel_sum,8977823.8,8975837,1.000221,true
105709,2022,The Whitehall Hotel,103 109 E DELAWARE PL,60611,NEAR NORTH SIDE,8,,Not Submitted,not_submitted,false,162502,,,,,,,,,,,,,,,,0,,,,,,
105725,2022,,7000 7008 S SOUTH SHORE DR,60649,SOUTH SHORE,43,,Not Submitted,not_submitted,false,205000,,,,,,,,,,,,,,,,0,,,,,,
105739,2022,,5346 5350 S CORNELL AVE,60615,HYDE PARK,41,Multifamily Housing,Submitted Data,submitted,false,131462,1928,1,,97,1988183.4,4086968.3,0,0,,46.2,75,47.1,74.9,479,3.6,4,6075152,fuel_sum,6075151.7,6073544,1.000265,true
105749,2022,,211 217 E CHESTNUT ST,60611,NEAR NORTH SIDE,8,Multifamily Housing,Submitted Data,submitted,false,94261,1955,1,,42,3378846.9,3246600,0,0,,70.3,136.5,69.4,132.5,617.5,6.6,2,6625447,fuel_sum,6625446.9,6626548,0.999834,true
105768,2022,,4750  N CLARENDON AVE,60640,UPTOWN,3,Multifamily Housing,Submitted Data,submitted,false,56098,1959,1,,18,1261881.9,5818399.6,0,0,,139.1,189.4,146.7,195.3,475.3,9.3,1,7080282,fuel_sum,7080281.5,7803232,0.907352,false
105785,2022,Poinsettia Apartments,5528 5530 S HYDE PARK BLVD,60637,HYDE PARK,41,,Not Submitted,not_submitted,false,67103,,,,,,,,,,,,,,,,0,,,,,,
105788,2022,,4242 4246 N SHERIDAN RD,60613,UPTOWN,3,Multifamily Housing,Submitted Data,submitted,false,91524,1933,1,,68,1598148.8,6437534.5,0,0,,87.8,122.7,91,124.7,552.4,6,4,8035683,fuel_sum,8035683.3,8035807,0.999985,true
105790,2022,Uptown Regency,5046 5052 N SHERIDAN RD,60640,UPTOWN,3,Multifamily Housing,Submitted Data,submitted,false,115533,1928,1,,25,2655410.4,11087045.4,0,0,,118.9,165.1,123.4,168.3,938.6,8.1,1,13742456,fuel_sum,13742455.8,13736874,1.000406,true
105792,2022,,424  W DIVERSEY PKWY,60614,LAKE VIEW,6,Multifamily Housing,Submitted Data,submitted,false,79250,1926,1,,94,2728578.8,3681903.7,0,0,,80.9,145.2,81.7,145.4,555,7,4,6410483,fuel_sum,6410482.5,6411325,0.999869,true
105819,2022,,532 542 W BRIAR PL,60657,LAKE VIEW,6,Multifamily Housing,Submitted Data,submitted,false,84486,1903,1,,11,1623353.6,10720776.3,0,0,,146.1,187,150.9,190.5,783.3,9.3,1,12344130,fuel_sum,12344129.9,12343405,1.000059,true
105820,2022,,7353  S CICERO AVE,60629,WEST LAWN,65,,Not Submitted,not_submitted,false,86770,,,,,,,,,,,,,,,,0,,,,,,
105852,2022,,7100  S SOUTH SHORE DR,60649,SOUTH SHORE,43,,Not Submitted,not_submitted,false,119666,,,,,,,,,,,,,,,,0,,,,,,
105858,2022,,546 550 W ARLINGTON PL,60614,LINCOLN PARK,7,Multifamily Housing,Submitted Data,submitted,false,55360,1927,1,,88,1610601.3,2275727.6,0,0,,70.2,124.6,71,126.7,333,6,4,3886329,fuel_sum,3886328.9,3886272,1.000015,true
105864,2022,"Navy Pier, Inc.",600 E Grand Ave,60611,NEAR NORTH SIDE,8,Mixed Use Property,Submitted Data,submitted,true,1780000,1914,1,,,79250184.5,68728582.2,0,0,,128.7,255.7,131.8,259,14088.9,12.3,,147978767,fuel_sum,147978766.7,229086000,0.645953,false
105921,2022,,1246 1248 W PRATT BLVD,60626,ROGERS PARK,1,Multifamily Housing,Submitted Data,submitted,false,65419,1934,1,,73,1329027.6,5131436.2,0,0,,98.8,139.2,100.9,140.6,447.6,6.8,3.5,6460464,fuel_sum,6460463.8,6463397,0.999546,true
105936,2022,14 West Elm Apartments,12 18 W ELM ST,60610,NEAR NORTH SIDE,8,Multifamily Housing,Submitted Data,submitted,false,127425,1930,1,,75,2467363.2,8507890.4,0,0,,86.1,124.3,91.1,129.5,776.9,6.1,3.5,10975254,fuel_sum,10975253.6,10971293,1.000361,true
105938,2022,Harper Court,5235 S Harper Ct,60615,HYDE PARK,41,Office,Submitted Data,submitted,false,431390,2013,1,,36,17219540.8,7139272,0,0,,105.3,240.9,104.5,237.1,2647.3,11.4,1.5,24358813,fuel_sum,24358812.8,45425367,0.536238,false
105983,2022,,1330  N DEARBORN ST,60610,NEAR NORTH SIDE,8,Multifamily Housing,Submitted Data,submitted,false,78900,1962,1,,29,1717781.5,5276923.4,0,0,,95.9,142,98.6,142.6,506.5,6.9,1,6994705,fuel_sum,6994704.9,7566510,0.924429,false
105987,2022,,7020 7038 S JEFFERY BLVD,60649,SOUTH SHORE,43,Multifamily Housing,Submitted Data,submitted,false,125000,1925,1,,51,1256049.3,12078482.3,0,0,,106.7,129.6,113.8,137.1,807,6.5,3.5,13334532,fuel_sum,13334531.6,13337500,0.999777,true
105989,2022,,5501 5511 W WASHINGTON BLVD,60644,AUSTIN,25,Multifamily Housing,Submitted Data,submitted,false,118890,1929,1,,69,1859809.5,9570482.9,0,0,,96.1,128.3,100.4,132.8,753.3,6.3,3,11430292,fuel_sum,11430292.4,11425329,1.000434,true
105991,2022,Red Roof Inn,162 164 E ONTARIO ST,60611,NEAR NORTH SIDE,8,Hotel,Submitted Data,submitted,false,76800,1980,1,,26,3299450.8,4439286.9,0,0,,100.8,181,102.7,183.1,670.4,8.7,1,7738738,fuel_sum,7738737.7,7741440,0.999651,true
106000,2022,,1519 1525 W WARREN BLVD,60607,NEAR WEST SIDE,28,Multifamily Housing,Submitted Data,submitted,false,51628,2013,1,,51,1981285.4,2333524.1,0,0,,83.6,154.9,83,152.4,384.9,7.5,2.5,4314810,fuel_sum,4314809.5,4316101,0.999701,true
106014,2022,,211 213 E DELAWARE PL,60611,NEAR NORTH SIDE,8,Multifamily Housing,Submitted Data,submitted,false,57125,1931,1,,87,2309668.9,1470668.4,0,0,,66.2,140.2,67.3,142.5,382.3,6.7,4,3780337,fuel_sum,3780337.3,3781675,0.999646,true
106017,2022,,6900 S SOUTH SHORE DR,60649,SOUTH SHORE,43,Multifamily Housing,Submitted Data,submitted,false,52604,1963,1,,65,925886.1,4111044.9,0,0,,95.8,131.3,101.5,137.4,340.3,6.5,3,5036931,fuel_sum,5036931,5039463,0.999498,true
106025,2022,,640 644 N WABASH AVE,60611,NEAR NORTH SIDE,8,Hotel,Submitted Data,submitted,false,63000,1980,1,,63,2780493.6,3408033.5,0,0,,98.2,180.4,102.2,185.5,547.2,8.7,3,6188527,fuel_sum,6188527.1,6186600,1.000311,true
106027,2022,,505  W BELMONT AVE,60657,LAKE VIEW,6,Multifamily Housing,Submitted Data,submitted,false,51480,1925,1,,99,1276278.2,1119518.2,0,0,,46.5,92.3,47.5,93.9,227.6,4.4,4,2395796,fuel_sum,2395796.4,2393820,1.000825,true
106030,2022,,433 W BRIAR PL,60657,LAKE VIEW,6,Multifamily Housing,Submitted Data,submitted,false,67300,1929,1,,75,1066074.1,4106975.3,0,0,,76.9,108.4,79.9,111.7,358.6,5.3,3.5,5173049,fuel_sum,5173049.4,5175370,0.999552,true
106042,2022,LaSalle Towers,1211 1217 N LASALLE DR,60610,NEAR NORTH SIDE,8,,Not Submitted,not_submitted,false,57041,,,,,,,,,,,,,,,,0,,,,,,
106046,2022,,162  E OHIO ST,60611,NEAR NORTH SIDE,8,,Not Submitted,not_submitted,false,175000,,,,,,,,,,,,,,,,0,,,,,,
106052,2022,,6214 6218 N WINTHROP AVE,60660,EDGEWATER,77,Multifamily Housing,Submitted Data,submitted,false,58321,1969,1,,92,885330.4,3507483.6,0,0,,75.3,105.7,77.9,107.7,302.9,5.2,4,4392814,fuel_sum,4392814,4391571,1.000283,true
106067,2022,,4653 4661 S LAKE PARK AVE,60653,KENWOOD,39,Multifamily Housing,Submitted Data,submitted,false,58000,1970,1,,100,131481.3,3247735.5,0,0,,58.3,65.1,61.5,68.7,189.8,3.3,4,3379217,fuel_sum,3379216.8,3381400,0.999354,true
106101,2022,,443 447 W WRIGHTWOOD AVE,60614,LINCOLN PARK,7,Multifamily Housing,Submitted Data,submitted,false,90140,1928,1,,70,1601707.1,8103963.7,0,0,,107.7,144.2,113.6,148.4,641.4,7.1,3,9705671,fuel_sum,9705670.8,9708078,0.999752,true
106102,2022,,190  E WALTON PL,60611,NEAR NORTH SIDE,8,Multifamily Housing,Submitted Data,submitted,false,131500,1996,1,,100,709368.2,3980880.3,0,0,,49.9,65.6,51.2,66.4,304.9,3.2,4,4690249,fuel_sum,4690248.5,6561850,0.714775,false
106103,2022,,4180  N MARINE DR,60613,UPTOWN,3,Multifamily Housing,Submitted Data,submitted,false,124461,1951,1,,30,2851162,12365865.1,0,0,,139.2,191.8,145.2,198.1,1032.3,9.4,1,15217027,fuel_sum,15217027.1,17324971,0.878329,false
106108,2022,,2 10 W ELM ST,60610,NEAR NORTH SIDE,8,Multifamily Housing,Submitted Data,submitted,true,176500,1929,1,,,1892196.2,6630259.9,0,0,,48.3,69.5,50.7,70.6,616.9,3.5,,8522456,fuel_sum,8522456.1,8524950,0.999707,true
106109,2022,,1117 1123 N DEARBORN ST,60610,NEAR NORTH SIDE,8,Multifamily Housing,Submitted Data,submitted,false,83916,1929,1,,93,1243086.5,4891950,0,0,,73.1,102.7,73.9,102.1,423.6,5,4,6135037,fuel_sum,6135036.5,6134260,1.000127,true
106112,2022,,732  W BITTERSWEET PL,60613,UPTOWN,3,Multifamily Housing,Submitted Data,submitted,false,54738,1933,1,,39,2766387,1888199.1,0,0,,85,177.7,86,180.6,464.7,8.5,1.5,4654586,fuel_sum,4654586.1,4652730,1.000399,true
106113,2022,,721 729 W SHERIDAN RD,60613,LAKE VIEW,6,,Not Submitted,not_submitted,false,67346,,,,,,,,,,,,,,,,0,,,,,,
106118,2022,,3410 3412 N LAKE SHORE DR,60657,LAKE VIEW,6,Multifamily Housing,Submitted Data,submitted,false,224511,1952,1,,83,2751915.3,12632940.1,0,0,,80,109.1,84.9,113.3,1033.5,5.4,4,15384855,fuel_sum,15384855.4,17960880,0.856576,false
106121,2022,,2828  N PINE GROVE AVE,60657,LAKE VIEW,6,Multifamily Housing,Submitted Data,submitted,false,98470,1922,1,,72,1234899,7766409.7,0,0,,92.2,119,97.9,123.3,575.2,5.9,3.5,9001309,fuel_sum,9001308.7,9078934,0.99145,true
106122,2022,,344 358 W OAKDALE AVE,60657,LAKE VIEW,6,Multifamily Housing,Submitted Data,submitted,false,117991,1950,1,,62,1554906.5,7704439,0,0,,85,114.2,90.3,118.9,614,5.6,4,9259346,fuel_sum,9259345.5,10029235,0.923236,false
106125,2022,,5631 5635 N KENMORE AVE,60660,EDGEWATER,77,Multifamily Housing,Submitted Data,submitted,false,56439,1932,1,,91,700556.7,3521319.2,0,0,,74.8,100.3,78.3,104,279.3,4.9,4,4221876,fuel_sum,4221875.9,4221637,1.000057,true
106128,2022,,5530 5548 N SHERIDAN RD,60640,EDGEWATER,77,Multifamily Housing,Submitted Data,submitted,false,58400,1969,1,,75,1230097.4,3494013,0,0,,80.9,121.8,84.4,124.1,347.6,6,3.5,4724110,fuel_sum,4724110.4,4724560,0.999905,true
106158,2022,,1100  N LASALLE DR,60610,NEAR NORTH SIDE,8,Multifamily Housing,Submitted Data,submitted,false,128658,1921,1,,97,1557382,9686591,0,0,,87.4,112.9,91.2,117,719.6,5.6,4,11243973,fuel_sum,11243973,11244709,0.999935,true
106159,2022,,101 113 W DIVISION ST,60610,NEAR NORTH SIDE,8,Multifamily Housing,Submitted Data,submitted,false,58000,1932,1,,59,3442024.6,2565257.1,0,0,,103.6,212.6,104.9,212.6,589.6,10.2,2.5,6007282,fuel_sum,6007281.7,6008800,0.999747,true
106184,2022,,5300 5308 S PULASKI RD,60632,WEST ELSDON,62,,Not Submitted,not_submitted,false,61500,,,,,,,,,,,,,,,,0,,,,,,
106221,2022,,532 536 W STRATFORD PL,60657,LAKE VIEW,6,Multifamily Housing,Submitted Data,submitted,false,158002,1926,1,,95,1152403,9256572.1,0,0,,65.9,81.9,70.1,85.2,643.4,4.1,4,10408975,fuel_sum,10408975.1,10412332,0.999678,true
106223,2022,,4521 4523 N MALDEN ST,60640,UPTOWN,3,Multifamily Housing,Submitted Data,submitted,false,51840,1988,1,,94,497325.9,2552688.2,0,0,,58.8,78.6,60,79,201.1,3.9,4,3050014,fuel_sum,3050014.1,3048192,1.000598,true
106236,2022,Mark Twain Elementary -CPS,5131 S Linder Ave,60638,GARFIELD RIDGE,56,K-12 School,Submitted Data,submitted,false,140166,1927,2,,58,3596616.8,5338180,0,0,,63.7,111.8,64.7,111.4,757.3,5.4,2.5,8934797,fuel_sum,8934796.8,8928574,1.000697,true
106618,2022,215 West Apartments,215 W Washington St,60606,LOOP,32,Multifamily Housing,Submitted Data,submitted,false,387000,2010,1,,30,16737582.5,14560193.7,0,0,,80.9,160.6,83.2,163.1,2977.9,7.7,1,31297776,fuel_sum,31297776.2,31308300,0.999664,true
106819,2022,Kenwood Acad HS -CPS,5015 S Blackstone Ave,60615,KENWOOD,39,K-12 School,Submitted Data,submitted,false,313814,1969,4,,56,9496192.6,11950209.9,0,0,,68.3,124.7,71.3,127.9,1885.5,6,2.5,21446403,fuel_sum,21446402.5,21433496,1.000602,true
107850,2022,300 W Adams,300 W Adams,60606,LOOP,32,Office,Submitted Data,submitted,false,289000,1926,1,,97,8386109.2,1392341.9,0,0,,33.8,86.3,33.6,85.7,1178.5,4.1,4,9778451,fuel_sum,9778451.1,9768200,1.001049,true
107939,2022,,5040 N KENMORE AVE,60640,UPTOWN,3,,Not Submitted,not_submitted,false,90528,,,,,,,,,,,,,,,,0,,,,,,
107970,2022,Firman Community Center West / Taylor Park,37 41 W 47TH ST,60609,GRAND BOULEVARD,38,,Not Submitted,not_submitted,false,150000,,,,,,,,,,,,,,,,0,,,,,,
108602,2022,,2701 2741 N LEAVITT ST,60647,LINCOLN PARK,7,Multifamily Housing,Submitted Data,submitted,false,70732,1990,1,,49,1381373,5799947.7,0,0,,101.5,140.8,107.1,145.2,501.3,7.1,2,7181321,fuel_sum,7181320.7,7179298,1.000282,true
109191,2022,Edgewater Presbyterian Church,1020 W BRYN MAWR,60660,EDGEWATER,77,,Not Submitted,not_submitted,false,62500,,,,,,,,,,,,,,,,0,,,,,,
109238,2022,,4572  N MILWAUKEE AVE,60630,PORTAGE PARK,15,Multifamily Housing,Exempt,exempt,true,63800,1975,1,,,,,0,0,,,,,,,,,,,0,,,
109276,2022,,5337 5353 N DELPHIA AVE,60656,OHARE,76,,Not Submitted,not_submitted,false,67079,,,,,,,,,,,,,,,,0,,,,,,
109278,2022,,8509 8525 W CATHERINE AVE,60656,OHARE,76,,Not Submitted,not_submitted,false,110000,,,,,,,,,,,,,,,,0,,,,,,
109326,2022,,4825 4835 N CENTRAL AVE,60630,JEFFERSON PARK,11,Multifamily Housing,Submitted Data,submitted,false,55000,1970,1,,99,48299.2,2576899.8,0,0,,52.5,56.8,55.2,59.7,143.2,2.9,4,2625199,fuel_sum,2625199,2887500,0.90916,false
109413,2022,,550 558 W SURF ST,60657,LAKE VIEW,6,,Not Submitted,not_submitted,false,100000,,,,,,,,,,,,,,,,0,,,,,,
109510,2022,,4922 4942 S CORNELL AVE,60615,KENWOOD,39,,Not Submitted,not_submitted,false,72366,,,,,,,,,,,,,,,,0,,,,,,
109549,2022,,1327 1337 W LUNT AVE,60626,ROGERS PARK,1,Multifamily Housing,Submitted Data,submitted,false,59768,1925,1,,37,371745,4623566.4,0,0,,83.6,98.6,87.7,102.5,294.5,4.9,1.5,4995311,fuel_sum,4995311.4,4996605,0.999741,true
109550,2022,,1217 1227 W LUNT AVE,60626,ROGERS PARK,1,Multifamily Housing,Submitted Data,submitted,false,60120,1924,1,,50,499897.1,5084855.7,0,0,,92.9,112.1,95.9,114.8,335.9,5.6,2,5584753,fuel_sum,5584752.8,5585148,0.999929,true
109573,2022,,7340 7352 N RIDGE BLVD,60645,WEST RIDGE,2,Multifamily Housing,Submitted Data,submitted,false,110000,1920,1,,17,1117230.9,10571746.8,0,0,,106.3,129.4,109.5,132.7,708.7,6.4,1,11688978,fuel_sum,11688977.7,11693000,0.999656,true
109576,2022,,7200 7216 N RIDGE BLVD,60645,WEST RIDGE,2,,Not Submitted,not_submitted,false,76937,,,,,,,,,,,,,,,,0,,,,,,
109613,2022,Cook County Department of Corrections Campus,2700 S California Ave,60608,SOUTH LAWNDALE,30,Prison/Incarceration,Submitted Data,submitted,true,5283773,1926,57,,,171095891.7,376640218.4,0,0,,119.9,191.4,122.8,192.5,42559.5,9.3,,547736110,fuel_sum,547736110.1,633524383,0.864586,false
109891,2022,,5460 5472 S WOODLAWN AVE,60615,HYDE PARK,41,Multifamily Housing,Submitted Data,submitted,false,52272,1905,1,,96,342734.2,2585725.4,0,0,,56,70.3,59.9,73.9,182.5,3.5,4,2928460,fuel_sum,2928459.6,2927232,1.00042,true
110223,2022,Harper HS -CPS,6520 S Wood St,60636,WEST ENGLEWOOD,67,,Exempt,exempt,true,220787,,,,,,,,,,,,,,,,,,,,,,
110254,2022,,110 W SUPERIOR ST,60654,NEAR NORTH SIDE,8,Multifamily Housing,Submitted Data,submitted,false,345904,2009,1,,100,4014377.3,7778957.4,0,0,,42.3,69.6,42.7,68.7,941.9,3.4,4,11793335,fuel_sum,11793334.7,14631739,0.80601,false
110743,2022,,30  W OAK ST,60610,NEAR NORTH SIDE,8,Multifamily Housing,Submitted Data,submitted,false,210740,2006,1,,4,7414582.2,18987258.4,0,0,,147.3,227.1,150.3,229.5,1985.1,11.1,1,26401841,fuel_sum,26401840.6,31042002,0.85052,false
110848,2022,Gordon Center for Integrative Science (GCIS),929 E 57th St,60637,HYDE PARK,41,Laboratory,Submitted Data,submitted,false,479503,2005,1,,,89788713.9,91419,110431365.8,0,,417.7,801.6,417,792.7,19163.8,40,1,200311499,fuel_sum,200311498.7,200288403,1.000115,true
110854,2022,,845  N KINGSBURY,60610,NEAR NORTH SIDE,8,Multifamily Housing,Submitted Data,submitted,false,121592,2007,1,,8,3386329.1,8819741.9,0,0,,140.5,215.7,141.9,213.1,914.5,10.5,1,12206071,fuel_sum,12206071,17083676,0.714487,false
110887,2022,,2510 W IRVING PARK RD,60618,NORTH CENTER,5,Multifamily Housing,Submitted Data,submitted,false,32380,2005,1,,60,968479.5,1460621.9,0,0,,75,131.1,74.1,128.5,205.1,6.3,2.5,2429101,fuel_sum,2429101.4,2428500,1.000247,true
111000,2022,,2740  W ARMITAGE AVE,60647,LOGAN SQUARE,22,,Not Submitted,not_submitted,false,60000,,,,,,,,,,,,,,,,0,,,,,,
111038,2022,600 N Lake Shore Dr,600 N Lake Shore Dr,60611,NEAR NORTH SIDE,8,Multifamily Housing,Submitted Data,submitted,false,1050816,2007,1,,66,18013667.3,52629388.5,0,0,,87.4,130.7,91,133.8,5168.1,6.4,3,70643056,fuel_sum,70643055.8,91841318,0.769186,false
111083,2022,,3506  S STATE ST,60609,DOUGLAS,35,,Not Submitted,not_submitted,false,140400,,,,,,,,,,,,,,,,0,,,,,,
111157,2022,,3963  W BELMONT AVE,60618,AVONDALE,21,Multifamily Housing,Submitted Data,submitted,false,250000,1924,1,,34,5701912.2,13709412,0,0,,77.6,121.4,78.9,120.8,1479.2,5.9,1.5,19411324,fuel_sum,19411324.2,19400000,1.000584,true
111431,2022,,15 25 S THROOP ST,60607,NEAR WEST SIDE,28,Multifamily Housing,Submitted Data,submitted,false,73000,2001,1,,100,1396676.9,29037.9,0,0,,19.5,54,18.8,51.9,185.5,2.5,4,1425715,fuel_sum,1425714.8,1423500,1.001556,true
111452,2022,Washington Square,1301 1309 W WASHINGTON BLVD,60607,NEAR WEST SIDE,28,Multifamily Housing,Submitted Data,submitted,false,90724,1998,1,,83,1358222.4,4348290.7,0,0,,69.7,102.2,71.5,102.7,409.9,5,4,5706513,fuel_sum,5706513.1,6323463,0.902435,false
111466,2022,,939 W HURON ST,60642,WEST TOWN,24,Multifamily Housing,Submitted Data,submitted,false,60000,1992,1,,94,1173575.5,2176043.5,0,0,,55.8,92.8,56.4,92.3,270.2,4.5,4,3349619,fuel_sum,3349619,3348000,1.000484,true
111536,2022,,2333 2341 N COMMONWEALTH AVE,60614,LINCOLN PARK,7,Multifamily Housing,Submitted Data,submitted,false,88788,1917,1,,100,175192.9,4181668.3,0,0,,49.1,55,51.5,57.2,245.2,2.8,4,4356861,fuel_sum,4356861.2,4359491,0.999397,true
111545,2022,,2314 N LINCOLN PARK WEST,60614,LINCOLN PARK,7,Multifamily Housing,Submitted Data,submitted,false,104100,1973,1,,8,4724030.5,3393341.2,0,0,,85.4,176.7,86.4,177.4,802.5,8.4,1,8117372,fuel_sum,8117371.7,8890140,0.913076,false
111553,2022,,1660  N HUDSON AVE,60614,LINCOLN PARK,7,Multifamily Housing,Submitted Data,submitted,false,72900,1985,1,,71,1288808.2,2918251.4,0,0,,61,96.7,60.4,95.2,324.8,4.7,3.5,4207060,fuel_sum,4207059.6,4446900,0.946066,false
111555,2022,,300 W NORTH AVE,60610,LINCOLN PARK,7,,Not Submitted,not_submitted,false,116032,,,,,,,,,,,,,,,,0,,,,,,
111633,2022,,2130  N LINCOLN PARK WEST,60614,LINCOLN PARK,7,Multifamily Housing,Submitted Data,submitted,false,139707,1927,1,,87,2320314.9,7113463.4,0,0,,67.5,100,71.4,103.4,683.4,4.9,4,9433778,fuel_sum,9433778.3,9430223,1.000377,true
111687,2022,,2120  N LINCOLN PARK WEST,60614,LINCOLN PARK,7,Multifamily Housing,Submitted Data,submitted,false,62509,2001,1,,,2096178.9,3558886.4,0,0,,98.3,167,98.8,165.7,465.1,8.1,2,5655065,fuel_sum,5655065.3,6144635,0.920326,false
111695,2022,,399  W FULLERTON PKWY,60614,LINCOLN PARK,7,Multifamily Housing,Submitted Data,submitted,false,134082,1928,1,,76,2141381.8,7399199.8,0,0,,73.5,106.1,78.3,111.1,675.1,5.2,3.5,9540582,fuel_sum,9540581.6,9855027,0.968093,false
111708,2022,,2970  N LAKE SHORE DR,60657,LAKE VIEW,6,Multifamily Housing,Submitted Data,submitted,false,154580,1954,1,,59,2322698.5,11040889,0,0,,90.5,122.5,96,127.2,892.4,6,2.5,13363588,fuel_sum,13363587.5,13989490,0.955259,false
111724,2022,,1872  N CLYBOURN AVE,60614,LINCOLN PARK,7,Multifamily Housing,Submitted Data,submitted,false,118326,1983,1,,87,2692109.3,3172699.9,0,0,,49.6,91.9,49.8,90.7,523.1,4.4,4,5864809,fuel_sum,5864809.2,5868970,0.999291,true
111837,2022,Marlborough Condominium Association,400 414 W DEMING PL,60614,LINCOLN PARK,7,Multifamily Housing,Submitted Data,submitted,false,196000,1912,3,,74,2148794.2,13185434.1,0,0,,78.2,101.3,83.2,105.6,983.4,5,3.5,15334228,fuel_sum,15334228.3,15327200,1.000459,true
111862,2022,,2444 2458 N LAKEVIEW AVE,60614,LINCOLN PARK,7,Multifamily Housing,Submitted Data,submitted,false,97800,1923,1,,,2175013.8,446310,0,0,,27.3,68.3,26.8,66.9,310.2,3.2,4,2621324,fuel_sum,2621323.8,2669940,0.981791,true
111893,2022,Chicago Transit Authority - 120 N. Racine,120 N Racine Ave,60607,NEAR WEST SIDE,28,Office,Submitted Data,submitted,false,187747,1994,1,,96,6822075.8,6276783,0,0,,104.2,204.3,99.8,199.7,1232,9.8,4,13098859,fuel_sum,13098858.8,19563237,0.669565,false
111959,2022,Dickens Place Condominium Association,2100  N RACINE AVE,60614,LINCOLN PARK,7,Multifamily Housing,Submitted Data,submitted,false,87600,1900,1,,100,769940.2,1957608,0,0,,37.4,57.7,38,57.6,205.4,2.8,4,2727548,fuel_sum,2727548.2,3276240,0.832524,false
111976,2022,,2800  N PINE GROVE AVE,60657,LAKE VIEW,6,Multifamily Housing,Submitted Data,submitted,false,83764,1893,1,,82,3090733.9,259372.8,0,0,,40,106.6,41,109.2,420.9,5,4,3350107,fuel_sum,3350106.7,3350560,0.999865,true
111978,2022,,2920 2926 N COMMONWEALTH AVE,60657,LAKE VIEW,6,Multifamily Housing,Submitted Data,submitted,false,78400,1929,1,,50,1068423.3,6179700.8,0,0,,92.5,120.9,97.7,125,469,6,3,7248124,fuel_sum,7248124.1,7252000,0.999466,true
111987,2022,,442 444 W WELLINGTON AVE,60657,LAKE VIEW,6,Multifamily Housing,Submitted Data,submitted,false,131625,1928,1,,99,1481672.4,6315409.6,0,0,,59.2,81.9,60.9,82.7,530.6,4,4,7797082,fuel_sum,7797082,7792200,1.000627,true
112013,2022,,6455  W BELLE PLAINE AVE,60634,DUNNING,17,,Not Submitted,not_submitted,false,76911,,,,,,,,,,,,,,,,0,,,,,,
112016,2022,,4106  N NARRAGANSETT AVE,60634,DUNNING,17,,Not Submitted,not_submitted,false,84000,,,,,,,,,,,,,,,,0,,,,,,
112078,2022,,5555 N CUMBERLAND AVE,60656,NORWOOD PARK,10,Multifamily Housing,Submitted Data,submitted,false,169623,2000,1,,95,1721083.8,7134124.5,0,0,,67.1,93.3,69.5,95,605.6,4.6,4,8855208,fuel_sum,8855208.3,11381703,0.778021,false
112110,2022,Old Cook County Hospital,1835 W HARRISON ST,60612,NEAR WEST SIDE,28,,Not Submitted,not_submitted,false,707000,,,,,,,,,,,,,,,,0,,,,,,
112141,2022,,3470  N LAKE SHORE DR,60657,LAKE VIEW,6,Multifamily Housing,Submitted Data,submitted,false,155144,1968,1,,71,2691621,7983613.7,0,0,,80.6,120.2,83.4,121.8,778.6,5.9,3.5,10675235,fuel_sum,10675234.7,12504606,0.853704,false
112157,2022,Waveland Gardens,626 640 W WAVELAND AVE,60613,LAKE VIEW,6,,Not Submitted,not_submitted,false,56000,,,,,,,,,,,,,,,,0,,,,,,
112188,2022,Dunbar Vocational Acad HS -CPS,3000 S King Dr,60616,DOUGLAS,35,,Exempt,exempt,true,319937,,,,,,,,,,,,,,,,,,,,,,
112300,2022,Innisbrook I Condominium Association,5301  N DELPHIA AVE,60656,OHARE,76,,Not Submitted,not_submitted,false,67315,,,,,,,,,,,,,,,,0,,,,,,
112320,2022,,1020  W THORNDALE AVE,60660,EDGEWATER,77,Multifamily Housing,Submitted Data,submitted,false,55000,1976,1,,17,1100432.2,5651618.5,0,0,,122.8,163.9,127.7,168.5,445.1,8.1,1,6752051,fuel_sum,6752050.7,6754000,0.999711,true
112395,2022,,3600 3608 N PINE GROVE AVE,60613,LAKE VIEW,6,,Not Submitted,not_submitted,false,52015,,,,,,,,,,,,,,,,0,,,,,,
112437,2022,,415 421 W ALDINE AVE,60657,LAKE VIEW,6,Multifamily Housing,Submitted Data,submitted,false,140000,1927,1,,83,1660138.6,9255186.9,0,0,,78,102.6,82.5,106.2,710.3,5.1,4,10915326,fuel_sum,10915325.5,10920000,0.999572,true
112468,2022,,3300 3308 N LAKE SHORE DR,60657,LAKE VIEW,6,Multifamily Housing,Submitted Data,submitted,false,139094,1926,1,,56,1935091.1,12444251.3,0,0,,103.4,132.9,107.5,135.9,915.9,6.6,2.5,14379342,fuel_sum,14379342.4,14382320,0.999793,true
112515,2022,1237 W Fullerton Ave,1237 W Fullerton Ave,60614,LINCOLN PARK,7,Multifamily Housing,Submitted Data,submitted,false,245068,2006,1,,62,8484480.8,12242443.7,0,0,,94.1,166.2,96.1,166.7,1767.8,8,3,20726925,fuel_sum,20726924.5,23060899,0.898791,false
112530,2022,,4240 4248 N CLARENDON AVE,60613,UPTOWN,3,Multifamily Housing,Submitted Data,submitted,false,66000,1912,1,,90,1629957.5,1017484.2,0,0,,40.1,85.3,40.3,83.9,282.1,4.3,4,2647442,fuel_sum,2647441.7,2646600,1.000318,true
112607,2022,,6118  N SHERIDAN RD,60660,EDGEWATER,77,Multifamily Housing,Submitted Data,submitted,false,102000,1960,1,,18,2212524.3,11769348.3,0,0,,137.1,181.9,142.4,186.4,916.5,9,1,13981873,fuel_sum,13981872.6,13984200,0.999834,true
112622,2022,,5918  N KENMORE AVE,60660,EDGEWATER,77,Multifamily Housing,Submitted Data,submitted,false,76600,1969,1,,86,1918890.2,2097451.8,0,0,,65.5,123.6,66.3,124.7,364.2,5.9,4,4016342,fuel_sum,4016342,5017300,0.800499,false
112638,2022,Juvenile Temporary Detention Center,1100 S Hamilton Ave,60612,NEAR WEST SIDE,28,Mixed Use Property,Submitted Data,submitted,false,1812628,1973,3,,,46956785.7,40683020.4,0,0,,85.6,170.1,86.1,168.8,8345.7,8.2,2,87639806,fuel_sum,87639806.1,155160957,0.564832,false
112698,2022,,6300 6326 N SHERIDAN RD,60660,EDGEWATER,77,Multifamily Housing,Submitted Data,submitted,false,140841,1978,1,,63,1725588.3,10502899.9,0,0,,86.8,112.6,90.5,116.1,785.1,5.6,3,12228488,fuel_sum,12228488.2,12224999,1.000285,true
112699,2022,,6245 6259 N SHERIDAN RD,60660,EDGEWATER,77,Multifamily Housing,Submitted Data,submitted,false,70000,1923,1,,91,1622501.3,1315742.4,0,0,,42,84.6,42.8,86.3,283.6,4.1,4,2938244,fuel_sum,2938243.7,2940000,0.999403,true
112724,2022,,6119 6125 N WINCHESTER AVE,60660,WEST RIDGE,2,Multifamily Housing,Submitted Data,submitted,false,57600,1951,1,,28,1336254.9,5487900.2,0,0,,118.5,165,123.7,170.5,467.5,8.1,2,6824155,fuel_sum,6824155.1,6825600,0.999788,true
112760,2022,,2416 2458 W GREENLEAF AVE,60645,WEST RIDGE,2,Multifamily Housing,Submitted Data,submitted,false,80000,1927,1,,57,464782.1,8415500.4,0,0,,111,126.7,116.9,133,508.2,6.4,3.5,8880283,fuel_sum,8880282.5,8880000,1.000032,true
112762,2022,,6800  N CALIFORNIA AVE,60645,WEST RIDGE,2,Multifamily Housing,Submitted Data,submitted,false,125600,1963,1,,76,1668850.1,6638500.1,0,0,,66.1,92.7,67.9,93.6,572.4,4.6,3.5,8307350,fuel_sum,8307350.2,8302160,1.000625,true
112765,2022,309-The Breakers at Edgewater Beach,5333 N Sheridan Rd,60640,EDGEWATER,77,Senior Living Community,Submitted Data,submitted,false,1742595,2005,1,,100,8812251.1,24085100.8,0,0,,18.9,28.7,19.5,29,2440,1.4,4,32897352,fuel_sum,32897351.9,32935046,0.998856,true
112801,2022,,5740  N SHERIDAN RD,60660,EDGEWATER,77,Multifamily Housing,Submitted Data,submitted,false,111500,1977,1,,47,1581065.1,7492365,0,0,,95.5,129.4,99.4,132.6,606.2,6.4,2,9073430,fuel_sum,9073430.1,10648250,0.852105,false
112834,2022,,5525 N WINTHROP AVE,60640,EDGEWATER,77,Multifamily Housing,Submitted Data,submitted,false,67000,1990,1,,55,1365478.9,4205574,0,0,,107.1,158.4,111.6,161,403.2,7.8,2.5,5571053,fuel_sum,5571052.9,7175700,0.776378,false
112954,2022,,1509 1521 W MORSE AVE,60626,ROGERS PARK,1,Multifamily Housing,Submitted Data,submitted,false,65072,1972,1,,66,817354.8,4731912,0,0,,89.4,116.9,91.8,118.6,359,5.8,3,5549267,fuel_sum,5549266.8,5817437,0.953902,false
113026,2022,,1909 1935 S STATE ST,60616,NEAR SOUTH SIDE,33,Multifamily Housing,Submitted Data,submitted,false,85400,2002,1,,76,1672920.7,3120579.1,0,0,,56.1,93.2,56.7,93,386.1,4.5,3.5,4793500,fuel_sum,4793499.8,4790940,1.000534,true
113086,2022,,1001  W MADISON ST,60607,NEAR WEST SIDE,28,Multifamily Housing,Submitted Data,submitted,false,148900,2005,1,,90,3234972.7,3814873.2,0,0,,55.1,102.1,55.2,100.9,628.7,4.9,4,7049846,fuel_sum,7049845.9,8204390,0.859277,false
113146,2022,,4101 4115 S MICHIGAN AVE,60653,GRAND BOULEVARD,38,Multifamily Housing,Submitted Data,submitted,false,74080,2003,1,,48,879959.6,3663025.2,0,0,,90.9,126.2,92.8,126.6,310.5,6.2,3,4542985,fuel_sum,4542984.8,6733872,0.674647,false
113158,2022,,2001  S CALUMET AVE,60616,NEAR SOUTH SIDE,33,Multifamily Housing,Submitted Data,submitted,false,140184,2002,1,,87,1913715.3,4735298,0,0,,47.4,73.7,48.3,73.8,503.6,3.6,4,6649013,fuel_sum,6649013.3,6644722,1.000646,true
113199,2022,,30  E DIVISION ST,60610,NEAR NORTH SIDE,8,Multifamily Housing,Submitted Data,submitted,false,81000,1977,1,,8,3501660.5,2707613.9,0,0,,86.2,175.7,87.8,178.6,605,8.4,1,6209274,fuel_sum,6209274.4,6982200,0.889301,false
113335,2022,,2024 2030 S WABASH AVE,60616,NEAR SOUTH SIDE,33,Multifamily Housing,Submitted Data,submitted,false,82100,1920,1,,87,1163215.6,3718300.1,0,0,,78.6,115.3,81.7,117,350.7,5.6,4,4881516,fuel_sum,4881515.7,6453060,0.756465,false
113396,2022,Surfside Condominium,5815 N Sheridan Rd,60660,EDGEWATER,77,,Not Submitted,not_submitted,false,225000,,,,,,,,,,,,,,,,0,,,,,,
113414,2022,Ridgemoor Estates V Condominium Association,6430  W BELLE PLAINE AVE,60634,DUNNING,17,Multifamily Housing,Submitted Data,submitted,false,75706,1990,1,,99,541762.4,2742190.1,0,0,,52.2,69.9,53.7,70.8,217,3.4,4,3283953,fuel_sum,3283952.5,3951853,0.830991,false
113452,2022,,1115  S PLYMOUTH CT,60605,LOOP,32,Multifamily Housing,Submitted Data,submitted,false,161250,1978,1,,89,3723097.1,4359063.5,0,0,,50.1,93,52.4,96,721.9,4.5,4,8082161,fuel_sum,8082160.6,8078625,1.000438,true
113466,2022,Franklin Building,720  S DEARBORN ST,60605,LOOP,32,Multifamily Housing,Submitted Data,submitted,false,80626,1912,1,,54,2055638,4622540.5,0,0,,82.8,131.6,86.2,133.4,516.3,6.4,2.5,6678179,fuel_sum,6678178.5,6675833,1.000351,true
113474,2022,,517 525 N HALSTED ST,60642,WEST TOWN,24,Multifamily Housing,Submitted Data,submitted,false,88776,1935,1,,80,1636954.6,4623361.1,0,0,,70.5,106.3,71.4,105.6,461.2,5.2,3.5,6260316,fuel_sum,6260315.7,6258708,1.000257,true
113485,2022,1366 Dearborn Condominium,1366  N DEARBORN ST,60610,NEAR NORTH SIDE,8,Multifamily Housing,Submitted Data,submitted,false,77280,1923,1,,66,1068490.7,5567486.5,0,0,,85.9,114.4,89.5,117.2,436.5,5.6,4,6635977,fuel_sum,6635977.2,6638352,0.999642,true
113487,2022,,1340  N DEARBORN ST,60610,NEAR NORTH SIDE,8,Multifamily Housing,Submitted Data,submitted,false,120150,1967,1,,91,2759068.4,1690642.8,0,0,,41.6,88.8,41.6,88.4,453.2,4.2,4,4449711,fuel_sum,4449711.2,4998240,0.890256,false
113489,2022,,1339  N DEARBORN ST,60610,NEAR NORTH SIDE,8,Multifamily Housing,Submitted Data,submitted,false,105000,1972,1,,54,4225338.4,2316195,0,0,,63.8,139.2,64.8,140.4,679.6,6.6,2.5,6541533,fuel_sum,6541533.4,6699000,0.976494,true
113507,2022,LaSalle Terrace Condominium Association,1540 N LaSalle St,60610,NEAR NORTH SIDE,8,Multifamily Housing,Submitted Data,submitted,false,166700,1976,1,,41,3939162.4,9152638.4,0,0,,86.7,136.7,87.9,135.4,1005,6.7,2,13091801,fuel_sum,13091800.8,14452890,0.905826,false
113509,2022,,1330  N LASALLE DR,60610,NEAR NORTH SIDE,8,Multifamily Housing,Submitted Data,submitted,false,63968,1980,1,,87,1540550.6,0,0,0,,29.9,83.8,30.6,85.6,202.9,3.9,4,1540551,fuel_sum,1540550.6,1912643,0.805457,false
113540,2022,,1  E SCHILLER ST,60610,NEAR NORTH SIDE,8,Multifamily Housing,Submitted Data,submitted,false,167500,1964,1,,60,7007636.4,1216729,0,0,,50.9,129.4,51.9,132,987.6,6.1,2.5,8224365,fuel_sum,8224365.4,8525750,0.96465,false
113548,2022,Astor Terrace,1450  N ASTOR ST,60610,NEAR NORTH SIDE,8,Multifamily Housing,Submitted Data,submitted,false,79118,1972,1,,21,3366186.8,2250941.4,0,0,,83.1,174.5,85.6,178.9,562.9,8.3,1,5617128,fuel_sum,5617128.2,6574706,0.854354,false
113569,2022,,1310  N RITCHIE CT,60610,NEAR NORTH SIDE,8,Multifamily Housing,Submitted Data,submitted,false,198780,1963,1,,49,4110562.4,14441422.4,0,0,,102.1,146.8,108.1,152.2,1308.5,7.2,2,18551985,fuel_sum,18551984.8,20295438,0.914096,false
113573,2022,,1534 1542 N LAKE SHORE DR,60610,NEAR NORTH SIDE,8,Multifamily Housing,Submitted Data,submitted,false,138636,1929,1,,95,1962182.2,7225810.1,0,0,,66.3,94.4,69.9,97.2,642.2,4.6,4,9187992,fuel_sum,9187992.3,9191567,0.999611,true
113587,2022,,1240  N LAKE SHORE DR,60610,NEAR NORTH SIDE,8,Multifamily Housing,Submitted Data,submitted,false,160528,1970,1,,14,5969802.6,6182573.4,0,0,,80.2,153.2,83.3,157.3,1114.7,7.4,1,12152376,fuel_sum,12152376,12874346,0.943922,false
113591,2022,,1200 N LAKE SHORE DR,60610,NEAR NORTH SIDE,8,Multifamily Housing,Submitted Data,submitted,false,96384,1925,1,,14,1637061.1,9565767.7,0,0,,116.2,151.8,124.6,160.5,723.7,7.5,1,11202829,fuel_sum,11202828.8,11199821,1.000269,true
113593,2022,,1335 1343 N ASTOR ST,60610,NEAR NORTH SIDE,8,Multifamily Housing,Submitted Data,submitted,false,117600,1949,1,,64,1854571.2,7404949.8,0,0,,84.1,117.8,87.3,120.5,637.6,5.8,3,9259521,fuel_sum,9259521,9890160,0.936236,false
113598,2022,,1300 1306 N ASTOR ST,60610,NEAR NORTH SIDE,8,Multifamily Housing,Submitted Data,submitted,false,108547,1963,1,,74,2997875.8,2640653.2,0,0,,56.1,111.1,54.5,106.8,535.1,5.3,3.5,5638529,fuel_sum,5638529,6089487,0.925945,false
113602,2022,,1209 1217 N ASTOR ST,60610,NEAR NORTH SIDE,8,Multifamily Housing,Submitted Data,submitted,false,97000,1925,1,,81,1136155.7,6230897.8,0,0,,75.9,100.2,79.2,102.7,480.6,5,4,7367054,fuel_sum,7367053.5,7362300,1.000646,true
113617,2022,1418 N Lake Shore Dr Condo Association,1418  N LAKE SHORE DR,60610,NEAR NORTH SIDE,8,Multifamily Housing,Submitted Data,submitted,false,105275,1983,1,,36,4261317,2821861.4,0,0,,74.2,156,77,160.1,711.2,7.4,1.5,7083178,fuel_sum,7083178.4,7811405,0.906774,false
113621,2022,,1414  N WELLS ST,60610,NEAR NORTH SIDE,8,Multifamily Housing,Submitted Data,submitted,false,97000,1994,1,,97,1479810.5,2985967.9,0,0,,55.8,91,56.7,91.4,353.5,4.4,4,4465778,fuel_sum,4465778.4,5412600,0.825071,false
113632,2022,,1130 N LAKE SHORE DR,60611,NEAR NORTH SIDE,8,Multifamily Housing,Submitted Data,submitted,false,59350,1910,1,,,777670.5,3589256.1,0,0,,73.6,100.2,75.8,101.7,293.1,4.9,3,4366927,fuel_sum,4366926.6,4368160,0.999718,true
113652,2022,,233 E Walton Place,60611,NEAR NORTH SIDE,8,Multifamily Housing,Submitted Data,submitted,false,70242,1926,1,,,691427.6,520699.1,0,0,,17.3,35.3,16.8,34,118.7,1.7,4,1212127,fuel_sum,1212126.7,1215187,0.997482,true
113668,2022,,229 235 E LAKE SHORE DR,60611,NEAR NORTH SIDE,8,Multifamily Housing,Submitted Data,submitted,false,93360,1920,1,,90,1533214.3,4420213.1,0,0,,63.8,95.7,66.8,98.2,436.7,4.7,4,5953427,fuel_sum,5953427.4,5956368,0.999506,true
113670,2022,,219 227 E LAKE SHORE DR,60611,NEAR NORTH SIDE,8,,Submitted Data,submitted,false,123456,,,,,,,,,,,,,,,,0,,,,,,
113677,2022,,221  E WALTON PL,60611,NEAR NORTH SIDE,8,Multifamily Housing,Submitted Data,submitted,false,58012,1991,1,,21,2897280,490325.4,0,0,,65.4,166.5,66.9,169.8,407.7,7.9,1,3387605,fuel_sum,3387605.4,3793985,0.892888,false
113688,2022,,70 76 E CEDAR ST,60611,NEAR NORTH SIDE,8,Multifamily Housing,Submitted Data,submitted,false,91100,1929,1,,74,1324354.9,5709587.2,0,0,,93,128.4,98.9,133.6,477.7,6.3,3.5,7033942,fuel_sum,7033942.1,8472300,0.830228,false
113690,2022,,20  E CEDAR ST,60611,NEAR NORTH SIDE,8,Multifamily Housing,Submitted Data,submitted,false,169733,1940,1,,76,2766985.5,9835954,0,0,,74.3,106.5,77.2,108.5,886.9,5.2,4,12602940,fuel_sum,12602939.5,12611162,0.999348,true
113706,2022,Streeterville Center,233  E ERIE ST,60611,NEAR NORTH SIDE,8,Multifamily Housing,Submitted Data,submitted,false,240000,1968,,,100,1294019.9,7002638.3,0,0,,34.6,45.7,35.6,46.1,542.4,2.3,4,8296658,fuel_sum,8296658.2,8304000,0.999116,true
113726,2022,,227 239 E DELAWARE PL,60611,NEAR NORTH SIDE,8,Multifamily Housing,Submitted Data,submitted,false,197400,1929,1,,98,1497230.8,10478014.4,0,0,,60.7,77,65.1,81.6,753.7,3.8,4,11975245,fuel_sum,11975245.2,11982180,0.999421,true
113745,2022,The Sexton Condominium Association,360 W Illinois St,60654,NEAR NORTH SIDE,8,Multifamily Housing,Submitted Data,submitted,false,449107,1915,1,,100,6845445.7,4778409.7,0,0,,29.7,61.8,30.2,62.3,1155.4,3,4,11623855,fuel_sum,11623855.4,13338478,0.871453,false
113752,2022,,1540  N STATE PKWY,60610,NEAR NORTH SIDE,8,Multifamily Housing,Submitted Data,submitted,false,105500,1970,1,,98,1336010.7,4965839.6,0,0,,59.7,84.9,62.6,86.7,439.7,4.2,4,6301850,fuel_sum,6301850.3,6298350,1.000556,true
113754,2022,Fifteen Thirty North State Parkway Building Corporation,1530 1534 N STATE PKWY,60610,NEAR NORTH SIDE,8,Multifamily Housing,Submitted Data,submitted,false,82916,1929,1,,,1091532.2,4217783.2,0,0,,70,98.7,72.9,100.6,367.8,4.9,4,5309315,fuel_sum,5309315.4,5804120,0.914749,false
113764,2022,,1230  N STATE PKWY,60610,NEAR NORTH SIDE,8,Multifamily Housing,Submitted Data,submitted,false,200986,1979,1,,48,3400260.6,11575331.5,0,0,,103.5,149.8,107.7,153.3,1062.7,7.3,3,14975592,fuel_sum,14975592.1,20802051,0.719909,false
113768,2022,,1555  N DEARBORN PKWY,60610,NEAR NORTH SIDE,8,Multifamily Housing,Submitted Data,submitted,false,147868,1962,1,,53,2318984,8704173.5,0,0,,86.9,123.3,86,120.8,767.8,6.1,3.5,11023158,fuel_sum,11023157.5,12849729,0.857851,false
113933,2022,,6927 6939 S CRANDON AVE,60649,SOUTH SHORE,43,Multifamily Housing,Submitted Data,submitted,false,111239,1927,1,,59,484011.7,11673930.8,0,0,,109.3,122.4,117.1,130.6,683.8,6.1,3.5,12157943,fuel_sum,12157942.5,12158423,0.999961,true
114008,2022,Shoreline Park Condominium Association,4950 N Marine Dr,60640,UPTOWN,3,Multifamily Housing,Submitted Data,submitted,false,463764,1953,1,,78,7272965.1,26192490.7,0,0,,86,123.1,88.7,124.5,2349.2,6,3.5,33465456,fuel_sum,33465455.8,39883704,0.839076,false
114120,2022,,1169 S PLYMOUTH CT,60605,LOOP,32,Multifamily Housing,Submitted Data,submitted,false,138000,1978,1,,53,4426157.9,4356293.2,0,0,,73.2,141.4,74.8,141.9,814.4,6.8,2.5,8782451,fuel_sum,8782451.1,10101600,0.869412,false
114125,2022,,1430 1440 S MICHIGAN AVE,60605,NEAR SOUTH SIDE,33,,Not Submitted,not_submitted,false,131640,,,,,,,,,,,,,,,,0,,,,,,
114191,2022,232 E Walton Condominium Association,228 240 E WALTON ST,60611,NEAR NORTH SIDE,8,Multifamily Housing,Submitted Data,submitted,false,105000,1920,1,,98,1166119.2,4521582.1,0,0,,54.2,76.3,56.3,77.7,393.8,3.8,4,5687701,fuel_sum,5687701.3,5691000,0.99942,true
114196,2022,,1544 1554 N STATE PKWY,60610,NEAR NORTH SIDE,8,Multifamily Housing,Submitted Data,submitted,false,104400,1912,1,,47,2157454.2,7921415.7,0,0,,96.5,137.5,102.1,141.8,704.9,6.8,2,10078870,fuel_sum,10078869.9,10074600,1.000424,true
114197,2022,,1316 1326 N STATE PKWY,60610,NEAR NORTH SIDE,8,,Not Submitted,not_submitted,false,155000,,,,,,,,,,,,,,,,0,,,,,,
114198,2022,1415 North Dearborn Condominium Association,1415  N DEARBORN ST,60610,NEAR NORTH SIDE,8,Multifamily Housing,Submitted Data,submitted,false,154000,1973,1,,55,5799237.3,1547926.2,0,0,,57.1,138.8,57.8,140.7,846.1,6.6,2.5,7347164,fuel_sum,7347163.5,8793400,0.835532,false
114200,2022,,1515  N ASTOR ST,60610,NEAR NORTH SIDE,8,Multifamily Housing,Submitted Data,submitted,false,115200,1968,1,,58,2397659.8,5985889.2,0,0,,78.2,121.3,81.8,123.9,633.7,5.9,3.5,8383549,fuel_sum,8383549,9008640,0.930612,false
114201,2022,,1350 1358 N ASTOR ST,60610,NEAR NORTH SIDE,8,Multifamily Housing,Submitted Data,submitted,false,83825,1949,1,,90,961545.2,4468538,0,0,,76,103.3,79.1,105.9,364,5.1,4,5430083,fuel_sum,5430083.2,6370700,0.852353,false
114204,2022,,1301 1307 N ASTOR ST,60610,NEAR NORTH SIDE,8,Multifamily Housing,Submitted Data,submitted,false,56000,2000,1,,,1559763.5,3977391.5,0,0,,98.9,152.6,102,154.5,416.7,7.4,2,5537155,fuel_sum,5537155,5538400,0.999775,true
114228,2022,,331  S PEORIA ST,60607,NEAR WEST SIDE,28,Multifamily Housing,Submitted Data,submitted,false,56838,1910,1,,54,1153923.7,3505534.2,0,0,,82,121.6,84.5,124.2,338.2,5.9,2.5,4659458,fuel_sum,4659457.9,4660716,0.99973,true
114252,2022,,607  W WRIGHTWOOD AVE,60614,LINCOLN PARK,7,Multifamily Housing,Submitted Data,submitted,false,81250,1974,1,,76,1632829.1,4692719,0,0,,87.9,131.9,91.3,133.3,477.7,6.6,3.5,6325548,fuel_sum,6325548.1,7141875,0.885699,false
114282,2022,Bel Harbour Condominium Association,420 W BELMONT AVE,60657,LAKE VIEW,6,Multifamily Housing,Submitted Data,submitted,false,245006,1973,1,,26,4684757.9,20478996.3,0,0,,115.7,159.2,120.5,162.9,1704.8,7.8,2,25163754,fuel_sum,25163754.2,28347194,0.887698,false
114291,2022,,2912 2914 N COMMONWEALTH AVE,60657,LAKE VIEW,6,Multifamily Housing,Submitted Data,submitted,false,59677,1926,1,,63,723544.6,5608731.7,0,0,,106.1,132.6,111,136.2,393.2,6.6,3,6332276,fuel_sum,6332276.3,6331730,1.000086,true
114316,2022,,6433  W BELLE PLAINE AVE,60634,DUNNING,17,,Not Submitted,not_submitted,false,61000,,,,,,,,,,,,,,,,0,,,,,,
114339,2022,Sheridan Point Condominium Association,6325  N SHERIDAN RD,60660,EDGEWATER,77,Multifamily Housing,Submitted Data,submitted,false,186552,1969,1,,59,2629635.4,11388087.2,0,0,,90,124,93.4,126.7,951.2,6.1,2.5,14017723,fuel_sum,14017722.6,16789680,0.834901,false
114455,2022,Astor Banks Condominium Association,1321 1327 N ASTOR ST,60610,NEAR NORTH SIDE,8,Multifamily Housing,Submitted Data,submitted,false,60000,1926,1,,,1189918.8,3904648.1,0,0,,92.9,135.5,92.9,135.5,364.1,6.6,3,5094567,fuel_sum,5094566.9,5574000,0.913988,false
114515,2022,,6901 6915 S OGLESBY AVE,60649,SOUTH SHORE,43,Multifamily Housing,Submitted Data,submitted,false,114900,1928,1,,84,853651.4,8695350.1,0,0,,88.1,106.3,90.4,107.9,574.3,5.3,4,9549002,fuel_sum,9549001.5,10122690,0.943327,false
114543,2022,,1755  E 55TH ST,60615,HYDE PARK,41,Multifamily Housing,Submitted Data,submitted,false,186095,1926,1,,86,1582528.6,13343663.4,0,0,,80.2,99.1,85.9,104.6,917.2,4.9,4,14926192,fuel_sum,14926192,14924819,1.000092,true
114638,2022,56th & Kimbark Condominium Association,5543 5559 S KIMBARK AVE,60637,HYDE PARK,41,Multifamily Housing,Submitted Data,submitted,false,61800,1928,1,,39,552119.6,5432780.4,0,0,,96.8,117.3,103.5,123.3,361.3,5.8,1.5,5984900,fuel_sum,5984900,5982240,1.000445,true
114789,2022,Greenwood Condominum,4720 4726 S GREENWOOD AVE,60615,KENWOOD,39,Multifamily Housing,Submitted Data,submitted,false,54224,1906,1,,89,210018.8,3659331.6,0,0,,71.4,81.7,76.4,86.6,222,4.1,4,3869350,fuel_sum,3869350.4,3871594,0.99942,true
114798,2022,,5042 5056 S WOODLAWN AVE,60615,KENWOOD,39,Multifamily Housing,Submitted Data,submitted,false,59728,1908,1,,,913633.5,3785016.5,0,0,,78.7,109.4,82.7,113.6,321.4,5.4,3,4698650,fuel_sum,4698650,4700594,0.999586,true
114817,2022,Watergate East Condo Association,5471  S HYDE PARK BLVD,60615,HYDE PARK,41,,Not Submitted,not_submitted,false,66143,,,,,,,,,,,,,,,,0,,,,,,
114819,2022,,5401  S HYDE PARK BLVD,60615,HYDE PARK,41,Multifamily Housing,Submitted Data,submitted,false,97055,1962,1,,52,1641045.7,6973828.3,0,0,,102.9,142.3,109.1,148,586.6,7,2.5,8614874,fuel_sum,8614874,9986960,0.862612,false
114858,2022,,5100 5110 S CORNELL AVE,60615,HYDE PARK,41,,Not Submitted,not_submitted,false,60000,,,,,,,,,,,,,,,,0,,,,,,
114861,2022,,1640  E 50TH ST,60615,KENWOOD,39,Multifamily Housing,Submitted Data,submitted,false,147000,1928,1,,52,1210803.3,12324312.1,0,0,,92.1,111.1,98.6,117.5,814.1,5.5,2.5,13535115,fuel_sum,13535115.4,13538700,0.999735,true
114866,2022,,4940  S EASTEND AVE,60615,KENWOOD,39,Multifamily Housing,Submitted Data,submitted,false,146840,1928,1,,77,1579829.5,10590270,0,0,,82.9,105.9,88.2,110.8,770.6,5.2,3.5,12170100,fuel_sum,12170099.5,12173036,0.999759,true
114874,2022,,4900 4918 S DREXEL BLVD,60615,KENWOOD,39,,Not Submitted,not_submitted,false,90000,,,,,,,,,,,,,,,,0,,,,,,
115022,2022,Yesteryear Condominium Association,4211 4221 N PAULINA ST,60613,LAKE VIEW,6,,Not Submitted,not_submitted,false,77680,,,,,,,,,,,,,,,,0,,,,,,
115046,2022,4200 N Marine Drive,4200 4212 N MARINE DR,60613,UPTOWN,3,Multifamily Housing,Submitted Data,submitted,false,114400,1957,1,,38,1681290.9,8033579.8,0,0,,84.9,114.9,90,119.1,648.2,5.7,1.5,9714871,fuel_sum,9714870.7,9712560,1.000238,true
115065,2022,,700  W BITTERSWEET PL,60613,UPTOWN,3,Multifamily Housing,Submitted Data,submitted,false,144600,1980,1,,70,1933776.3,9345834.3,0,0,,90.5,122.2,95.2,126.1,751.1,6,4,11279611,fuel_sum,11279610.6,13086300,0.86194,false
115108,2022,,3825  N PINE GROVE AVE,60613,LAKE VIEW,6,,Not Submitted,not_submitted,false,96636,,,,,,,,,,,,,,,,0,,,,,,
115231,2022,,1209 1213 W SHERWIN AVE,60626,ROGERS PARK,1,,Not Submitted,not_submitted,false,59296,,,,,,,,,,,,,,,,0,,,,,,
115316,2022,,5858  N SHERIDAN RD,60660,EDGEWATER,77,,Not Submitted,not_submitted,false,73500,,,,,,,,,,,,,,,,0,,,,,,
115341,2022,,4880  N MARINE DR,60640,UPTOWN,3,,Not Submitted,not_submitted,false,83000,,,,,,,,,,,,,,,,0,,,,,,
115376,2022,,3950  W BRYN MAWR AVE,60659,NORTH PARK,13,Multifamily Housing,Submitted Data,submitted,false,76000,1997,1,,100,599431.4,2298342.7,0,0,,47.7,67.3,49,68.7,201,3.3,4,2897774,fuel_sum,2897774.1,3625200,0.799342,false
115605,2022,,6250 6258 S PARK SHORE EAST CT,60637,WOODLAWN,42,,Submitted Data,submitted,false,150000,,,,,,,,,,,,,,,,0,,,,,,
115692,2022,,460  E 41ST ST,60653,GRAND BOULEVARD,38,,Not Submitted,not_submitted,false,118383,,,,,,,,,,,,,,,,0,,,,,,
115754,2022,,1504  W VAN BUREN ST,60607,NEAR WEST SIDE,28,Multifamily Housing,Submitted Data,submitted,false,78585,1984,1,,52,2038457.3,4574112.9,0,0,,84.1,133.7,87.9,137.7,511.4,6.5,2.5,6612570,fuel_sum,6612570.2,6608999,1.00054,true
115775,2022,,6715 6723 S PAXTON AVE,60649,SOUTH SHORE,43,,Not Submitted,not_submitted,false,67701,,,,,,,,,,,,,,,,0,,,,,,
115784,2022,,7455 7469 N GREENVIEW AVE,60626,ROGERS PARK,1,Multifamily Housing,Submitted Data,submitted,false,51330,1915,1,,90,737405.7,3678107.4,0,0,,86,115.5,86.9,115.7,292.5,5.7,4,4415513,fuel_sum,4415513.1,4414380,1.000257,true
115816,2022,,2061  N CAMPBELL AVE,60647,LOGAN SQUARE,22,Multifamily Housing,Submitted Data,submitted,false,140200,1985,1,,53,6464784.7,3994489.1,0,0,,74.6,159,75.5,159.6,1063.7,7.6,2.5,10459274,fuel_sum,10459273.8,10458920,1.000034,true
115860,2022,Printers Row Lofts,722 740 S FINANCIAL PL,60605,LOOP,32,Multifamily Housing,Submitted Data,submitted,false,230247,1908,1,,99,2425282.9,7363293.8,0,0,,49.4,73.3,50.3,73.4,710.5,3.6,4,9788577,fuel_sum,9788576.7,11374202,0.860595,false
115942,2022,,501  W SURF ST,60657,LAKE VIEW,6,,Submitted Data,submitted,false,267400,,,,,,,,,,,,,,,,0,,,,,,
115956,2022,,1245  S WOOD ST,60608,NEAR WEST SIDE,28,Senior Living Community,Submitted Data,submitted,false,97974,2001,1,,50,2021357.5,6621700,0,0,,103.3,150.7,107.3,153.6,618,7.4,2,8643058,fuel_sum,8643057.5,10120714,0.853997,false
116066,2022,,3850  W BRYN MAWR AVE,60659,NORTH PARK,13,Multifamily Housing,Submitted Data,submitted,false,76000,1997,1,,100,853948.4,2336817.6,0,0,,52.5,79.7,53.9,81.2,236.6,3.9,4,3190766,fuel_sum,3190766,3990000,0.799691,false
116122,2022,,4520  N CLARENDON AVE,60640,UPTOWN,3,,Not Submitted,not_submitted,false,78753,,,,,,,,,,,,,,,,0,,,,,,
116144,2022,,633  S PLYMOUTH CT,60605,LOOP,32,Multifamily Housing,Submitted Data,submitted,false,125000,1895,1,,92,1965670.6,4546616.1,0,0,,52.1,82.2,52.8,81.9,500.4,4,4,6512287,fuel_sum,6512286.7,6512500,0.999967,true
116166,2022,,447 455 W MELROSE ST,60657,LAKE VIEW,6,Multifamily Housing,Submitted Data,submitted,false,52872,1923,1,,79,637373.9,3867404.5,0,0,,85.2,110.6,90.1,114.2,289.4,5.5,3.5,4504778,fuel_sum,4504778.4,4504694,1.000019,true
116171,2022,,4724  S VINCENNES AVE,60615,GRAND BOULEVARD,38,Multifamily Housing,Submitted Data,submitted,false,99300,1908,1,,60,3035746.2,1181630,0,0,,48.9,112.9,50.1,115.8,462.6,5.4,3.5,4217376,fuel_sum,4217376.2,4855770,0.868529,false
116215,2022,,1745  N KEYSTONE AVE,60639,HUMBOLDT PARK,23,Multifamily Housing,Submitted Data,submitted,false,102457,1983,1,,45,4117950.4,3005115.1,0,0,,69.5,143.3,70.4,144.3,702,6.9,2,7123066,fuel_sum,7123065.5,7120762,1.000324,true
116336,2022,LaSalle Private Residences,1212 N LaSalle St,60610,NEAR NORTH SIDE,8,Multifamily Housing,Submitted Data,submitted,false,471954,1986,1,,61,11662672.1,6851736.5,0,0,,50.4,108.4,50.4,107.5,1900.1,5.2,3,18514409,fuel_sum,18514408.6,23786482,0.778358,false
116385,2022,Southpoint Nursing and Rehabilitation Center,1010  W 95TH ST,60643,WASHINGTON HEIGHTS,73,Senior Living Community,Submitted Data,submitted,false,107394,1996,1,,35,4145496,6985979.8,0,0,,138.1,235,141.2,236.7,917.1,11.4,2.5,11131476,fuel_sum,11131475.8,14831111,0.750549,false
116408,2022,,3244  W 59TH ST,60629,GAGE PARK,63,Senior Living Community,Submitted Data,submitted,false,60000,2005,1,,47,1694856.3,3518200,0,0,,86.9,140.7,89.7,141.7,410.1,6.8,3,5213056,fuel_sum,5213056.3,5214000,0.999819,true
116413,2022,CASL Senior Housing,2108  S PRINCETON AVE,60616,ARMOUR SQUARE,34,Multifamily Housing,Submitted Data,submitted,false,81994,1997,1,,52,1288033.6,5822415.9,0,0,,104.2,142.4,110.3,148.8,478.9,7,2.5,7110450,fuel_sum,7110449.5,8543775,0.832238,false
116418,2022,,6950  S VINCENNES AVE,60621,GREATER GRAND CROSSING,69,Multifamily Housing,Submitted Data,submitted,false,50388,1983,1,,98,1645075.1,666168.6,0,0,,45.9,105.3,47.2,108.9,252.1,5,4,2311244,fuel_sum,2311243.7,2312809,0.999323,true
116428,2022,,900  W 63RD PKWY,60621,ENGLEWOOD,68,,Not Submitted,not_submitted,false,81078,,,,,,,,,,,,,,,,0,,,,,,
116462,2022,Senior Suites of South Shore,2355  E 67TH ST,60649,SOUTH SHORE,43,Senior Living Community,Submitted Data,submitted,false,71586,1998,1,,18,1670143.3,4957100.4,0,0,,92.6,138,97.2,142,483.3,6.8,2,6627244,fuel_sum,6627243.7,6628864,0.999756,true
116534,2022,,410  E BOWEN AVE,60653,GRAND BOULEVARD,38,,Not Submitted,not_submitted,false,156544,,,,,,,,,,,,,,,,0,,,,,,
116536,2022,Cal-Met Village Apartments,4101  S CALUMET AVE,60653,GRAND BOULEVARD,38,Multifamily Housing,Submitted Data,submitted,false,57850,1989,1,,25,1363151.6,5533474.7,0,0,,119.2,166.4,125,171.6,473.5,8.2,1,6896626,fuel_sum,6896626.3,6895720,1.000131,true
116550,2022,,4161  S DREXEL BLVD,60653,OAKLAND,36,,Submitted Data,submitted,false,61104,,,,,,,,,,,,,,,,0,,,,,,
116552,2022,,4001 4013 S ELLIS AVE,60653,OAKLAND,36,,Not Submitted,not_submitted,false,61610,,,,,,,,,,,,,,,,0,,,,,,
116559,2022,Trinity Acres,3939  S CALUMET AVE,60653,GRAND BOULEVARD,38,Multifamily Housing,Submitted Data,submitted,false,59133,1987,1,,87,986616.9,2574951.9,0,0,,69.8,107.2,72.5,109.1,266.7,5.2,4,3561569,fuel_sum,3561568.8,4127483,0.862891,false
116644,2022,,60  E 36TH PL,60653,DOUGLAS,35,,Submitted Data,submitted,false,93310,,,,,,,,,,,,,,,,0,,,,,,
116662,2022,,533  E 33RD PL,60616,DOUGLAS,35,Multifamily Housing,Submitted Data,submitted,false,107500,1952,1,,1,1045560.9,24536849.8,0,0,,238,266.9,251.8,280.5,1441,13.4,1,25582411,fuel_sum,25582410.7,25585000,0.999899,true
116697,2022,,1322 1328 S WABASH AVE,60605,NEAR SOUTH SIDE,33,,Not Submitted,not_submitted,false,166015,,,,,,,,,,,,,,,,0,,,,,,
116702,2022,,1521  S WABASH AVE,60605,NEAR SOUTH SIDE,33,Multifamily Housing,Submitted Data,submitted,false,62100,2000,1,,43,3032012.3,6547121.2,0,0,,154.3,247.4,158.4,248.3,747.1,12,2,9579134,fuel_sum,9579133.5,9582030,0.999698,true
116715,2022,,1801  S WABASH AVE,60616,NEAR SOUTH SIDE,33,Multifamily Housing,Submitted Data,submitted,false,59094,1995,1,,57,2751315.1,4206500,0,0,,117.7,205.1,120.1,205.9,585.8,9.9,3.5,6957815,fuel_sum,6957815.1,6955364,1.000352,true
116716,2022,1819 S Michigan Condominium Association,1819 S MICHIGAN AVE,60616,NEAR SOUTH SIDE,33,Multifamily Housing,Submitted Data,submitted,false,135000,2005,1,,41,3894260.3,8084459.7,0,0,,104.4,169,106.7,168.8,942.3,8.2,3,11978720,fuel_sum,11978720,14094000,0.849916,false
116720,2022,,1400  S INDIANA AVE,60605,NEAR SOUTH SIDE,33,Senior Living Community,Submitted Data,submitted,false,71586,1998,1,,14,1953253.9,4112000.3,0,0,,84.7,136.7,87,137.6,475.7,6.6,1,6065254,fuel_sum,6065254.2,6063334,1.000317,true
116749,2022,East Park Apartments,3300  W MAYPOLE AVE,60624,EAST GARFIELD PARK,27,Multifamily Housing,Submitted Data,submitted,false,69302,1995,1,,48,2497630.3,5160167.6,0,0,,121.5,197,122.7,194.4,603.1,9.6,2,7657798,fuel_sum,7657797.9,8420193,0.909456,false
116750,2022,,3222 W Maypole Ave,60624,EAST GARFIELD PARK,27,,Not Submitted,not_submitted,false,127711,,,,,,,,,,,,,,,,0,,,,,,
116752,2022,Ike Sims Village,3333  W MAYPOLE AVE,60624,EAST GARFIELD PARK,27,Multifamily Housing,Submitted Data,submitted,false,91511,1981,1,,28,3783873.8,2080705.3,0,0,,75.4,164.3,76.7,167.1,608.9,7.8,2,5864579,fuel_sum,5864579.1,6899929,0.849948,false
116786,2022,,1111  N FRANCISCO AVE,60622,WEST TOWN,24,Multifamily Housing,Submitted Data,submitted,false,66000,1993,1,,69,1218218.8,3565700.2,0,0,,72.5,108.4,74.5,109.6,349.8,5.3,4,4783919,fuel_sum,4783919,4785000,0.999774,true
116810,2022,,680 N GREEN ST,60642,WEST TOWN,24,Multifamily Housing,Submitted Data,submitted,false,91643,1999,1,,85,2143605.8,2264599.9,0,0,,62.1,118.1,62,115.6,402.6,5.7,4,4408206,fuel_sum,4408205.7,5691030,0.774588,false
116876,2022,,3720  W ARMITAGE AVE,60647,LOGAN SQUARE,22,Multifamily Housing,Submitted Data,submitted,false,85742,2006,2,,16,4970751.3,2199600,0,0,,84.2,189.9,86.3,193.1,771.5,9,1,7170351,fuel_sum,7170351.3,7219476,0.993195,true
116966,2022,,9510  S CONSTANCE AVE,60617,SOUTH DEERING,51,Multifamily Housing,Submitted Data,submitted,false,162981,1980,5,,88,3199658.4,7158727.8,0,0,,63.6,101.1,64.5,101.5,801.7,4.9,4,10358386,fuel_sum,10358386.2,10365592,0.999305,true
117005,2022,Evergreen Tower II,1343  N CLEVELAND AVE,60610,NEAR NORTH SIDE,8,Multifamily Housing,Submitted Data,submitted,false,101050,1970,1,,71,2292707.1,4445063.6,0,0,,71.6,117.9,73.1,119.8,556.9,5.9,3.5,6737771,fuel_sum,6737770.7,7235180,0.931251,false
117014,2022,,6045  W GRAND AVE,60639,BELMONT CRAGIN,19,Senior Living Community,Submitted Data,submitted,false,60000,1996,1,,43,1586627.8,4656200.2,0,0,,104,155.5,108.1,158,456.3,7.6,3,6242828,fuel_sum,6242828,6240000,1.000453,true
117024,2022,,1830  N WINCHESTER AVE,60622,LOGAN SQUARE,22,Multifamily Housing,Submitted Data,submitted,false,73000,1994,1,,100,353845,0,0,0,,5.1,14.4,5.1,14.4,46.6,0.7,4,353845,fuel_sum,353845,372300,0.95043,false
117067,2022,,525  W DEMING PL,60614,LINCOLN PARK,7,Multifamily Housing,Submitted Data,submitted,false,93247,1970,1,,93,1209211.4,5126948.4,0,0,,68,94,71.1,95.9,431.6,4.6,4,6336160,fuel_sum,6336159.8,6340796,0.999269,true
117115,2022,,1733 1735 W IRVING PARK RD,60613,LAKE VIEW,6,Multifamily Housing,Submitted Data,submitted,false,114450,1980,1,,100,932630,3240620.9,0,0,,45,64.9,46.4,66.3,295,3.2,4,4173251,fuel_sum,4173250.9,5150250,0.810301,false
117159,2022,,3919  W FOSTER AVE,60625,ALBANY PARK,14,,Not Submitted,not_submitted,false,101400,,,,,,,,,,,,,,,,0,,,,,,
117167,2022,,4848  N KEDZIE AVE,60625,ALBANY PARK,14,Multifamily Housing,Submitted Data,submitted,false,63625,1983,1,,66,2060285.1,1291770,0,0,,60.8,129.3,61.8,130.8,340,6.2,4,3352055,fuel_sum,3352055.1,3868400,0.866522,false
117174,2022,,4444  W LAWRENCE AVE,60630,ALBANY PARK,14,Multifamily Housing,Submitted Data,submitted,false,98272,1997,1,,84,1295048.5,5723140.3,0,0,,83.1,114.1,84.9,115.1,474.6,5.6,4,7018189,fuel_sum,7018188.8,8166403,0.859398,false
117179,2022,,3318  N LAKE SHORE DR,60657,LAKE VIEW,6,,Submitted Data,submitted,false,116213,,,,,,,,,,,,,,,,0,,,,,,
117188,2022,Ruth Shriman House,4040  N SHERIDAN RD,60613,UPTOWN,3,Multifamily Housing,Submitted Data,submitted,false,67988,1999,1,,79,755775.1,5127229.9,0,0,,86.5,110.3,90.1,114.2,371.9,5.5,3.5,5883005,fuel_sum,5883005,5880962,1.000347,true
117189,2022,Sherway Tower,4225  N SHERIDAN RD,60613,UPTOWN,3,Multifamily Housing,Submitted Data,submitted,false,158600,1979,1,,35,3488965,13231623.9,0,0,,105.4,149.2,111.4,155.5,1162.3,7.3,1.5,16720589,fuel_sum,16720588.9,16716440,1.000248,true
117248,2022,,936  E 47TH ST,60653,KENWOOD,39,Multifamily Housing,Submitted Data,submitted,false,156629,1983,1,,19,4365612.5,10039102.3,0,0,,105.2,166.2,110.2,170.6,1108.2,8.1,1,14404715,fuel_sum,14404714.8,16477371,0.874212,false
117309,2022,,2800  W MONTROSE AVE,60618,ALBANY PARK,14,Senior Living Community,Submitted Data,submitted,false,63595,1995,1,,45,1540811.4,4567100,0,0,,96,143.2,100.9,147,445.5,7,2,6107911,fuel_sum,6107911.4,6105120,1.000457,true
117311,2022,,6130  N SHERIDAN RD,60660,EDGEWATER,77,Other - Specialty Hospital,Submitted Data,submitted,false,80684,2000,1,,,6207591.5,10853909.5,0,0,,211.5,356.7,217.5,359.6,1394.1,17.3,4,17061501,fuel_sum,17061501,17064666,0.999815,true
117313,2022,,4848  N CENTRAL AVE,60630,JEFFERSON PARK,11,Multifamily Housing,Submitted Data,submitted,false,82340,1992,1,,98,660472,3139047.1,0,0,,62.5,84.6,64.9,86.6,253.7,4.2,4,3799519,fuel_sum,3799519.1,5146250,0.738308,false
117348,2022,,5969  N RAVENSWOOD AVE,60660,EDGEWATER,77,Multifamily Housing,Submitted Data,submitted,false,82971,1981,1,,94,2135100.2,1331416.2,0,0,,41.8,88.9,42.4,90.2,351.9,4.2,4,3466516,fuel_sum,3466516.4,3468188,0.999518,true
117358,2022,,5125  S KENWOOD AVE,60615,HYDE PARK,41,,Not Submitted,not_submitted,false,57439,,,,,,,,,,,,,,,,0,,,,,,
117367,2022,Merrimac Square II,6526  W IRVING PARK RD,60634,DUNNING,17,,Not Submitted,not_submitted,false,165842,,,,,,,,,,,,,,,,0,,,,,,
117390,2022,,220  S DAMEN AVE,60612,NEAR WEST SIDE,28,Multifamily Housing,Submitted Data,submitted,false,131000,1978,10,,83,2301591.3,6572699.8,0,0,,67.7,101.9,69.1,101.9,652.3,5,4,8874291,fuel_sum,8874291.1,8868700,1.00063,true
117398,2022,Circle Park Apartments,1111  S ASHLAND AVE,60607,NEAR WEST SIDE,28,Multifamily Housing,Submitted Data,submitted,false,389174,1982,17,,74,16464637.7,3477218.7,0,0,,51.2,127.8,52.1,130.2,2353.3,6,3.5,19941856,fuel_sum,19941856.4,19925709,1.00081,true
117509,2022,Hyde PArk Shopping Center,1500 1554 E 55th St,60615,HYDE PARK,41,Strip Mall,Submitted Data,submitted,false,278947,1991,1,,,4131450.1,8414256.1,0,0,,97.3,158.2,97.3,158.2,991.1,7.7,2,12545706,fuel_sum,12545706.2,27141543,0.462233,false
117535,2022,Parker Elementary -CPS,6800 S Stewart Ave,60621,ENGLEWOOD,68,,Exempt,exempt,true,279300,,,,,,,,,,,,,,,,,,,,,,
117599,2022,Keller Center,1307  E 60TH ST,60637,WOODLAWN,42,College/University,Submitted Data,submitted,false,121453,1963,2,,,2192496.6,0,565036.6,3345480,,50.2,81.2,47.2,78.9,502.6,4.1,4,6103013,fuel_sum,6103013.2,6096941,1.000996,true
117702,2022,Ace Technical Charter HS -CPS,5400 S State St,60609,WASHINGTON PARK,40,,Exempt,exempt,true,68331,,,,,,,,,,,,,,,,,,,,,,
117750,2022,,6009 N BROADWAY,60660,EDGEWATER,77,Supermarket/Grocery Store,Submitted Data,submitted,false,55883,2015,1,,35,9448547.9,8000800.4,0,0,,312.2,623.7,316.4,623,1669.5,29.9,1.5,17449348,fuel_sum,17449348.3,17446673,1.000153,true
117814,2022,ASPIRA,3119 N Pulaski Rd,60641,AVONDALE,21,,Not Submitted,not_submitted,false,58000,,,,,,,,,,,,,,,,0,,,,,,
117948,2022,Symphony of Chicago West,5130  W JACKSON BLVD,60644,AUSTIN,25,Senior Living Community,Submitted Data,submitted,false,139114,1980,1,,21,4499001.6,13219880.1,0,0,,160.5,239.8,164.3,240.7,1294.8,11.7,2,17718882,fuel_sum,17718881.7,22327797,0.79358,false
118140,2022,Jetro Restaurant Depot,1030 W DIVISION ST,60642,NEAR NORTH SIDE,8,Wholesale Club/Supercenter,Submitted Data,submitted,false,151161,1950,1,,2,9365916.3,9627180.1,0,0,,125.6,240.4,129.7,244.1,1745,11.5,1,18993096,fuel_sum,18993096.4,18985822,1.000383,true
118332,2022,840 N Michigan Ave,840 N Michigan Ave,60611,NEAR NORTH SIDE,8,Retail Store,Submitted Data,submitted,false,87135,1992,1,,17,7387192.5,102.6,0,0,,84.8,237.4,83.6,234,973,11.2,1,7387295,fuel_sum,7387295.1,7389048,0.999763,true
118349,2022,Chicago Bar Association,321 S Plymouth Ct,60604,LOOP,32,Office,Submitted Data,submitted,false,99051,1990,1,,53,7427147.6,0,0,0,,75,210,75.9,212.5,978.3,9.9,3.5,7427148,fuel_sum,7427147.6,7428825,0.999774,true
118351,2022,Courthouse Place,46 64 W Hubbard St,60654,NEAR NORTH SIDE,8,Office,Submitted Data,submitted,false,107000,1910,1,,49,7246187,786700,0,0,,75.1,197.3,76.3,199.9,996.2,9.3,2,8032887,fuel_sum,8032887,8035700,0.99965,true
118557,2022,,4437  S CICERO AVE,60632,GARFIELD RIDGE,56,Senior Living Community,Submitted Data,submitted,false,133683,2000,1,,87,2915299.7,5851330.4,0,0,,88.6,144.7,89.6,143.9,694.8,7,4,8766630,fuel_sum,8766630.1,11844314,0.740155,false
118695,2022,,2825  S HALSTED,60608,BRIDGEPORT,60,Senior Living Community,Submitted Data,submitted,false,69455,2005,1,,66,1848051.7,4350600.1,0,0,,89.2,140.3,92.8,142.8,474.5,6.8,3,6198652,fuel_sum,6198651.8,6195386,1.000527,true
118700,2022,"Home Depot, #1986 47th & Western",4555 S Western Blvd,60609,NEW CITY,61,Retail Store,Submitted Data,submitted,false,103699,2005,1,,68,3565577.9,5817575.5,0,0,,90.5,155.2,93.6,156.7,778.6,7.5,4,9383153,fuel_sum,9383153.4,9384760,0.999829,true
118737,2022,"Target, Chicago Peterson Ave (2079)",2112 W Peterson Ave,60659,WEST RIDGE,2,Retail Store,Submitted Data,submitted,false,408694,2006,1,,66,8180055.4,6584200.3,0,0,,92.2,186.2,93.8,186.4,1427.1,8.9,3,14764256,fuel_sum,14764255.7,37681587,0.391816,false
118776,2022,Gleacher Center,450 N Cityfront Plz,60611,NEAR NORTH SIDE,8,College/University,Submitted Data,submitted,false,244177,1993,1,,,13196650.2,805000,0,0,,65.2,176.1,64.6,174.3,1780.9,8.3,2,14001650,fuel_sum,14001650.2,15920340,0.879482,false
118831,2022,10725-Bucktown,2140 N Elston Ave,60614,LOGAN SQUARE,22,Multifamily Housing,Submitted Data,submitted,false,345675,2021,1,,85,9558815.4,4120248.8,0,0,,43.7,99.3,44.2,99.3,1477.9,4.7,4,13679064,fuel_sum,13679064.2,15105998,0.905539,false
118850,2022,,11045  S WENTWORTH,60628,ROSELAND,49,Multifamily Housing,Submitted Data,submitted,false,68500,2005,1,,25,1978286.3,3448942.8,0,0,,84.3,138.8,85.2,136.7,443.8,6.5,1,5427229,fuel_sum,5427229.1,5774550,0.939853,false
118872,2022,,2630 N NARRAGANSETT AVE,60639,BELMONT CRAGIN,19,Wholesale Club/Supercenter,Submitted Data,submitted,false,280130,2005,1,,80,4826092.6,3998699.9,0,0,,63.7,127.9,63.7,125.8,848.1,6.1,4,8824793,fuel_sum,8824792.5,17844281,0.494545,false
118892,2022,Parc Chestnut Condominium Association,849 N Franklin St,60610,NEAR NORTH SIDE,8,Multifamily Housing,Submitted Data,submitted,false,490568,2006,1,,52,11697007.2,17799778.3,0,0,,77.7,135.5,79.2,134.3,2486.1,6.5,3.5,29496786,fuel_sum,29496785.5,38117134,0.773846,false
118998,2022,,3845  S STATE ST,60609,DOUGLAS,35,,Not Submitted,not_submitted,false,114528,,,,,,,,,,,,,,,,0,,,,,,
119039,2022,Churchview Manors and Churview supportive Living,2626 2644 W 63RD ST,60629,CHICAGO LAWN,66,Senior Living Community,Submitted Data,submitted,false,74185,2004,1,,25,2192672.5,6039580,0,0,,122.2,185.2,127.2,190.5,609.6,9,1,8232253,fuel_sum,8232252.5,9065407,0.908095,false
119055,2022,"Target, Chicago Brickyard (1924)",6525 W Diversey Ave,60707,BELMONT CRAGIN,19,Retail Store,Submitted Data,submitted,false,343934,2004,1,,73,6654952.2,3812199.8,0,0,,74.8,161.8,74.5,159.6,1079,7.7,3.5,10467152,fuel_sum,10467152,25726263,0.406866,false
119071,2022,"Target, Chicago South Loop (1889)",1154 S Clark St,60605,LOOP,32,Retail Store,Submitted Data,submitted,false,345933,2004,1,,61,10935411.9,4780899.9,0,0,,88,199.5,87.9,197.5,1694.3,9.5,3,15716312,fuel_sum,15716311.8,30442104,0.516269,false
119128,2022,440 N Wells St,440 N Wells St,60654,NEAR NORTH SIDE,8,Office,Submitted Data,submitted,false,112671,1905,1,,66,4357205.6,4497950.1,0,0,,78.6,150.2,81.2,151.8,812.8,7.2,3,8855156,fuel_sum,8855155.7,8855941,0.999911,true
119215,2022,919 S California Ave,919 S California Ave,60612,EAST GARFIELD PARK,27,Other,Submitted Data,submitted,false,85000,2002,1,,,5493764.2,3108966.4,0,0,,101.2,219.4,102.1,218.9,888.7,10.5,1,8602731,fuel_sum,8602730.6,8602000,1.000085,true
119223,2022,"Home Depot, #1980 Kimball & Addiston",3500 N Kimball Ave,60618,AVONDALE,21,Retail Store,Submitted Data,submitted,false,109634,2003,1,,58,3679508.1,8112153.8,0,0,,107.6,171.7,111.5,174.2,915.5,8.4,2.5,11791662,fuel_sum,11791661.9,11796618,0.99958,true
119238,2022,"Jewel Osco, 03349-Narragansett & Diversey",2520 N Narragansett Ave,60639,BELMONT CRAGIN,19,Supermarket/Grocery Store,Submitted Data,submitted,false,64285,2004,1,,83,8486787,2247499.9,0,0,,167,406.4,167.8,403.7,1237.2,19.2,4,10734287,fuel_sum,10734286.9,10735595,0.999878,true
119269,2022,1101 W. LAKE STREET CONDOMINIUM,1101 W LAKE ST,60607,NEAR WEST SIDE,28,,Not Submitted,not_submitted,false,64800,,,,,,,,,,,,,,,,0,,,,,,
119323,2022,#1976 Lincoln Park,2647 2679 N Halsted St,60614,LINCOLN PARK,7,Retail Store,Submitted Data,submitted,false,80069,2003,1,,34,6081738.4,969804.3,0,0,,88.1,225.4,87,221.4,852.6,10.6,1.5,7051543,fuel_sum,7051542.7,7054079,0.99964,true
119347,2022,,2101 S WABASH AVE,60616,NEAR SOUTH SIDE,33,Multifamily Housing,Submitted Data,submitted,false,31672,1900,1,,4,1404358.7,2270764.5,0,0,,116,199.4,118.4,200.6,305.6,9.6,1,3675123,fuel_sum,3675123.2,3673952,1.000319,true
119349,2022,Pete's Pulaski,4343 S Pulaski Rd,60632,ARCHER HEIGHTS,57,Supermarket/Grocery Store,Submitted Data,submitted,false,56000,2003,,,21,10716888.2,8615851.4,0,0,,345.2,697.4,351.9,704.4,1869.2,33.4,1,19332740,fuel_sum,19332739.6,19331200,1.00008,true
119387,2022,Westside Research Office Building (WROB),1747 W ROOSEVELT RD,60608,NEAR WEST SIDE,28,Office,Submitted Data,submitted,false,155174,2004,1,,51,7901297.9,7718430.2,0,0,,100.7,194.8,100.7,194.8,1070.1,6.9,2.5,15619728,fuel_sum,15619728.1,15626022,0.999597,true
119405,2022,,226 W ONTARIO ST,60654,NEAR NORTH SIDE,8,,Not Submitted,not_submitted,false,57600,,,,,,,,,,,,,,,,0,,,,,,
119419,2022,Haugan Middle (Aspira Charter),3729 W Leland Ave,60625,ALBANY PARK,14,,Not Submitted,not_submitted,false,123665,,,,,,,,,,,,,,,,0,,,,,,
119422,2022,"939 North Avenue Collection,LLC",913 949 W North Ave,60642,NEAR NORTH SIDE,8,Mixed Use Property,Submitted Data,submitted,true,341451,2002,1,,,16528169.9,0,0,0,,75.2,210.7,76.2,213.4,2177,9.9,,16528170,fuel_sum,16528169.9,25677115,0.643693,false
119450,2022,"Target,  Chicago Near North (0942)",2656 N Elston Ave,60647,LOGAN SQUARE,22,Retail Store,Submitted Data,submitted,false,513257,1994,1,,71,9396947.8,9221900.2,0,0,,100.6,194.6,103.4,195.3,1727.5,9.3,3.5,18618848,fuel_sum,18618848,51633654,0.360595,false
119504,2022,,1201 W ADAMS ST,60607,NEAR WEST SIDE,28,Multifamily Housing,Submitted Data,submitted,false,120000,2001,1,,47,3678133.9,3944764.5,0,0,,90.7,171.9,90.3,168.3,694,8.3,3,7622898,fuel_sum,7622898.4,10884000,0.700377,false
119552,2022,"Jewel Osco, 03344-Roosevelt & Ashland",1220 S Ashland Ave,60608,NEAR WEST SIDE,28,Supermarket/Grocery Store,Submitted Data,submitted,false,63407,2002,1,,77,7606477.7,2334600,0,0,,156.8,374.6,158.1,373.4,1125.9,17.8,4,9941078,fuel_sum,9941077.7,9942218,0.999885,true
119564,2022,Plaza Arms,501 525 N CENTRAL AVE,60644,AUSTIN,25,,Not Submitted,not_submitted,false,110200,,,,,,,,,,,,,,,,0,,,,,,
119609,2022,,700 N SACRAMENTO BLVD,60612,HUMBOLDT PARK,23,,Not Submitted,not_submitted,false,149585,,,,,,,,,,,,,,,,0,,,,,,
119629,2022,Costco,2746 N Clybourn Ave,60614,LINCOLN PARK,7,Supermarket/Grocery Store,Submitted Data,submitted,false,142374,2001,1,,72,14440635.5,14692810.1,0,0,,204.6,392.4,210.7,395.7,2682.4,18.8,3.5,29133446,fuel_sum,29133445.6,29129720,1.000128,true
119676,2022,"Home Depot, #1974 Cicero & Armitage",1919 N Cicero Ave,60639,BELMONT CRAGIN,19,Retail Store,Submitted Data,submitted,false,118221,2003,1,,47,4381682.8,8507308.8,0,0,,109,179.3,113.4,181.5,1029,8.7,2,12888992,fuel_sum,12888991.6,12886089,1.000225,true
119685,2022,,216  E ONTARIO ST,60611,NEAR NORTH SIDE,8,Hotel,Submitted Data,submitted,false,89000,2001,1,,11,5917995.9,2817806.5,0,0,,98.2,219.4,97.4,217.3,929.2,10.4,1,8735802,fuel_sum,8735802.4,8739800,0.999543,true
119689,2022,303 Erie Partners,303 W Erie St,60654,NEAR NORTH SIDE,8,Office,Submitted Data,submitted,true,63000,1900,1,,,3774803,0,0,0,,59.9,167.8,60.6,169.7,497.2,7.9,,3774803,fuel_sum,3774803,3773700,1.000292,true
119757,2022,"Target, Chicago South Pulaski (1879)",4433 S Pulaski Rd,60632,ARCHER HEIGHTS,57,Retail Store,Submitted Data,submitted,false,276899,2004,1,,60,6317259.8,4925000,0,0,,92.9,189,94.3,187.7,1093.7,9,2.5,11242260,fuel_sum,11242259.8,25723917,0.437035,false
119758,2022,"Jewel Osco, 03721-Archer & Austin",6107 S Archer Ave,60638,GARFIELD RIDGE,56,Supermarket/Grocery Store,Submitted Data,submitted,false,50111,2002,1,,80,7016668.6,2438500.1,0,0,,188.7,443.2,190.6,442.2,1053.7,21,4,9455169,fuel_sum,9455168.7,9455946,0.999918,true
119799,2022,Lowes Home Improvement,7971 S CICERO AVE,60652,ASHBURN,70,Wholesale Club/Supercenter,Submitted Data,submitted,false,282259,2009,1,,90,3914087.9,3491887.1,0,0,,54.5,107.7,54.9,106.5,701,5.2,4,7405975,fuel_sum,7405975,15383116,0.481435,false
119808,2022,McGowan South,1110 W Belden,60614,LINCOLN PARK,7,College/University,Submitted Data,submitted,false,127900,2008,1,,,8973304.1,12500368.4,0,0,,167.9,299.1,168.2,294.9,1845.9,14.4,1,21473673,fuel_sum,21473672.5,21474410,0.999966,true
119885,2022,,1050  W 79TH ST,60620,AUBURN GRESHAM,71,Senior Living Community,Submitted Data,submitted,false,60500,2005,1,,47,2355133,2446700,0,0,,79.4,151.5,81.5,152,440.2,7.3,3,4801833,fuel_sum,4801833,4803700,0.999611,true
119914,2022,,8411 S HOLLAND RD,60620,CHATHAM,44,Wholesale Club/Supercenter,Submitted Data,submitted,false,311406,2007,1,,84,4269924.1,4955276.3,0,0,,67,124.6,68.8,126.5,825.6,6,4,9225200,fuel_sum,9225200.4,20864202,0.442154,false
119987,2022,70800552 -- Chicago,7030 S Ashland Ave,60636,WEST ENGLEWOOD,67,,Not Submitted,not_submitted,false,63284,,,,,,,,,,,,,,,,0,,,,,,
120010,2022,Park Community Church,1001 N Crosby,60610,NEAR NORTH SIDE,8,,Not Submitted,not_submitted,false,64700,,,,,,,,,,,,,,,,0,,,,,,
120015,2022,Chicago Indoor Sports,3900 S Ashland Ave,60609,NEW CITY,61,,Not Submitted,not_submitted,false,341000,,,,,,,,,,,,,,,,0,,,,,,
120083,2022,"Target, Chicago McKinley Park (2078)",1940 W 33rd St,60608,MCKINLEY PARK,59,Retail Store,Submitted Data,submitted,false,422708,2006,1,,75,6573965.4,3896600.2,0,0,,75.3,161.8,76.5,161.2,1072.9,7.7,3.5,10470566,fuel_sum,10470565.6,31829912,0.328954,false
120137,2022,"Home Depot, #1950 Chicago South Loop",1300 S Clinton St,60607,NEAR WEST SIDE,28,Retail Store,Submitted Data,submitted,false,107122,2007,1,,35,8172149.9,1565692.4,0,0,,90.9,229,93.2,234.3,1159.5,10.8,1.5,9737842,fuel_sum,9737842.3,9737390,1.000046,true
120218,2022,Walmart Supercenter #5402,4650 W North Ave,60639,AUSTIN,25,,Not Submitted,not_submitted,false,141676,,,,,,,,,,,,,,,,0,,,,,,
120267,2022,Pete's Madison,2333 W Madison,60612,NEAR WEST SIDE,28,Supermarket/Grocery Store,Submitted Data,submitted,false,66000,2013,,,29,11169349.3,10089445.8,0,0,,322.1,634.4,324.6,632.1,2007.1,30.4,1,21258795,fuel_sum,21258795.1,21258600,1.000009,true
120299,2022,8516-Bucktown,2112 N ASHLAND AVE,60614,LOGAN SQUARE,22,,Not Submitted,not_submitted,false,80033,,,,,,,,,,,,,,,,0,,,,,,
120324,2022,Ravenswood Station,1800 W LAWRENCE AVE,60640,LINCOLN SQUARE,4,Supermarket/Grocery Store,Submitted Data,submitted,true,231118,2014,1,,,17575536.8,24332790.3,0,0,,280.5,500.4,280.5,500.4,3607.4,24.1,,41908327,fuel_sum,41908327.1,64828599,0.646448,false
120343,2022,,5101 5115 N SHERIDAN RD,60640,UPTOWN,3,Multifamily Housing,Submitted Data,submitted,false,209520,1951,1,,92,2633691.4,10032637.3,0,0,,60.5,85.5,62.7,87.9,879.8,4.2,4,12666329,fuel_sum,12666328.7,12675960,0.99924,true
120344,2022,4043 N Ravenswood Ave,4043 N Ravenswood Ave,60613,LAKE VIEW,6,Other,Submitted Data,submitted,false,90000,1910,1,,,1383762.9,3082925,0,0,,49.6,79,51.2,80.7,346,3.8,3,4466688,fuel_sum,4466687.9,4464000,1.000602,true
120347,2022,,1033 W VAN BUREN ST,60607,NEAR WEST SIDE,28,,Not Submitted,not_submitted,false,82712,,,,,,,,,,,,,,,,0,,,,,,
120445,2022,1 - 15 E Oak St,1 - 15 E Oak St,60611,NEAR NORTH SIDE,8,Retail Store,Exempt,exempt,true,94700,2009,1,,,,,0,0,,,,,,,,,,,0,,,
120503,2022,1040 W Randolph St,1040 W Randolph St,60607,NEAR WEST SIDE,28,Office,Submitted Data,submitted,false,75060,1932,1,,51,2208614.9,1243614.7,0,0,,62.2,135,63.3,136.1,357,6.4,2.5,3452230,fuel_sum,3452229.6,4668732,0.739436,false
120518,2022,,3500  S GILES AVE,60653,DOUGLAS,35,Residential Care Facility,Submitted Data,submitted,false,70455,1974,1,,,2550307.7,7059803.7,0,0,,136.4,206.6,139.6,206.5,710.9,10.1,3,9610111,fuel_sum,9610111.4,9610062,1.000005,true
120614,2022,Gateway to West Loop,16 - 40 S Halsted St,60661,NEAR WEST SIDE,28,Supermarket/Grocery Store,Submitted Data,submitted,false,193862,2012,1,,60,13297966.7,6096081.7,0,0,,202.3,455.2,204,457,2075.3,21.6,2.5,19394048,fuel_sum,19394048.4,39218283,0.494515,false
120624,2022,2641 W Harrison St,2641 W Harrison St,60612,EAST GARFIELD PARK,27,Other,Submitted Data,submitted,false,55754,2007,1,,,4013402.8,3453002.6,0,0,,133.9,266.6,136.8,269.6,712,12.8,1,7466405,fuel_sum,7466405.4,7465461,1.000126,true
120631,2022,New Supportive Living Center,4707 S. Marshfield Ave.,60609,NEW CITY,61,,Not Submitted,not_submitted,false,104550,,,,,,,,,,,,,,,,0,,,,,,
120830,2022,Astoria Place,6300  N CALIFORNIA AVE,60659,WEST RIDGE,2,,Not Submitted,not_submitted,false,51828,,,,,,,,,,,,,,,,0,,,,,,
120876,2022,224 N Desplaines St,224 N Desplaines St,60661,NEAR WEST SIDE,28,,Not Submitted,not_submitted,false,77760,,,,,,,,,,,,,,,,0,,,,,,
120931,2022,,10 S STATE ST,60603,LOOP,32,Retail Store,Submitted Data,submitted,false,56109,1970,1,,,1562247,0,0,0,,27.8,78,27.8,78,205.8,3.7,3,1562247,fuel_sum,1562247,1559830,1.00155,true
120965,2022,8512-South Loop (16th & Clark),1615 S Clark St,60616,NEAR SOUTH SIDE,33,,Not Submitted,not_submitted,false,61872,,,,,,,,,,,,,,,,0,,,,,,
121038,2022,Sherman Plaza,163 W 87th St,60620,CHATHAM,44,,Not Submitted,not_submitted,false,187780,,,,,,,,,,,,,,,,0,,,,,,
121043,2022,209 W Jackson Blvd,209 W Jackson Blvd,60606,LOOP,32,Office,Submitted Data,submitted,false,164000,1897,1,,68,6598004.2,6040211,0,0,,77.1,151.3,77.8,150.7,1189.9,7.3,3,12638215,fuel_sum,12638215.2,12644400,0.999511,true
121059,2022,Center on Halsted,3656 N Halsted St,60613,LAKE VIEW,6,Mixed Use Property,Submitted Data,submitted,false,175000,2007,1,,26,13642091.1,10136490.2,0,0,,229.4,471.3,233.9,476,2335.3,22.5,1,23778581,fuel_sum,23778581.3,40145000,0.592317,false
121093,2022,#1107 Chicago South Loop,1430 S Ashland Ave,60608,NEAR WEST SIDE,28,Supermarket/Grocery Store,Submitted Data,submitted,false,156788,2012,1,,84,13946560.4,12616250.3,0,0,,169.4,333.6,173.7,335.5,2507.1,16,4,26562811,fuel_sum,26562810.7,26559887,1.00011,true
121102,2022,Lakeview Medical Campus LLC,1333 W Belmont Ave,60657,LAKE VIEW,6,Medical Office,Submitted Data,submitted,false,73125,2011,1,,20,6843368.5,8914,0,0,,128.3,359,128.3,359,901.8,16.9,1,6852283,fuel_sum,6852282.5,9381938,0.73037,false
121212,2022,Village Market,333 E Benton PL,60601,LOOP,32,Enclosed Mall,Submitted Data,submitted,false,104652,2011,1,,,2487159.8,11052518.7,0,0,,129.4,177.4,130.6,178.7,914.6,8.7,2,13539679,fuel_sum,13539678.5,13541969,0.999831,true
121222,2022,,4500  N WINCHESTER AVE,60640,LINCOLN SQUARE,4,Multifamily Housing,Submitted Data,submitted,false,81094,1968,1,,8,2541463.6,8721718.3,0,0,,138.9,200.7,146.9,207.2,798,9.8,1,11263182,fuel_sum,11263181.9,11263957,0.999931,true
121264,2022,Chicago Theological Seminary,1407 E 60th St,60637,WOODLAWN,42,College/University,Submitted Data,submitted,false,80489,2011,1,,,2321395.2,27533,4195895.2,1587240,,101,161.8,101.3,162.5,669.5,8.3,4,8132063,fuel_sum,8132063.4,8129389,1.000329,true
121286,2022,Chicago Sports Complex,2600 W 35TH ST,60632,BRIGHTON PARK,58,,Not Submitted,not_submitted,false,819600,,,,,,,,,,,,,,,,0,,,,,,
121355,2022,Mercedes Benz of Chicago,1520 W North Ave,60642,WEST TOWN,24,,Not Submitted,not_submitted,false,54800,,,,,,,,,,,,,,,,0,,,,,,
121374,2022,8522-Edgewater,5201 Sheridan Rd,60640,EDGEWATER,77,,Not Submitted,not_submitted,false,55129,,,,,,,,,,,,,,,,0,,,,,,
121587,2022,,1550  S INDIANA AVE,60605,NEAR SOUTH SIDE,33,Mixed Use Property,Submitted Data,submitted,true,105200,1910,1,,,1503348.6,2704228.4,0,0,,46.8,78.3,47.4,78,341.6,3.8,,4207577,fuel_sum,4207577,4923360,0.854615,false
121761,2022,"Home Depot, #1903 Brickyard",2555 N Normandy Ave,60707,MONTCLARE,18,Retail Store,Submitted Data,submitted,false,138082,1995,1,,54,5246245.7,9016132.1,0,0,,103.3,174.9,105.3,174.7,1169.9,8.5,2.5,14262378,fuel_sum,14262377.8,14263871,0.999895,true
121774,2022,"Home Depot, #1912 North Ave",1232 W North Ave,60642,WEST TOWN,24,Retail Store,Submitted Data,submitted,false,167560,1996,1,,63,5557328,10927294.6,0,0,,98.4,161.3,102.2,162.7,1312.4,7.8,3,16484623,fuel_sum,16484622.6,16487904,0.999801,true
122005,2022,"Jewel Osco, 03170-Pulaski & 55th St",5320 S Pulaski Rd,60632,WEST ELSDON,62,Supermarket/Grocery Store,Submitted Data,submitted,false,71923,1973,1,,80,8736330.6,3720200,0,0,,173.2,394.4,174.4,391.4,1348.3,18.7,4,12456531,fuel_sum,12456530.6,12457064,0.999957,true
122919,2022,03241-Paulina & Division,1341 N Paulina St,60622,WEST TOWN,24,Retail Store,Submitted Data,submitted,false,52424,1990,1,,26,8012164.6,4459611.7,0,0,,237.9,517.3,239.3,513.8,1292.2,24.6,1,12471776,fuel_sum,12471776.3,12471670,1.000008,true
123202,2022,,1936 N Clark,60614,LINCOLN PARK,7,Multifamily Housing,Submitted Data,submitted,false,176144,1932,1,,75,3597309.1,9733510.1,0,0,,75.7,115.2,76.8,115,990.8,5.6,3.5,13330819,fuel_sum,13330819.2,13334101,0.999754,true
123973,2022,Dream Town,4032 W Madison St,60624,WEST GARFIELD PARK,26,,Not Submitted,not_submitted,false,87000,,,,,,,,,,,,,,,,0,,,,,,
124019,2022,Jewel Food Store,4734 N Cumberland Ave,60656,OHARE,76,Supermarket/Grocery Store,Submitted Data,submitted,false,52748,1965,1,,74,5893991.2,5543199.9,0,0,,216.8,423.2,219.4,423.5,1070.7,20.3,3.5,11437191,fuel_sum,11437191.1,11435766,1.000125,true
124056,2022,,211 223 S STATE ST,60604,LOOP,32,,Not Submitted,not_submitted,false,152025,,,,,,,,,,,,,,,,0,,,,,,
124139,2022,,2303  N CLYBOURN AVE,60614,LINCOLN PARK,7,Multifamily Housing,Submitted Data,submitted,false,141982,1981,5,,7,9227860.8,5623640.8,0,0,,104.6,223.6,108.1,229.5,1514.1,10.7,1,14851502,fuel_sum,14851501.6,14851317,1.000012,true
124236,2022,830 N Michigan Ave,830 N Michigan Ave,60611,NEAR NORTH SIDE,8,Office,Submitted Data,submitted,false,126000,2002,1,,,1580774,0,0,0,,12.5,35.1,12.5,35.1,208.2,1.7,4,1580774,fuel_sum,1580774,1575000,1.003666,true
124308,2022,Walmart Supercenter #5965,10900 S Doty Ave,60628,PULLMAN,50,,Not Submitted,not_submitted,false,155765,,,,,,,,,,,,,,,,0,,,,,,
124312,2022,Elston Plaza,5033 N Elston Ave,60630,ALBANY PARK,14,,Not Submitted,not_submitted,false,86894,,,,,,,,,,,,,,,,0,,,,,,
124456,2022,,4901 4917 W IRVINGPARK RD,60641,PORTAGE PARK,15,,Not Submitted,not_submitted,false,54000,,,,,,,,,,,,,,,,0,,,,,,
124699,2022,The Van Buren Building,210 214 W VANBUREN ST,60607,LOOP,32,,Not Submitted,not_submitted,false,82592,,,,,,,,,,,,,,,,0,,,,,,
124911,2022,Point at Clark,3131 N Clark St,60657,LAKE VIEW,6,Strip Mall,Submitted Data,submitted,false,157490,1995,1,,,8115492.6,0,0,0,,89.7,251.2,91.4,256,1068.9,11.8,2,8115493,fuel_sum,8115492.6,14126853,0.574473,false
124961,2022,,2769 2789 N MILWAUKEE AVE,60647,LOGAN SQUARE,22,Multifamily Housing,Submitted Data,submitted,false,50000,1920,1,,,1213522.1,4366789.2,0,0,,111.6,159.7,116.8,162.6,391.8,7.8,3,5580311,fuel_sum,5580311.3,5580000,1.000056,true
125013,2022,,122 160 W 79TH ST,60620,GREATER GRAND CROSSING,69,,Not Submitted,not_submitted,false,193200,,,,,,,,,,,,,,,,0,,,,,,
125048,2022,218 South Wabash Building,218 S Wabash Av,60604,LOOP,32,Office,Submitted Data,submitted,false,111550,1900,1,,,,0,0,0,,,,,,,,0,,,0,,,
125148,2022,Shop & Save Market - Archer,5829 S Archer Ave,60638,GARFIELD RIDGE,56,,Not Submitted,not_submitted,false,67169,,,,,,,,,,,,,,,,0,,,,,,
125204,2022,Reside on Morse,1340  W MORSE AVE,60626,ROGERS PARK,1,Multifamily Housing,Submitted Data,submitted,false,62088,1967,2,,46,1661671.1,5625168.7,0,0,,117.4,170.1,120.4,171.9,517.6,8.3,2,7286840,fuel_sum,7286839.8,7289131,0.999686,true
125235,2022,8527-Ukrainian Village,2021 W Chicago Ave,60622,WEST TOWN,24,,Not Submitted,not_submitted,false,54963,,,,,,,,,,,,,,,,0,,,,,,
125543,2022,,6103 N LINCOLN AVE,60659,NORTH PARK,13,,Not Submitted,not_submitted,false,54435,,,,,,,,,,,,,,,,0,,,,,,
125763,2022,Kmart,7050 S Pulaski Rd,60629,WEST LAWN,65,,Exempt,exempt,true,96268,,,,,,,,,,,,,,,,,,,,,,
125766,2022,,11414 S HALSTED ST,60628,MORGAN PARK,75,,Exempt,exempt,true,67797,,,,,,,,,,,,,,,,,,,,,,
125859,2022,730 N Michigan Ave,730 N Michigan Ave,60611,NEAR NORTH SIDE,8,Other - Mall,Submitted Data,submitted,false,228000,1997,1,,,21125142.5,6217284.5,0,0,,119.9,288.1,119.9,288.1,3112.7,13.7,2,27342427,fuel_sum,27342427,27337200,1.000191,true
126126,2022,Pete's Kedgie,4700 S Kedzie Ave,60632,BRIGHTON PARK,58,Supermarket/Grocery Store,Submitted Data,submitted,false,104000,1990,,,42,8663466.8,5724138.7,0,0,,266.4,560.5,269.9,559.6,1445.1,26.8,2,14387606,fuel_sum,14387605.5,27705600,0.519303,false
126141,2022,,839 W 79TH ST,60620,AUBURN GRESHAM,71,,Not Submitted,not_submitted,false,67068,,,,,,,,,,,,,,,,0,,,,,,
126258,2022,Belmont and Central; A&G Fresh Market,5630 W Belmont Ave,60634,PORTAGE PARK,15,,Not Submitted,not_submitted,false,92000,,,,,,,,,,,,,,,,0,,,,,,
126411,2022,Jenel Management Corp,25 E Oak St,60611,NEAR NORTH SIDE,8,,Not Submitted,not_submitted,false,51000,,,,,,,,,,,,,,,,0,,,,,,
127031,2022,Jewel Osco,424 W DIVISION ST,60610,NEAR NORTH SIDE,8,Supermarket/Grocery Store,Submitted Data,submitted,false,66570,2013,1,,53,9863618,3353900,0,0,,198.6,467.8,199.7,463.8,1477.3,22.2,2.5,13217518,fuel_sum,13217518,13220802,0.999752,true
127047,2022,Wilson 669 North Michigan Avenue LLC,669 N Michigan Ave,60611,NEAR NORTH SIDE,8,,Not Submitted,not_submitted,false,148755,,,,,,,,,,,,,,,,0,,,,,,
127068,2022,Halsted Plaza,801- 831 W 119th St.,60643,WEST PULLMAN,53,Strip Mall,Submitted Data,submitted,false,176613,1964,1,,,1306079.9,1592762.4,0,0,,48.4,89.1,49.5,90.2,256.6,4.3,2,2898842,fuel_sum,2898842.3,8548069,0.339122,false
127079,2022,GAP - 1454 - STATE STREET,35 N State St,60602,LOOP,32,Retail Store,Submitted Data,submitted,false,60000,1998,1,,26,3560026.3,2495642.4,0,0,,100.9,209.8,99.5,205.8,601.5,10,1,6055669,fuel_sum,6055668.7,6054000,1.000276,true
127778,2022,Ridge Place Apartments,7115 7129 N RIDGE BLVD,60645,ROGERS PARK,1,Multifamily Housing,Submitted Data,submitted,false,51524,1960,1,,,492296.9,3579700.1,0,0,,79,99.7,81.1,101.2,255,4.9,3,4071997,fuel_sum,4071997,4070396,1.000393,true
127877,2022,Howard & Western Shopping Center,7510 - 7578 N Western Ave,60645,WEST RIDGE,2,Strip Mall,Submitted Data,submitted,false,69338,1957,1,,,3239335.7,1024563.6,0,0,,61.5,146.3,62.2,147.1,481.1,6.9,3,4263899,fuel_sum,4263899.3,4264287,0.999909,true
127990,2022,California Gardens Rehabilitation Center,2829 S CALIFORNIA BLVD,60608,SOUTH LAWNDALE,30,Senior Living Community,Submitted Data,submitted,false,103076,1977,1,,21,4118427.6,10428719.9,0,0,,199.7,308.6,204.8,310.2,1096.4,15.1,2,14547148,fuel_sum,14547147.5,20584277,0.706712,false
128007,2022,,7248 7256 N WESTERN AVE,60645,WEST RIDGE,2,,Not Submitted,not_submitted,false,58712,,,,,,,,,,,,,,,,0,,,,,,
128088,2022,,5061  N PULASKI RD,60630,ALBANY PARK,14,,Submitted Data,submitted,false,100000,,,,,,,,,,,,,,,,0,,,,,,
128170,2022,,1301 1311 W FLETCHER ST,60657,LAKE VIEW,6,Multifamily Housing,Submitted Data,submitted,false,66500,1898,1,,37,1464661.1,4199315.2,0,0,,93.6,140.7,91.7,135.3,428,7.1,2.5,5663976,fuel_sum,5663976.3,6224400,0.909963,false
128243,2022,,4909 W DIVISION ST,60651,AUSTIN,25,,Not Submitted,not_submitted,false,88336,,,,,,,,,,,,,,,,0,,,,,,
128292,2022,Dunning Square,6408 - 6450 W Irving Park Rd,60634,DUNNING,17,Strip Mall,Submitted Data,submitted,false,278429,1963,1,,,17259847.1,7372836,0,0,,191.8,436.6,191.3,431.7,2665,20.8,1,24632683,fuel_sum,24632683.1,53402682,0.461263,false
128321,2022,,2315  W LEMOYNE ST,60622,WEST TOWN,24,,Not Submitted,not_submitted,false,76497,,,,,,,,,,,,,,,,0,,,,,,
128724,2022,Broadview Hall,5540  S HYDE PARK BLVD,60637,HYDE PARK,41,Multifamily Housing,Submitted Data,submitted,false,48700,1926,1,,67,1611275.6,6421496.6,0,0,,164.9,231.1,170.7,237.1,553.3,11.4,3,8032772,fuel_sum,8032772.2,8030630,1.000267,true
128798,2022,MacLean Center,112 S Michigan Ave,60603,LOOP,32,,Not Submitted,not_submitted,false,237256,,,,,,,,,,,,,,,,0,,,,,,
128800,2022,Lurie Children's Faculty Office Building,155 E Superior St,60611,NEAR NORTH SIDE,8,Office,Submitted Data,submitted,false,82717,1917,1,,35,5700670.4,6747599.7,0,0,,150.5,278.6,152.5,278.5,1109.3,13.4,1.5,12448270,fuel_sum,12448270.1,12448909,0.999949,true
128870,2022,Former Sears store,1334 E 79TH ST,60619,AVALON PARK,45,,Not Submitted,not_submitted,false,70887,,,,,,,,,,,,,,,,0,,,,,,
128905,2022,,2026  N CLARK ST,60614,LINCOLN PARK,7,Residential Care Facility,Submitted Data,submitted,false,61757,1928,1,,,2281556.6,9284900.2,0,0,,187.3,261.3,196.4,267.7,793.7,12.9,1,11566457,fuel_sum,11566456.8,11567086,0.999946,true
128978,2022,"Woodbridge Nursing Pavilion, Ltd",2242 N Kedzie Blvd,60647,LOGAN SQUARE,22,,Not Submitted,not_submitted,false,56000,,,,,,,,,,,,,,,,0,,,,,,
129245,2022,Mill Works,2011 2023 W BELMONT AVE,60618,NORTH CENTER,5,,Not Submitted,not_submitted,false,62664,,,,,,,,,,,,,,,,0,,,,,,
129303,2022,"Jewel Osco, 03441-Ashland & Wellington",2940 N Ashland Ave,60657,LAKE VIEW,6,Supermarket/Grocery Store,Submitted Data,submitted,false,74182,1982,1,,77,9955587.9,2476400,0,0,,167.6,410.8,168.2,408.2,1442.8,19.4,4,12431988,fuel_sum,12431987.9,12432903,0.999926,true
129344,2022,,2300 2308 W DIVERSEY AVE,60647,LOGAN SQUARE,22,,Submitted Data,submitted,false,60000,,,,,,,,,,,,,,,,0,,,,,,
129398,2022,Webster Place Shopping Center,1435 - 1471 W Webster Ave,60614,LINCOLN PARK,7,Movie Theater,Submitted Data,submitted,false,49428,1988,1,,,3368971.5,6091213.1,0,0,,191.4,320.2,191.7,314.2,767.3,15.5,1,9460185,fuel_sum,9460184.6,9460519,0.999965,true
129459,2022,Stanley Manne Children's Research Institute,2430 N Halsted St,60614,LINCOLN PARK,7,Laboratory,Submitted Data,submitted,false,150729,1993,1,,,11491674.6,17459237.1,0,0,,231.4,403.7,237.9,410.5,2441,19.5,3,28950912,fuel_sum,28950911.7,34878691,0.830046,false
129621,2022,Chalet Living and Rehab,7350 7352 N SHERIDAN RD,60626,ROGERS PARK,1,,Not Submitted,not_submitted,false,77004,,,,,,,,,,,,,,,,0,,,,,,
129652,2022,,1247 1249 W MADISON ST,60607,NEAR WEST SIDE,28,Multifamily Housing,Submitted Data,submitted,false,158777,2016,1,,99,2157578.3,2946056.4,0,0,,32.6,58.4,33.3,58.3,440.7,2.8,4,5103635,fuel_sum,5103634.7,5176130,0.985994,true
129735,2022,Villa at Windsor Park,2649 E 75th St,60649,SOUTH SHORE,43,Senior Living Community,Submitted Data,submitted,false,97826,1998,1,,19,5125585.1,9567180.1,0,0,,150.2,249.4,150.5,246.4,1183.3,12.1,1,14692765,fuel_sum,14692765.2,14693465,0.999952,true
129920,2022,The Thompson Building,350 N Clark St,60654,NEAR NORTH SIDE,8,Office,Submitted Data,submitted,false,111033,1912,1,,43,7678777.8,2672800.1,0,0,,93.2,218.9,92.7,217.1,1153.4,10.4,2,10351578,fuel_sum,10351577.9,10348276,1.000319,true
129963,2022,,2290 S Grove Street,60616,ARMOUR SQUARE,34,,Exempt,exempt,true,59412,,,,,,,,,,,,,,,,,,,,,,
130162,2022,Freehand Hotel,19 E OHIO ST,60611,NEAR NORTH SIDE,8,Hotel,Submitted Data,submitted,false,73250,1927,1,,58,3981404.8,4333158.8,0,0,,113.5,214.3,116.1,217,754.6,10.3,2.5,8314564,fuel_sum,8314563.6,8313875,1.000083,true
130168,2022,Garfield Park Behavioral Hospital,520 N Ridgeway Ave,60624,HUMBOLDT PARK,23,Other - Specialty Hospital,Submitted Data,submitted,false,97684,1964,1,,,4176971.8,6203600.1,0,0,,194.2,340.7,198.6,341.4,879.7,16.5,3,10380572,fuel_sum,10380571.9,18970233,0.547203,false
130218,2022,,2430 2458 W GEORGE ST,60618,AVONDALE,21,,Not Submitted,not_submitted,false,82800,,,,,,,,,,,,,,,,0,,,,,,
130379,2022,,444 N WABASH AVE,60611,NEAR NORTH SIDE,8,Office,Submitted Data,submitted,false,57400,1937,1,,48,2615579.9,897162.5,0,0,,61.2,144,62.5,145.4,392.2,6.8,2,3512742,fuel_sum,3512742.4,3512880,0.999961,true
130442,2022,,210 N GREEN ST,60607,NEAR WEST SIDE,28,Office,Submitted Data,submitted,false,92741,1893,1,,93,3290469.8,1741300.2,0,0,,54.3,119.1,55.8,120.7,525.9,5.7,4,5031770,fuel_sum,5031770,5035836,0.999193,true
130453,2022,833 W Jackson Blvd,833 W Jackson Blvd,60607,NEAR WEST SIDE,28,Office,Submitted Data,submitted,false,80449.5,1930,1,,,1715788.1,1074529.8,0,0,,34.7,73.7,35.3,74.3,283.1,3.5,3,2790318,fuel_sum,2790317.9,2791598,0.999541,true
130553,2022,,4700 N MARINE DR,60640,UPTOWN,3,,Not Submitted,not_submitted,false,147835,,,,,,,,,,,,,,,,0,,,,,,
130629,2022,,3510 3524 S WESTERN AVE,60609,MCKINLEY PARK,59,,Not Submitted,not_submitted,false,64320,,,,,,,,,,,,,,,,0,,,,,,
130634,2022,Academy of General Dentistry,560 - 566 W Lake St,60661,NEAR WEST SIDE,28,Office,Submitted Data,submitted,false,113151,1920,1,,69,6055965.9,0,0,0,,53.5,149.9,54.1,151.6,797.7,7,3,6055966,fuel_sum,6055965.9,6053579,1.000394,true
130684,2022,Chicago Medical Training Office,7431 7445 S EAST END AVE,60649,SOUTH SHORE,43,,Not Submitted,not_submitted,false,95492,,,,,,,,,,,,,,,,0,,,,,,
130726,2022,,766 778 W JACKSON BLVD,60661,NEAR WEST SIDE,28,Multifamily Housing,Submitted Data,submitted,false,56000,1885,1,,71,2158482.2,1611846.1,0,0,,67.3,138.1,68.6,140.3,369.9,6.6,3.5,3770328,fuel_sum,3770328.3,3768800,1.000405,true
130758,2022,,651  S WELLS ST,60607,LOOP,32,,Not Submitted,not_submitted,false,99552,,,,,,,,,,,,,,,,0,,,,,,
130882,2022,,832 854 W FULTON MARKET,60607,NEAR WEST SIDE,28,Mixed Use Property,Submitted Data,submitted,true,118639.9,2017,1,,,10711787.7,14868894.5,0,0,,264.9,472.3,269.4,477,2200.7,22.8,,25580682,fuel_sum,25580682.2,31427710,0.813953,false
130949,2022,Life Changers International Church,1337 W 15TH ST,60608,NEAR WEST SIDE,28,,Exempt,exempt,true,81933,,,,,,,,,,,,,,,,,,,,,,
131155,2022,,217 221 N JEFFERSON ST,60661,NEAR WEST SIDE,28,Office,Submitted Data,submitted,false,58044,1938,1,,24,4889277.8,599697,0,0,,94.6,246.7,94.4,246.5,675.8,11.6,1,5488975,fuel_sum,5488974.8,5490962,0.999638,true
131236,2022,CoreSite,427 S LaSalle St,60605,LOOP,32,Data Center,Submitted Data,submitted,false,160000,1919,1,,,139432401,0,0,0,,871.5,2440.1,871.5,2440.1,18365.2,114.8,1,139432401,fuel_sum,139432401,139440000,0.999946,true
131291,2022,29 N Wacker Dr,29 N Wacker Dr,60606,LOOP,32,Office,Submitted Data,submitted,false,149904,1951,1,,70,4536694.1,6586517.6,0,0,,80.9,142.6,82.8,144.7,947.4,6.9,3,11123212,fuel_sum,11123211.7,12127234,0.917209,false
131375,2022,"BAI Century, LLC",2828 N Clark St,60657,LAKE VIEW,6,Enclosed Mall,Submitted Data,submitted,false,174386,1925,1,,,12146496.9,6663048.9,0,0,,107.9,235.1,109.1,236.4,1953.8,11.2,1,18809546,fuel_sum,18809545.8,18816249,0.999644,true
131428,2022,,217 235 W HURON ST,60654,NEAR NORTH SIDE,8,,Not Submitted,not_submitted,false,122173,,,,,,,,,,,,,,,,0,,,,,,
131633,2022,Fulton-Loomis-Carroll Condominium Association,1400 W FULTON ST,60607,NEAR WEST SIDE,28,Office,Submitted Data,submitted,false,62555,1907,1,,88,916419.5,2061264.6,0,0,,47.6,75.6,49.1,77.2,230.2,3.7,4,2977684,fuel_sum,2977684.1,2977618,1.000022,true
131906,2022,,6125  S KENWOOD AVE,60637,WOODLAWN,42,Senior Living Community,Submitted Data,submitted,false,153502,1975,1,,39,3435243.9,10887200,0,0,,111.8,164.3,114.5,165.4,1030.7,8,2.5,14322444,fuel_sum,14322443.9,17161524,0.834567,false
131935,2022,Continental Nursing and Rehabilitation Center,5336 N Western Ave,60625,LINCOLN SQUARE,4,Senior Living Community,Submitted Data,submitted,false,68280,1976,1,,3,2509354.1,9340469.8,0,0,,232.3,330.1,238.6,334.4,826.6,16.2,1,11849824,fuel_sum,11849823.9,15861444,0.747084,false
131999,2022,,646 652 S CLARK ST,60605,LOOP,32,,Not Submitted,not_submitted,false,50400,,,,,,,,,,,,,,,,0,,,,,,
132017,2022,,1300 1310 N DEARBORN ST,60610,NEAR NORTH SIDE,8,,Not Submitted,not_submitted,false,60000,,,,,,,,,,,,,,,,0,,,,,,
132117,2022,Home Depot,200 W 87th St,60620,CHATHAM,44,Retail Store,Submitted Data,submitted,false,103580,1997,1,,52,3886266.8,7944930.9,0,0,,114.2,185.6,118.7,188,933.9,9,2.5,11831198,fuel_sum,11831197.7,11828836,1.0002,true
132118,2022,Community Care Center,4314 S Wabash Ave,60653,GRAND BOULEVARD,38,Senior Living Community,Submitted Data,submitted,false,62700,1969,1,,54,1911702.7,4772400,0,0,,106.8,165.6,108.4,164.4,505.3,8.1,3.5,6684103,fuel_sum,6684102.7,6696360,0.99817,true
132161,2022,,4000 4006 W NORTH AVE,60639,HUMBOLDT PARK,23,,Exempt,exempt,true,51280,,,,,,,,,,,,,,,,,,,,,,
132207,2022,City North 14,2600 N Western Ave,60647,LOGAN SQUARE,22,Movie Theater,Submitted Data,submitted,false,73000,2010,1,,,5678738.2,1154018,0,0,,93.6,234.4,94.9,235.8,809.3,11.1,1,6832756,fuel_sum,6832756.2,6832800,0.999994,true
132278,2022,605 N Michigan Ave,605 N Michigan Ave,60611,NEAR NORTH SIDE,8,Office,Submitted Data,submitted,false,105000,1922,1,,60,6475922,0,0,0,,61.7,172.7,61,170.7,853,8.1,2.5,6475922,fuel_sum,6475922,6478500,0.999602,true
132388,2022,,3913 3959 W MADISON ST,60624,WEST GARFIELD PARK,26,,Not Submitted,not_submitted,false,57100,,,,,,,,,,,,,,,,0,,,,,,
132408,2022,Sheridan Village Nursing and Rehab Center,5838 N SHERIDAN RD,60660,EDGEWATER,77,,Not Submitted,not_submitted,false,74737,,,,,,,,,,,,,,,,0,,,,,,
132435,2022,,1335 1345 W LAKE ST,60607,NEAR WEST SIDE,28,,Not Submitted,not_submitted,false,85200,,,,,,,,,,,,,,,,0,,,,,,
132489,2022,,4537  S DREXEL BLVD,60653,KENWOOD,39,Multifamily Housing,Submitted Data,submitted,false,137130,1920,1,,100,1356083.9,2157161,0,0,,25.6,44.2,24.9,42.2,293.2,2.1,4,3513245,fuel_sum,3513244.9,3510528,1.000774,true
132533,2022,"Elston Industrial lofts, Llc",1737-1747 N Elston Ave,60642,WEST TOWN,24,Mixed Use Property,Submitted Data,submitted,true,108689,1923,1,,,2941163.3,2295090.1,0,0,,62.5,127,63.6,128.2,509.3,6.1,,5236253,fuel_sum,5236253.4,6793063,0.770824,false
132551,2022,"Aunt Martha's Youth Service Center, Inc.",5001 - 5013 S Michigan Ave,60615,GRAND BOULEVARD,38,Other - Services,Submitted Data,submitted,false,60150,1975,1,,,1716519.2,4837300.3,0,0,,109,164.3,112.8,166.8,483,8,2,6553820,fuel_sum,6553819.5,6556350,0.999614,true
132594,2022,McKinley Park Lofts Condominium Association,2319 2333 W PERSHING RD,60609,NEW CITY,61,Multifamily Housing,Submitted Data,submitted,false,261656,1940,1,,95,3302526.2,7368321.5,0,0,,51.3,81.7,51.4,80.3,826.4,4,4,10670848,fuel_sum,10670847.7,13422953,0.79497,false
132798,2022,8501 W Higgins Rd,8501 W Higgins Rd,60631,OHARE,76,Office,Submitted Data,submitted,false,165957,1967,1,,80,10155815.1,0,0,0,,61.2,171.3,61.5,172.2,1337.7,8.1,4,10155815,fuel_sum,10155815.1,10156568,0.999926,true
132821,2022,,2550 2558 S WABASH AVE,60616,NEAR SOUTH SIDE,33,Multifamily Housing,Submitted Data,submitted,false,80000,2020,1,,97,1011423.8,2591778.7,0,0,,53,81.7,53.6,81,270.9,4,4,3603203,fuel_sum,3603202.5,4240000,0.849812,false
132823,2022,Bria of Forest Edge,8001 S Western Ave,60620,ASHBURN,70,Senior Living Community,Submitted Data,submitted,false,85771,1963,1,,3,5012841.9,12404541.8,0,0,,239.3,371.8,243.4,370.4,1319.1,18.1,1,17417384,fuel_sum,17417383.7,20525000,0.848594,false
132870,2022,Chatham Ridge Shopping Center,112 W 87th St,60620,CHATHAM,44,,Not Submitted,not_submitted,false,61732,,,,,,,,,,,,,,,,0,,,,,,
132904,2022,Edens Office,4801 W Peterson Ave,60646,FOREST GLEN,12,,Not Submitted,not_submitted,false,91200,,,,,,,,,,,,,,,,0,,,,,,
133059,2022,,6104 6110 S WOODLAWN AVE,60637,WOODLAWN,42,,Not Submitted,not_submitted,false,57000,,,,,,,,,,,,,,,,0,,,,,,
133159,2022,Lurie Children's Lincoln Park Outpatient Center - Deming,467 W Deming Pl,60614,LINCOLN PARK,7,Mixed Use Property,Submitted Data,submitted,false,80877,1972,1,,,8972948,8307700,0,0,,274.6,537.9,272.3,527.4,1623.1,25.8,1,17280648,fuel_sum,17280648,22208824,0.778098,false
133242,2022,,1444  N ORLEANS ST,60610,NEAR NORTH SIDE,8,Multifamily Housing,Submitted Data,submitted,false,157420,2002,1,,100,1032760.7,3893875.2,0,0,,36.8,52.1,37.4,52,342.9,2.6,4,4926636,fuel_sum,4926635.9,5793056,0.850438,false
133858,2022,Cassidy Tire,344 N Canal St,60606,NEAR WEST SIDE,28,,Not Submitted,not_submitted,false,80000,,,,,,,,,,,,,,,,0,,,,,,
133879,2022,Medinah Temple,600 - 820 N Wabash St,60611,NEAR NORTH SIDE,8,Retail Store,Submitted Data,submitted,false,130000,1912,1,,92,3292914.2,1057300,0,0,,33.5,79.5,35.2,83.4,489.9,3.8,4,4350214,fuel_sum,4350214.2,4355000,0.998901,true
133957,2022,Capitol Hill Lofts,625 631 W JACKSON BLVD,60661,NEAR WEST SIDE,28,Multifamily Housing,Submitted Data,submitted,false,145000,1918,1,,91,2238790.9,4705030.7,0,0,,57.9,93.4,58.2,92.3,544.8,4.5,4,6943822,fuel_sum,6943821.6,8395500,0.827089,false
134126,2022,1111 N Clark St,1111 N Clark St,60610,NEAR NORTH SIDE,8,Vehicle Dealership,Submitted Data,submitted,false,134400,1910,1,,,4173980.8,8789466.2,0,0,,144,232.4,149.7,237.2,1016.6,11.3,1,12963447,fuel_sum,12963447,19353600,0.669821,false
134136,2022,,141 173 W OAK ST,60610,NEAR NORTH SIDE,8,Multifamily Housing,Submitted Data,submitted,false,164122,1979,1,,100,2966560,72631.6,0,0,,18.5,51.1,17.9,49.3,394.6,2.4,4,3039192,fuel_sum,3039191.6,3036257,1.000967,true
134280,2022,,2512  N BOSWORTH AVE,60614,LINCOLN PARK,7,Multifamily Housing,Submitted Data,submitted,false,54000,1920,1,,92,656197.4,1979461.8,0,0,,48.8,72.5,49.2,71.4,191.6,3.5,4,2635659,fuel_sum,2635659.2,2635200,1.000174,true
134363,2022,Devon Executive,4001 W Devon Ave,60646,FOREST GLEN,12,,Not Submitted,not_submitted,false,51000,,,,,,,,,,,,,,,,0,,,,,,
134421,2022,Market Place at Six Corners 10361,4612 - 4730 W Irving Park Rd,60641,PORTAGE PARK,15,Other - Mall,Submitted Data,submitted,false,116944,1997,1,,,161967.7,1307123.9,0,0,,12.6,15.6,12.8,15.9,90.8,0.8,4,1469092,fuel_sum,1469091.6,1473494,0.997013,true
134516,2022,,321 339 S DESPLAINES ST,60661,NEAR WEST SIDE,28,Multifamily Housing,Submitted Data,submitted,false,178336,1924,1,,76,4618099.6,2789431.2,0,0,,41.5,88.9,40.9,87.3,756.4,4.2,4,7407531,fuel_sum,7407530.8,7400944,1.00089,true
134533,2022,645 N Michigan Ave,645 N Michigan Ave,60611,NEAR NORTH SIDE,8,Office,Submitted Data,submitted,false,215871,1962,1,,12,22009581.9,11108378.7,0,0,,153.4,339.5,154.1,338.1,3489,16.2,1,33117961,fuel_sum,33117960.6,33114611,1.000101,true
134727,2022,Glencrest Nursing & Rehab Center,2451 W Touhy Ave,60645,WEST RIDGE,2,Senior Living Community,Submitted Data,submitted,false,107730,1978,1,,39,5126772.8,7675000,0,0,,151.1,264.5,152.1,262.8,1082.9,12.8,2.5,12801773,fuel_sum,12801772.8,16278003,0.786446,false
134735,2022,Searle Chemistry Laboratory,5735 S Ellis Ave,60637,HYDE PARK,41,Laboratory,Submitted Data,submitted,false,85570,2009,1,,,13358444.7,56809,24924678.6,14718000.1,,620.1,944.7,612.8,942.4,4193.1,49,1,53057932,fuel_sum,53057932.4,53061957,0.999924,true
134775,2022,116 S Michigan Ave,116 S Michigan Ave,60603,LOOP,32,,Not Submitted,not_submitted,false,114507,,,,,,,,,,,,,,,,0,,,,,,
134776,2022,University Club of Chicago,76 E Monroe St,60603,LOOP,32,Hotel,Submitted Data,submitted,false,144036,1907,1,,,13336595.5,26575349.5,0,0,,277.1,453,282.4,455.2,3277.6,22.8,1,39911945,fuel_sum,39911945,39912376,0.999989,true
134779,2022,CDM Center,243 S Wabash Ave,60604,LOOP,32,College/University,Submitted Data,submitted,false,184461,1916,1,,,10466287.6,8528172.1,0,0,,103,207.4,105.1,207.8,1831.5,9.9,2,18994460,fuel_sum,18994459.7,18999483,0.999736,true
134783,2022,Alice B. Sharp Building,37 S Wabash Ave,60603,LOOP,32,,Not Submitted,not_submitted,false,227736,,,,,,,,,,,,,,,,0,,,,,,
134790,2022,East West University - The Loftrium,815 823 S WABASH AVE,60605,LOOP,32,Office,Submitted Data,submitted,false,95800,1912,1,,52,6967920.4,0,0,0,,72.7,203.7,72.4,202.6,917.8,9.6,2.5,6967920,fuel_sum,6967920.4,6964660,1.000468,true
134792,2022,,1006 1012 S MICHIGAN AVE,60605,LOOP,32,Office,Submitted Data,submitted,false,80000,1904,1,,91,1305355.3,2843456.4,0,0,,51.9,83,53.1,83.4,323,4,4,4148812,fuel_sum,4148811.7,4152000,0.999232,true
134800,2022,Dearborn Station,47 W Polk St,60605,LOOP,32,Other,Submitted Data,submitted,true,145809,1885,1,,,5251188.1,5582670.8,0,0,,74.3,141,75.6,141.2,988.2,6.8,,10833859,fuel_sum,10833858.9,10833609,1.000023,true
134835,2022,,900 902 S WABASH AVE,60605,LOOP,32,,Not Submitted,not_submitted,false,75000,,,,,,,,,,,,,,,,0,,,,,,
134895,2022,The Racquet Club Chicago,1357 1367 N DEARBORN ST,60610,NEAR NORTH SIDE,8,Fitness Center/Health Club/Gym,Submitted Data,submitted,false,62000,1922,1,,,3426238.3,8917827.7,0,0,,199.1,305.8,205.1,308.7,925,14.9,1,12344066,fuel_sum,12344066,12344200,0.999989,true
134911,2022,PCC-Chicago Office,643 N Orleans St,60654,NEAR NORTH SIDE,8,Office,Submitted Data,submitted,false,80219,1986,1,,48,2517874.2,2802598,0,0,,99.2,186.4,102.5,187.9,480.5,9,2,5320472,fuel_sum,5320472.2,7957725,0.668592,false
134914,2022,,401 W ONTARIO ST,60654,NEAR NORTH SIDE,8,,Not Submitted,not_submitted,false,57600,,,,,,,,,,,,,,,,0,,,,,,
134965,2022,"""I AM"" Temple of Chicago",176 W WASHINGTON ST,60602,LOOP,32,,Exempt,exempt,true,59812,,,,,,,,,,,,,,,,,,,,,,
134982,2022,,616  W FULTON ST,60661,NEAR WEST SIDE,28,Multifamily Housing,Submitted Data,submitted,false,232167,1997,1,,99,2820124.5,5016319.2,0,0,,48.6,81.7,48.8,80.4,637.9,4,4,7836444,fuel_sum,7836443.7,11283316,0.694516,false
135007,2022,IRI Global Headquarters,150 N Clinton St,60661,NEAR WEST SIDE,28,,Exempt,exempt,true,169750,,,,,,,,,,,,,,,,,,,,,,
135032,2022,,350  N LaSalle St,60654,NEAR NORTH SIDE,8,,Not Submitted,not_submitted,false,138823,,,,,,,,,,,,,,,,0,,,,,,
135050,2022,Women's Athletic Club,626 640 N Michigan,60611,NEAR NORTH SIDE,8,,Submitted Data,submitted,false,85000,,,,,,,,,,,,,,,,0,,,,,,
135080,2022,,537  S DEARBORN ST,60605,LOOP,32,Multifamily Housing,Submitted Data,submitted,false,78000,1892,1,,39,2608786.6,2759324.3,0,0,,68.8,130.8,69.9,130.5,490.2,6.3,1.5,5368111,fuel_sum,5368110.9,5366400,1.000319,true
135082,2022,Standard Club of Chicago,320 S Plymouth Ct,60604,LOOP,32,,Not Submitted,not_submitted,false,164478,,,,,,,,,,,,,,,,0,,,,,,
135103,2022,,6 W HUBBARD ST,60654,NEAR NORTH SIDE,8,Office,Submitted Data,submitted,false,66030,1988,1,,34,4129581.2,55365.7,0,0,,63.4,176,64.6,179.4,546.9,8.3,2.5,4184947,fuel_sum,4184946.9,4186302,0.999676,true
135113,2022,57 63 W Grand Ave,57 - 63 W Grand Ave,60654,NEAR NORTH SIDE,8,Office,Submitted Data,submitted,false,78868,1912,1,,48,2877517,5993000.1,0,0,,112.5,181.9,114.9,184.5,697.3,8.8,2,8870517,fuel_sum,8870517.1,8872650,0.99976,true
135134,2022,The Boyce Building,500 - 510 N Dearborn St,60654,NEAR NORTH SIDE,8,Office,Submitted Data,submitted,false,149011,1912,1,,59,3611731.7,16499399.1,0,0,,135,184.1,136.7,184.1,1352.1,9.1,2.5,20111131,fuel_sum,20111130.8,20116485,0.999734,true
135179,2022,,300 310 W GRAND AVE,60654,NEAR NORTH SIDE,8,Multifamily Housing,Submitted Data,submitted,false,96400,1998,1,,85,1834065.9,3735460.6,0,0,,57.8,94,58,92.4,440,4.6,4,5569527,fuel_sum,5569526.5,5571920,0.999571,true
135181,2022,Kingsbury Center,350 W Hubbard St,60654,NEAR NORTH SIDE,8,Office,Submitted Data,submitted,false,158114,1989,1,,83,5507378.6,3915113.5,0,0,,60.9,126.3,61.9,125.6,933.4,6,4,9422492,fuel_sum,9422492.1,9629143,0.978539,true
135316,2022,Belhaven Nursing & Rehab Center,11401 S OAKLEY AVE,60643,MORGAN PARK,75,Senior Living Community,Submitted Data,submitted,false,100866,1984,1,,2,3410771.2,10530704.3,0,0,,200.1,295.8,205.6,297.3,1008.6,14.5,1,13941476,fuel_sum,13941475.5,20183287,0.690744,false
135620,2022,,8704 S CONSTANCE AVE,60617,CALUMET HEIGHTS,48,,Not Submitted,not_submitted,false,80400,,,,,,,,,,,,,,,,0,,,,,,
135660,2022,Webster Square,558 W WEBSTER AVE,60614,LINCOLN PARK,7,,Submitted Data,submitted,false,77966,,,,,,,,,,,,,,,,0,,,,,,
135716,2022,"Centrum Partners, LLC",225 W Hubbard St,60654,NEAR NORTH SIDE,8,,Not Submitted,not_submitted,false,55000,,,,,,,,,,,,,,,,0,,,,,,
135740,2022,Linea Apartments,211 221 W LAKE ST,60606,LOOP,32,Multifamily Housing,Submitted Data,submitted,false,302233,2017,4,,44,10446811.9,8159073,0,0,,77.8,158.1,79.6,159.2,1809.4,7.6,2,18605885,fuel_sum,18605884.9,23513727,0.791278,false
135812,2022,Bricktown Square,6420 W FULLERTON AVE,60707,BELMONT CRAGIN,19,,Not Submitted,not_submitted,false,464310,,,,,,,,,,,,,,,,0,,,,,,
136212,2022,1155 E 60th St,1155 E 60th St,60637,WOODLAWN,42,College/University,Submitted Data,submitted,false,185815,1954,1,,,7267537.3,0,7528098.5,0,,79.6,158.3,80.4,156,1457.1,7.8,3,14795636,fuel_sum,14795635.8,14790874,1.000322,true
136487,2022,Friend Family Health Center at University of Chicago,800 E 55th St,60615,HYDE PARK,41,Medical Office,Submitted Data,submitted,false,73327,1964,1,,17,3602053.8,9507326,0,0,,178.8,273.7,172.9,262.8,979.4,13.4,1,13109380,fuel_sum,13109379.8,13110868,0.999887,true
136695,2022,,3636 3646 S IRON ST,60609,MCKINLEY PARK,59,,Not Submitted,not_submitted,false,186000,,,,,,,,,,,,,,,,0,,,,,,
136830,2022,Symphony of Bronzeville,3400 3428 S INDIANA AVE,60616,DOUGLAS,35,Senior Living Community,Submitted Data,submitted,false,99590,1977,1,,8,4305119.1,13667590,0,0,,246.7,362.5,254.4,367.6,1293,17.8,1,17972709,fuel_sum,17972709.1,24568853,0.731524,false
136845,2022,US Bank -- Englewood,815 W 63rd St,60621,ENGLEWOOD,68,Office,Submitted Data,submitted,false,63034,1920,1,,46,1969650,3445923.7,0,0,,85.9,144.9,88.6,147.7,442.5,7,2,5415574,fuel_sum,5415573.7,5414621,1.000176,true
136887,2022,5050 S Kedzie Ave,5050 S Kedzie Ave,60632,GAGE PARK,63,,Not Submitted,not_submitted,false,118816,,,,,,,,,,,,,,,,0,,,,,,
137063,2022,,300  S DAMEN AVE,60612,NEAR WEST SIDE,28,Multifamily Housing,Submitted Data,submitted,false,205118,1978,1,,22,9206780,2365667.7,0,0,,67.2,164.2,69.1,169.1,1338.3,7.8,2,11572448,fuel_sum,11572447.7,13783930,0.839561,false
137104,2022,,1503 1509 S STATE ST,60605,NEAR SOUTH SIDE,33,,Not Submitted,not_submitted,false,161484,,,,,,,,,,,,,,,,0,,,,,,
137144,2022,Union Health Service,1634 W Polk St,60612,NEAR WEST SIDE,28,,Submitted Data,submitted,false,117040,,,,,,,,,,,,,,,,0,,,,,,
137211,2022,,1601  S MICHIGAN AVE,60616,NEAR SOUTH SIDE,33,,Not Submitted,not_submitted,false,74598,,,,,,,,,,,,,,,,0,,,,,,
137212,2022,,1439  S MICHIGAN AVE,60605,NEAR SOUTH SIDE,33,Multifamily Housing,Submitted Data,submitted,false,138110,1920,1,,96,1486312.4,4744634.4,0,0,,60.5,88.8,62.2,90.6,447.8,4.3,4,6230947,fuel_sum,6230946.8,8355655,0.745716,false
137292,2022,,321  N CENTRAL AVE,60644,AUSTIN,25,Residential Care Facility,Submitted Data,submitted,false,97683,1935,1,,,2254618.9,9111000,0,0,,160.8,224.7,169.5,231.3,780.9,11,2,11365619,fuel_sum,11365618.9,15707426,0.723583,false
137334,2022,Daily News Condominium Association,222 S RACINE AVE,60607,NEAR WEST SIDE,28,Multifamily Housing,Submitted Data,submitted,false,86526,2000,1,,75,1852672,2646054.1,0,0,,81.7,144.7,81.5,141.2,384.6,7,3.5,4498726,fuel_sum,4498726.1,7069174,0.636386,false
137352,2022,901 W Jackson Blvd,901 W Jackson Blvd,60607,NEAR WEST SIDE,28,Office,Submitted Data,submitted,false,55627,1907,1,,,966813.3,1685652.7,0,0,,47.7,80.5,49.7,82.6,216.9,3.9,3,2652466,fuel_sum,2652466,2653408,0.999645,true
137570,2022,EuroFurniture,2145 W Grand Ave,60612,WEST TOWN,24,,Not Submitted,not_submitted,false,68000,,,,,,,,,,,,,,,,0,,,,,,
137642,2022,Chicago & Kedzie Plaza,800 N Kedzie Ave,60651,HUMBOLDT PARK,23,Strip Mall,Submitted Data,submitted,false,152902,1989,1,,,2194788.4,4860059.4,0,0,,46.1,73.6,46.1,73.6,547.2,3.6,4,7054848,fuel_sum,7054847.8,7048782,1.000861,true
137657,2022,,1327  W WASHINGTON BLVD,60607,NEAR WEST SIDE,28,Multifamily Housing,Submitted Data,submitted,false,100200,2006,1,,98,1470539.7,2612401.3,0,0,,40.7,68.5,41,67.4,332.4,3.3,4,4082941,fuel_sum,4082941,4078140,1.001177,true
137704,2022,Vranas and Assoc. C/O Realty and Mortgage Co.,346 N Justine St,60607,NEAR WEST SIDE,28,Office,Submitted Data,submitted,false,91680,1915,1,,98,906552.7,2398993.1,0,0,,36.1,55.2,37.3,55.5,246.8,2.7,4,3305546,fuel_sum,3305545.8,3309648,0.998761,true
138293,2022,,4617 4625 N SHERIDAN RD,60640,UPTOWN,3,,Not Submitted,not_submitted,false,51699,,,,,,,,,,,,,,,,0,,,,,,
138379,2022,Edens East,6200 N HIAWATHA AVE,60646,FOREST GLEN,12,,Not Submitted,not_submitted,false,117780,,,,,,,,,,,,,,,,0,,,,,,
138514,2022,Sullivan Athletic Center,2323 N Sheffield Ave,60614,LINCOLN PARK,7,College/University,Submitted Data,submitted,false,63668,2000,1,,,5901232.6,3372431.7,0,0,,145.7,315.1,145.7,315.1,956.4,15,1,9273664,fuel_sum,9273664.3,9276428,0.999702,true
138605,2022,"Kennedy Plaza BK, L.L.C.",3300 W Belmont Ave,60618,AVONDALE,21,,Not Submitted,not_submitted,false,189561,,,,,,,,,,,,,,,,0,,,,,,
138730,2022,Grand Blvd Plaza,5401 S WENTWORTH AVE,60609,FULLER PARK,37,,Submitted Data,submitted,false,138730,,,,,,,,,,,,,,,,0,,,,,,
138872,2022,Windy City Fieldhouse,2367 W Logan Blvd,60647,LOGAN SQUARE,22,Other - Recreation,Submitted Data,submitted,false,58004,1997,1,,,1414517.8,1956700.1,0,0,,58.1,103.7,59.7,105.4,290.2,5,3,3371218,fuel_sum,3371217.9,3370032,1.000352,true
138874,2022,Midtown Athletic Club,2020 W Fullerton Ave,60647,LOGAN SQUARE,22,Fitness Center/Health Club/Gym,Submitted Data,submitted,false,208000,2017,1,,,17954296.8,15527968.4,0,0,,161,320.1,162.8,322,3189.6,15.3,1,33482265,fuel_sum,33482265.2,33488000,0.999829,true
139602,2022,,4541  N SHERIDAN RD,60640,UPTOWN,3,,Not Submitted,not_submitted,false,61706,,,,,,,,,,,,,,,,0,,,,,,
140247,2022,,3443  W ADDISON ST,60618,AVONDALE,21,,Not Submitted,not_submitted,false,138000,,,,,,,,,,,,,,,,0,,,,,,
140359,2022,,312 328 N MAY ST,60607,NEAR WEST SIDE,28,,Not Submitted,not_submitted,false,119688,,,,,,,,,,,,,,,,0,,,,,,
140570,2022,,720 726 W RANDOLPH ST,60661,NEAR WEST SIDE,28,Multifamily Housing,Submitted Data,submitted,false,180784,2003,1,,79,3711192.8,4655167.3,0,0,,57.4,104.8,57.5,103.4,736.1,5,4,8366360,fuel_sum,8366360.1,10377002,0.806241,false
140771,2022,,551 557 W NORTH AVE,60610,NEAR NORTH SIDE,8,Multifamily Housing,Submitted Data,submitted,false,81379,2000,1,,82,1210916,3400677,0,0,,73,110.3,73.9,110.1,340.1,5.4,4,4611593,fuel_sum,4611593,5940667,0.776275,false
140794,2022,Parc Orleans,1546  N ORLEANS ST,60610,NEAR NORTH SIDE,8,Multifamily Housing,Submitted Data,submitted,false,159623,2002,1,,81,3004909.5,4167509.4,0,0,,61.8,110.1,62.3,109.4,617.1,5.3,4,7172419,fuel_sum,7172418.9,9864701,0.727079,false
140901,2022,2800 North Orchard Condominium Association,2800 N Orchard St,60614,LAKE VIEW,6,Multifamily Housing,Submitted Data,submitted,false,117262,1978,1,,,1857191.9,4730681,0,0,,68.4,105.6,70.4,106.4,495.9,5.2,4,6587873,fuel_sum,6587872.9,8020721,0.821357,false
140928,2022,,6049 6059 W IRVING PARK RD,60634,DUNNING,17,,Not Submitted,not_submitted,false,53100,,,,,,,,,,,,,,,,0,,,,,,
140991,2022,One East 15th Place,1529  S STATE ST,60605,NEAR SOUTH SIDE,33,Multifamily Housing,Submitted Data,submitted,false,240000,2001,1,,57,5458130.5,9932500.7,0,0,,81.9,136.8,85.4,139.4,1246.5,6.6,2.5,15390631,fuel_sum,15390631.2,19656000,0.782999,false
141031,2022,,4101 4123 N SHERIDAN RD,60613,UPTOWN,3,Multifamily Housing,Submitted Data,submitted,false,69720,1919,1,,60,1290917.5,3741924.5,0,0,,72.2,108.2,73.5,108.4,368.8,5.3,2.5,5032842,fuel_sum,5032842,5033784,0.999813,true
141122,2022,,6801 6813 N SHERIDAN RD,60626,ROGERS PARK,1,,Not Submitted,not_submitted,false,100000,,,,,,,,,,,,,,,,0,,,,,,
141170,2022,,900 920 W MADISON,60607,NEAR WEST SIDE,28,Multifamily Housing,Submitted Data,submitted,false,197771,2002,1,,100,2253984.4,3446333.8,0,0,,40.3,70.2,41.6,70.7,479.9,3.4,4,5700318,fuel_sum,5700318.2,7970171,0.715206,false
141321,2022,,950  W HURON ST,60642,WEST TOWN,24,Multifamily Housing,Submitted Data,submitted,false,78288,2001,1,,93,1333662.7,2662059.5,0,0,,51,83.4,51.2,82,317.1,4,4,3995722,fuel_sum,3995722.2,3992688,1.00076,true
141524,2022,,949  W MADISON,60607,NEAR WEST SIDE,28,Multifamily Housing,Submitted Data,submitted,false,175608,2001,1,,92,2507651.2,5265226.6,0,0,,59.5,96.1,61.5,96.6,610,4.7,4,7772878,fuel_sum,7772877.8,10448676,0.74391,false
142211,2022,,630 644 W ADDISON ST,60613,LAKE VIEW,6,Multifamily Housing,Submitted Data,submitted,false,50736,1925,1,,45,761653.9,4013712.1,0,0,,94.1,125.1,96,125,313.5,6.2,2,4775366,fuel_sum,4775366,4774258,1.000232,true
142232,2022,,2424  N CLARK ST,60614,LINCOLN PARK,7,Multifamily Housing,Submitted Data,submitted,false,163722,1962,1,,78,957161.5,5685145.4,0,0,,102.8,133.8,109.3,139.4,428,6.6,4,6642307,fuel_sum,6642306.9,16830622,0.394656,false
142710,2022,,6200 6248 N CLARK ST,60660,EDGEWATER,77,Multifamily Housing,Submitted Data,submitted,false,201600,1925,3,,96,326041.3,11227910,0,0,,57.3,63,59.5,65.3,639.3,3.2,4,11553951,fuel_sum,11553951.3,11551680,1.000197,true
142759,2022,,124  W POLK ST,60605,LOOP,32,Multifamily Housing,Submitted Data,submitted,false,108010,1993,1,,30,5146412.4,1118340,0,0,,58,144.3,58.6,146,737.3,6.8,1,6264752,fuel_sum,6264752.4,6264580,1.000027,true
142943,2022,,420  W GRAND AVE,60654,NEAR NORTH SIDE,8,Multifamily Housing,Submitted Data,submitted,false,116400,1993,1,,96,1780759.8,3705091,0,0,,47.1,76.3,47.9,76.2,431.3,3.7,4,5485851,fuel_sum,5485850.8,5482440,1.000622,true
144123,2022,Parkville Condominiums,5726 5744 S DR MARTIN LUTHER KING JR DR,60637,WASHINGTON PARK,40,,Not Submitted,not_submitted,false,52789,,,,,,,,,,,,,,,,0,,,,,,
144572,2022,,5301 5331 S KIMBARK AVE,60615,HYDE PARK,41,Multifamily Housing,Submitted Data,submitted,false,59904,1960,1,,39,109892.5,6399882,0,0,,108.7,117.3,117.7,126.8,354.4,5.9,1.5,6509775,fuel_sum,6509774.5,6511565,0.999725,true
145637,2022,,4815 4835 W BELLE PLAINE AVE,60641,PORTAGE PARK,15,,Not Submitted,not_submitted,false,126211,,,,,,,,,,,,,,,,0,,,,,,
145926,2022,,7301 N SHERIDAN RD,60626,ROGERS PARK,1,Multifamily Housing,Submitted Data,submitted,false,74884,1922,1,,77,1548864.1,5180069.2,0,0,,89.9,130.5,93.8,134.6,479.1,6.4,3.5,6728933,fuel_sum,6728933.3,6732072,0.999534,true
146019,2022,,4730  N KIMBALL AVE,60625,ALBANY PARK,14,,Not Submitted,not_submitted,false,88413,,,,,,,,,,,,,,,,0,,,,,,
146136,2022,Reside on Barry,533 549 W BARRY AVE,60657,LAKE VIEW,6,Multifamily Housing,Submitted Data,submitted,false,113088,1966,1,,39,3772305,7535285.3,0,0,,100,163.4,104.3,166.2,897.1,7.9,1.5,11307590,fuel_sum,11307590.3,11308800,0.999893,true
146828,2022,,1373 1383 W GREENLEAF AVE,60626,ROGERS PARK,1,Multifamily Housing,Submitted Data,submitted,false,75435,1925,1,,87,543616.9,3870790.3,0,0,,58.5,74.1,59.9,74.8,277.2,3.7,4,4414407,fuel_sum,4414407.2,4412948,1.000331,true
146897,2022,,1624  W DIVISION ST,60622,WEST TOWN,24,,Not Submitted,not_submitted,false,109218,,,,,,,,,,,,,,,,0,,,,,,
146958,2022,,2601 2607 N MILWAUKEE AVE,60647,LOGAN SQUARE,22,Multifamily Housing,Submitted Data,submitted,false,46000,1920,1,,16,769021.3,4546708.9,0,0,,115.6,150.6,123,157.2,342.8,7.5,2,5315730,fuel_sum,5315730.2,5317600,0.999648,true
146962,2022,,1440  S WABASH AVE,60605,NEAR SOUTH SIDE,33,Multifamily Housing,Submitted Data,submitted,false,75000,2009,1,,1,1083757.7,14670158.3,0,0,,252.1,295,252.1,295,921.9,14.8,1,15753916,fuel_sum,15753916,18907500,0.83321,false
146965,2022,,1610 1620 W FULLERTON AVE,60614,LINCOLN PARK,7,,Not Submitted,not_submitted,false,52683,,,,,,,,,,,,,,,,0,,,,,,
147516,2022,,901  W MADISON,60607,NEAR WEST SIDE,28,Multifamily Housing,Submitted Data,submitted,false,270000,2007,1,,70,6193058,13674631,0,0,,73.6,117.4,74.5,116.9,1542,5.7,3,19867689,fuel_sum,19867689,19872000,0.999783,true
147565,2022,Lakeside Lofts,2025  S INDIANA AVE,60616,NEAR SOUTH SIDE,33,,Not Submitted,not_submitted,false,101333,,,,,,,,,,,,,,,,0,,,,,,
147625,2022,,828  W GRACE ST,60613,LAKE VIEW,6,Multifamily Housing,Submitted Data,submitted,false,288535,2007,1,,94,4236107.1,8077656.8,0,0,,55.6,91.9,57.7,93.2,987,4.5,4,12313764,fuel_sum,12313763.9,16042546,0.767569,false
147673,2022,,2301 2305 S MICHIGAN AVE,60616,NEAR SOUTH SIDE,33,,Not Submitted,not_submitted,false,84200,,,,,,,,,,,,,,,,0,,,,,,
147685,2022,,30  W ERIE ST,60654,NEAR NORTH SIDE,8,Multifamily Housing,Submitted Data,submitted,false,72842,2006,1,,56,2035194.8,2672052.9,0,0,,80.5,145.5,82.6,147.7,410,7,3.5,4707248,fuel_sum,4707247.7,5863781,0.802767,false
147738,2022,,437  W DIVISION ST,60610,NEAR NORTH SIDE,8,Multifamily Housing,Submitted Data,submitted,false,123571,2008,1,,12,3777478.6,9883150.3,0,0,,124.4,190.8,126.9,190.5,1022.5,9.3,1,13660629,fuel_sum,13660628.9,15372232,0.888656,false
147816,2022,,6101 6111 N CLARK ST,60660,EDGEWATER,77,Multifamily Housing,Submitted Data,submitted,false,53000,1928,1,,,683182.8,2367905.3,0,0,,57.6,83,57.6,82.1,215.8,4.1,4,3051088,fuel_sum,3051088.1,3052800,0.999439,true
147834,2022,,2620  W WASHINGTON BLVD,60612,NEAR WEST SIDE,28,Multifamily Housing,Submitted Data,submitted,false,99016,1926,1,,84,1648222,3917575.9,0,0,,76.2,119.5,76.7,118,425.2,5.8,4,5565798,fuel_sum,5565797.9,7545019,0.737678,false
147855,2022,,170  W POLK ST,60605,LOOP,32,Multifamily Housing,Submitted Data,submitted,false,198033,2007,1,,64,3444392.8,7116726.4,0,0,,72.5,117.5,74.2,118.1,831.7,5.7,3,10561119,fuel_sum,10561119.2,14357393,0.735588,false
147871,2022,,4418 4424 N CLARK ST,60640,UPTOWN,3,Multifamily Housing,Submitted Data,submitted,false,64957,2005,1,,85,617810.9,3415000,0,0,,76.6,101,77.6,102,262.8,5,4,4032811,fuel_sum,4032810.9,4975706,0.8105,false
147895,2022,,2472  W FOSTER,60625,LINCOLN SQUARE,4,,Not Submitted,not_submitted,false,92275,,,,,,,,,,,,,,,,0,,,,,,
148480,2022,,865  N LARRABEE ST,60610,NEAR NORTH SIDE,8,Multifamily Housing,Submitted Data,submitted,false,80457,2006,1,,72,1695057.6,3458851.2,0,0,,64.1,104.1,64,102.4,407,5.1,4,5153909,fuel_sum,5153908.8,5157294,0.999344,true
148481,2022,,7001 7013 N SHERIDAN RD,60626,ROGERS PARK,1,Multifamily Housing,Submitted Data,submitted,false,51959,1920,1,,29,255719.7,5801700.1,0,0,,116.6,131,120.7,135.4,341.8,6.6,1,6057420,fuel_sum,6057419.8,6058419,0.999835,true
148504,2022,,6000 6038 N CICERO AVE,60646,FOREST GLEN,12,Multifamily Housing,Submitted Data,submitted,false,225000,2003,1,,49,12836073.4,12541084.9,0,0,,112.8,218.3,113.3,216.6,2356.8,10.5,3,25377158,fuel_sum,25377158.3,25380000,0.999888,true
148673,2022,,1154  N CAMPBELL,60622,WEST TOWN,24,Multifamily Housing,Submitted Data,submitted,false,52240,2005,1,,5,2488399.3,3436200.1,0,0,,113.6,202.7,117,202.8,510.3,9.8,1,5924599,fuel_sum,5924599.4,5934464,0.998338,true
148904,2022,,3727 3741 N MILWAUKEE AVE,60641,Irving Park,16,,Not Submitted,not_submitted,false,57585,,,,,,,,,,,,,,,,0,,,,,,
149001,2022,Wentworth Rehab and Healthcare Center,201  W 69TH ST,60621,GREATER GRAND CROSSING,69,Senior Living Community,Submitted Data,submitted,false,100448,1976,1,,34,3482235.7,12154826.1,0,0,,174.1,250.7,177.5,251.1,1104.3,12.3,2.5,15637062,fuel_sum,15637061.8,17487997,0.89416,false
149143,2022,,950  W MONROE ST,60607,NEAR WEST SIDE,28,Multifamily Housing,Submitted Data,submitted,false,176040,2005,1,,80,3497406.9,4680606.9,0,0,,66.3,119.2,67.5,119.3,709.3,5.7,4,8178014,fuel_sum,8178013.8,11671452,0.700685,false
149732,2022,,1601  S STATE ST,60616,NEAR SOUTH SIDE,33,Multifamily Housing,Submitted Data,submitted,false,92181,2004,1,,84,1600631.4,2657134.7,0,0,,60,102.5,60.3,101.5,352,5,4,4257766,fuel_sum,4257766.1,5530860,0.76982,false
150282,2022,The Royalle Condominium Association,744  N CLARK ST,60654,NEAR NORTH SIDE,8,Multifamily Housing,Submitted Data,submitted,false,77800,2003,1,,23,2871840.2,3308234.6,0,0,,79.4,148,81.3,148.5,554,7.1,1,6180075,fuel_sum,6180074.8,6177320,1.000446,true
150324,2022,The Contemporaine,201 W Grand Ave,60654,NEAR NORTH SIDE,8,Multifamily Housing,Submitted Data,submitted,false,126392,2003,1,,90,2405318,4060723.1,0,0,,67.4,114.6,68.4,113.6,532.5,5.5,4,6466041,fuel_sum,6466041.1,8518821,0.75903,false
150992,2022,,4101 4113 N KEDZIE AVE,60618,IRVING PARK,16,Multifamily Housing,Submitted Data,submitted,false,53252,1929,1,,81,485240.2,2972104.5,0,0,,64.9,84.1,64.5,82.8,221.8,4.2,4,3457345,fuel_sum,3457344.7,3456055,1.000373,true
151257,2022,,2758 2768 N MILWAUKEE AVE,60647,LOGAN SQUARE,22,Multifamily Housing,Submitted Data,submitted,false,79000,1925,1,,100,1156080,535059,0,0,,21.4,48.1,21,46.9,180.7,2.3,4,1691139,fuel_sum,1691139,1690600,1.000319,true
151285,2022,,4651  N GREENVIEW AVE,60640,UPTOWN,3,Multifamily Housing,Submitted Data,submitted,false,80607,2008,1,,58,1610324.1,3189321.2,0,0,,69.8,114.2,71.9,116.8,381.5,5.5,3.5,4799645,fuel_sum,4799645.3,5626369,0.853063,false
151835,2022,,500 514 S LARAMIE AVE,60644,AUSTIN,25,Multifamily Housing,Submitted Data,submitted,false,50000,1929,1,,31,683195,4740632.9,0,0,,108.5,137.8,112.7,141.4,341.8,6.8,1.5,5423828,fuel_sum,5423827.9,5425000,0.999784,true
152061,2022,,2606  N ELSTON AVE,60647,LOGAN SQUARE,22,Distribution Center,Submitted Data,submitted,false,48000,2000,1,,5,2185767.4,1568992,0,0,,78.2,161.8,79.8,162.8,371.2,7.7,1,3754759,fuel_sum,3754759.4,3753600,1.000309,true
152378,2022,,4901 4913 S DREXEL BLVD,60615,KENWOOD,39,Multifamily Housing,Submitted Data,submitted,false,86600,1960,1,,75,2673581.8,1642297.4,0,0,,49.8,106.4,51,108.8,439.4,5.1,3.5,4315879,fuel_sum,4315879.2,4312680,1.000742,true
152408,2022,,735 745 W GARFIELD BLVD,60621,ENGLEWOOD,68,,Not Submitted,not_submitted,false,57888,,,,,,,,,,,,,,,,0,,,,,,
155614,2022,,3447 3457 W FOSTER AVE,60625,NORTH PARK,13,,Not Submitted,not_submitted,false,52200,,,,,,,,,,,,,,,,0,,,,,,
156021,2022,717 N Michigan Ave,717 N Michigan Ave,60611,NEAR NORTH SIDE,8,Retail Store,Submitted Data,submitted,false,61612,1965,1,,100,242379.5,1366011.6,0,0,,26.1,34.3,27,35.4,104.5,1.7,4,1608391,fuel_sum,1608391.1,1608073,1.000198,true
156076,2022,Damen/Hastings,1340 S Damen Ave,60608,NEAR WEST SIDE,28,Office,Submitted Data,submitted,false,160400,1942,1,,31,12719835.7,4406875.3,0,0,,106.8,250.9,107.9,250.6,1909.5,11.9,1.5,17126711,fuel_sum,17126711,17130720,0.999766,true
156139,2022,,300 308 N MICHIGAN AVE,60601,LOOP,32,,Exempt,exempt,true,90000,,,,,,,,,,,,,,,,,,,,,,
156350,2022,The Silversmith Hotel & Suites,10 S Wabash Ave,60603,LOOP,32,Hotel,Submitted Data,submitted,false,135000,2007,1,,42,8028179.8,3783299.7,0,0,,87.5,195.9,86.7,193.9,1258.4,9.3,2,11811480,fuel_sum,11811479.5,11812500,0.999914,true
156373,2022,225 W Ohio St,225 W Ohio St,60654,NEAR NORTH SIDE,8,Office,Submitted Data,submitted,false,60892,1907,1,,80,1192258.7,1628824.8,0,0,,46.3,82.9,48.2,84.9,243.6,4,3.5,2821084,fuel_sum,2821083.5,2819300,1.000633,true
156406,2022,,17 23 N WABASH AVE,60602,LOOP,32,Office,Submitted Data,submitted,false,70680,1900,1,,,4080171,2934565.1,0,0,,99.2,205.2,97.3,199.8,693.3,9.8,2,7014736,fuel_sum,7014736.1,7011456,1.000468,true
156413,2022,Wells Community Academy HS -CPS,936 N Ashland Ave,60622,WEST TOWN,24,,Exempt,exempt,true,264101,,,,,,,,,,,,,,,,,,,,,,
156414,2022,De Diego Community Academy -CPS,1313 N Claremont Ave,60622,WEST TOWN,24,,Exempt,exempt,true,238557,,,,,,,,,,,,,,,,,,,,,,
156500,2022,Flat Iron Building,1579 N. Milwaukee Avenue,60622,WEST TOWN,24,,Exempt,exempt,true,92168,,,,,,,,,,,,,,,,,,,,,,
156536,2022,228 South Wabash Building,228 S Wabash Ave,60604,LOOP,32,,Not Submitted,not_submitted,false,64630,,,,,,,,,,,,,,,,0,,,,,,
156543,2022,Mentor Building,39 S STATE ST,60603,LOOP,32,Multifamily Housing,Submitted Data,submitted,false,72150,1903,1,,6,3335792.1,3461826.4,0,0,,94.2,179.8,97.3,182.7,623.2,8.6,1,6797619,fuel_sum,6797618.5,6796530,1.00016,true
156549,2022,601 S LaSalle,601 S LaSalle St,60605,LOOP,32,Office,Submitted Data,submitted,false,60000,1917,1,,,3455282.6,123394.2,0,0,,59.6,163.4,60.1,164.8,461.7,7.7,2,3578677,fuel_sum,3578676.8,3576000,1.000749,true
156557,2022,542 S Dearborn,542 S Dearborn St,60605,LOOP,32,Office,Submitted Data,submitted,false,86000,1891,1,,48,3566112,4957221.3,0,0,,99.1,176.6,102.7,178.1,733,8.5,2,8523333,fuel_sum,8523333.3,8522600,1.000086,true
156573,2022,,2 12 S HALSTED ST,60661,NEAR WEST SIDE,28,,Not Submitted,not_submitted,false,96915,,,,,,,,,,,,,,,,0,,,,,,
156576,2022,Rice Building,815 W Van Buren St,60607,NEAR WEST SIDE,28,Office,Submitted Data,submitted,false,80610,1910,1,,58,2832595.8,3422193.3,0,0,,77.6,143,78.3,140.5,554.9,6.9,2.5,6254789,fuel_sum,6254789.1,6255336,0.999913,true
156609,2022,,1360 N ASHLAND AVE,60622,WEST TOWN,24,Wholesale Club/Supercenter,Submitted Data,submitted,false,147776,2016,1,,83,3387661.8,1306072.9,0,0,,53.4,123.5,53.3,121.9,515.6,5.9,4,4693735,fuel_sum,4693734.7,7891238,0.594803,false
156693,2022,West Side Realty Corporation,1645 W Jackson Blvd,60612,NEAR WEST SIDE,28,Medical Office,Submitted Data,submitted,false,127100,1991,1,,40,9937185.8,1114030.8,0,0,,86.9,228.1,87.1,228.6,1368,10.8,1.5,11051217,fuel_sum,11051216.6,11044990,1.000564,true
156696,2022,,1307 1313 S WABASH AVE,60605,NEAR SOUTH SIDE,33,Multifamily Housing,Submitted Data,submitted,false,155000,1929,1,,92,2192418.1,5881339.8,0,0,,52.1,79.4,52.3,78.7,601.2,3.9,4,8073758,fuel_sum,8073757.9,8075500,0.999784,true
156711,2022,20 North Michigan Avenue,20 N Michigan Ave,60602,LOOP,32,Office,Submitted Data,submitted,false,214800,1880,1,,70,6730204.2,7961247.1,0,0,,68.4,126.6,70.1,128.4,1309.3,6.1,3,14691451,fuel_sum,14691451.3,14692320,0.999941,true
156731,2022,Seventy East,70 E Lake St,60601,LOOP,32,Office,Submitted Data,submitted,false,154373,1927,1,,76,6717382.7,0,0,0,,43.5,121.8,44.4,124.4,884.8,5.7,3.5,6717383,fuel_sum,6717382.7,6715226,1.000321,true
156750,2022,800 Clark,800 810 N CLARK ST,60610,NEAR NORTH SIDE,8,Multifamily Housing,Submitted Data,submitted,true,940116,1901,1,,,4530365.2,4916140.5,0,0,,10,19,10.2,19.3,857.8,0.9,,9446506,fuel_sum,9446505.7,9401160,1.004823,true
156772,2022,The LaSalle Atrium Building,401 S LASALLE ST,60605,LOOP,32,,Exempt,exempt,true,173209,,,,,,,,,,,,,,,,,,,,,,
156782,2022,Chicago Medical Society,515 N Dearborn St,60654,NEAR NORTH SIDE,8,Office,Submitted Data,submitted,false,52284,1925,1,,76,1089961.1,2485105.6,0,0,,68.4,108.3,69.1,106.4,275.6,5.3,3.5,3575067,fuel_sum,3575066.7,3576226,0.999676,true
156829,2022,"Graham School of Management, St. Xavier University",3700 W 103rd St,60655,MOUNT GREENWOOD,74,College/University,Submitted Data,submitted,false,468006,1955,10,,,13737726,40641801.9,0,0,,116.2,173.4,122.2,177.4,3968.1,8.5,3,54379528,fuel_sum,54379527.9,54382297,0.999949,true
156840,2022,One Superior Place,1 W Superior St,60654,NEAR NORTH SIDE,8,Multifamily Housing,Submitted Data,submitted,false,706415,1999,1,,89,18951918.8,18538042.7,0,0,,57.1,110.4,57.1,110.4,3480.9,5.3,4,37489962,fuel_sum,37489961.5,40336297,0.929435,false
156845,2022,The Westin Michigan Avenue,909 N Michigan Ave,60611,NEAR NORTH SIDE,8,Hotel,Submitted Data,submitted,false,638407,1963,1,,48,26148716.1,42277397.1,0,0,,125.3,215.3,126.9,214.8,5689.7,10.4,2,68426113,fuel_sum,68426113.2,79992397,0.855408,false
156854,2022,Delaware Place Private Residences,875 N DEARBORN ST,60610,NEAR NORTH SIDE,8,Multifamily Housing,Submitted Data,submitted,false,201938,1985,1,,16,8188187.5,6880609.9,0,0,,101.2,202.4,101.2,202.4,1444,9.7,1,15068797,fuel_sum,15068797.4,20436126,0.737361,false
156856,2022,Presence Stone Professional Office Building,2800 - 2812 N Sheridan Rd,60657,LAKE VIEW,6,,Not Submitted,not_submitted,false,96180,,,,,,,,,,,,,,,,0,,,,,,
156868,2022,Hanover House,11 21 W GOETHE ST,60610,NEAR NORTH SIDE,8,Multifamily Housing,Submitted Data,submitted,false,284000,1970,1,,65,7674441.7,8516567.2,0,0,,64.8,121.7,66.4,123.5,1463.2,5.9,3,16191009,fuel_sum,16191008.9,18403200,0.879793,false
156871,2022,,850 858 N LAKESHORE DR,60611,NEAR NORTH SIDE,8,Multifamily Housing,Submitted Data,submitted,false,250225,1925,1,,45,7396952.4,11080939.3,0,0,,73.8,129.3,75,129.6,1562.8,6.2,3,18477892,fuel_sum,18477891.7,18466605,1.000611,true
156874,2022,Warren Barr Gold Coast,66 W Oak St,60610,NEAR NORTH SIDE,8,,Not Submitted,not_submitted,false,152570,,,,,,,,,,,,,,,,0,,,,,,
156876,2022,Newberry Library,60 W Walton St,60610,NEAR NORTH SIDE,8,,Not Submitted,not_submitted,false,200000,,,,,,,,,,,,,,,,0,,,,,,
156879,2022,Morningside North Apartments,170 W Oak St,60610,NEAR NORTH SIDE,8,Senior Living Community,Submitted Data,submitted,false,243200,1981,1,,100,4219602.9,11307136.2,0,0,,63.8,97.4,65.9,98,1156.4,4.8,4,15526739,fuel_sum,15526739.1,15516160,1.000682,true
156891,2022,737 North Michigan Avenue Investors LLC,737 N Michigan Ave,60611,NEAR NORTH SIDE,8,Mixed Use Property,Submitted Data,submitted,true,1217060,1984,1,,,72244410.6,0,0,0,,68.1,190.7,68.8,192.7,9515.6,9,,72244411,fuel_sum,72244410.6,82881786,0.871656,false
156900,2022,Edens East,6160 N CICERO AVE,60646,FOREST GLEN,12,,Not Submitted,not_submitted,false,63000,,,,,,,,,,,,,,,,0,,,,,,
156942,2022,Burton-Judson Courts,1005 E 60th St,60637,WOODLAWN,42,Residence Hall/Dormitory,Submitted Data,submitted,false,201402,1931,1,,68,2852269,0,14194821.6,0,,84.6,124.4,89.7,130.6,1318.2,6.5,3,17047091,fuel_sum,17047090.6,17038609,1.000498,true
156999,2022,Lenart Regional Gifted Center -CPS,8101 S LaSalle St,60620,CHATHAM,44,K-12 School,Submitted Data,submitted,false,60474,1961,1,,67,695539.6,3951219.9,0,0,,76.8,100.8,80.1,104.2,301.5,5,3,4646760,fuel_sum,4646759.5,4644403,1.000507,true
157011,2022,Little Village HS Campus -CPS,3120 S Kostner Ave,60623,SOUTH LAWNDALE,30,K-12 School,Submitted Data,submitted,false,290134,2005,1,,8,18241773.6,14015161.3,0,0,,111.2,226.8,111.9,223.6,3147.1,10.8,1,32256935,fuel_sum,32256934.9,32262901,0.999815,true
157100,2022,,1611  W DIVISION ST,60622,WEST TOWN,24,Multifamily Housing,Submitted Data,submitted,false,112734,2013,1,,86,2396255.3,3797636.3,0,0,,56.9,98.2,58.9,100.3,517.3,4.8,4,6193892,fuel_sum,6193891.6,6414565,0.965598,false
157152,2022,Metro,1200 W MONROE,60607,NEAR WEST SIDE,28,Multifamily Housing,Submitted Data,submitted,false,314000,2001,1,,96,4760660.7,12026772.4,0,0,,59.7,92.4,60.2,91.2,1265.8,4.5,4,16787433,fuel_sum,16787433.1,18745800,0.89553,false
157159,2022,The Maxwell,1100 S Canal St,60607,NEAR WEST SIDE,28,Strip Mall,Submitted Data,submitted,false,430159,2014,1,,,18892869,3017222.8,0,0,,91.2,233.5,91.7,233.9,2648.7,11,4,21910092,fuel_sum,21910091.8,39230501,0.558496,false
157161,2022,,909 W WASHINGTON BLVD,60607,NEAR WEST SIDE,28,Multifamily Housing,Submitted Data,submitted,false,113711,2006,1,,1,4436086.9,10395124.2,0,0,,162.3,255.4,164.9,254.2,1136.4,12.4,1,14831211,fuel_sum,14831211.1,18455295,0.803629,false
157165,2022,Las Americas Apartments,1611 S Racine Ave,60608,LOWER WEST SIDE,31,Multifamily Housing,Submitted Data,submitted,false,123500,1951,1,,76,2423600.3,9180180,0,0,,94,133,97.2,135.3,806.8,6.5,3.5,11603780,fuel_sum,11603780.3,11609000,0.99955,true
157170,2022,Garvey Court,201 N CLARK ST,60601,LOOP,32,,Exempt,exempt,true,104142,,,,,,,,,,,,,,,,,,,,,,
157208,2022,SIR Chicago,400 S Jefferson St,60607,NEAR WEST SIDE,28,Office,Submitted Data,submitted,false,310704,1946,1,,90,6926204.5,5503475.5,0,0,,45.1,91.4,45.6,90.9,1204.6,4.4,4,12429680,fuel_sum,12429680,14012750,0.887026,false
157280,2022,Noble Square Cooperative,1165 N MILWAUKEE AVE,60642,WEST TOWN,24,Multifamily Housing,Submitted Data,submitted,false,284850,1969,1,,59,5337441.6,22518851.5,0,0,,97.8,135.5,101.6,138.6,1899.1,6.7,2.5,27856293,fuel_sum,27856293.1,27858330,0.999927,true
157287,2022,Midwest Orthopaedics at Rush,1611 W HARRISON ST,60612,NEAR WEST SIDE,28,Medical Office,Submitted Data,submitted,false,212511,2009,1,,98,8563072.2,0,0,0,,40.3,112.8,40.3,112.8,1127.9,5.3,4,8563072,fuel_sum,8563072.2,8564193,0.999869,true
157320,2022,,24  S MORGAN ST,60607,NEAR WEST SIDE,28,Multifamily Housing,Submitted Data,submitted,false,129844,2008,1,,50,3159480.9,5460616.8,0,0,,66.4,112.3,67.4,111.5,706.2,5.4,2,8620098,fuel_sum,8620097.7,8621642,0.999821,true
157346,2022,,5236 5252 S HYDE PARK BLVD,60615,HYDE PARK,41,Multifamily Housing,Submitted Data,submitted,false,137394,1928,1,,78,1791200,9053540.1,0,0,,78.9,105.7,84.1,111.1,716.8,5.2,3.5,10844740,fuel_sum,10844740.1,10840387,1.000402,true
157348,2022,Thomas F Flannery Apartments,1531 N Clybourn Ave,60610,NEAR NORTH SIDE,8,Multifamily Housing,Submitted Data,submitted,false,99696,1965,2,,32,1816204.2,16212089.9,0,0,,180.8,221.8,192.9,234.4,1100.3,11,1.5,18028294,fuel_sum,18028294.1,18025037,1.000181,true
157458,2022,Midwest Apartments,6 N Hamlin Blvd,60624,WEST GARFIELD PARK,26,Multifamily Housing,Submitted Data,submitted,false,249910,1920,1,,58,4689041.7,17500636.8,0,0,,95.5,135.6,98.1,137.5,1547.2,6.7,2.5,22189679,fuel_sum,22189678.5,23866405,0.929745,false
157469,2022,1224 W. Van Buren Lofts,1224 W Van Buren St,60607,NEAR WEST SIDE,28,Multifamily Housing,Submitted Data,submitted,false,318177,2007,1,,59,5569200.4,16540584.3,0,0,,73.9,110.2,76,111.1,1612.1,5.4,2.5,22109785,fuel_sum,22109784.7,23513280,0.940311,false
157587,2022,Loretto Hospital,645 S CENTRAL AVE,60644,AUSTIN,25,,Not Submitted,not_submitted,false,311325,,,,,,,,,,,,,,,,0,,,,,,
157599,2022,Dearborn Tower Condominium Association,1530 S State St,60605,NEAR SOUTH SIDE,33,Multifamily Housing,Submitted Data,submitted,false,921603,2001,1,,99,10293370.7,21758271.9,0,0,,43.5,70.1,44.7,70.8,2511.5,3.4,4,32051643,fuel_sum,32051642.6,40089731,0.799498,false
157602,2022,Prairie House at Central Station,1515 S Prairie Ave,60605,NEAR SOUTH SIDE,33,Multifamily Housing,Submitted Data,submitted,false,403018,2001,1,,49,10107340.6,12288519.4,0,0,,82,150.9,82.7,148.8,1984,7.3,3,22395860,fuel_sum,22395860,33047476,0.677687,false
157607,2022,Hilliard Homes Limited Partnership (Senior),2111 S Clark Ave,60616,NEAR SOUTH SIDE,33,Multifamily Housing,Submitted Data,submitted,false,311326,1966,2,,78,4997551.3,16117403.7,0,0,,81.4,119.2,85,121.6,1514.3,5.8,3.5,21114955,fuel_sum,21114955,25341936,0.833202,false
157614,2022,The Guild Condo,50 E 16th St,60616,NEAR SOUTH SIDE,33,Multifamily Housing,Submitted Data,submitted,false,281431,2008,1,,49,8043780.8,10227609.1,0,0,,80.1,145.9,80.6,144.4,1602.7,7,2,18271390,fuel_sum,18271389.9,22542623,0.810526,false
157618,2022,,61 W 15TH ST,60605,NEAR SOUTH SIDE,33,Multifamily Housing,Submitted Data,submitted,false,165000,2000,1,,60,3863172.9,4397538.5,0,0,,66.1,123.5,66.7,123.1,742.4,5.9,3.5,8260711,fuel_sum,8260711.4,10906500,0.757412,false
157767,2022,"Roosevelt HS, Theodore -CPS",3436 W Wilson Ave,60625,ALBANY PARK,14,K-12 School,Submitted Data,submitted,false,319900,1927,1,,77,5265554.6,15457661.6,0,0,,64.8,96.8,67.5,99.7,1514.6,4.7,3.5,20723216,fuel_sum,20723216.2,20729520,0.999696,true
157832,2022,Community First Medical Center,5645 W Addison St,60634,PORTAGE PARK,15,,Not Submitted,not_submitted,false,622528,,,,,,,,,,,,,,,,0,,,,,,
157887,2022,Bethel New Life Residences,4950-4952 W Thomas St,60651,AUSTIN,25,,Not Submitted,not_submitted,false,120000,,,,,,,,,,,,,,,,0,,,,,,
157919,2022,North Park Village Apartments - Building H,5801 N Pulaski Rd - Bldg H,60646,NORTH PARK,13,Residential Care Facility,Submitted Data,submitted,false,275000,1913,1,,,9930656.4,6694642.4,0,0,,60.5,126.7,59.8,124.7,1663.6,6,4,16625299,fuel_sum,16625298.8,16637500,0.999267,true
157955,2022,Hilton Chicago,720 S Michigan Ave,60605,LOOP,32,Hotel,Submitted Data,submitted,false,2054590,1927,1,,69,77990665.9,122906932.9,0,0,,97.8,169.1,99.5,170.9,16800.7,8.2,3,200897599,fuel_sum,200897598.8,200938902,0.999794,true
157964,2022,Harold Washington Library,400 S State St,60605,LOOP,32,Library,Submitted Data,submitted,false,756640,1991,1,,,65367156.3,0,0,0,,86.4,241.9,85.6,239.7,8609.8,11.4,1,65367156,fuel_sum,65367156.3,65373696,0.9999,true
157971,2022,Michigan Avenue Lofts,910 S Michigan Ave,60605,LOOP,32,Multifamily Housing,Submitted Data,submitted,false,604881,1911,1,,60,10719614.6,24387507.7,0,0,,67.9,107.6,71.1,109.8,2707.3,5.2,2.5,35107122,fuel_sum,35107122.3,41071420,0.854782,false
157975,2022,Lake Meadows 9,501 E 32nd St,60616,DOUGLAS,35,Multifamily Housing,Submitted Data,submitted,false,336679,1956,1,,17,2858279.2,44112559.9,0,0,,154.5,178.7,164.2,188.4,2719.5,8.9,1,46970839,fuel_sum,46970839.1,52016906,0.902992,false
157986,2022,Essex Hotel,800 S Michigan Ave,60605,LOOP,32,,Not Submitted,not_submitted,false,112000,,,,,,,,,,,,,,,,0,,,,,,
157988,2022,Union League Club Of Chicago,65 W Jackson Blvd,60604,LOOP,32,,Submitted Data,submitted,false,311794,,,,,,,,,,,,,,,,0,,,,,,
157993,2022,,343 S DEARBORN ST,60604,LOOP,32,,Not Submitted,not_submitted,false,167940,,,,,,,,,,,,,,,,0,,,,,,
157997,2022,,407 415 S DEARBORN ST,60605,LOOP,32,Multifamily Housing,Submitted Data,submitted,false,198848,1893,1,,53,6315306.9,9228635.8,0,0,,78.2,137.7,78.5,137.5,1322,6.6,3.5,15543943,fuel_sum,15543942.7,15549914,0.999616,true
158061,2022,Edgewater Medical Center (vacant),5700 N ASHLAND AVE,60660,EDGEWATER,77,,Submitted Data,submitted,false,189775,,,,,,,,,,,,,,,,0,,,,,,
158083,2022,Renaissance Chicago O'Hare Suites Hotel,8500 W Bryn Mawr Ave,60631,OHARE,76,Hotel,Submitted Data,submitted,false,314254,2003,1,,70,13106798.8,17408099.8,0,0,,97.1,174.9,97.6,173.3,2651,8.4,3,30514899,fuel_sum,30514898.6,30514063,1.000027,true
158088,2022,Evangelical Lutheran Church in America,8765 W Higgins Rd,60631,OHARE,76,Office,Submitted Data,submitted,false,252250,1969,1,,89,8485145.2,0,0,0,,33.6,94.2,33.9,94.9,1117.6,4.4,4,8485145,fuel_sum,8485145.2,8475600,1.001126,true
158095,2022,O'Hare Plaza II,8755 W HIGGINS RD,60631,OHARE,76,Office,Submitted Data,submitted,false,516010,1969,1,,78,14739862.6,0,0,0,,57.6,161.2,,,1941.4,7.6,3.5,14739863,fuel_sum,14739862.6,29722176,0.495921,false
158099,2022,61480 - Galewood 14,5530 W Homer St,60639,AUSTIN,25,Movie Theater,Submitted Data,submitted,false,57976,2007,1,,,5504088.7,3078980,0,0,,148,321.6,146.1,312.2,888.5,15.3,1,8583069,fuel_sum,8583068.7,8580448,1.000305,true
158121,2022,Chase Tower Chicago,10 S Dearborn St,60603,LOOP,32,Financial Office,Submitted Data,submitted,true,2521929,1967,1,,,166733872.4,1299400,0,0,,,,,,,,,,,168033272.4,,,
158133,2022,353 N Clark St,353 N Clark St,60654,NEAR NORTH SIDE,8,Office,Submitted Data,submitted,false,1436222,2009,1,,70,92626102.1,6565977.3,0,0,,72.7,195.2,,,12553.1,9.2,3,99192079,fuel_sum,99192079.4,104413339,0.949994,false
158134,2022,The Goodman Theatre,170 N Dearborn Ave,60601,LOOP,32,Performing Arts,Submitted Data,submitted,false,187000,1999,1,,,10399490.6,13394.2,0,0,,55.7,155.8,,,1370.5,7.3,0,10412885,fuel_sum,10412884.8,10415900,0.999711,true
158142,2022,Lake Shore Plaza,445 E Ohio St,60611,NEAR NORTH SIDE,8,Multifamily Housing,Submitted Data,submitted,false,415260,1985,1,,13,24012856,13506099.9,0,0,,90.4,196.1,91.2,195.8,3880.2,9.3,1,37518956,fuel_sum,37518955.9,37539504,0.999453,true
158158,2022,Travelodge by Wyndham Downtown Chicago,61 67 E HARRISON ST,60605,LOOP,32,,Not Submitted,not_submitted,false,140000,,,,,,,,,,,,,,,,0,,,,,,
158184,2022,33 West Monroe,33 W Monroe St,60603,LOOP,32,Office,Submitted Data,submitted,false,1134375,1980,1,,57,51861153.2,0,0,9630144.2,,56.6,141.8,57.5,147.3,7338.4,6.8,2.5,61491297,fuel_sum,61491297.4,64205625,0.957724,false
158215,2022,Wabash Building,425 S Wabash Ave,60605,LOOP,32,Residence Hall/Dormitory,Submitted Data,submitted,true,414585,2011,1,,,16298052.5,19113932.2,0,0,,85.4,158.5,86.3,158.2,3161.9,7.6,,35411985,fuel_sum,35411984.7,35405559,1.000181,true
158219,2022,Chicago Swissotel,323 E Wacker Dr,60601,LOOP,32,Hotel,Submitted Data,submitted,false,1076489,1988,1,,87,27374738.9,37948797.8,0,0,,73,130.2,74.9,130.8,5621.3,6.3,4,65323537,fuel_sum,65323536.7,78583697,0.831261,false
158224,2022,The Shoreham Apartments,400 E South Water St,60601,LOOP,32,Multifamily Housing,Submitted Data,submitted,false,458305,2005,1,,41,12639155.1,28987370.6,0,0,,96.7,153,100.9,155.4,3204.4,7.4,2,41626526,fuel_sum,41626525.7,44318094,0.939267,false
158227,2022,Grand Plaza,540 N State St,60654,NEAR NORTH SIDE,8,Multifamily Housing,Submitted Data,submitted,true,1640000,2003,1,,,29847701.2,62596113.4,0,14210040.2,,95.3,144.9,97.9,147.6,8005,7.2,,106653855,fuel_sum,106653854.8,156292000,0.682401,false
158236,2022,Renaissance Chicago Downtown,1 W Wacker Dr,60601,LOOP,32,Hotel,Submitted Data,submitted,false,537323,1990,1,,52,23912831.2,37491199.7,0,0,,114.3,197.9,117.8,199.7,5141,9.6,2.5,61404031,fuel_sum,61404030.9,61416019,0.999805,true
158265,2022,Randolph Tower City,188 W Randolph St,60601,LOOP,32,Multifamily Housing,Submitted Data,submitted,false,369145,1929,1,,28,12759454.3,18700327.7,0,0,,85.2,150,87.1,151,2673.9,7.2,1,31459782,fuel_sum,31459782,31451154,1.000274,true
158287,2022,5999-Westin Chicago River North,320 N Dearborn Ave,60654,NEAR NORTH SIDE,8,Hotel,Submitted Data,submitted,false,512165,1987,1,,73,23902084.4,6633099.8,0,0,,63.9,154.7,66.3,161.3,3500.6,7.3,3.5,30535184,fuel_sum,30535184.2,32727344,0.933017,false
158295,2022,Congress Plaza Hotel,520 S Michigan Ave,60605,LOOP,32,Hotel,Submitted Data,submitted,false,600700,1873,1,,74,14760608.2,49868061.9,0,0,,107.6,156,108.5,154.9,4592.9,7.6,3.5,64628670,fuel_sum,64628670.1,64635320,0.999897,true
158303,2022,W Chicago Lakeshore,644 N Lakeshore Dr,60611,NEAR NORTH SIDE,8,Hotel,Submitted Data,submitted,false,437452,1965,1,,55,21255668.9,11127470.1,0,0,,84.9,186.7,84.4,184,3390.7,8.9,2.5,32383139,fuel_sum,32383139,37139675,0.871928,false
158307,2022,Two River Place,720 N Larrabee St,60654,NEAR NORTH SIDE,8,Multifamily Housing,Submitted Data,submitted,false,332586,2004,1,,55,7283292.7,14896391.2,0,0,,85,138.1,88.6,140.2,1750.5,6.7,3.5,22179684,fuel_sum,22179683.9,28269810,0.784571,false
158316,2022,Hard Rock Hotel,230 N Michigan Ave,60601,LOOP,32,Hotel,Submitted Data,submitted,false,304200,1929,1,,27,17713748.4,20399740.9,0,0,,127,236.7,129.9,239.7,3416.7,11.4,1,38113489,fuel_sum,38113489.3,38633400,0.986542,true
158336,2022,,200 N COLUMBUS DR,60601,LOOP,32,Hotel,Submitted Data,submitted,false,710000,1987,1,,28,55854108.6,13283450.4,0,0,,98.8,243.3,98.7,243.1,8062.3,11.5,1,69137559,fuel_sum,69137559,70148000,0.985596,true
158361,2022,Courtyard Marriot,30 E Hubbard St,60611,NEAR NORTH SIDE,8,Hotel,Submitted Data,submitted,false,202602,1992,1,,21,16795119.3,4978600.1,0,0,,107.5,257.9,108.6,261,2476.6,12.2,2,21773719,fuel_sum,21773719.4,21779715,0.999725,true
158365,2022,"Embassy Suites, Chicago",600 N State St,60654,NEAR NORTH SIDE,8,Hotel,Submitted Data,submitted,false,285516,1980,1,,57,12788021.9,14374537.3,0,0,,95.1,178.3,96.6,177.8,2447.9,8.6,2.5,27162559,fuel_sum,27162559.2,27152572,1.000368,true
158380,2022,The Monroe Building,104 S Michigan Ave,60603,LOOP,32,Office,Submitted Data,submitted,false,243166,1912,1,,79,7773398.1,8050739.6,0,0,,65.1,124.3,67,125.3,1451.5,6,3.5,15824138,fuel_sum,15824137.7,15830107,0.999623,true
158387,2022,Chicago Mag Mile Courtyard,165 E Ontario St,60611,NEAR NORTH SIDE,8,Hotel,Submitted Data,submitted,false,356929,2003,1,,75,7352074.9,21801500.3,0,0,,101.6,151.5,103.4,151.9,2126.4,7.4,3.5,29153575,fuel_sum,29153575.2,36263986,0.803926,false
158391,2022,The Godfrey Hotel Chicago,127 W Huron St,60654,NEAR NORTH SIDE,8,Hotel,Submitted Data,submitted,false,750000,2013,1,,,,0,0,0,,,,,,,,0,,,0,,,
158392,2022,55 W Wacker Dr,55 W Wacker Dr,60601,LOOP,32,,Not Submitted,not_submitted,false,283780,,,,,,,,,,,,,,,,0,,,,,,
158394,2022,180 N Michigan Ave,180 N Michigan Ave,60601,LOOP,32,Office,Submitted Data,submitted,false,231521,1927,1,,60,8549896.9,10210413.6,0,0,,81,149.7,83.9,152.7,1668.5,7.2,2.5,18760311,fuel_sum,18760310.5,18753201,1.000379,true
158396,2022,180 North Jefferson Apartments,180 N Jefferson St,60661,NEAR WEST SIDE,28,Multifamily Housing,Submitted Data,submitted,false,393305,2004,1,,41,8329370.4,14692839.8,0,0,,100.5,169.1,101.2,166.5,1877.5,8.2,2,23022210,fuel_sum,23022210.2,39527153,0.58244,false
158402,2022,W CHICAGO - CITY CENTER,172 W Adams St,60603,LOOP,32,Hotel,Submitted Data,submitted,false,243373,2009,1,,13,15170851.2,26330119.1,0,0,,170.5,288.1,175.3,290.6,3396.7,14,1,41500970,fuel_sum,41500970.3,41495097,1.000142,true
158403,2022,Illinois Institute of Technology,565 W Adams St,60661,NEAR WEST SIDE,28,College/University,Submitted Data,submitted,false,284000,1992,1,,,14120461,3174,0,0,,49.7,139.2,49.7,139.2,1860,6.5,3,14123635,fuel_sum,14123635,14114800,1.000626,true
158405,2022,250 S Wacker Dr,250 S Wacker Dr,60606,LOOP,32,Office,Submitted Data,submitted,false,262214,1958,1,,77,8271152,7613347.7,0,0,,63.1,123.7,64,123.6,1493.8,5.9,3.5,15884500,fuel_sum,15884499.7,16545703,0.960038,false
158406,2022,Wilton U.S. 65 East LLC,65 E Wacker Pl,60601,LOOP,32,Office,Submitted Data,submitted,false,249062,1928,1,,73,4541578.7,10012104.4,0,5978195.9,,82.4,115.1,83.2,116,1445,5.8,3.5,20531879,fuel_sum,20531879,20522709,1.000447,true
158407,2022,CCC District Office,226 W Jackson Blvd,60606,LOOP,32,,Not Submitted,not_submitted,false,226546,,,,,,,,,,,,,,,,0,,,,,,
158412,2022,AC Hotel Chicago Downtown,630 N Rush St,60611,NEAR NORTH SIDE,8,,Not Submitted,not_submitted,false,371717,,,,,,,,,,,,,,,,0,,,,,,
158414,2022,Old Republic Building,301 - 317 N Michigan Ave,60601,LOOP,32,Office,Submitted Data,submitted,false,219636,1925,1,,72,6777241.8,11072210.4,0,0,,81.3,139.3,85.5,143.8,1480.8,6.7,3.5,17849452,fuel_sum,17849452.2,17856407,0.999611,true
158420,2022,Millenium on LaSalle,29 S LaSalle St,60603,LOOP,32,Multifamily Housing,Submitted Data,submitted,false,187875,2020,3,,84,5544158.8,3983198,0,0,,50.7,104.9,50.8,104.1,941.8,5,4,9527357,fuel_sum,9527356.8,9525263,1.00022,true
158422,2022,"600 Fulton Owner, LLC",600 W Fulton St,60661,NEAR WEST SIDE,28,Office,Submitted Data,submitted,false,236216,1901,1,,52,15387418.2,0,0,0,,65.1,182.4,64.7,181.3,2026.7,8.6,2.5,15387418,fuel_sum,15387418.2,15377662,1.000634,true
158424,2022,Virgin Hotels Chicago,203 209 N WABASH AVE,60601,LOOP,32,,Not Submitted,not_submitted,false,198000,,,,,,,,,,,,,,,,0,,,,,,
158426,2022,Hampton Inn and Suites Chicago,33 W Illinois St,60654,NEAR NORTH SIDE,8,Hotel,Submitted Data,submitted,false,160000,1999,1,,59,5449314.8,12114400.5,0,0,,109.8,174.9,111.8,175.6,1361.2,8.5,2.5,17563715,fuel_sum,17563715.3,17568000,0.999756,true
158429,2022,623 S Wabash Ave,623 S Wabash Ave,60605,LOOP,32,College/University,Submitted Data,submitted,false,206130,1960,,,,8457056.2,5334867.8,0,0,,66.9,142.1,68.2,143.4,1397.3,6.8,3,13791924,fuel_sum,13791924,13790097,1.000132,true
158431,2022,,600 N MICHIGAN AVE,60611,NEAR NORTH SIDE,8,Retail Store,Submitted Data,submitted,false,209374,1996,1,,,33988213.3,13231193.4,0,0,,225.5,520.9,226.2,521.6,5179.5,24.7,1,47219407,fuel_sum,47219406.7,47213837,1.000118,true
158433,2022,Clinton Street Lofts,226 N Clinton St,60661,NEAR WEST SIDE,28,Multifamily Housing,Submitted Data,submitted,false,188400,1885,1,,86,3967507.7,5029246.7,0,0,,64.4,117.3,64.1,114.7,789.7,5.7,4,8996754,fuel_sum,8996754.4,12132960,0.741514,false
158438,2022,Realtor Building,430 N Michigan Ave,60611,NEAR NORTH SIDE,8,Office,Submitted Data,submitted,false,326974,1962,1,,73,12073137.2,9945620,0,0,,67.3,135.3,66.3,132.5,2118.5,6.5,3.5,22018757,fuel_sum,22018757.2,22005350,1.000609,true
158453,2022,The Buckingham,59 E Van Buren St,60605,LOOP,32,,Not Submitted,not_submitted,false,210390,,,,,,,,,,,,,,,,0,,,,,,
158472,2022,Metropolis Condominium Association,8 W Monroe St,60603,LOOP,32,Multifamily Housing,Submitted Data,submitted,false,258704,1912,1,,54,7294314.4,9547427,0,0,,77,139.3,77.7,138.8,1467.9,6.7,3.5,16841741,fuel_sum,16841741.4,19920208,0.84546,false
158526,2022,33738-Chicago Marriott Downtown,540 N Michigan Ave,60611,NEAR NORTH SIDE,8,Hotel,Submitted Data,submitted,false,949542,1990,1,,58,41423282.1,61510001.5,0,0,,108.4,190.2,108.2,186.9,8723.1,9.2,2.5,102933284,fuel_sum,102933283.6,102930353,1.000028,true
158596,2022,,4025 4041 N KEDVALE AVE,60641,IRVING PARK,16,,Not Submitted,not_submitted,false,61400,,,,,,,,,,,,,,,,0,,,,,,
158630,2022,Erie Centre Condo,375 425 W Erie St,60654,NEAR NORTH SIDE,8,Multifamily Housing,Submitted Data,submitted,false,420897,1999,2,,96,9945689.7,1681614,0,0,,29.4,74.8,29.6,75,1399.3,3.5,4,11627304,fuel_sum,11627303.7,12374372,0.939628,false
158640,2022,(IL278)-2000 N. Lincoln Park West,2000 - 2052 N Lincoln Park West,60614,LINCOLN PARK,7,Multifamily Housing,Submitted Data,submitted,false,250348,1930,1,,20,4520678.4,25786153.2,0,0,,121.1,158.7,127.3,163.9,1965.1,7.8,1,30306832,fuel_sum,30306831.6,30317143,0.99966,true
158644,2022,Astor House,1340 N Astor St,60610,NEAR NORTH SIDE,8,Multifamily Housing,Submitted Data,submitted,false,206150,1969,1,,36,5387512,15145504.5,0,0,,99.6,150.3,103.4,152.3,1514.1,7.3,1.5,20533017,fuel_sum,20533016.5,20532540,1.000023,true
158646,2022,Lincoln Park 2550 Condominium Association,2550 N Lakeview Ave,60614,LINCOLN PARK,7,Multifamily Housing,Submitted Data,submitted,false,1193624,2012,1,,99,17463920.3,22765478.1,0,0,,40.5,73.3,40.9,73,3509.4,3.5,4,40229398,fuel_sum,40229398.4,48341772,0.832187,false
158647,2022,Ambassador House Condominium Association,1317 1325 N STATE PKWY,60610,NEAR NORTH SIDE,8,Multifamily Housing,Submitted Data,submitted,false,221050,1966,1,,20,4933850.2,16095635.5,0,0,,109.6,160.1,110.9,158.9,1504.8,7.8,1,21029486,fuel_sum,21029485.7,24227080,0.868016,false
158651,2022,1350-60 N LSD,1350 N Lake Shore Dr,60610,NEAR NORTH SIDE,8,Multifamily Housing,Submitted Data,submitted,false,760200,1951,2,,37,15451743.6,59902808.3,0,0,,103.7,146.1,108.5,150.1,5216.9,7.2,1.5,75354552,fuel_sum,75354551.9,78832740,0.955879,false
158654,2022,The Belden Stratford,2300 N Lincoln Park West,60614,LINCOLN PARK,7,Multifamily Housing,Submitted Data,submitted,false,269400,1923,1,,100,576322.5,9836061.7,0,0,,38.7,44.3,40,45.8,598.4,2.2,4,10412384,fuel_sum,10412384.2,10425780,0.998715,true
158668,2022,Edith Spurlock Sampson Apts,2720 N Sheffield Ave,60614,LINCOLN PARK,7,Multifamily Housing,Submitted Data,submitted,false,156471,1968,2,,34,5185932.2,18967601.1,0,0,,154.4,220.1,162.8,228.9,1690.5,10.8,1.5,24153533,fuel_sum,24153533.3,24159122,0.999769,true
158724,2022,2200 S Western Ave,2200 S Western Ave,60608,LOWER WEST SIDE,31,Supermarket/Grocery Store,Submitted Data,submitted,false,65058,1970,1,,77,5912500.1,5942591.7,0,0,,182.2,350.4,183.4,349.9,1142.9,17.6,4,11855092,fuel_sum,11855091.8,11853568,1.000129,true
158739,2022,Pensacola Place Apartments,4334 N Hazel St,60613,UPTOWN,3,Multifamily Housing,Submitted Data,submitted,false,625765,1981,1,,29,23019366,4746710.6,0,0,,67,167.5,68.5,171.2,3284.1,7.9,2,27766077,fuel_sum,27766076.6,41926255,0.66226,false
158740,2022,Lakeview East Cooperative,707 W Waveland Ave,60613,LAKE VIEW,6,Multifamily Housing,Submitted Data,submitted,false,234695,1973,1,,29,3957063.7,20673287.3,0,0,,104.9,139.7,111.2,145.5,1619.3,6.9,1,24630351,fuel_sum,24630351,24619506,1.000441,true
158743,2022,,4344 4360 N BROADWAY,60613,UPTOWN,3,Multifamily Housing,Submitted Data,submitted,false,149524,2004,1,,47,3417663.4,8537653.9,0,0,,80,124,80.9,123.3,903.6,6,2,11955317,fuel_sum,11955317.3,11961920,0.999448,true
158748,2022,American Islamic College,640 W Irving Park Rd,60613,UPTOWN,3,,Not Submitted,not_submitted,false,200024,,,,,,,,,,,,,,,,0,,,,,,
158774,2022,Bethany Retirement Community,4950 N ASHLAND AVE,60640,UPTOWN,3,,Not Submitted,not_submitted,false,121446,,,,,,,,,,,,,,,,0,,,,,,
158780,2022,4001 N Ravenswood Ave,4001 N Ravenswood Ave,60613,LAKE VIEW,6,Other,Submitted Data,submitted,false,76800,2008,1,,,1504650.8,1379867.3,0,0,,37.6,73.7,38.4,74.6,271.5,3.5,3,2884518,fuel_sum,2884518.1,2887680,0.998905,true
158841,2022,"Sullivan HS, Roger C -CPS",6631 N Bosworth Ave,60626,ROGERS PARK,1,K-12 School,Submitted Data,submitted,false,218067,1926,1,,41,3661860.9,20182780.3,0,0,,109.3,144.2,111.3,146.2,1554.3,7.1,2,23844641,fuel_sum,23844641.2,23834723,1.000416,true
158842,2022,Flanner Hall,1068 W Sheridan Rd,60660,ROGERS PARK,1,,Not Submitted,not_submitted,false,64407,,,,,,,,,,,,,,,,0,,,,,,
158867,2022,Windermere House,1642 E 56th St,60637,HYDE PARK,41,Multifamily Housing,Submitted Data,submitted,false,359018,1923,1,,56,4574142.2,26886920.9,0,0,,87.6,114.3,92.7,118.9,2030.6,5.7,2.5,31461063,fuel_sum,31461063.1,31449977,1.000352,true
158873,2022,,5801 5811 S DORCHESTER AVE,60637,HYDE PARK,41,Multifamily Housing,Submitted Data,submitted,false,195459,1928,1,,83,1387454.7,15740517.9,0,0,,89.5,106.6,94.5,111.8,1018.8,5.3,4,17127973,fuel_sum,17127972.6,17493581,0.9791,true
158874,2022,Earl Shapiro Hall,5800 S Stony Island Ave,60637,HYDE PARK,41,K-12 School,Submitted Data,submitted,false,130848,2013,1,,23,4840806.6,6040800.8,0,0,,83.2,152.1,84.4,151,958.5,7.3,1,10881607,fuel_sum,10881607.4,10886554,0.999546,true
158958,2022,Jackson Park Hospital,7531 S Stony Island Ave,60649,SOUTH SHORE,43,,Not Submitted,not_submitted,false,520525,,,,,,,,,,,,,,,,0,,,,,,
159000,2022,Harlan Comm Academy -CPS,9652 S Michigan Ave,60628,ROSELAND,49,,Exempt,exempt,true,169730,,,,,,,,,,,,,,,,,,,,,,
159002,2022,U.S. Bank -- Pullman Branch,1000 E 111th St,60628,PULLMAN,50,,Not Submitted,not_submitted,false,96000,,,,,,,,,,,,,,,,0,,,,,,
159005,2022,Corliss HS -CPS,821 E 103rd St,60628,PULLMAN,50,K-12 School,Submitted Data,submitted,false,272651,1974,2,,15,15854884.9,9371140.1,0,0,,92.5,198.9,95,201.6,2586.1,9.5,1,25226025,fuel_sum,25226025,25220218,1.00023,true
159044,2022,Lidia Puchinska Apartments,838 N Noble St,60642,WEST TOWN,24,Multifamily Housing,Submitted Data,submitted,false,335411,1965,2,,70,4388500.1,21381029.8,0,0,,95.9,129.2,101.4,134.1,1713.7,6.4,3,25769530,fuel_sum,25769529.9,32165915,0.801144,false
159091,2022,Continental Plaza Apartments,1330 1358 W 76th St,60620,AUBURN GRESHAM,71,Multifamily Housing,Submitted Data,submitted,false,203603,2006,1,,46,5912239.7,3923300.1,0,0,,48.6,101.9,49.5,103.5,987.1,4.8,3,9835540,fuel_sum,9835539.8,9895106,0.99398,true
159099,2022,Sofitel Chicago Water Tower,20 E Chestnut St,60611,NEAR NORTH SIDE,8,Hotel,Submitted Data,submitted,false,377000,2002,1,,13,24261731.9,30739699.5,0,0,,145.9,265.8,146.1,261.1,4828.3,12.8,1,55001431,fuel_sum,55001431.4,55004300,0.999948,true
159100,2022,1111 N. Dearborn St,1111 N. Dearborn St,60610,NEAR NORTH SIDE,8,Multifamily Housing,Submitted Data,submitted,false,370974,1986,1,,65,6791739.1,22447547.5,0,0,,88.3,128.7,91.4,129.3,2086.9,6.3,3,29239287,fuel_sum,29239286.6,32757004,0.892612,false
159103,2022,Chestnut Tower,121 W Chestnut St,60610,NEAR NORTH SIDE,8,Multifamily Housing,Submitted Data,submitted,false,308244,2001,1,,65,5664109.4,13347010.1,0,0,,81,127.3,82.2,126.5,1455,6.2,3,19011120,fuel_sum,19011119.5,24967764,0.761427,false
159111,2022,Chicago Lakeshore Hospital,4840 N Marine Dr,60640,UPTOWN,3,,Not Submitted,not_submitted,false,51140,,,,,,,,,,,,,,,,0,,,,,,
159123,2022,,1516 N STATE PKWY,60610,NEAR NORTH SIDE,8,Multifamily Housing,Submitted Data,submitted,false,126400,1972,1,,95,2715876.4,2380316,0,0,,48.6,96.4,47.9,94.4,484.1,4.6,4,5096192,fuel_sum,5096192.4,6143040,0.829588,false
159156,2022,One East Delaware,1 E Delaware Pl,60611,NEAR NORTH SIDE,8,Multifamily Housing,Submitted Data,submitted,false,596499,1989,1,,75,11012557.3,17856198.3,0,0,,57,97.9,58.2,97.8,2398.9,4.7,4,28868756,fuel_sum,28868755.6,34000443,0.84907,false
159187,2022,Midway Gardens Apartments,727 E 60TH ST,60637,WOODLAWN,42,,Not Submitted,not_submitted,false,305742,,,,,,,,,,,,,,,,0,,,,,,
159245,2022,Maple Pointe Apartments,150 W Maple St,60610,NEAR NORTH SIDE,8,Multifamily Housing,Submitted Data,submitted,false,279955,1996,1,,52,6127987.7,19809957.3,0,0,,92.7,135.6,95.6,137.2,1859.3,6.6,2.5,25937945,fuel_sum,25937945,25951829,0.999465,true
159247,2022,Patrick F Sullivan Apts,1633 W Madison St,60612,NEAR WEST SIDE,28,Multifamily Housing,Submitted Data,submitted,false,367510,1965,1,,94,5972312,16796859.5,0,0,,62,93.5,65.3,97,1678.8,4.6,4,22769172,fuel_sum,22769171.5,22785620,0.999278,true
159249,2022,Atrium Village,303 W Division St,60610,NEAR NORTH SIDE,8,Multifamily Housing,Submitted Data,submitted,false,147424,1976,1,,29,4344188.5,11253270.8,0,0,,105.8,162.7,108.4,161.4,1169.9,7.9,1,15597459,fuel_sum,15597459.3,15597459,1,true
159250,2022,,2045 W Jackson Blvd,60612,NEAR WEST SIDE,28,Multifamily Housing,Submitted Data,submitted,false,210619,1983,14,,70,8374307.2,3845517.3,0,0,,58,130.5,58,129.2,1307.3,6.2,3,12219825,fuel_sum,12219824.5,12215902,1.000321,true
159276,2022,"Foxboro Properties, LLC",6201 S Emerald Dr,60621,ENGLEWOOD,68,Other - Public Services,Submitted Data,submitted,false,80000,1985,1,,,3952965.6,1553849.9,0,0,,68.8,158.7,68.5,156.4,603.2,7.5,2,5506816,fuel_sum,5506815.5,5504000,1.000512,true
159283,2022,401 S Clinton St,401 S Clinton St,60607,NEAR WEST SIDE,28,Office,Submitted Data,submitted,false,163900,1996,1,,57,10616217.4,0,0,0,,64.8,181.4,64.8,181.4,1398.3,8.5,3.5,10616217,fuel_sum,10616217.4,10620720,0.999576,true
159287,2022,Medical District Apartments,901 903 S Ashland Ave,60607,NEAR WEST SIDE,28,Multifamily Housing,Submitted Data,submitted,false,466294,1971,3,,42,10539855.6,21722899.8,0,0,,93.9,152.2,97.6,153.9,2542.1,7.4,2,32262755,fuel_sum,32262755.4,43785007,0.736845,false
159288,2022,Medical Center Apartments,1926 1960 W HARRISON ST,60612,NEAR WEST SIDE,28,,Not Submitted,not_submitted,false,258445,,,,,,,,,,,,,,,,0,,,,,,
159298,2022,YUSUF INDIANA,1911 S Indiana Ave,60616,NEAR SOUTH SIDE,33,,Not Submitted,not_submitted,false,205265,,,,,,,,,,,,,,,,0,,,,,,
159302,2022,,6640 50 W Belden Ave,60707,MONTCLARE,18,Multifamily Housing,Submitted Data,submitted,false,374357,2004,1,,82,6096611.6,14644092.7,0,0,,70.5,110.3,72.4,111.2,1580.8,5.4,4,20740704,fuel_sum,20740704.3,26392169,0.785866,false
159310,2022,(ILCH2138) - The Lex [external],2138 S Indiana Ave,60616,NEAR SOUTH SIDE,33,Multifamily Housing,Submitted Data,submitted,false,451466,2009,2,,65,16703282.1,655343.6,0,0,,44.8,122.6,43.8,119.7,2234.9,5.8,4,17358626,fuel_sum,17358625.7,20225677,0.858247,false
159311,2022,(ILCH1212) - Park Michigan [external],1212 S Michigan Ave,60605,NEAR SOUTH SIDE,33,Multifamily Housing,Submitted Data,submitted,false,313446,1981,1,,4,19364345.8,4634441.9,0,0,,100.5,247.6,102.2,251.6,2796.7,11.7,1,23998788,fuel_sum,23998787.7,31501323,0.761834,false
159312,2022,2101 South Michigan Apartments,2101 S Michigan Ave,60616,NEAR SOUTH SIDE,33,Multifamily Housing,Submitted Data,submitted,false,204401,1971,1,,47,5137239.6,15916300,0,0,,103,152.1,108.9,158.4,1522,7.4,2,21053540,fuel_sum,21053539.6,21053303,1.000011,true
159315,2022,1401 S State St,1401 S State St,60605,NEAR SOUTH SIDE,33,Multifamily Housing,Submitted Data,submitted,false,354598,2008,1,,93,8773807.5,1757200,0,0,,36.6,91.8,36.6,91.8,1249,4.3,4,10531008,fuel_sum,10531007.5,12978287,0.811433,false
159323,2022,Minnie Ripperton Apts,4250 S Princeton Ave,60609,FULLER PARK,37,Multifamily Housing,Submitted Data,submitted,false,211036,1970,1,,74,4135931.5,15026170.1,0,0,,90.8,129.6,94.8,132.6,1342.9,6.4,4,19162102,fuel_sum,19162101.6,19162069,1.000002,true
159326,2022,Hilliard Homes Phase II Limited Partnership,2030 S State St,60616,NEAR SOUTH SIDE,33,Multifamily Housing,Submitted Data,submitted,false,173883,1966,1,,60,3572741.5,12944777.4,0,0,,95,135.7,99.3,138.3,1158.1,6.7,2.5,16517519,fuel_sum,16517518.9,16518885,0.999917,true
159411,2022,1130 S Michigan Ave,1130 S Michigan Ave,60605,LOOP,32,Multifamily Housing,Submitted Data,submitted,false,810159,1967,1,,36,15458505.9,57719447.3,0,0,,102,144.8,104.3,146,5101.9,7.1,1.5,73177953,fuel_sum,73177953.2,82636218,0.885543,false
159415,2022,Astoria Tower,8 E 9th St,60605,LOOP,32,Multifamily Housing,Submitted Data,submitted,false,501709,2008,1,,77,10127492.2,13878758.3,0,0,,59.3,106,60.2,105.4,2071.1,5.1,4,24006251,fuel_sum,24006250.5,29751344,0.806896,false
159416,2022,AMLI 900,900 S Clark St,60605,LOOP,32,Multifamily Housing,Submitted Data,submitted,false,552372,2008,1,,53,19923765.8,6982203.9,0,0,,58.4,137,59.2,138.8,2995.1,6.5,2.5,26905970,fuel_sum,26905969.7,32258525,0.834073,false
159417,2022,Lake Meadows 8,401 E 32nd St,60616,DOUGLAS,35,Multifamily Housing,Submitted Data,submitted,false,336679,1956,1,,13,2648377.3,46719835.7,0,0,,162.4,185.8,173,196.3,2830.3,9.3,1,49368213,fuel_sum,49368213,54676670,0.902912,false
159418,2022,"Third Prairie Shores, LLC",3001 S King Dr,60616,DOUGLAS,35,Multifamily Housing,Submitted Data,submitted,false,289267,1960,1,,19,7555493,27745500,0,0,,122,173.8,127.8,177.8,2468.9,8.5,1,35300993,fuel_sum,35300993,35290574,1.000295,true
159419,2022,"Fifth Praire Shores, LLC",2801 S King Dr,60616,DOUGLAS,35,Multifamily Housing,Submitted Data,submitted,false,289267,1960,1,,23,4745498.5,33797998.3,0,0,,133.2,168.6,141.6,176.6,2420.2,8.4,1,38543497,fuel_sum,38543496.8,38530364,1.000341,true
159421,2022,Lake Meadows 7,400 E 33rd St,60616,DOUGLAS,35,Multifamily Housing,Submitted Data,submitted,false,309457,1956,1,,10,2798894.2,48097442.6,0,0,,167.4,191.9,178.2,202.6,2923.3,9.6,1,50896337,fuel_sum,50896336.8,51803102,0.982496,true
159423,2022,Lake Park Manor,3601 3645 S LAKEPARK AVE,60653,OAKLAND,36,,Submitted Data,submitted,false,143010,,,,,,,,,,,,,,,,0,,,,,,
159424,2022,"Second Prairie Shores, LLC",2951 S King Dr,60616,DOUGLAS,35,Multifamily Housing,Submitted Data,submitted,false,289267,1960,1,,20,4845923.9,34537095.8,0,0,,136.1,172.3,144.9,180.4,2472.7,8.5,1,39383020,fuel_sum,39383019.7,39369239,1.00035,true
159425,2022,Lawless Gardens,3510 S RHODES AVE,60653,DOUGLAS,35,,Submitted Data,submitted,false,740173,,,,,,,,,,,,,,,,0,,,,,,
159494,2022,Presence Resurrection Retirement Community,7262 W Peterson Ave,60631,NORWOOD PARK,10,Multifamily Housing,Submitted Data,submitted,false,413455,1978,4,,49,10246561.4,27679291.5,0,0,,93.8,142.8,97.4,145.9,2819.8,7,2,37925853,fuel_sum,37925852.9,38782079,0.977922,true
159510,2022,Presidential Towers,555 W Madison St,60661,NEAR WEST SIDE,28,Multifamily Housing,Submitted Data,submitted,false,2409540,1986,4,,78,50401768.6,116565518.9,0,0,,79.1,124.9,82.5,127.2,12830,6.1,3.5,166967288,fuel_sum,166967287.5,190594614,0.876034,false
159513,2022,Atwater Apartments,355 E Ohio St,60611,NEAR NORTH SIDE,8,Multifamily Housing,Submitted Data,submitted,false,752716,2008,1,,33,18567474.5,32557499.3,0,0,,89.1,150.2,89.4,148.7,4174.9,7.3,1.5,51124974,fuel_sum,51124973.8,67066996,0.762297,false
159524,2022,North Harbor Tower,175 N Harbor Dr,60601,LOOP,32,Multifamily Housing,Submitted Data,submitted,false,925907,1989,1,,30,39982783.2,9975938.7,0,0,,65.1,159.4,66.2,162.4,5796.2,7.5,2,49958722,fuel_sum,49958721.9,60276546,0.828825,false
159525,2022,Columbus Plaza,233 E Wacker Dr,60601,LOOP,32,Multifamily Housing,Submitted Data,submitted,false,443853,1980,1,,4,25915829.6,21602722,0,0,,107.1,214.6,109.6,218.8,4560.9,10.3,1,47518552,fuel_sum,47518551.6,47536656,0.999619,true
159528,2022,(ILCH353) - Echelon [external],353 N Des Plaines St,60661,NEAR WEST SIDE,28,,Exempt,exempt,true,333262,,,,,,,,,,,,,,,,,,,,,,
159529,2022,700 N Michigan Ave LLC,700 N Michigan Ave,60611,NEAR NORTH SIDE,8,Retail Store,Submitted Data,submitted,false,176600,2000,1,,19,12106594.8,244400,0,0,,69.9,193.4,69.9,193.4,1607.6,9.1,2,12350995,fuel_sum,12350994.8,12344340,1.000539,true
159533,2022,Alta at K Station,555 W Kinzie St,60654,NEAR WEST SIDE,28,Multifamily Housing,Submitted Data,submitted,false,1111604,2010,2,,82,20473366.8,38137145.1,0,0,,63.3,105.1,64.5,105.3,4722.3,5.1,4,58610512,fuel_sum,58610511.9,70364533,0.832955,false
159534,2022,East Ohio LLC,420 E Ohio St,60611,NEAR NORTH SIDE,8,Multifamily Housing,Submitted Data,submitted,false,370285,1990,1,,71,7638817.7,15632136,0,0,,70.5,114.5,74.4,118.5,1836.4,5.6,3.5,23270954,fuel_sum,23270953.7,26105093,0.891433,false
159537,2022,Chicago Magnificent Mile Dbtree,300 E Ohio St,60611,NEAR NORTH SIDE,8,Hotel,Submitted Data,submitted,false,421989,2008,1,,75,18072611.1,18628039.1,0,0,,87,166.3,86.4,163.6,3369.8,8,3.5,36700650,fuel_sum,36700650.2,36713043,0.999662,true
159560,2022,Eugenie Terrace,1730 N Clark St,60614,LINCOLN PARK,7,Multifamily Housing,Submitted Data,submitted,false,626068,1988,2,,58,14387338.5,29029418.9,0,0,,74.3,121.2,76.3,121.3,3436.9,5.9,3.5,43416757,fuel_sum,43416757.4,46516852,0.933355,false
159561,2022,2555 N Clark Apartments,2555 N Clark St,60614,LINCOLN PARK,7,Multifamily Housing,Submitted Data,submitted,false,180994,1986,1,,15,8471416,3004127.9,0,0,,75.8,177.6,76,177.6,1275.4,8.4,2,11475544,fuel_sum,11475543.9,13719345,0.83645,false
159564,2022,,65 E SCOTT ST,60610,NEAR NORTH SIDE,8,Multifamily Housing,Submitted Data,submitted,false,218500,1975,1,,23,10093649.2,5871695.5,0,0,,73.1,157.6,74.5,160.8,1641.4,7.5,1,15965345,fuel_sum,15965344.7,15972350,0.999561,true
159565,2022,,1501 N STATE PKWY,60610,NEAR NORTH SIDE,8,Multifamily Housing,Submitted Data,submitted,false,202368,1974,1,,41,7594494.6,4571445.8,0,0,,72.1,154.5,72.8,156.5,1243.1,7.4,3,12165940,fuel_sum,12165940.4,14590733,0.833813,false
159567,2022,Clark Place,2623 2627 N CLARK ST,60614,LINCOLN PARK,7,Multifamily Housing,Submitted Data,submitted,false,150000,1986,1,,60,5696454.1,989099.5,0,0,,44.6,113.3,45.3,115.3,802.8,5.4,2.5,6685554,fuel_sum,6685553.6,6690000,0.999335,true
159571,2022,2144 N. Lincoln Park Condominium Association,2144 N Lincoln Park West,60614,LINCOLN PARK,7,Multifamily Housing,Submitted Data,submitted,false,287000,1975,1,,100,2307333.1,7578651.5,0,0,,34.4,50.2,36.3,51.7,706.4,2.5,4,9885985,fuel_sum,9885984.6,9872800,1.001335,true
159573,2022,The Patricians,401 411 W FULLERTON PKWY,60614,LINCOLN PARK,7,Multifamily Housing,Submitted Data,submitted,false,189852,1927,1,,46,3927349.1,17771100.3,0,0,,114.3,156.2,119.3,159.7,1461.2,7.7,2,21698449,fuel_sum,21698449.4,21700084,0.999925,true
159575,2022,Webster House Apartments,2150 N LINCOLN PARK,60614,LINCOLN PARK,7,,Not Submitted,not_submitted,false,254505,,,,,,,,,,,,,,,,0,,,,,,
159594,2022,,451 W Wrightwood Ave,60614,LINCOLN PARK,7,Multifamily Housing,Submitted Data,submitted,false,116380,1933,1,,90,1840207.1,6734253.7,0,0,,73.7,105,75,105,600.1,5.2,4,8574461,fuel_sum,8574460.8,8577206,0.99968,true
159637,2022,Hawthorne House Apartments,3450 N Lake Shore Dr,60657,LAKE VIEW,6,Multifamily Housing,Submitted Data,submitted,false,599388,1968,1,,70,9210670,33436515,0,0,,80.4,114.8,81.8,114.9,2989.2,5.6,3,42647185,fuel_sum,42647185,48190795,0.884965,false
159639,2022,00806-The Hallmark,2960 N Lake Shore Dr,60657,LAKE VIEW,6,Multifamily Housing,Submitted Data,submitted,false,489535,1988,1,,60,9692386.8,27375899.7,0,0,,84.9,128,89.5,131.9,2730.7,6.3,3.5,37068287,fuel_sum,37068286.5,41561522,0.89189,false
159646,2022,,337 339 W BARRY AVE,60657,LAKE VIEW,6,Multifamily Housing,Submitted Data,submitted,false,128816,1967,1,,29,2922568.2,10264924.7,0,0,,111.8,160.7,117.8,164.7,930.2,7.9,1,13187493,fuel_sum,13187492.9,14401629,0.915695,false
159647,2022,The Van der Rohe,2933 N Sheridan Rd,60657,LAKE VIEW,6,Multifamily Housing,Submitted Data,submitted,false,220300,1952,1,,40,5091846.6,14338000,0,0,,100.4,151.5,105,153.7,1432.2,7.4,1.5,19429847,fuel_sum,19429846.6,22118120,0.878458,false
159649,2022,Belmont Tower Apartments,510 W Belmont Ave,60657,LAKE VIEW,6,Multifamily Housing,Submitted Data,submitted,false,345808,1970,1,,68,4929610.3,21434290.2,0,0,,94.4,130.1,100.4,136.3,1787.8,6.4,3,26363901,fuel_sum,26363900.5,32644275,0.807612,false
159651,2022,,352 360 W WELLINGTON AVE,60657,LAKE VIEW,6,Multifamily Housing,Submitted Data,submitted,false,158320,1960,1,,76,1935931,9895052.1,0,0,,81.3,108.6,86.3,112.6,780.6,5.4,3.5,11830983,fuel_sum,11830983.1,12871416,0.919167,false
159652,2022,,3500 N Lake Shore Dr,60657,LAKE VIEW,6,Multifamily Housing,Submitted Data,submitted,false,210000,1927,1,,96,2422733.8,10266719.5,0,0,,60.4,83.6,62.2,84.1,864.4,4.1,4,12689453,fuel_sum,12689453.3,12684000,1.00043,true
159655,2022,,3000 N SHERIDAN RD,60657,LAKE VIEW,6,Multifamily Housing,Submitted Data,submitted,false,228057,1931,1,,93,748571,16786692.3,0,0,,78.4,88.2,84.4,94,990.2,4.4,4,17535263,fuel_sum,17535263.3,17879669,0.980738,true
159659,2022,,3130 N Lake Shore Dr,60657,LAKE VIEW,6,Multifamily Housing,Submitted Data,submitted,false,275406,1958,1,,59,4618749.2,18004453.2,0,0,,95.7,134.7,98.3,135.9,1564.7,6.6,2.5,22623202,fuel_sum,22623202.4,26356354,0.858359,false
159661,2022,,3101-3121 N Sheridan Rd,60657,LAKE VIEW,6,Multifamily Housing,Submitted Data,submitted,false,205906,2000,1,,6,7846941.5,22866900.1,0,0,,149.2,223.3,157.1,229.7,2248.1,10.9,1,30713842,fuel_sum,30713841.6,30721175,0.999761,true
159728,2022,Lakeside Square Apartments,920 W Lakeside Pl,60640,UPTOWN,3,Multifamily Housing,Submitted Data,submitted,false,341201,1989,1,,91,4560610.6,17691831.3,0,0,,80,112.7,83.8,116.1,1540.4,5.5,4,22252442,fuel_sum,22252441.9,27296080,0.815225,false
159729,2022,820 W Belle Plaine Apartments,820 W Belle Plaine Ave,60613,UPTOWN,3,Multifamily Housing,Submitted Data,submitted,false,291260,1972,1,,50,4323661,20411141.8,0,0,,104.4,141.6,109.8,147.2,1653.6,7,3,24734803,fuel_sum,24734802.8,30407544,0.813443,false
159733,2022,,4827 N SHERIDAN RD,60640,UPTOWN,3,Multifamily Housing,Submitted Data,submitted,false,189225,1967,1,,67,2887086.2,12291480.3,0,0,,92.5,128,97.5,132.5,1033.1,6.3,4,15178567,fuel_sum,15178566.5,17503313,0.867183,false
159735,2022,Sheridan Plaza Apartments,4601 4613 N SHERIDAN RD,60640,UPTOWN,3,Multifamily Housing,Submitted Data,submitted,false,165792,1920,1,,69,4564179.7,5439612.7,0,0,,64.9,119.9,65.9,120.3,890.1,5.8,4,10003792,fuel_sum,10003792.4,10759901,0.929729,false
159736,2022,United Winthrop Tower Cooperative,4848 N Winthrop Ave,60640,UPTOWN,3,Multifamily Housing,Submitted Data,submitted,false,260000,1970,1,,42,4973058.8,25482796.5,0,0,,121.8,162.7,128.5,168.9,2008.5,8,2,30455855,fuel_sum,30455855.3,31668000,0.961723,false
159738,2022,4100 Marine Dr,4100 N Marine Dr,60613,UPTOWN,3,Multifamily Housing,Submitted Data,submitted,false,286170,1964,1,,69,7750359.3,6789144.6,0,0,,58.3,115.5,59.7,117.8,1381.4,5.5,3,14539504,fuel_sum,14539503.9,16683711,0.871479,false
159739,2022,Ella Flagg Young Apartments,4645 N Sherdian Rd,60640,UPTOWN,3,Multifamily Housing,Submitted Data,submitted,false,299019,1968,1,,99,2303941.7,11900559.8,0,0,,47.5,63.4,50.1,65.6,935.6,3.1,4,14204502,fuel_sum,14204501.5,14203403,1.000077,true
159740,2022,,840 W SUNNYSIDE AVE,60640,UPTOWN,3,Multifamily Housing,Submitted Data,submitted,false,134774,1968,1,,64,1835127,9982364.5,0,0,,99.9,132.1,105.6,138.1,771.9,6.5,4,11817492,fuel_sum,11817491.5,13463923,0.877715,false
159745,2022,Clarendon Court Apartments,4500 N CLARENDON AVE,60640,UPTOWN,3,Multifamily Housing,Submitted Data,submitted,false,110000,1980,1,,59,3226948.1,5850873.1,0,0,,82.5,138,86.1,141.8,735.8,6.7,3.5,9077821,fuel_sum,9077821.2,9075000,1.000311,true
159799,2022,Park Edgewater Condominium Association,6101 N Sheridan Road,60660,EDGEWATER,77,Multifamily Housing,Submitted Data,submitted,false,150000,1928,1,,85,2019564.1,7254640.6,0,0,,61.8,88.5,64.5,91.3,651.3,4.3,4,9274205,fuel_sum,9274204.7,9270000,1.000454,true
159800,2022,Metropolitan Condominiums,5320 N Sheridan Rd,60640,EDGEWATER,77,Multifamily Housing,Submitted Data,submitted,false,370000,1984,1,,49,13856389.1,4158400.1,0,0,,48.7,116.7,49.7,119,2046,5.5,2,18014789,fuel_sum,18014789.2,18019000,0.999766,true
159807,2022,Horizon Realty Group,5650 N SHERIDAN RD,60660,EDGEWATER,77,Multifamily Housing,Submitted Data,submitted,false,149551,1967,1,,15,3090662,14562770.9,0,0,,140.3,190.3,145.7,193.5,1180.6,9.4,1,17653433,fuel_sum,17653432.9,20982005,0.841361,false
159810,2022,Kenmore Plaza Tenant Association,5225 N Kenmore Ave,60640,EDGEWATER,77,Multifamily Housing,Submitted Data,submitted,false,269311,1974,1,,95,4471242.9,11269892.1,0,0,,58.4,90.4,60,90.9,1187.5,4.4,4,15741135,fuel_sum,15741135,15727762,1.00085,true
159812,2022,Horizon House Inc.,5733 N Sheridan Rd,60660,EDGEWATER,77,Multifamily Housing,Submitted Data,submitted,false,273845,1967,1,,41,11292299.1,0,0,0,,41.2,115.5,41.6,116.6,1487.4,5.4,2,11292299,fuel_sum,11292299.1,11282414,1.000876,true
159892,2022,Promontory Apartments,5530 S SHORE DR,60637,HYDE PARK,41,,Submitted Data,submitted,false,183800,,,,,,,,,,,,,,,,0,,,,,,
159893,2022,Island Terrace Apartments,6424 6444 S STONYISLAND AVE,60637,WOODLAWN,42,Multifamily Housing,Submitted Data,submitted,false,239464,1969,1,,41,4583150.8,22813819.1,0,0,,114.4,153.6,120.3,159.2,1815.4,7.6,2,27396970,fuel_sum,27396969.9,27394682,1.000084,true
159894,2022,Oglesby Towers,6700 S OGLESBY AVE,60649,SOUTH SHORE,43,,Not Submitted,not_submitted,false,245000,,,,,,,,,,,,,,,,0,,,,,,
159896,2022,Regents Park,5020 - 5050 S Lake Shore Dr,60615,KENWOOD,39,Multifamily Housing,Submitted Data,submitted,false,1460101,1972,1,,42,30613092,109683594.1,0,0,,96.1,137.6,99.5,139.7,9858,6.8,2,140296686,fuel_sum,140296686.1,140315706,0.999864,true
159897,2022,Shoreland Apartments,5454 S Shore Dr,60615,HYDE PARK,41,Multifamily Housing,Submitted Data,submitted,false,638697,1925,1,,98,10066592.8,12094529,0,0,,34.7,64,35.4,64,1968.3,3.1,4,22161122,fuel_sum,22161121.8,22162786,0.999925,true
159898,2022,Hyde Park Tower,5140 S Hyde Park Blvd,60615,HYDE PARK,41,Multifamily Housing,Submitted Data,submitted,false,143925,1990,1,,4,4531998.1,20455132.4,0,0,,173.6,237.4,184.9,249.2,1683.4,11.7,1,24987131,fuel_sum,24987130.5,24985380,1.00007,true
159902,2022,Montgomery Place,5550 S SHORE DR,60637,HYDE PARK,41,,Not Submitted,not_submitted,false,225000,,,,,,,,,,,,,,,,0,,,,,,
159905,2022,The Townhouse Apartments,7022 S SOUTH SHORE DR,60649,SOUTH SHORE,43,Multifamily Housing,Submitted Data,submitted,false,139733,1950,1,,44,3100632.4,12229580.9,0,0,,117.4,164.8,123.5,170.6,1058,8.1,2,15330213,fuel_sum,15330213.3,16404654,0.934504,false
159924,2022,Twin Towers Apartments,1649 E 50th Pl,60615,KENWOOD,39,Multifamily Housing,Submitted Data,submitted,false,235600,1951,2,,65,4716463.8,14745701.7,0,0,,89.4,131.8,92.2,133.1,1404.4,6.5,3,19462166,fuel_sum,19462165.5,21062640,0.924014,false
159936,2022,Cyril Court Apartments,7130 S CYRIL CT,60649,SOUTH SHORE,43,Multifamily Housing,Submitted Data,submitted,false,81140,1929,1,,41,1207234.9,8111010,0,0,,114.8,146.6,121.7,152.7,589.8,7.3,2,9318245,fuel_sum,9318244.9,9314872,1.000362,true
159954,2022,The Algonquin #6,1606 E Hyde Park Blvd,60615,KENWOOD,39,Multifamily Housing,Submitted Data,submitted,false,59310,1950,1,,28,1504532.6,5204765.4,0,0,,113.1,163.2,119.4,169.8,474.6,8,1,6709298,fuel_sum,6709298,6707961,1.000199,true
159963,2022,Park Plaza | A Jewish Senior Living Community,6840 N SACRAMENTO AVE,60645,WEST RIDGE,2,Senior Living Community,Submitted Data,submitted,false,150000,1985,1,,16,5995959.8,8518099.9,0,0,,96.8,171.6,99.4,173.6,1242.2,8.3,1,14514060,fuel_sum,14514059.7,14520000,0.999591,true
159980,2022,,7345 S South Shore Dr,60649,SOUTH SHORE,43,Multifamily Housing,Submitted Data,submitted,false,138318,1967,1,,50,1843250.9,8451777.6,0,0,,97.1,132.4,101.5,137,691.7,6.5,2,10295029,fuel_sum,10295028.5,13430678,0.766531,false
159981,2022,"7447 South Shore, LLC - South Shore Beach Apartments",7447 S South Shore Dr,60649,SOUTH SHORE,43,Multifamily Housing,Submitted Data,submitted,false,381983,1968,1,,33,7335612.2,28083262.3,0,0,,105.7,149.3,108.8,150.7,2457.8,7.3,1.5,35418875,fuel_sum,35418874.5,40375603,0.877235,false
159982,2022,Mahalia Jackson Apt,9141 - 9177 S South Chicago Ave,60617,SOUTH CHICAGO,46,Multifamily Housing,Submitted Data,submitted,false,103330,1974,2,,23,3228971.6,13817999.7,0,0,,187,258.3,190.5,261.2,1159.2,12.7,2,17046971,fuel_sum,17046971.3,19322710,0.882225,false
159983,2022,Michigan Beach/Sandalwood,7251 S SOUTH SHORE DR,60649,SOUTH SHORE,43,Multifamily Housing,Submitted Data,submitted,false,230250,1965,1,,28,4577402.5,19229591,0,0,,135.3,187.6,143.7,196.4,1624.3,9.2,1,23806994,fuel_sum,23806993.5,31152825,0.7642,false
159999,2022,Lake Terrace Condominiums,7337 S SOUTH SHORE DR,60649,SOUTH SHORE,43,Multifamily Housing,Submitted Data,submitted,false,308690,1958,1,,47,6002221.8,24721062.4,0,0,,112.5,156.6,117.7,161.1,2103.6,7.7,3,30723284,fuel_sum,30723284.2,34727625,0.884693,false
160026,2022,East Point Condo Association,6101E N Sheridan Rd,60660,EDGEWATER,77,Multifamily Housing,Submitted Data,submitted,false,361990,1968,1,,77,12839249.5,0,0,0,,40.7,114.1,41.1,115.2,1691.1,5.4,3.5,12839250,fuel_sum,12839249.5,14732993,0.871462,false
160029,2022,Senior Suites of Chatham,8300 S Cottage Grove Ave,60619,CHATHAM,44,Senior Living Community,Submitted Data,submitted,false,76387,2014,1,,25,2256021.2,3933599.7,0,0,,81,136.8,83,136.8,506.1,6.6,2,6189621,fuel_sum,6189620.9,6187347,1.000368,true
160046,2022,,444 W Lake St,60606,NEAR WEST SIDE,28,Office,Submitted Data,submitted,false,1339945,2016,1,,82,55258026.1,3687341.7,0,0,,47.6,128,48,129.3,7474.1,6,4,58945368,fuel_sum,58945367.8,63781382,0.924178,false
160067,2022,Intercontinental Hotel,505 N Michigan Ave,60611,NEAR NORTH SIDE,8,Hotel,Submitted Data,submitted,false,782000,1929,1,,58,28072532.6,62934262.7,0,0,,127.3,202.3,129.5,202.5,7040.3,9.8,2.5,91006795,fuel_sum,91006795.3,99548600,0.914195,false
160070,2022,777 North Michigan Condo Association,777 N Michigan Ave,60611,NEAR NORTH SIDE,8,Multifamily Housing,Submitted Data,submitted,false,387210,1977,1,,97,6375938.6,12199122.5,0,0,,48,79.2,47.3,77.3,1487.8,3.8,4,18575061,fuel_sum,18575061.1,18586080,0.999407,true
160082,2022,Hilton Chicago O'Hare Airport,10000 W O'Hare Dr,60666,OHARE,76,Hotel,Submitted Data,submitted,false,515556,1970,1,,69,18031372.4,15255857.2,0,18914108.9,,120.2,185.2,116.3,181.9,4832.3,9.4,4,52201339,fuel_sum,52201338.5,61969831,0.842367,false
160085,2022,The Clare,55 E Pearson St,60611,NEAR NORTH SIDE,8,Multifamily Housing,Submitted Data,submitted,true,754256,2008,1,,,29648303.7,69000499.2,0,0,,157.1,247.5,162.4,253.1,7570,12.1,,98648803,fuel_sum,98648802.9,118493618,0.832524,false
160099,2022,The Peninsula Chicago,108 E Superior St,60611,NEAR NORTH SIDE,8,Hotel,Submitted Data,submitted,false,410081,2000,1,,8,42031178,18827700,0,0,,148.4,335.2,148.5,333.8,6536.1,15.9,1,60858878,fuel_sum,60858878,60856020,1.000047,true
160105,2022,Wyndham Grand Chicago Riverfront,71 E Wacker Dr,60601,LOOP,32,Hotel,Submitted Data,submitted,false,381540,2000,1,,36,18974482.9,18905078.4,0,8754359.9,,122.2,212.2,121.8,212.1,3964.7,10.4,1.5,46633921,fuel_sum,46633921.2,46624188,1.000209,true
160130,2022,111 W Illinois St,111 W Illinois St,60654,NEAR NORTH SIDE,8,Office,Submitted Data,submitted,false,233373,2008,1,,63,13910447.7,0,0,0,,59.6,166.9,58.9,164.9,1832.2,7.9,3,13910448,fuel_sum,13910447.7,13909031,1.000102,true
160134,2022,"Charles A Beckett Associates, LP",400 E 41st St,60653,GRAND BOULEVARD,38,,Not Submitted,not_submitted,false,449016,,,,,,,,,,,,,,,,0,,,,,,
160137,2022,IL0032ZZ - Chicago Customhouse,610 S Canal St,60607,NEAR WEST SIDE,28,,Submitted Data,submitted,false,298911,,,,,,,,,,,,,,,,0,,,,,,
160142,2022,U.S. Cellular Plaza - 8430 _ Goby LLC,8430 W Bryn Mawr Ave,60631,OHARE,76,Office,Submitted Data,submitted,false,200150,1981,1,,96,4234631.9,0,0,0,,21.2,59.2,21,58.8,557.8,2.8,4,4234632,fuel_sum,4234631.9,4243180,0.997985,true
160151,2022,Chicago Triplex,515 N Clark St,60654,NEAR NORTH SIDE,8,Hotel,Submitted Data,submitted,false,343240,2013,1,,27,18677414.4,23980800.2,0,0,,124.3,225.7,123.5,221.4,3733.8,10.9,1,42658215,fuel_sum,42658214.6,42664732,0.999847,true
160157,2022,GX Master Tenant,2545 W Diversey Ave,60647,LOGAN SQUARE,22,Office,Submitted Data,submitted,false,263890,1914,1,,90,9091100.6,6394411.6,0,0,,68.3,141.9,67.2,138.8,1537.1,6.8,4,15485512,fuel_sum,15485512.2,18023687,0.859176,false
160163,2022,The Imperial of Lincoln Park,1366 W Fullerton Ave,60614,LINCOLN PARK,7,Senior Living Community,Submitted Data,submitted,false,191337,1903,1,,53,6368652.8,15974870.2,0,0,,119.2,184.6,121.8,185.2,1687.3,9,3.5,22343523,fuel_sum,22343523,22807370,0.979662,true
160164,2022,Schulze Bakery (vacant),40 E GARFIELD BLVD,60615,WASHINGTON PARK,40,,Exempt,exempt,true,291300,,,,,,,,,,,,,,,,,,,,,,
160179,2022,Gray Hotel - Kimpton Hotel,39 S LaSalle St,60603,LOOP,32,Hotel,Submitted Data,submitted,false,239678,2016,1,,75,9758916,9041219.9,0,0,,78.4,153.6,79.2,154.5,1765.6,7.4,3.5,18800136,fuel_sum,18800135.9,18790755,1.000499,true
160184,2022,29 E. Madison LLC,29 E Madison St,60602,LOOP,32,Office,Submitted Data,submitted,false,240076,1904,1,,59,11057421.2,17039500,0,0,,117,203.5,122.7,209.4,2361.5,9.8,2.5,28096921,fuel_sum,28096921.2,28088892,1.000286,true
160186,2022,Crowne Plaza Chicago Metro,733 W Madison St,60661,NEAR WEST SIDE,28,,Not Submitted,not_submitted,false,114000,,,,,,,,,,,,,,,,0,,,,,,
160196,2022,The Art Institute of Chicago,111 S Michigan Ave,60603,LOOP,32,Museum,Submitted Data,submitted,false,1008416,1892,1,,,80968968.1,158224778.6,0,0,,237.2,389.6,239.3,389.5,19068.8,18.9,1,239193747,fuel_sum,239193746.7,239196275,0.999989,true
160197,2022,Symphony Center,220 S Michigan Ave,60604,LOOP,32,Performing Arts,Submitted Data,submitted,false,294211,1997,1,,,12066012.2,17733589.4,0,12202979.6,,142.8,215.9,145.4,218.9,3174.3,10.8,1,42002581,fuel_sum,42002581.2,42013331,0.999744,true
160198,2022,"The Blackstone, A Renaissance Hotel",636 S Michigan Ave,60605,LOOP,32,Hotel,Submitted Data,submitted,false,314666,1910,1,,52,13788406.3,20379942.1,0,0,,108.6,190.7,108.9,188,2898.6,9.2,2.5,34168348,fuel_sum,34168348.4,34172728,0.999872,true
160208,2022,The James Hotel,55 E Ontario St,60611,NEAR NORTH SIDE,8,,Not Submitted,not_submitted,false,72000,,,,,,,,,,,,,,,,0,,,,,,
160211,2022,Hyatt Chicago Magnificent Mile,633 N St Clair St,60611,NEAR NORTH SIDE,8,Office,Submitted Data,submitted,false,632163,1991,1,,88,23351731.5,14936.4,0,0,,37,103.5,36.4,101.9,3076.5,4.9,4,23366668,fuel_sum,23366667.9,23390031,0.999001,true
160214,2022,Children's Memorial Hospital sub-building,700 W Fullerton Ave,60614,LINCOLN PARK,7,,Not Submitted,not_submitted,false,257400,,,,,,,,,,,,,,,,0,,,,,,
160217,2022,,201 N State St,60601,LOOP,32,Hotel,Submitted Data,submitted,false,132872,2009,1,,6,14435362.8,18899122.4,0,0,,250.9,453.5,251.7,447.8,2905.2,21.9,1,33334485,fuel_sum,33334485.2,33337585,0.999907,true
160219,2022,Dana Hotel & Spa,660 N State St,60654,NEAR NORTH SIDE,8,Hotel,Submitted Data,submitted,false,118403,1955,1,,20,8720691.2,4065828.6,0,0,,108,242.3,109.6,245.6,1364.6,11.5,1,12786520,fuel_sum,12786519.8,12787524,0.999921,true
160237,2022,134 N. LaSalle LLC,134 N LaSalle St,60602,LOOP,32,Office,Submitted Data,submitted,false,204321,1926,1,,75,6651781,10895176.3,0,0,,85.9,147.1,89.2,149.4,1454.8,7.1,3.5,17546957,fuel_sum,17546957.3,17551174,0.99976,true
160241,2022,Lake Meadows 6,500 E 33rd St,60616,DOUGLAS,35,Multifamily Housing,Submitted Data,submitted,false,363053,1956,1,,1,11073350.8,48365742.2,0,0,,195.4,268.9,207.1,281.1,4027.5,13.2,1,59439093,fuel_sum,59439093,70940556,0.837872,false
160243,2022,,765 W Adams St,60661,NEAR WEST SIDE,28,Multifamily Housing,Submitted Data,submitted,false,475674,2015,1,,41,14409729.5,12140309.5,0,0,,75.4,150.8,76.1,150.1,2542.8,7.2,2,26550039,fuel_sum,26550039,35865820,0.74026,false
160244,2022,No. 10 Urban Court Lofts,1040 W Adams St,60607,NEAR WEST SIDE,28,Multifamily Housing,Submitted Data,submitted,false,568269,2005,1,,94,7027362.1,14695474.2,0,0,,56.1,90.6,56.3,89.1,1706.2,4.4,4,21722836,fuel_sum,21722836.3,31879891,0.681396,false
160246,2022,Parkway Gardens,6415 S Calumet Ave,60637,GREATER GRAND CROSSING,69,Multifamily Housing,Submitted Data,submitted,false,938000,1952,36,,95,7508031.6,64738464.4,0,0,,77,94.9,80.5,98.1,4427.5,4.7,4,72246496,fuel_sum,72246496,72226000,1.000284,true
160257,2022,Elm Street Plaza,1130 N Dearborn St,60610,NEAR NORTH SIDE,8,Multifamily Housing,Submitted Data,submitted,false,465907,1976,1,,52,9784209.2,23398485.6,0,0,,87.3,136.6,87.7,134.1,2531.5,6.7,3.5,33182695,fuel_sum,33182694.8,40673681,0.815827,false
160260,2022,Axis Apartments & Lofts,441 E Erie St,60611,NEAR NORTH SIDE,8,Multifamily Housing,Submitted Data,submitted,false,571181,1985,1,,1,46483853.4,6610099.6,0,0,,93,240,93.3,240.3,6473.7,11.3,1,53093953,fuel_sum,53093953,53119833,0.999513,true
160262,2022,Dearborn Homes,2960 S Federal St,60616,DOUGLAS,35,Multifamily Housing,Submitted Data,submitted,false,706989,1950,17,,37,20053715.6,54670459.8,0,0,,108.7,163.6,112.6,166.5,5824.7,8.2,2.5,74724175,fuel_sum,74724175.4,76849704,0.972342,true
160264,2022,K2 Apartments,365 N Halsted St,60661,WEST TOWN,24,Multifamily Housing,Submitted Data,submitted,false,771816,2011,1,,79,12927351.9,31220846.6,0,0,,61.7,96.4,64.4,98.5,3361,4.7,3.5,44148199,fuel_sum,44148198.5,47621047,0.927073,false
160266,2022,Parc Huron,469 West Huron St,60654,NEAR NORTH SIDE,8,Multifamily Housing,Submitted Data,submitted,false,441694,2010,1,,93,7319579.1,10235559.7,0,0,,49.3,87.8,50.2,87.6,1507.8,4.2,4,17555139,fuel_sum,17555138.8,21775514,0.806187,false
160270,2022,Grand Kingsbury LLC,520 N Kingsbury St,60654,NEAR NORTH SIDE,8,Multifamily Housing,Submitted Data,submitted,false,691865,2007,1,,25,15694924.3,32176627.4,0,0,,96.3,156.3,99.7,158.1,3776.3,7.6,1,47871552,fuel_sum,47871551.7,66626600,0.718505,false
160277,2022,208 S La Salle Whole Building,208 S LaSalle St,60604,LOOP,32,Hotel,Submitted Data,submitted,false,907563,1911,1,,52,34248190.5,57701611,0,6528066,,108.5,179,110.9,181.4,8200.8,9,2.5,98477868,fuel_sum,98477867.5,98470586,1.000074,true
160278,2022,"Fourth Prairie Shores, LLC",2851 S King Dr,60616,DOUGLAS,35,Multifamily Housing,Submitted Data,submitted,false,289267,1960,1,,29,5247406.7,30342098.9,0,0,,123,160.9,130.1,167.4,2302.8,8,1,35589506,fuel_sum,35589505.6,35579841,1.000272,true
160279,2022,Millennium Park Plaza,151 - 155 N Michigan Ave,60601,LOOP,32,Multifamily Housing,Submitted Data,submitted,false,663464,1982,1,,2,43299393.3,23022313.1,0,0,,108.6,238.1,111.1,240.8,6926,11.3,1,66321706,fuel_sum,66321706.4,72052190,0.920468,false
160280,2022,"The Ritz-Carlton Residences, Chicago, Magnificent",118 E Erie St,60611,NEAR NORTH SIDE,8,Multifamily Housing,Submitted Data,submitted,false,364866,2012,1,,7,10799786.9,15251079.5,0,10906032,,113.2,172.1,114.2,173.8,,,1,36956898,fuel_sum,36956898.4,41302831,0.894779,false
160283,2022,The Streeter,345 E Ohio St,60611,NEAR NORTH SIDE,8,Multifamily Housing,Submitted Data,submitted,false,954102,2006,1,,51,20661485.7,37003406.8,0,0,,73.5,123.3,74.9,123.5,4686.8,6,3.5,57664893,fuel_sum,57664892.5,70126497,0.822298,false
160284,2022,1251/1255 S. Michigan,1255 S Michigan Ave,60605,NEAR SOUTH SIDE,33,Multifamily Housing,Submitted Data,submitted,false,642408,2006,2,,68,12852747.8,30471600.3,0,0,,70,109.9,72.2,111.5,3311.4,5.4,4,43324348,fuel_sum,43324348.1,44968560,0.963436,false
160285,2022,Long Grove House,2001 S Michigan Ave,60616,NEAR SOUTH SIDE,33,Multifamily Housing,Submitted Data,submitted,false,553115,1969,1,,65,8555232.4,39077568.2,0,0,,97.2,132.6,102.1,136.6,3202.4,6.5,3,47632801,fuel_sum,47632800.6,53762778,0.885981,false
160286,2022,Rosenwald Courts,4643 S Wabash,60653,GRAND BOULEVARD,38,Multifamily Housing,Submitted Data,submitted,false,214622,1936,1,,82,7812898.4,1648288.7,0,0,,44.1,110,44.1,108.9,1116.6,5.2,4,9461187,fuel_sum,9461187.1,9464830,0.999615,true
160287,2022,,826 W Montrose Ave,60613,UPTOWN,3,Multifamily Housing,Submitted Data,submitted,false,513871,2018,1,,87,14713399.6,10127097.4,0,0,,48.3,100.9,48.7,101.3,2475.9,4.8,4,24840497,fuel_sum,24840497,24819969,1.000827,true
160293,2022,33 W Ontario Condominium Association,33 W Ontario St,60654,NEAR NORTH SIDE,8,Multifamily Housing,Submitted Data,submitted,false,1210471,2003,1,,91,20792091.6,30424603.7,0,0,,49.1,86.4,50.2,87.6,4354.6,4.2,4,51216695,fuel_sum,51216695.3,59434126,0.861739,false
160294,2022,Adler Place,1629 S Prairie Ave,60616,NEAR SOUTH SIDE,33,Multifamily Housing,Submitted Data,submitted,false,554648,2013,1,,72,10478043.4,21899459.1,0,0,,84.3,136.2,87.5,137.7,2543.3,6.6,3.5,32377503,fuel_sum,32377502.5,46756826,0.692466,false
160296,2022,The Pavilion,5441 N East River Rd,60656,OHARE,76,Multifamily Housing,Submitted Data,submitted,false,1072297,1992,5,,87,10989761.3,71661598.9,0,0,,77.1,98.9,77.4,97.9,5253.8,4.9,4,82651360,fuel_sum,82651360.2,82674099,0.999725,true
160297,2022,Roosevelt Collection,150 W Roosevelt Rd,60605,LOOP,32,Mixed Use Property,Submitted Data,submitted,false,1686996,2009,1,,91,29077417.1,21858584.4,0,0,,46.9,96,48.1,97.8,4990.9,4.6,4,50936002,fuel_sum,50936001.5,79120112,0.643781,false
160299,2022,,111 W WACKER DR,60601,LOOP,32,Multifamily Housing,Submitted Data,submitted,false,940002,2014,1,,41,30516051.4,18195799.7,0,0,,60.1,129,60.6,129,4985.9,6.2,3,48711851,fuel_sum,48711851.1,56494120,0.862246,false
160300,2022,750 N. Rush,750 N Rush St,60611,NEAR NORTH SIDE,8,Multifamily Housing,Submitted Data,submitted,false,355000,1992,1,,72,7979101.8,15619517.1,0,0,,72.6,119.2,75.9,121.5,1880.6,5.8,3.5,23598619,fuel_sum,23598618.9,25773000,0.915633,false
160304,2022,The Tides at Lakeshore East,360 E South Water St,60601,LOOP,32,Multifamily Housing,Submitted Data,submitted,false,615718,2007,1,,46,14412093.3,30176202,0,0,,92,148.6,94.1,148.8,3501.1,7.2,2,44588295,fuel_sum,44588295.3,56646056,0.787139,false
160305,2022,550 St. Clair Condominiums,550 N St Clair St,60611,NEAR NORTH SIDE,8,Multifamily Housing,Submitted Data,submitted,false,260000,2008,1,,37,6905659.8,10792758.4,0,0,,91.7,158.9,94.6,159.2,1482.8,7.7,1.5,17698418,fuel_sum,17698418.2,23842000,0.742321,false
160319,2022,500 Lake Shore Drive,500 N Lake Shore Dr,60611,NEAR NORTH SIDE,8,Multifamily Housing,Submitted Data,submitted,false,892542,2013,1,,83,17474469.8,19246063.1,0,0,,51.2,96.4,52.1,96.4,3323.9,4.6,4,36720533,fuel_sum,36720532.9,45698150,0.803545,false
160321,2022,Coast at Lakeshore East,345 E Wacker Dr,60601,LOOP,32,Multifamily Housing,Submitted Data,submitted,false,679680,2013,1,,85,13910702.8,18141321.7,0,0,,55.8,101,56.6,100.8,2795.8,4.9,4,32052025,fuel_sum,32052024.5,37926144,0.845117,false
160322,2022,210 N Wells St,210 N Wells St,60606,LOOP,32,Multifamily Housing,Submitted Data,submitted,false,597377,2010,1,,20,18620563,12187794.2,0,0,,79.4,167.4,79.9,166.5,3099.9,8,1,30808357,fuel_sum,30808357.2,47431734,0.64953,false
160323,2022,One Place Condominium Association,1 E 8th St,60605,LOOP,32,Multifamily Housing,Submitted Data,submitted,false,312000,2008,1,,27,7661667.7,16885579.4,0,0,,78.7,125.6,79.8,125.3,1906,6.1,2,24547247,fuel_sum,24547247.1,24554400,0.999709,true
160325,2022,G & A Senior Residence at Eastgate Village,300 E 26TH ST,60616,NEAR SOUTH SIDE,33,Multifamily Housing,Submitted Data,submitted,false,104388,2009,1,,90,783804.8,6709749.1,0,0,,71.8,88.5,76.2,93.1,459.6,4.4,4,7493554,fuel_sum,7493553.9,7495058,0.999799,true
160326,2022,,1010 W 35TH ST,60609,BRIDGEPORT,60,Office,Submitted Data,submitted,false,250000,1970,1,,,2588429.5,12514657.8,0,0,,67.4,91,67,89.8,1005.6,4.5,3,15103087,fuel_sum,15103087.3,16850000,0.896326,false
160329,2022,Lafayette Plaza Housing Cooperative,50 W 71st St,60621,GREATER GRAND CROSSING,69,,Not Submitted,not_submitted,false,273708,,,,,,,,,,,,,,,,0,,,,,,
160330,2022,Pullman Wheelworks Apartments,901 E 104th St,60628,PULLMAN,50,Multifamily Housing,Submitted Data,submitted,false,294300,1920,6,,76,7542549.8,4998481,0,0,,42.6,89.6,43.1,90.9,1259,4.3,3.5,12541031,fuel_sum,12541030.8,12537180,1.000307,true
160336,2022,Congressman George W. Collins Apartments,1401 S Blue Island Ave,60608,NEAR WEST SIDE,28,,Not Submitted,not_submitted,false,179850,,,,,,,,,,,,,,,,0,,,,,,
160341,2022,,247 E Chestnut St,60611,NEAR NORTH SIDE,8,Multifamily Housing,Submitted Data,submitted,false,145964,1955,1,,75,2829336.8,7081728.5,0,0,,77.2,119.6,80.7,121.3,748.8,5.8,3.5,9911065,fuel_sum,9911065.3,11268421,0.879543,false
160342,2022,The Seneca,200 E Chestnut St,60611,NEAR NORTH SIDE,8,Multifamily Housing,Submitted Data,submitted,false,168457,1922,1,,6,8495630.8,13388900.5,0,0,,129.9,224.7,132.3,223.5,1830.1,10.9,1,21884531,fuel_sum,21884531.3,21882564,1.00009,true
160343,2022,100 W Chestnut,100 W Chestnut St,60610,NEAR NORTH SIDE,8,Multifamily Housing,Submitted Data,submitted,false,292445,1983,1,,84,6488892.6,11960903,0,0,,63.1,105.1,64.9,104.7,1490,5.1,4,18449796,fuel_sum,18449795.6,18453280,0.999811,true
160345,2022,Lake View Towers Apartments,4550 N Clarendon Ave,60640,UPTOWN,3,Multifamily Housing,Submitted Data,submitted,false,554253,1970,2,,76,8811173.9,37477833.1,0,0,,102.5,141.8,108.1,147.6,3151.2,7,3.5,46289007,fuel_sum,46289007,56810933,0.81479,false
160347,2022,Dwight Lofts LLC,642 S Clark St,60605,LOOP,32,,Not Submitted,not_submitted,false,205348,,,,,,,,,,,,,,,,0,,,,,,
160349,2022,AMLI Lofts,850 S CLARK ST,60605,LOOP,32,Multifamily Housing,Submitted Data,submitted,false,243432,2014,1,,94,5003802.6,4338614.5,0,0,,46.2,91.8,46,89.9,889.5,4.4,4,9342417,fuel_sum,9342417.1,11246558,0.830691,false
160354,2022,Asbury Plaza,750 N Dearborn St,60654,NEAR NORTH SIDE,8,Multifamily Housing,Submitted Data,submitted,false,431149,1981,1,,47,7853732.2,27375114.7,0,0,,98.7,142.1,104.4,147,2488.5,7,2,35228847,fuel_sum,35228846.9,42554406,0.827854,false
160355,2022,1133 N. Dearborn Apartments,1133 N Dearborn St,60610,NEAR NORTH SIDE,8,Multifamily Housing,Submitted Data,submitted,false,429600,1992,1,,65,8765909,18364476.2,0,0,,70,113.1,71.4,113.4,2130,5.5,3,27130385,fuel_sum,27130385.2,30072000,0.902181,false
160363,2022,Flair Tower,222 W Erie St,60654,NEAR NORTH SIDE,8,Multifamily Housing,Submitted Data,submitted,false,330900,2010,1,,55,9116504.8,7827720.4,0,0,,66,131.4,66,129.8,1616.5,6.3,2.5,16944225,fuel_sum,16944225.2,21839400,0.775856,false
160368,2022,River Bank Lofts Condominium Association,550 N Kingsbury St,60654,NEAR NORTH SIDE,8,Multifamily Housing,Submitted Data,submitted,false,291927,1905,1,,98,3880611.9,6959050.1,0,0,,42.1,70.6,42.6,70.2,880.8,3.4,4,10839662,fuel_sum,10839662,12290127,0.881981,false
160369,2022,Jackson Park Terrace,6040 S HARPER AVE,60637,WOODLAWN,42,Multifamily Housing,Submitted Data,submitted,false,343336,1974,9,,,5941603.9,22639923.7,0,0,,83.2,117.7,87.2,120.2,1985.1,5.8,2,28581528,fuel_sum,28581527.6,28565555,1.000559,true
160370,2022,Granville Court Condominiums,2025 W Granville Ave,60659,WEST RIDGE,2,Multifamily Housing,Submitted Data,submitted,false,270000,1960,4,,47,3911518.4,20942507.6,0,0,,108.1,143.2,111.1,145.6,1627.6,7.1,3,24854026,fuel_sum,24854026,29187000,0.851544,false
160372,2022,AMLI River North,71 W Hubbard St,60654,NEAR NORTH SIDE,8,Multifamily Housing,Submitted Data,submitted,false,558894,2013,1,,74,13304053,15263404.3,0,0,,63.1,117.8,64.5,119.2,2563,5.7,4,28567457,fuel_sum,28567457.3,35266211,0.810052,false
160373,2022,Hubbard Place Apartments,360 W Hubbard St,60654,NEAR NORTH SIDE,8,Multifamily Housing,Submitted Data,submitted,false,686958,2013,1,,63,14749067,21583044.5,0,0,,72.6,127.8,75.6,130.3,3089,6.2,3,36332112,fuel_sum,36332111.5,49873151,0.72849,false
160375,2022,77 West Huron Street,77 W Huron St,60654,NEAR NORTH SIDE,8,,Not Submitted,not_submitted,false,383817,,,,,,,,,,,,,,,,0,,,,,,
160379,2022,Optima Chicago Center,200 E Illinios St,60611,NEAR NORTH SIDE,8,Multifamily Housing,Submitted Data,submitted,false,662237,2014,1,,74,16680814.7,12200299.3,0,0,,50.9,104.8,51.7,104.9,2845.1,5,3.5,28881114,fuel_sum,28881114,33707863,0.856806,false
160381,2022,Jones Chicago,220 W Illinois St,60654,NEAR NORTH SIDE,8,,Exempt,exempt,true,168947,,,,,,,,,,,,,,,,,,,,,,
160383,2022,,2631 S Indiana Ave,60616,DOUGLAS,35,Multifamily Housing,Submitted Data,submitted,false,247000,1972,1,,8,4509094.2,34379525,0,0,,157.4,197.3,164.3,203.7,2420,9.8,1,38888619,fuel_sum,38888619.2,38877800,1.000278,true
160388,2022,EnV Chicago,161 W Kinzie St,60654,NEAR NORTH SIDE,8,Multifamily Housing,Submitted Data,submitted,false,462099,2009,1,,65,11578679.9,10209359.2,0,0,,55.3,109.5,55.9,108.8,2067.3,5.2,3,21788039,fuel_sum,21788039.1,25554075,0.852625,false
160392,2022,1120 N LaSalle Apartments,1120 N LaSalle St,60610,NEAR NORTH SIDE,8,Multifamily Housing,Submitted Data,submitted,false,249845,1988,1,,36,5341661.4,16038021.6,0,0,,104.4,155.2,108.3,156.7,1555.4,7.6,2.5,21379683,fuel_sum,21379683,26083818,0.819653,false
160394,2022,Lawrence House,1020 W LAWRENCE AVE,60640,UPTOWN,3,Multifamily Housing,Submitted Data,submitted,false,188837,1935,1,,42,8356704.4,8991453.5,0,0,,91.9,173.9,92.8,173.2,1578.3,8.4,3,17348158,fuel_sum,17348157.9,17354120,0.999656,true
160395,2022,Aztec Condominium,305 W Fullerton Pkwy,60614,LINCOLN PARK,7,,Not Submitted,not_submitted,false,81120,,,,,,,,,,,,,,,,0,,,,,,
160397,2022,Brooks Homes,1324 S Loomis St,60608,NEAR WEST SIDE,28,Multifamily Housing,Submitted Data,submitted,false,279510,1997,26,,9,8782811.1,29951217.4,0,0,,138.6,200.5,145.8,208.1,2747.7,9.8,1,38734029,fuel_sum,38734028.5,38740086,0.999844,true
160399,2022,400 N McClurg Ct,400 N McClurg Ct,60611,NEAR NORTH SIDE,8,Multifamily Housing,Submitted Data,submitted,false,715976,1950,1,,97,8265008.5,20966758.3,0,0,,51.7,79.8,53,79.9,2202.3,3.9,4,29231767,fuel_sum,29231766.8,37015959,0.789707,false
160412,2022,Baumhart Student Residence Hall,26 E Pearson St,60611,NEAR NORTH SIDE,8,,Not Submitted,not_submitted,false,246327,,,,,,,,,,,,,,,,0,,,,,,
160414,2022,Cambria Hotel,32 W RANDOLPH ST,60601,LOOP,32,,Submitted Data,submitted,false,250000,,,,,,,,,,,,,,,,0,,,,,,
160419,2022,Caroline Hedger Apartment,6400 N Sherdian Rd,60626,ROGERS PARK,1,Multifamily Housing,Submitted Data,submitted,false,255892,1970,1,,88,5988960.9,12579619.8,0,0,,72.6,117.1,73.3,116.4,1457,5.7,4,18568581,fuel_sum,18568580.7,18577759,0.999506,true
160422,2022,Hotel Palomar Chicago,505 N State St,60654,NEAR NORTH SIDE,8,Multifamily Housing,Submitted Data,submitted,false,159103,2010,1,,1,23312789.6,7578369.3,0,0,,219.6,520.6,219.5,516.5,3473.1,24.7,1,30891159,fuel_sum,30891158.9,34939019,0.884145,false
160425,2022,Chestnut Place Apartments,850 N State St,60610,NEAR NORTH SIDE,8,Multifamily Housing,Submitted Data,submitted,false,337712,1982,1,,80,9872067.5,3267680,0,0,,51,120.6,51.8,122.3,1473.9,5.7,3.5,13139748,fuel_sum,13139747.5,17223312,0.762905,false
160427,2022,Vista Homes Building Corporation,5844 S Stony Island Ave,60637,HYDE PARK,41,Multifamily Housing,Submitted Data,submitted,false,261354,1929,1,,97,2566929.6,12219454.5,0,0,,56.6,76.6,60.2,79.8,987.1,3.8,4,14786384,fuel_sum,14786384.1,14792636,0.999577,true
160429,2022,Academy Square Apartments,318 S THROOP ST,60607,NEAR WEST SIDE,28,,Not Submitted,not_submitted,false,87388,,,,,,,,,,,,,,,,0,,,,,,
160434,2022,MDA City Apartments,63 E Lake St,60601,LOOP,32,,Not Submitted,not_submitted,false,175376,,,,,,,,,,,,,,,,0,,,,,,
160436,2022,The Bernardin,747 N Wabash Ave,60611,NEAR NORTH SIDE,8,Multifamily Housing,Submitted Data,submitted,false,381974,2005,1,,39,8657032.6,10757391.8,0,0,,59.5,109,61.1,109.4,1711.6,5.2,1.5,19414424,fuel_sum,19414424.4,22727453,0.854228,false
160438,2022,155 North Wacker,155 N Wacker Dr,60606,LOOP,32,Office,Submitted Data,submitted,false,1484327,2009,1,,75,63482520.5,0,0,29929202.7,,66.4,145.8,64.4,144.9,9938.8,7.1,4,93411723,fuel_sum,93411723.2,98559313,0.947772,false
160440,2022,Pittsfield Building,55 E WASHINGTON ST,60602,LOOP,32,,Not Submitted,not_submitted,false,320400,,,,,,,,,,,,,,,,0,,,,,,
160444,2022,1225 Old Town,1225 N Wells St,60610,NEAR NORTH SIDE,8,Multifamily Housing,Submitted Data,submitted,false,525604,2012,1,,89,12835435.4,10738394.8,0,0,,53.8,107.8,55.5,109.5,2261,5.2,4,23573830,fuel_sum,23573830.2,28277495,0.83366,false
160445,2022,Cobbler Square Lofts,1350 N Wells St,60610,NEAR NORTH SIDE,8,Multifamily Housing,Submitted Data,submitted,false,176317,1989,1,,1,8448808.4,19028887.7,0,0,,193.7,307.7,199.2,313.4,2123.5,15,1,27477696,fuel_sum,27477696.1,34152603,0.804556,false
160448,2022,Woodland Park Apartments,606 E WOODLAND PARK AVE,60616,DOUGLAS,35,,Not Submitted,not_submitted,false,305442,,,,,,,,,,,,,,,,0,,,,,,
160450,2022,SoNo East,840 W Blackhawk St,60642,NEAR NORTH SIDE,8,Multifamily Housing,Submitted Data,submitted,false,392548,2012,1,,48,10755232.1,14554866.7,0,0,,79.6,142.8,81.2,144.5,2189.7,6.9,2,25310099,fuel_sum,25310098.8,31246821,0.810006,false
160451,2022,,50 E Chestnut St,60611,NEAR NORTH SIDE,8,Multifamily Housing,Submitted Data,submitted,false,155910,2007,1,,19,4884572.2,9949532.4,0,0,,107.1,174.2,112.2,178,1171.8,8.5,1,14834105,fuel_sum,14834104.6,16697961,0.888378,false
160453,2022,Halsted Flats,3740 N Halsted St,60613,LAKE VIEW,6,Multifamily Housing,Submitted Data,submitted,false,329144,2014,1,,49,8772688.3,10792391.7,0,0,,85.4,156.7,84.2,153.4,1728.7,7.5,3,19565080,fuel_sum,19565080,28108898,0.696046,false
160454,2022,River North Park,320 W Illinois St,60654,NEAR NORTH SIDE,8,Multifamily Housing,Submitted Data,submitted,false,541240,1985,1,,41,20382745.5,4998108.2,0,0,,55,135,56,137.5,2950.2,6.4,2,25380854,fuel_sum,25380853.7,29768200,0.852616,false
160455,2022,Infinite Chicago,28 E Jackson Blvd,60604,LOOP,32,Multifamily Housing,Submitted Data,submitted,false,215000,1911,2,,100,1337347.9,2061692.8,0,0,,15.8,27.5,15.9,27.6,285.7,1.3,4,3399041,fuel_sum,3399040.7,3397000,1.000601,true
161053,2022,Santa Clara Hall,1000 - 1008 W Loyola Ave,60626,ROGERS PARK,1,,Not Submitted,not_submitted,false,61053,,,,,,,,,,,,,,,,0,,,,,,
161103,2022,618 S Michigan Ave,618 S Michigan Ave,60605,LOOP,32,College/University,Submitted Data,submitted,false,91447,1925,1,,,4999455.1,4134131.4,0,0,,99.9,200.5,101.7,201.4,878.1,9.6,3,9133587,fuel_sum,9133586.5,9135555,0.999785,true
161131,2022,731 S Plymouth Ct,731 S Plymouth Ct,60605,LOOP,32,Multifamily Housing,Submitted Data,submitted,false,151865,1913,1,,29,6874564,3356759.2,0,0,,67.4,150,68.8,152.5,1083.8,7.1,1,10231323,fuel_sum,10231323.2,10235701,0.999572,true
161145,2022,624 S Michigan Ave,624 S Michigan Ave,60605,LOOP,32,College/University,Submitted Data,submitted,false,161155,1960,1,,,4696988.7,7940101.3,0,0,,78.4,133.3,80.5,135.5,1040.4,6.5,3,12637090,fuel_sum,12637090,12634552,1.000201,true
161147,2022,72 E 11th St,72 E 11th St,60605,LOOP,32,College/University,Submitted Data,submitted,false,66796,1927,1,,,3059288.3,4318507.5,0,0,,110.5,196.1,115.1,201,632.3,9.5,2,7377796,fuel_sum,7377795.8,7380958,0.999572,true
161150,2022,1104 S Wabash Ave,1104 S Wabash Ave,60605,LOOP,32,College/University,Submitted Data,submitted,false,166094,1960,,,,7162366.6,5294979.6,0,0,,75,154.2,77.4,156.7,1224.6,7.4,3,12457346,fuel_sum,12457346.2,12457050,1.000024,true
161181,2022,"Moody Bible Institute, Crowell Hall",820 N LaSalle St,60610,NEAR NORTH SIDE,8,College/University,Submitted Data,submitted,false,102928,1938,1,,,5397326.8,12447437.1,0,0,,173.4,273.8,181.3,282.2,1372,13.3,1,17844764,fuel_sum,17844763.9,17847715,0.999835,true
161204,2022,Illinois College of Optometry,3241 S Michigan Ave,60616,DOUGLAS,35,,Not Submitted,not_submitted,false,451568,,,,,,,,,,,,,,,,0,,,,,,
161225,2022,Langford Elementary -CPS,6010 S Throop St,60636,WEST ENGLEWOOD,67,,Exempt,exempt,true,78575,,,,,,,,,,,,,,,,,,,,,,
161305,2022,Ninos Heroes Academic -CPS,8344 S Commercial Ave,60617,SOUTH CHICAGO,46,,Exempt,exempt,true,73518,,,,,,,,,,,,,,,,,,,,,,
161628,2022,Inter- American Magnet -CPS,851 W Waveland Ave,60613,LAKE VIEW,6,K-12 School,Submitted Data,submitted,false,110443,1913,2,,73,1591742.3,5682039.5,0,0,,65.9,94.4,68.3,96.9,511.5,4.6,3.5,7273782,fuel_sum,7273781.8,7278194,0.999394,true
161872,2022,Parkside Elementary Academy -CPS,6938 S E End Ave,60649,SOUTH SHORE,43,,Exempt,exempt,true,75104,,,,,,,,,,,,,,,,,,,,,,
161901,2022,Higgins C A -CPS,11710 S Morgan St,60643,WEST PULLMAN,53,K-12 School,Submitted Data,submitted,false,51303,1965,2,,56,1948214.5,392110,0,0,,45.6,114.4,46.7,116.4,277.4,5.4,2.5,2340325,fuel_sum,2340324.5,2339417,1.000388,true
162209,2022,St. Edmund's Episcopal Church,6105 S Michigan Ave,60637,WASHINGTON PARK,40,K-12 School,Submitted Data,submitted,false,60000,1937,1,,43,588273.4,2947576.2,0,0,,58.9,79,61.9,81.6,234,3.9,2,3535850,fuel_sum,3535849.6,3534000,1.000523,true
162224,2022,Catholic Theological Union - Academic and Conferen,5416 S Cornell Ave,60615,HYDE PARK,41,College/University,Submitted Data,submitted,false,159693,2006,1,,,5431794.1,0,0,0,,53.7,150.2,53.7,150.2,716,7.1,4,5431794,fuel_sum,5431794.1,8575514,0.633407,false
162258,2022,Chicago City Day School,541 W Hawthorne Pl,60657,LAKE VIEW,6,,Not Submitted,not_submitted,false,78900,,,,,,,,,,,,,,,,0,,,,,,
162318,2022,Saint Stanislaus Kostka Parish,1255 N Noble St,60642,WEST TOWN,24,,Not Submitted,not_submitted,false,96858,,,,,,,,,,,,,,,,0,,,,,,
162321,2022,Latin School of Chicago Lower School,1529 N Dearborn Pkwy,60610,NEAR NORTH SIDE,8,,Not Submitted,not_submitted,false,70559,,,,,,,,,,,,,,,,0,,,,,,
162325,2022,"Moody Bible Institute, Sweeting Center",860 N LaSalle St,60610,NEAR NORTH SIDE,8,College/University,Submitted Data,submitted,false,119629,1991,1,,,3386389.3,0,0,0,,28.3,79.3,27.1,76,446,3.7,4,3386389,fuel_sum,3386389.3,3385501,1.000262,true
162351,2022,Resurrection College Prep High School,7500 W Talcott Ave,60631,NORWOOD PARK,10,K-12 School,Submitted Data,submitted,false,169870,1962,1,,37,4517988,13208835.2,0,0,,104.4,156.1,108,159.9,1296.7,7.6,1.5,17726823,fuel_sum,17726823.2,17734428,0.999571,true
162360,2022,Jordan Comm -CPS,7414 N Wolcott Ave,60626,ROGERS PARK,1,K-12 School,Submitted Data,submitted,false,66950,1993,1,,29,1935924.5,4211729.6,0,0,,91.8,147,93.9,147.8,478.7,7.2,1,6147654,fuel_sum,6147654.1,6146010,1.000267,true
162409,2022,Lutheran School of Theology at Chicago,1100 E 55TH ST,60615,HYDE PARK,41,College/University,Submitted Data,submitted,false,119878,1967,7,,,7565147.4,15804169.8,0,0,,194.9,315.1,204.8,325.5,1835.9,15.3,1,23369317,fuel_sum,23369317.2,23364222,1.000218,true
162430,2022,Providence St. Mel School,119 S Central Park Blvd,60624,EAST GARFIELD PARK,27,K-12 School,Submitted Data,submitted,false,187689,1929,1,,82,3177005.2,6845037.4,0,0,,53.4,85.7,54.9,87.3,782,4.2,4,10022043,fuel_sum,10022042.6,10022593,0.999945,true
162804,2022,Salvation Army College of Officer Training,3539  N HALSTED ST,60657,LAKE VIEW,6,,Not Submitted,not_submitted,false,53033,,,,,,,,,,,,,,,,0,,,,,,
163223,2022,Salem Baptist Church of Chicago,10909 S Cottage Grove Ave,60628,PULLMAN,50,Worship Facility,Submitted Data,submitted,false,91800,1960,1,,1,1707035.8,130570524.6,0,0,,1440.9,1545.5,1440.9,1545.5,7160.1,78,1,132277560,fuel_sum,132277560.4,132274620,1.000022,true
163266,2022,,4611 S ELLIS AVE,60653,KENWOOD,39,Worship Facility,Submitted Data,submitted,false,71539,1925,1,,85,251443,961546.6,0,0,,24.8,35.1,25.7,36,84.2,1.7,4,1212990,fuel_sum,1212989.6,1774167,0.683696,false
163380,2022,"Target, Chicago West Loop (2781)",1101 W Jackson Blvd,60607,NEAR WEST SIDE,28,Retail Store,Submitted Data,submitted,false,173856,2012,1,,53,8943289,5450599.6,0,0,,85.1,182,85.4,180.6,1467.5,8.7,2.5,14393889,fuel_sum,14393888.6,14795146,0.972879,true
163619,2022,The Grand Ohio,211 E Ohio St,60611,NEAR NORTH SIDE,8,Multifamily Housing,Submitted Data,submitted,false,720415,1982,1,,22,30055107.6,18105134.3,0,0,,84.6,181.2,83.9,179.3,4920.3,8.6,2,48160242,fuel_sum,48160241.9,60947109,0.790197,false
163944,2022,New Life Community Church Midway,5101 S Keeler Ave,60632,ARCHER HEIGHTS,57,,Not Submitted,not_submitted,false,84000,,,,,,,,,,,,,,,,0,,,,,,
163996,2022,St Vincent de Paul Center,2145 N Halsted St,60614,LINCOLN PARK,7,Pre-school/Daycare,Submitted Data,submitted,false,144166,2001,1,,,4010834.5,7955500.2,0,0,,83,135.8,85.7,137.4,950.8,6.6,2,11966335,fuel_sum,11966334.7,11965778,1.000047,true
164090,2022,Salvation Army,2258 N Clybourn Ave,60614,LINCOLN PARK,7,Other - Lodging/Residential,Submitted Data,submitted,false,54216,1955,1,,,384488.2,3418900.1,0,0,,70.2,86.1,73.5,88.6,235.4,4.3,4,3803388,fuel_sum,3803388.3,3805963,0.999323,true
164102,2022,First Presbyterian Church,6400 S Kimbark Ave,60637,WOODLAWN,42,,Not Submitted,not_submitted,false,50000,,,,,,,,,,,,,,,,0,,,,,,
164283,2022,,929 E 103RD ST,60628,PULLMAN,50,,Not Submitted,not_submitted,false,66700,,,,,,,,,,,,,,,,0,,,,,,
164460,2022,CICS Northtown Academy,3900 W Peterson Ave,60659,NORTH PARK,13,K-12 School,Submitted Data,submitted,false,124443,1964,1,,60,1949804.4,7902000,0,0,,79.2,110.5,81.5,113,676.5,5.4,2.5,9851804,fuel_sum,9851804.4,9855886,0.999586,true
164512,2022,The Salvation Army,506  N DESPLAINES ST,60654,WEST TOWN,24,,Not Submitted,not_submitted,false,64464,,,,,,,,,,,,,,,,0,,,,,,
164517,2022,Saint Vincent Center,721 N Lasalle St,60654,NEAR NORTH SIDE,8,Office,Submitted Data,submitted,false,102929,1926,1,,57,3500963.9,7467321.1,0,0,,116.4,187.2,121.3,189.9,857.8,9.1,2.5,10968285,fuel_sum,10968285,11980936,0.915478,false
164537,2022,The Salvation Army Evangeline Booth Lodge,800 W Lawrence Ave,60640,UPTOWN,3,,Not Submitted,not_submitted,false,71038,,,,,,,,,,,,,,,,0,,,,,,
164777,2022,Professional Office Building,840 W Irving Park Rd,60613,UPTOWN,3,Medical Office,Submitted Data,submitted,false,51825,2006,1,,32,3904117,0,0,0,,75.3,210.9,75.3,210.9,514.2,9.9,1.5,3904117,fuel_sum,3904117,3902423,1.000434,true
164787,2022,Advocate Healthcare Center (Beverly Center),9831 S Western Ave,60643,BEVERLY,72,Medical Office,Submitted Data,submitted,false,126145,1985,1,,12,6140002.9,0,0,0,,103.5,289.7,103.5,289.7,808.7,13.6,1,6140003,fuel_sum,6140002.9,13056008,0.470282,false
164922,2022,Thorek Memorial Hospital,850 W Irving Park Rd,60613,UPTOWN,3,Hospital (General Medical & Surgical),Submitted Data,submitted,false,205000,1981,2,,88,17305559.8,24178752.6,0,0,,202.4,360.2,202,356,3563.6,17.4,4,41484312,fuel_sum,41484312.4,41492000,0.999815,true
164965,2022,S3-Sinai,2653 W OGDEN AVE,60608,NORTH LAWNDALE,29,,Not Submitted,not_submitted,false,108060,,,,,,,,,,,,,,,,0,,,,,,
164980,2022,WTTW 11 - Main Campus,5400 N St Louis Ave,60625,NORTH PARK,13,Office,Submitted Data,submitted,false,183047,1964,1,,14,16751370.8,0,0,0,,91.5,256.2,90,252.1,2206.4,12.1,1,16751371,fuel_sum,16751370.8,16748801,1.000153,true
164994,2022,Fullerton Parkway Towers,415 W FULLERTON PKWY,60614,LINCOLN PARK,7,Multifamily Housing,Submitted Data,submitted,false,230377,1928,1,,100,1334104,7588501.2,0,0,,38.7,50.8,41.1,52.7,578.8,2.5,4,8922605,fuel_sum,8922605.2,8915590,1.000787,true
165020,2022,,7429 7441 S KINGSTON AVE,60649,SOUTH SHORE,43,Multifamily Housing,Submitted Data,submitted,false,71829,2000,1,,85,546394.3,4580138.7,0,0,,81.7,101.1,86.5,106,315.2,5,4,5126533,fuel_sum,5126533,5868429,0.873578,false
165062,2022,Adler Planetarium,1300 S Lake Shore Dr,60605,NEAR SOUTH SIDE,33,Museum,Submitted Data,submitted,false,175000,1930,1,,,11096315.5,8696200.2,0,0,,113.1,229.7,115.1,231.8,1923.4,11,1,19792516,fuel_sum,19792515.7,19792500,1.000001,true
165143,2022,Chicago Historical Society,1601 N Clark St,60614,LINCOLN PARK,7,,Not Submitted,not_submitted,false,270160,,,,,,,,,,,,,,,,0,,,,,,
165224,2022,Irish American Heritage Center,4626 N Knox Ave,60630,IRVING PARK,16,,Not Submitted,not_submitted,false,190000,,,,,,,,,,,,,,,,0,,,,,,
165253,2022,The Chicago Lighthouse,1850  W ROOSEVELT RD,60608,NEAR WEST SIDE,28,Office,Submitted Data,submitted,false,110000,1955,1,,50,4896354.4,5664390.9,0,0,,96,178.7,98.3,179.1,986,9,2,10560745,fuel_sum,10560745.3,10560000,1.000071,true
165269,2022,,908 920 W ARGYLE ST,60640,UPTOWN,3,Senior Living Community,Submitted Data,submitted,false,147129,1962,1,,9,10805266.4,4030399.9,0,0,,100.8,234.4,102.8,237.2,1637.3,11.1,1,14835666,fuel_sum,14835666.3,14830603,1.000341,true
165274,2022,Hayes Manor Senior Apartments,1211 W MARQUETTE RD,60636,WEST ENGLEWOOD,67,Multifamily Housing,Submitted Data,submitted,false,37485,1992,,,100,856049.9,24695.1,0,0,,23.5,64.6,22.9,62.9,114.1,3,4,880745,fuel_sum,880745,880898,0.999826,true
165328,2022,A Safe Haven Foundation,2750 W ROOSEVELT,60608,NORTH LAWNDALE,29,Residence Hall/Dormitory,Submitted Data,submitted,false,121626,2006,1,,,,0,0,0,,,,,,,,0,,,0,,,
165353,2022,Jewel at South Loop Marketplace,1340 S CANAL ST,60607,NEAR WEST SIDE,28,Supermarket/Grocery Store,Submitted Data,submitted,false,71373,2013,1,,63,8888832.8,12942298.9,0,0,,305.9,539.1,320.9,554.9,1858.2,26,3,21831132,fuel_sum,21831131.7,21833001,0.999914,true
165425,2022,Smith Senior Living,2320  W 113TH PL,60643,MORGAN PARK,75,Senior Living Community,Submitted Data,submitted,false,445461,2006,4,,,11364695.2,0,0,0,,30.4,85,30.4,85,1496.9,4,4,11364695,fuel_sum,11364695.2,13542014,0.839217,false
165439,2022,Spertus Institute for Jewish Learning and Leadersh,610 S Michigan Ave,60605,LOOP,32,College/University,Submitted Data,submitted,false,142776,2007,1,,,7232330,0,0,0,,50.7,141.8,50.7,141.8,952.6,6.7,3,7232330,fuel_sum,7232330,7238743,0.999114,true
165606,2022,museum of contemporary art,220 E Chicago Ave,60611,NEAR NORTH SIDE,8,Museum,Submitted Data,submitted,false,316080,1996,2,,,7507291.5,9191929.9,0,0,,55.7,102.2,54.5,100.1,1477,4.9,4,16699221,fuel_sum,16699221.4,17605656,0.948515,false
165659,2022,Anixter Center,2032 N Clybourn,60614,LINCOLN PARK,7,,Not Submitted,not_submitted,false,177334,,,,,,,,,,,,,,,,0,,,,,,
165664,2022,DANK Haus German American Cultural Center,4740 N Western Ave,60625,LINCOLN SQUARE,4,Mixed Use Property,Submitted Data,submitted,true,61042,1927,1,,,549191.2,0,0,0,,,,,,,,,,,549191.2,,,
165717,2022,"Moody Bible Institute, Solheim Center",930 N Wells St,60610,NEAR NORTH SIDE,8,College/University,Submitted Data,submitted,false,77807,1990,1,,,1694092.1,0,0,0,,21.8,61,21.8,61,223.1,2.9,4,1694092,fuel_sum,1694092.1,1696193,0.998761,true
165722,2022,Drake Hotel,140 E Walton Pl,60611,NEAR NORTH SIDE,8,Hotel,Submitted Data,submitted,false,644940,1920,1,,43,23165327.2,64536440.9,0,0,,136,205.6,140.3,208.6,6479,10,2,87701768,fuel_sum,87701768.1,87711840,0.999885,true
165730,2022,The Womens Treatment Center,140 N Ashland Ave,60607,NEAR WEST SIDE,28,,Not Submitted,not_submitted,false,104000,,,,,,,,,,,,,,,,0,,,,,,
165812,2022,,3039 E 91ST ST,60617,SOUTH CHICAGO,46,Multifamily Housing,Submitted Data,submitted,false,139827,1925,1,,66,2478375,6490569.3,0,0,,64.1,98.4,65.3,99.4,671.2,4.8,4,8968944,fuel_sum,8968944.3,8962911,1.000673,true
165819,2022,Washington Park SRO,5000 5016 S INDIANA AVE,60615,GRAND BOULEVARD,38,,Submitted Data,submitted,false,97465,,,,,,,,,,,,,,,,0,,,,,,
165827,2022,The Renaissance Collaborative,3757 S Wabash Ave,60653,DOUGLAS,35,Other - Lodging/Residential,Submitted Data,submitted,false,82500,1911,1,,,1169739.1,3191660,0,0,,58.2,88.4,60.4,90.7,323.6,4.3,4,4361399,fuel_sum,4361399.1,4801500,0.908341,false
165924,2022,Lincoln Park Plaza,600 W Diversey Pkwy,60614,LAKE VIEW,6,Multifamily Housing,Submitted Data,submitted,false,328617,1982,1,,54,6045215.2,20152898.1,0,0,,96.9,140.9,98.9,141,1866.7,6.9,2.5,26198113,fuel_sum,26198113.3,31842987,0.822728,false
166122,2022,"Rudolph, Wilma Elementary Learning Center/ Hope Institute -CPS",1628 W Washington Blvd,60612,NEAR WEST SIDE,28,K-12 School,Submitted Data,submitted,false,263250,1928,2,,47,8316204.7,9214819.9,0,0,,66.6,125.2,68.9,127.7,1584.8,6,2,17531025,fuel_sum,17531024.6,17532450,0.999919,true
166134,2022,John G Shedd Aquarium,1200 S Lake Shore Dr,60605,NEAR SOUTH SIDE,33,Other,Submitted Data,submitted,false,452756,1929,1,,,56655688,32251318.8,0,0,,196.4,425.2,198.7,427.6,9640.3,21.3,1,88907007,fuel_sum,88907006.8,88921278,0.99984,true
166264,2022,University Center Chicago,525 S State St,60605,LOOP,32,Other - Lodging/Residential,Submitted Data,submitted,false,702000,2004,1,,,24380535.8,29014043.3,0,0,,76.1,140.6,77.1,140.5,4752.3,6.8,3,53394579,fuel_sum,53394579.1,53422200,0.999483,true
166543,2022,North & Kostner,4501 W North Ave,60639,HUMBOLDT PARK,23,Retail Store,Submitted Data,submitted,false,512215,2009,1,,84,7921855.6,2940649.9,0,0,,46.1,107.2,46.2,106.5,1199.6,5.1,4,10862506,fuel_sum,10862505.5,23613112,0.46002,false
166547,2022,Holy Angels School Annex,750 E 40th St,60653,GRAND BOULEVARD,38,,Not Submitted,not_submitted,false,105351,,,,,,,,,,,,,,,,0,,,,,,
166787,2022,St. Peter's Church,110 W Madison St,60602,LOOP,32,,Not Submitted,not_submitted,false,68779,,,,,,,,,,,,,,,,0,,,,,,
167479,2022,Lincoln Park Condos,2650 2700 N CLARK ST,60614,LINCOLN PARK,7,,Not Submitted,not_submitted,false,143000,,,,,,,,,,,,,,,,0,,,,,,
167562,2022,Lincoln Park HS -CPS,2016 N Orchard St,60614,LINCOLN PARK,7,K-12 School,Submitted Data,submitted,false,341821,1899,4,,72,5397142.6,20068258.7,0,0,,74.5,105.9,77,108.5,1776.8,5.2,3.5,25465401,fuel_sum,25465401.3,25465665,0.99999,true
167641,2022,Mason Elementary -CPS,4217 W 18th St,60623,NORTH LAWNDALE,29,,Exempt,exempt,true,208829,,,,,,,,,,,,,,,,,,,,,,
168174,2022,Kelly HS -CPS,4136 S California Ave,60632,BRIGHTON PARK,58,K-12 School,Submitted Data,submitted,false,298432,1928,2,,75,6812494.3,10902320.3,0,0,,59.4,102.3,61.7,104.8,1476.4,4.9,3.5,17714815,fuel_sum,17714814.6,17726861,0.99932,true
168225,2022,,2970 N SHERIDAN RD,60657,LAKE VIEW,6,Multifamily Housing,Submitted Data,submitted,false,244440,1925,1,,94,3537776.8,14642046.3,0,0,,74.4,103.4,77.8,104.9,1243.7,5.1,4,18179823,fuel_sum,18179823.1,18186336,0.999642,true
168367,2022,Digital Printer's Row,600 S Federal St,60605,LOOP,32,Data Center,Submitted Data,submitted,false,342883,1912,1,,1,131003531.2,1294546,0,0,,714.4,1988.1,714.6,1988.4,17323.8,93.5,1,132298077,fuel_sum,132298077.2,244955615,0.54009,false
168538,2022,,401 465 E Illinois St,60611,NEAR NORTH SIDE,8,Multifamily Housing,Submitted Data,submitted,false,394449,1905,1,,97,6494566.7,10997181.2,0,0,,44.3,75.4,44.4,74.6,1439.5,3.6,4,17491748,fuel_sum,17491747.9,17474091,1.00101,true
171878,2022,Josephinum Academy,1501 N Oakley Blvd,60622,WEST TOWN,24,,Not Submitted,not_submitted,false,85000,,,,,,,,,,,,,,,,0,,,,,,
171880,2022,,515 517 N NOBLE ST,60642,WEST TOWN,24,Multifamily Housing,Submitted Data,submitted,false,66000,1989,1,,69,1448684.8,2812471.2,0,0,,64.6,106.2,64.8,104.6,340.2,5.2,4,4261156,fuel_sum,4261156,4263600,0.999427,true
171886,2022,,2636 2644 W NORTH AVE,60647,WEST TOWN,24,Multifamily Housing,Submitted Data,submitted,false,60000,2008,1,,80,1122346.4,2565699.9,0,0,,61.5,97.3,64,98.8,284.1,4.7,3.5,3688046,fuel_sum,3688046.3,3690000,0.99947,true
171887,2022,,1824 N SPAULDING AVE,60647,LOGAN SQUARE,22,Multifamily Housing,Submitted Data,submitted,false,65000,2015,1,,86,981628,3244725.2,0,0,,65,94.7,65.5,93.2,301.6,4.6,4,4226353,fuel_sum,4226353.2,4225000,1.00032,true
171924,2022,4640 S Halsted St,4640 S Halsted St,60609,NEW CITY,61,Supermarket/Grocery Store,Submitted Data,submitted,false,421189,1955,1,,83,9652069.4,7576907.5,0,0,,117.9,239.3,120.6,241.1,1753,12,4,17228977,fuel_sum,17228976.9,49658183,0.346951,false
171956,2022,,465 W CERMAK RD,60616,ARMOUR SQUARE,34,,Not Submitted,not_submitted,false,59754,,,,,,,,,,,,,,,,0,,,,,,
171972,2022,Little Village Plaza,3045 3101 W 26TH ST,60623,SOUTH LAWNDALE,30,,Not Submitted,not_submitted,false,72949,,,,,,,,,,,,,,,,0,,,,,,
171995,2022,7000-7010 S. Pulaski Road,7000 7010 S Pulaski Rd,60629,WEST LAWN,65,Strip Mall,Submitted Data,submitted,false,200215,1985,1,,,3342727.4,4269677.7,0,0,,118.5,215.6,121.6,216.2,667.1,10.4,3,7612405,fuel_sum,7612405.1,23725478,0.320854,false
172037,2022,,1422 1424 W 47TH ST,60609,NEW CITY,61,Strip Mall,Submitted Data,submitted,false,73019,1947,1,,,1321054.9,2811137.4,0,0,,56.6,91.1,57.2,91.1,323.3,4.4,4,4132192,fuel_sum,4132192.3,4132875,0.999835,true
172051,2022,"Lawn Terrance Apartments, Churchview Supportive Living, and Churchview Manor Apartments",2601 W 63rd St,60629,CHICAGO LAWN,66,,Exempt,exempt,true,127575,,,,,,,,,,,,,,,,,,,,,,
172053,2022,Leo High School,7901 S Sangamon St,60620,AUBURN GRESHAM,71,,Not Submitted,not_submitted,false,111882,,,,,,,,,,,,,,,,0,,,,,,
172055,2022,Catalyst-Maria,6727 S California Ave,60629,CHICAGO LAWN,66,K-12 School,Submitted Data,submitted,false,231870,1951,1,,98,1110208.8,7574874.3,0,0,,49.4,62.9,52.3,65.8,548.6,3.1,4,8685083,fuel_sum,8685083.1,11454378,0.758233,false
172056,2022,,1230  W 76TH ST,60620,AUBURN GRESHAM,71,,Not Submitted,not_submitted,false,143488,,,,,,,,,,,,,,,,0,,,,,,
172064,2022,,4300  W FORD CITY DR,60652,WEST LAWN,65,,Not Submitted,not_submitted,false,523079,,,,,,,,,,,,,,,,0,,,,,,
172065,2022,,8101 8141 S CICERO AVE,60652,ASHBURN,70,Strip Mall,Submitted Data,submitted,false,141423,1950,1,,,570890.9,1650396.2,0,0,,33.4,50.2,34.5,51.3,162.9,2.5,4,2221287,fuel_sum,2221287.1,4723528,0.47026,false
172066,2022,Saint Bede the Venerable Parish,4400 W 83rd St,60652,ASHBURN,70,,Not Submitted,not_submitted,false,76410,,,,,,,,,,,,,,,,0,,,,,,
172069,2022,,2940  W 87TH ST,60652,ASHBURN,70,Senior Living Community,Submitted Data,submitted,false,85816,1999,1,,69,2774177.3,6727770.2,0,0,,142,221.7,143.7,220.7,722.7,10.8,3,9501948,fuel_sum,9501947.5,12185872,0.779751,false
172078,2022,Morgan Park United Methodist Church,11030 S Longwood Dr,60643,MORGAN PARK,75,,Not Submitted,not_submitted,false,70625,,,,,,,,,,,,,,,,0,,,,,,
172103,2022,,21  E CHESTNUT ST,60611,NEAR NORTH SIDE,8,Multifamily Housing,Submitted Data,submitted,false,122400,1962,1,,14,3800906.8,11619300.3,0,0,,126,186.6,130.7,189.1,1117.8,9.1,1,15420207,fuel_sum,15420207.1,15422400,0.999858,true
172106,2022,,55  W CHESTNUT ST,60610,NEAR NORTH SIDE,8,Multifamily Housing,Submitted Data,submitted,false,220000,1957,1,,52,4555947.8,11596262.7,0,0,,78.8,121.6,82.5,124.1,1216,5.9,2.5,16152211,fuel_sum,16152210.5,17336000,0.931715,false
172110,2022,,1260  N DEARBORN ST,60610,NEAR NORTH SIDE,8,Multifamily Housing,Submitted Data,submitted,false,104400,1929,1,,67,2134811.5,9040470.2,0,0,,107,148.2,110.8,150.2,761.4,7.3,3,11175282,fuel_sum,11175281.7,11170800,1.000401,true
172114,2022,Latin School of Chicago Upper School,59 W North Blvd,60610,NEAR NORTH SIDE,8,,Not Submitted,not_submitted,false,154551,,,,,,,,,,,,,,,,0,,,,,,
172115,2022,,999  N LAKE SHORE DR,60611,NEAR NORTH SIDE,8,Multifamily Housing,Submitted Data,submitted,false,90080,1912,1,,53,1235352,7817504.5,0,0,,105,135.4,112.5,143.2,577.9,6.7,3.5,9052857,fuel_sum,9052856.5,9458400,0.957124,false
172124,2022,1165 N Clark St,1165 N Clark St,60610,NEAR NORTH SIDE,8,Office,Submitted Data,submitted,false,102535,1980,1,,43,8231196,0,0,0,,80.3,224.8,81.2,227.5,1084.2,10.6,2,8231196,fuel_sum,8231196,8233561,0.999713,true
172126,2022,,1340 1350 W FULLERTON AVE,60614,LINCOLN PARK,7,,Not Submitted,not_submitted,false,128002,,,,,,,,,,,,,,,,0,,,,,,
172128,2022,The Moody Memorial Church,1609 - 1641 N LaSalle St,60614,LINCOLN PARK,7,Worship Facility,Submitted Data,submitted,false,160000,1925,1,,36,3488814.2,6137653,0,0,,66.3,111.6,69.2,114.7,785.5,5.4,1.5,9626467,fuel_sum,9626467.2,10608000,0.907472,false
172129,2022,73 East Elm Condominium,73  E ELM ST,60611,NEAR NORTH SIDE,8,Multifamily Housing,Submitted Data,submitted,false,97403,1930,1,,56,1238334.6,6886409.2,0,0,,83.4,109.8,88.7,114.3,528.9,5.4,3.5,8124744,fuel_sum,8124743.8,8123410,1.000164,true
172130,2022,,1220  N STATE PKWY,60610,NEAR NORTH SIDE,8,Multifamily Housing,Submitted Data,submitted,false,99680,1928,1,,42,2136163.3,10220822.8,0,0,,124,167.7,126.9,169.5,824.2,8.3,2,12356986,fuel_sum,12356986.1,12360320,0.99973,true
172131,2022,,1765 N ELSTON AVE,60642,WEST TOWN,24,Office,Submitted Data,submitted,false,128600,2013,1,,85,4928775.4,3556988.1,0,0,,66,136.4,65.7,133.5,838.1,6.5,4,8485764,fuel_sum,8485763.5,8487600,0.999784,true
172132,2022,Claridge House,1244 N Dearborn St,60610,NEAR NORTH SIDE,8,Hotel,Submitted Data,submitted,false,83961,1923,1,,54,5396298.6,2751013.8,0,0,,97,214.4,97,214.4,856.9,10.2,2.5,8147312,fuel_sum,8147312.4,8144217,1.00038,true
172137,2022,Newberry Plaza Townhouse Owners Association,1000 N STATE ST,60610,NEAR NORTH SIDE,8,Multifamily Housing,Submitted Data,submitted,false,61000,1970,1,,100,1295854.8,0,0,0,,21.2,59.5,20.5,57.3,170.7,2.8,4,1295855,fuel_sum,1295854.8,1293200,1.002053,true
172145,2022,Mount Carmel High School,6410 - 6428 S Dante Ave,60637,WOODLAWN,42,,Submitted Data,submitted,false,165110,,,,,,,,,,,,,,,,0,,,,,,
172151,2022,6045 Kenwood Building,6045 S Kenwood Ave,60637,WOODLAWN,42,Office,Submitted Data,submitted,false,99163,2009,1,,,40478338.3,91728,5892593,41211957.9,,884.1,1593.6,882,1592.4,7899.6,79.7,1,87674617,fuel_sum,87674617.2,87670008,1.000053,true
172154,2022,Apostolic Church of God,6340 S Dorchester Ave,60637,WOODLAWN,42,Worship Facility,Submitted Data,submitted,false,216000,1977,1,,21,6499492.8,7833804.2,0,0,,66.4,122.3,68.1,122,1272.2,5.9,1,14333297,fuel_sum,14333297,14342400,0.999365,true
172157,2022,,437  E 60TH ST,60637,WOODLAWN,42,,Submitted Data,submitted,false,126270,,,,,,,,,,,,,,,,0,,,,,,
172167,2022,Ironwood Court Apartments,6013 6031 S INDIANA AVE,60637,WASHINGTON PARK,40,Multifamily Housing,Submitted Data,submitted,false,70292,1915,1,,96,1125101.1,1904358.6,0,0,,43.1,73.3,44.8,75.2,249.3,3.5,4,3029460,fuel_sum,3029459.7,3029585,0.999959,true
172169,2022,,1443 1447 E 65TH ST,60637,WOODLAWN,42,,Not Submitted,not_submitted,false,52437,,,,,,,,,,,,,,,,0,,,,,,
172177,2022,Third Baptist Church of Chicago,1551 W 95Th St,60643,WASHINGTON HEIGHTS,73,,Not Submitted,not_submitted,false,86000,,,,,,,,,,,,,,,,0,,,,,,
172181,2022,Emmanuel Baptist Church,8301 S Damen Ave,60620,AUBURN GRESHAM,71,,Not Submitted,not_submitted,false,75627,,,,,,,,,,,,,,,,0,,,,,,
172221,2022,Midway Square,5109 5151 S PULASKI RD,60632,WEST ELSDON,62,Strip Mall,Submitted Data,submitted,false,98574,1988,2,,,2652495.6,22653.1,0,0,,48.1,134.1,46.6,129.8,350.6,6.3,4,2675149,fuel_sum,2675148.7,4741409,0.56421,false
172252,2022,,1550  S ALBANY AVE,60623,NORTH LAWNDALE,29,Residential Care Facility,Submitted Data,submitted,false,71584,1912,1,,,961259.7,7091404,0,0,,112.5,141.6,118.5,146.3,503.3,7,4,8052664,fuel_sum,8052663.7,8053200,0.999933,true
172253,2022,Gateway Chicago West,3828 W Taylor St,60624,WEST GARFIELD PARK,26,Residential Care Facility,Submitted Data,submitted,false,87288,1993,1,,,2239492.5,5263399.9,0,0,,146.3,230,152.4,233.7,574.5,11.2,2,7502892,fuel_sum,7502892.4,12770234,0.58753,false
172256,2022,,1333 1339 S INDEPENDENCE BLVD,60623,NORTH LAWNDALE,29,,Submitted Data,submitted,false,86544,,,,,,,,,,,,,,,,0,,,,,,
172276,2022,,913 921 W VAN BUREN ST,60607,NEAR WEST SIDE,28,Multifamily Housing,Submitted Data,submitted,false,178600,1920,1,,97,2615083.6,5122202.3,0,0,,43.3,71.1,43.9,71.1,616.5,3.5,4,7737286,fuel_sum,7737285.9,7733380,1.000505,true
172289,2022,Luxe on Madison,1214 1222 W MADISON ST,60607,NEAR WEST SIDE,28,Multifamily Housing,Submitted Data,submitted,false,151284,2009,5,,61,3896293.3,5329780.8,0,0,,67.1,120,67.2,118,796.3,5.8,3,9226074,fuel_sum,9226074.1,10151156,0.908869,false
172296,2022,,412  S WELLS ST,60607,LOOP,32,,Not Submitted,not_submitted,false,60200,,,,,,,,,,,,,,,,0,,,,,,
172298,2022,,122-134 S Aberdeen St,60607,NEAR WEST SIDE,28,Multifamily Housing,Submitted Data,submitted,false,139200,2015,1,,99,1543814,3867096.2,0,0,,45.1,69.9,45.7,69.8,408.7,3.4,4,5410910,fuel_sum,5410910.2,6277920,0.861895,false
172306,2022,,900 910 W VANBUREN ST,60607,NEAR WEST SIDE,28,Office,Submitted Data,submitted,false,77000,1904,1,,66,3571657.9,1284785.7,0,0,,63.1,147.4,64.7,150.2,538.7,7,3,4856444,fuel_sum,4856443.6,4858700,0.999536,true
172307,2022,,1828  S WENTWORTH AVE,60616,ARMOUR SQUARE,34,,Not Submitted,not_submitted,false,51712,,,,,,,,,,,,,,,,0,,,,,,
172318,2022,,1307 1325 N CALIFORNIA AVE,60622,WEST TOWN,24,Multifamily Housing,Submitted Data,submitted,false,65340,1983,1,,51,1414881.4,4713699.7,0,0,,93.8,136.4,98.9,141.7,436.7,6.7,3.5,6128581,fuel_sum,6128581.1,6128892,0.999949,true
172343,2022,"Target, T2613 - Chicago Division",1200 N Larrabee St,60610,NEAR NORTH SIDE,8,Retail Store,Submitted Data,submitted,false,190487,2013,1,,61,9355854.2,5360399.9,0,0,,77.3,167.1,77.6,165.8,1517,8,3,14716254,fuel_sum,14716254.1,14724645,0.99943,true
172347,2022,River West Lofts,925 W HURON ST,60642,WEST TOWN,24,Multifamily Housing,Submitted Data,submitted,false,177000,1910,1,,51,4060378,12193769.7,0,0,,91.8,136.6,93.3,135.6,1182.5,6.7,2.5,16254148,fuel_sum,16254147.7,16248600,1.000341,true
172379,2022,Greek Islands (200 S Halsted),200 210 S HALSTED ST,60661,NEAR WEST SIDE,28,Office,Submitted Data,submitted,false,115232,1913,1,,36,6773900.4,6542861.2,0,0,,115.6,224.2,116.6,226.2,1239.7,10.8,1.5,13316762,fuel_sum,13316761.6,13320819,0.999695,true
172380,2022,850 West Adams Lofts Condominium Association,850 W Adams St,60607,NEAR WEST SIDE,28,Multifamily Housing,Submitted Data,submitted,false,142998,1925,1,,98,1610963.2,4219425.1,0,0,,44.8,68.8,45.5,68.4,436.3,3.4,4,5830388,fuel_sum,5830388.3,6406310,0.910101,false
172385,2022,Marillac St. Vincent Family Services,212 S Francisco Ave,60612,EAST GARFIELD PARK,27,Pre-school/Daycare,Submitted Data,submitted,false,104000,1995,1,,,7983060.4,525886.7,0,0,,81.8,220.2,80,214.9,1079.4,10.4,1,8508947,fuel_sum,8508947.1,8507200,1.000205,true
172387,2022,Wrigley Global Innovation Center,1132 W BLACKHAWK ST,60642,NEAR NORTH SIDE,8,,Not Submitted,not_submitted,false,276780,,,,,,,,,,,,,,,,0,,,,,,
172393,2022,LEARN Charter School Herro Family Campus,3021 W Carroll Ave,60612,EAST GARFIELD PARK,27,,Submitted Data,submitted,false,118704,,,,,,,,,,,,,,,,0,,,,,,
172394,2022,26 N Halsted St,26 N Halsted St,60661,NEAR WEST SIDE,28,Office,Submitted Data,submitted,false,57251,1984,1,,39,9217557.9,2283055.3,0,0,,200.9,492.7,201.4,490.2,1335.3,23.3,1.5,11500613,fuel_sum,11500613.2,11501726,0.999903,true
172396,2022,Greater Bethlehem Healing Temple Apostolic,12 S Oakley Blvd,60612,NEAR WEST SIDE,28,,Not Submitted,not_submitted,false,94625,,,,,,,,,,,,,,,,0,,,,,,
172406,2022,Oakley Square Apartments,2325  W JACKSON BLVD,60612,NEAR WEST SIDE,28,Multifamily Housing,Submitted Data,submitted,false,277185,1979,3,,99,3694292.7,10119180.1,0,0,,49.8,75.7,51.9,77.8,1054.4,3.8,4,13813473,fuel_sum,13813472.8,13803813,1.0007,true
172443,2022,,1515 W Monroe St,60607,NEAR WEST SIDE,28,Multifamily Housing,Submitted Data,submitted,false,128820,2018,2,,22,6481427.2,5642077,0,0,,94.1,186.9,94.7,185.4,1153.4,9,1,12123504,fuel_sum,12123504.2,12121962,1.000127,true
172448,2022,,100 118 N PULASKI RD,60624,WEST GARFIELD PARK,26,,Not Submitted,not_submitted,false,123991,,,,,,,,,,,,,,,,0,,,,,,
172471,2022,,4320 4326 W MADISON ST,60624,WEST GARFIELD PARK,26,,Not Submitted,not_submitted,false,66974,,,,,,,,,,,,,,,,0,,,,,,
172485,2022,,36 50 N MENARD AVE,60644,AUSTIN,25,,Not Submitted,not_submitted,false,91968,,,,,,,,,,,,,,,,0,,,,,,
172495,2022,1090 - Sears,1601 N Harlem Ave,60707,AUSTIN,25,,Not Submitted,not_submitted,false,295510,,,,,,,,,,,,,,,,0,,,,,,
172500,2022,Catalyst Circle Rock Charter School,5600 5608 W WASHINGTON BLVD,60644,AUSTIN,25,K-12 School,Submitted Data,submitted,false,111030,1924,1,,50,4544849.4,1749643.4,0,0,,56.7,131.2,57,130.9,691.6,6.2,2,6294493,fuel_sum,6294492.8,6295401,0.999856,true
172529,2022,One East 14th Place,5 E 14th Pl,60605,NEAR SOUTH SIDE,33,Multifamily Housing,Submitted Data,submitted,false,204036,2000,1,,87,3955980.2,4489479.6,0,0,,54.4,101.7,55.2,100.8,759.5,4.9,4,8445460,fuel_sum,8445459.8,11099558,0.760883,false
172540,2022,,4120  S INDIANA AVE,60653,GRAND BOULEVARD,38,,Submitted Data,submitted,false,142111,,,,,,,,,,,,,,,,0,,,,,,
172541,2022,,1631  S MICHIGAN AVE,60616,NEAR SOUTH SIDE,33,Multifamily Housing,Submitted Data,submitted,false,101000,2000,1,,87,1307224.7,4302017.8,0,0,,65.4,95.3,66.8,95.6,400.7,4.7,4,5609243,fuel_sum,5609242.5,6605400,0.849191,false
172542,2022,,1430  S INDIANA AVE,60605,NEAR SOUTH SIDE,33,Multifamily Housing,Submitted Data,submitted,false,334816,1982,1,,62,5875324.5,20275699.7,0,0,,78.1,112.7,81.3,116.1,1850.8,5.5,4,26151024,fuel_sum,26151024.2,26149130,1.000072,true
172544,2022,Tech Business Center,3440 S DEARBORN ST,60616,DOUGLAS,35,Office,Submitted Data,submitted,false,144195,1943,1,,2,9479245.7,0,17120765,14194595.5,,282.9,416.5,281.1,415.6,3133.4,21.7,1,40794606,fuel_sum,40794606.2,40792766,1.000045,true
172547,2022,,2222 S MICHIGAN AVE,60616,NEAR SOUTH SIDE,33,,Not Submitted,not_submitted,false,103900,,,,,,,,,,,,,,,,0,,,,,,
172551,2022,East Side Lofts,201 217 E 16TH ST,60616,NEAR SOUTH SIDE,33,,Not Submitted,not_submitted,false,100479,,,,,,,,,,,,,,,,0,,,,,,
172557,2022,,3601 3613 S WELLS ST,60609,ARMOUR SQUARE,34,Multifamily Housing,Submitted Data,submitted,false,87527,1975,1,,2,7112488.4,1297377,0,0,,96.1,243.1,99.7,252.8,1005.7,11.5,1,8409865,fuel_sum,8409865.4,8411345,0.999824,true
172565,2022,,125  E 21ST ST,60616,NEAR SOUTH SIDE,33,,Submitted Data,submitted,false,67755,,,,,,,,,,,,,,,,0,,,,,,
172584,2022,ASPIRA Early College High School,3986 W Barry Ave,60618,AVONDALE,21,,Not Submitted,not_submitted,false,59374,,,,,,,,,,,,,,,,0,,,,,,
172592,2022,Hall Plaza West,4628 - 4650 W Diversey Ave,60639,HERMOSA,19,,Not Submitted,not_submitted,false,66836,,,,,,,,,,,,,,,,0,,,,,,
172607,2022,,1734 1740 N MARSHFIELD AVE,60622,WEST TOWN,24,Multifamily Housing,Submitted Data,submitted,false,76478,1993,1,,96,732999.7,2731827.7,0,0,,48.9,69.4,49.7,69.4,241.6,3.4,4,3464827,fuel_sum,3464827.4,3739774,0.92648,false
172608,2022,Fullerton Plaza,1737 - 1829 W Fullerton Ave,60614,LINCOLN PARK,7,Retail Store,Submitted Data,submitted,false,70475,1997,1,,,2483297.9,1744507.8,0,0,,60,124.7,61.1,125.8,419.7,6,3,4227806,fuel_sum,4227805.7,4228500,0.999836,true
172610,2022,"Riverpoint Owner, LLC",1730 W Fullerton Ave,60614,LINCOLN PARK,7,Strip Mall,Submitted Data,submitted,false,211025,1998,1,,,16369554.9,8713808.7,0,0,,118.9,260.6,118.7,258.2,2618.9,12.4,2,25083364,fuel_sum,25083363.6,25090873,0.999701,true
172611,2022,Saint Mary of the Angels Parish,1850 N Hermitage Ave,60622,LOGAN SQUARE,22,,Not Submitted,not_submitted,false,42533,,,,,,,,,,,,,,,,0,,,,,,
172613,2022,,2720 2730 N Greenview Ave,60614,LINCOLN PARK,7,Multifamily Housing,Submitted Data,submitted,false,64000,1986,1,,100,605719.2,1115773.8,0,0,,31.9,53.1,31.2,51.3,139,2.6,4,1721493,fuel_sum,1721493,2041600,0.843208,false
172615,2022,,2843 N LINCOLN AVE,60657,LAKE VIEW,6,,Exempt,exempt,true,56351,,,,,,,,,,,,,,,,,,,,,,
172617,2022,Manchester Building,2033 2045 W CHARLESTON ST,60647,LOGAN SQUARE,22,,Not Submitted,not_submitted,false,52100,,,,,,,,,,,,,,,,0,,,,,,
172627,2022,,3800 N CALIFORNIA AVE,60618,IRVING PARK,16,,Not Submitted,not_submitted,false,119280,,,,,,,,,,,,,,,,0,,,,,,
172637,2022,,800 900 W 115TH ST,60643,MORGAN PARK,75,,Exempt,exempt,true,170500,,,,,,,,,,,,,,,,,,,,,,
172640,2022,,832 890 W 103RD ST,60643,WASHINGTON HEIGHTS,73,Senior Living Community,Submitted Data,submitted,false,65505,2001,1,,40,1619676.4,5389499.7,0,0,,107,155.6,112.1,159.8,499.6,7.6,1.5,7009176,fuel_sum,7009176.1,7009035,1.00002,true
172641,2022,Symphony of Morgan Park,10935 S HALSTED ST,60628,ROSELAND,49,Senior Living Community,Submitted Data,submitted,false,77713,1976,1,,30,2935198.5,8372390,0,0,,188.2,283.2,191.6,283.8,831.3,13.8,2,11307589,fuel_sum,11307588.5,14625587,0.773137,false
172670,2022,Bricktown Square,6560 W Fullerton Ave,60707,BELMONT CRAGIN,19,,Not Submitted,not_submitted,false,443313,,,,,,,,,,,,,,,,0,,,,,,
172679,2022,Cook Brothers,1740 N Kostner Ave,60639,HUMBOLDT PARK,23,Retail Store,Submitted Data,submitted,false,384492,1977,1,,33,5214241.3,5848204.4,0,0,,102.7,192.5,103.2,189.7,997.4,9.3,1.5,11062446,fuel_sum,11062445.7,39487328,0.280152,false
172685,2022,Washington Square-North and Cicero Development LLC,4821 - 4951 W North Ave,60639,AUSTIN,25,Strip Mall,Submitted Data,submitted,false,179477,1980,1,,,11959016.4,6679105.1,0,0,,103.8,225.6,105.6,225.4,1929.9,10.8,3,18638122,fuel_sum,18638121.5,18629713,1.000451,true
172703,2022,Rickover Academy,5700 W BERTEAU AVE,60634,PORTAGE PARK,15,,Not Submitted,not_submitted,false,117000,,,,,,,,,,,,,,,,0,,,,,,
172705,2022,,6456 6460 W BELLE PLAINE AVE,60634,DUNNING,17,Multifamily Housing,Submitted Data,submitted,false,63875,1989,1,,99,532091,2772867.9,0,0,,64.7,86.1,66.9,87.7,217.4,4.3,4,3304959,fuel_sum,3304958.9,4132713,0.799707,false
172707,2022,,4006 4016 N AUSTIN AVE,60634,PORTAGE PARK,15,,Not Submitted,not_submitted,false,74463,,,,,,,,,,,,,,,,0,,,,,,
172708,2022,St. Mary of Providence,4200 N Austin Ave,60634,PORTAGE PARK,15,Mixed Use Property,Submitted Data,submitted,true,193381,1939,11,,,3138335.8,11208721.4,0,0,,74.2,106.3,75.8,107.1,1008.7,5.2,,14347057,fuel_sum,14347057.2,14348870,0.999874,true
172711,2022,,4245  N OAK PARK AVE,60634,DUNNING,17,Senior Living Community,Submitted Data,submitted,false,54800,2013,1,,54,896554.2,1929700.1,0,0,,51.6,82.8,53.2,83.8,220.6,4,2.5,2826254,fuel_sum,2826254.3,2827680,0.999496,true
172719,2022,,3940  W BRYN MAWR AVE,60659,NORTH PARK,13,Multifamily Housing,Submitted Data,submitted,false,76000,1997,1,,100,664463.6,2487331.8,0,0,,51.8,73.6,53.4,75.2,219.6,3.6,4,3151795,fuel_sum,3151795.4,3936800,0.800598,false
172725,2022,"Jewel Osco, 03442-Foster & Pulaski",4042 W Foster Ave,60630,NORTH PARK,13,Supermarket/Grocery Store,Submitted Data,submitted,false,65227,1992,1,,86,7237155.9,2278599.7,0,0,,145.9,347.3,146.5,345.5,1074.3,16.5,4,9515756,fuel_sum,9515755.6,9516619,0.999909,true
172759,2022,,161  W HARRISON ST,60605,LOOP,32,Multifamily Housing,Submitted Data,submitted,false,198000,1995,1,,77,4090298.9,6575531.4,0,0,,63.5,109.3,63.7,108.2,888,5.3,4,10665830,fuel_sum,10665830.3,12573000,0.848312,false
172761,2022,Cosmopolitan Lofts Condominium Association,1133 1137 S WABASH AVE,60605,LOOP,32,Multifamily Housing,Submitted Data,submitted,false,100448,1892,1,,98,1407452,2592291.7,0,0,,39.8,66.3,40.1,65.7,323.1,3.2,4,3999744,fuel_sum,3999743.7,3997830,1.000479,true
172762,2022,Printers Row Condominium Association,711 S DEARBORN ST,60605,LOOP,32,Multifamily Housing,Submitted Data,submitted,false,225000,1978,1,,68,4216671.3,10014563.3,0,0,,63.2,99.2,,,1087.3,4.8,3,14231235,fuel_sum,14231234.6,14220000,1.00079,true
172765,2022,,820  S PARK TER,60605,LOOP,32,Multifamily Housing,Submitted Data,submitted,false,157844,1979,1,,62,2609966.6,12149700.2,0,0,,93.5,127.1,99.1,133,989.1,6.3,3,14759667,fuel_sum,14759666.8,14758414,1.000085,true
172771,2022,,80  W HARRISON ST,60605,LOOP,32,Multifamily Housing,Submitted Data,submitted,false,142500,1925,1,,74,2471931.8,5364851.1,0,0,,55,88.1,55.4,87,610.5,4.3,4,7836783,fuel_sum,7836782.9,7837500,0.999909,true
172772,2022,Manhattan Building,423 439 S DEARBORN ST,60605,LOOP,32,Multifamily Housing,Submitted Data,submitted,false,121000,1891,1,,12,8158345.7,0,0,0,,67.4,188.8,68.4,191.6,1074.6,8.9,1,8158346,fuel_sum,8158345.7,8155400,1.000361,true
172783,2022,,1369  E HYDE PARK BLVD,60615,HYDE PARK,41,Multifamily Housing,Submitted Data,submitted,false,67147,2000,1,,100,1450571.6,7284.6,0,0,,21.7,60.6,21.1,58.9,191.4,2.9,4,1457856,fuel_sum,1457856.2,1457090,1.000526,true
172784,2022,,555  E 33RD PL,60616,DOUGLAS,35,Multifamily Housing,Submitted Data,submitted,false,107500,1952,1,,1,956776.3,31021704.4,0,0,,297.5,327.9,315.7,346.3,1773.7,16.5,1,31978481,fuel_sum,31978480.7,31981250,0.999913,true
172786,2022,The Woodlands of Bronzeville Condominium Association,619 645 E WOODLAND PARK,60616,DOUGLAS,35,Multifamily Housing,Submitted Data,submitted,false,101941,1989,1,,89,4501115.6,2725979.7,0,0,,70.9,151.7,71.2,150.3,737.7,7.2,4,7227095,fuel_sum,7227095.3,7227617,0.999928,true
172787,2022,,3420  S COTTAGE GROVE AVE,60616,DOUGLAS,35,Multifamily Housing,Submitted Data,submitted,false,107500,1952,1,,1,1060557.3,29712079.4,0,0,,286.3,317.8,304,336.1,1717.8,16,1,30772637,fuel_sum,30772636.7,30777250,0.99985,true
172788,2022,,3440  S COTTAGE GROVE AVE,60616,DOUGLAS,35,Multifamily Housing,Submitted Data,submitted,false,107500,1952,1,,1,1056123.5,28841684.1,0,0,,278.1,309.2,293.5,324.9,1671,15.5,1,29897808,fuel_sum,29897807.6,29895750,1.000069,true
172789,2022,,3445  S RHODES AVE,60616,DOUGLAS,35,Multifamily Housing,Submitted Data,submitted,false,107500,1952,1,,1,1005601.9,28563221.4,0,0,,275.1,305.2,290.5,320.6,1649.6,15.3,1,29568823,fuel_sum,29568823.3,29573250,0.99985,true
172795,2022,Best Western Grant Park Hotel,1100  S MICHIGAN AVE,60605,LOOP,32,,Not Submitted,not_submitted,false,87300,,,,,,,,,,,,,,,,0,,,,,,
172797,2022,,888  S MICHIGAN AVE,60605,LOOP,32,Multifamily Housing,Submitted Data,submitted,false,85683,2002,1,,38,2778238.2,3731459.7,0,0,,81.9,147.2,82.2,146,564.1,7.1,1.5,6509698,fuel_sum,6509697.9,7017438,0.927646,false
172798,2022,Hales Franciscan,4930 S Cottage Grove Ave,60615,GRAND BOULEVARD,38,,Not Submitted,not_submitted,false,84000,,,,,,,,,,,,,,,,0,,,,,,
172800,2022,,5110  S KENWOOD AVE,60615,HYDE PARK,41,Multifamily Housing,Submitted Data,submitted,false,55932,1990,1,,66,971774.5,4970499.8,0,0,,106.2,142,112.5,147.6,392,7,4,5942274,fuel_sum,5942274.3,5939978,1.000387,true
172812,2022,,4336 4344 S DREXEL BLVD,60653,KENWOOD,39,Multifamily Housing,Submitted Data,submitted,false,101710,1926,1,,81,817689.2,5814957.6,0,0,,79.9,101.2,82.8,103.5,416.6,5,4,6632647,fuel_sum,6632646.8,8126629,0.816162,false
172900,2022,Victory Centre of Galewood,2370 N Newcastle Ave,60707,MONTCLARE,18,Senior Living Community,Submitted Data,submitted,false,78317,2009,1,,37,2866093.5,3547234.2,0,0,,81.9,150,83.1,149.8,565.9,7.2,1.5,6413328,fuel_sum,6413327.7,6414162,0.99987,true
173250,2022,Clark Manor Convalescent Center,7427 7433 N CLARK ST,60626,ROGERS PARK,1,,Not Submitted,not_submitted,false,68875,,,,,,,,,,,,,,,,0,,,,,,
173322,2022,"Target, Chicago South (1488)",8560 S Cottage Grove Ave,60619,CHATHAM,44,Office,Submitted Data,submitted,false,95306.9,2021,1,,83,4733882.9,2320644.3,0,0,,74,164.6,76,166.7,746.8,7.8,4,7054527,fuel_sum,7054527.2,7052711,1.000257,true
173455,2022,,521 531 S DEARBORN ST,60605,LOOP,32,Multifamily Housing,Submitted Data,submitted,false,56364,1892,1,,,2230507.7,6656482.2,0,0,,157.7,234.8,161.8,237,647.3,11.5,1,8886990,fuel_sum,8886989.9,8888603,0.999819,true
173476,2022,St. Demetrios Greek Orthodox Church,2727 W WINONA ST,60625,LINCOLN SQUARE,4,Worship Facility,Submitted Data,submitted,false,68141,1924,1,,41,683214.4,2872368.9,0,0,,56.3,78.1,,,248.2,3.9,2,3555583,fuel_sum,3555583.3,3836338,0.926817,false
173487,2022,Catherine Courts Condo Association,5306 5310 N CHESTER AVE,60656,OHARE,76,,Not Submitted,not_submitted,false,101710,,,,,,,,,,,,,,,,0,,,,,,
173488,2022,"F.H. Paschen, S.N. Nielsen & Associates, LLC",8734 W Catalpa,60656,OHARE,76,Office,Submitted Data,submitted,false,112700,1989,1,,55,8199122.5,0,0,0,,72.8,203.7,73.1,204.6,1079.9,9.6,3.5,8199123,fuel_sum,8199122.5,8204560,0.999337,true
173492,2022,,5501 5525 N CHESTER AVE,60656,OHARE,76,Multifamily Housing,Submitted Data,submitted,false,60000,1972,1,,90,791044.1,3113191.8,0,0,,65.1,91.4,66.2,91.5,269.5,4.5,4,3904236,fuel_sum,3904235.9,3906000,0.999548,true
173494,2022,Evelyn Lane Condos,5332 N DELPHIA AVE,60656,OHARE,76,Multifamily Housing,Submitted Data,submitted,false,97709,1971,1,,95,1983549.1,0,0,0,,31.4,87.8,31.6,88.5,261.3,4.1,4,1983549,fuel_sum,1983549.1,3068063,0.646515,false
173495,2022,Saint Juliana School,7400 W Touhy,60631,EDISON PARK,9,,Not Submitted,not_submitted,false,68032,,,,,,,,,,,,,,,,0,,,,,,
173497,2022,Shop & Save Market - Nagle,6312 N Nagle Ave,60646,NORWOOD PARK,10,,Not Submitted,not_submitted,false,66711,,,,,,,,,,,,,,,,0,,,,,,
173592,2022,Fulton Court Townhomes,660 W Fulton Market,60661,NEAR WEST SIDE,28,Multifamily Housing,Submitted Data,submitted,false,144000,2000,1,,96,1861847.2,5333866.4,0,0,,51.8,77.8,52.6,77.6,528.5,3.8,4,7195714,fuel_sum,7195713.6,7459200,0.964676,false
173594,2022,19 South LaSalle Street,19 S LaSalle St,60603,LOOP,32,,Not Submitted,not_submitted,false,161339,,,,,,,,,,,,,,,,0,,,,,,
173597,2022,Adlake Limited Partnership,320 W Ohio St,60654,NEAR NORTH SIDE,8,Office,Submitted Data,submitted,false,81000,1940,1,,78,888386.7,3752902.7,0,0,,57.3,79.4,59.9,82.7,316.3,3.9,3.5,4641289,fuel_sum,4641289.4,4641300,0.999998,true
173598,2022,The Chicago Theatre,175 N State St,60601,LOOP,32,Performing Arts,Submitted Data,submitted,false,700000,1921,1,,,2742652.3,3327125.1,0,0,,8.7,16,9,16.4,538,0.8,4,6069777,fuel_sum,6069777.4,6090000,0.996679,true
173612,2022,Bell Federal Building,79 W Monroe St,60603,LOOP,32,Office,Submitted Data,submitted,false,198650,1904,1,,60,11512620.1,0,0,3164400.1,,73.9,176.8,72.9,179.7,1683.1,8.5,3.5,14677020,fuel_sum,14677020.2,14680235,0.999781,true
173615,2022,Five North Wabash,1 5 N WABASH AVE,60602,LOOP,32,Multifamily Housing,Submitted Data,submitted,false,170184,1910,1,,89,2595243.6,5590674.2,0,0,,48.1,77.2,48.9,77,638.8,3.8,4,8185918,fuel_sum,8185917.8,8185850,1.000008,true
173617,2022,,105 W MADISON ST,60602,LOOP,32,Office,Submitted Data,submitted,false,140000,1928,1,,43,8252628.4,6738300.4,0,0,,107.1,215.6,111.1,219.8,1444.9,10.3,2,14990929,fuel_sum,14990928.8,14994000,0.999795,true
173618,2022,318 West Adams Commercial Condo Assoc.,318 W Adams St,60606,LOOP,32,Office,Submitted Data,submitted,false,158510,1927,1,,,1009612.7,0,0,0,,6.4,17.9,6.3,17.7,133,0.8,4,1009613,fuel_sum,1009612.7,1014464,0.995218,true
173620,2022,Horwitz & Co.,651 W Washington Blvd,60661,NEAR WEST SIDE,28,,Not Submitted,not_submitted,false,226000,,,,,,,,,,,,,,,,0,,,,,,
173622,2022,444 W Jackson Blvd,444 W Jackson Blvd,60606,NEAR WEST SIDE,28,Fitness Center/Health Club/Gym,Submitted Data,submitted,false,71235,1974,1,,,4408797.2,10439750,0,0,,208.4,327.2,212.4,331.3,1135.2,15.9,1,14848547,fuel_sum,14848547.2,14845374,1.000214,true
173625,2022,Burnham 600,600 W Jackson Blvd,60661,NEAR WEST SIDE,28,,Not Submitted,not_submitted,false,109363,,,,,,,,,,,,,,,,0,,,,,,
173630,2022,,111  W HURON ST,60654,NEAR NORTH SIDE,8,Hotel,Submitted Data,submitted,false,120000,1980,1,,44,4479926.4,4746871.1,0,0,,76.9,146.1,77.2,145.7,842.2,7,2,9226798,fuel_sum,9226797.5,9228000,0.99987,true
173632,2022,The Chicago Building,7 W Madison St,60602,LOOP,32,,Not Submitted,not_submitted,false,104965,,,,,,,,,,,,,,,,0,,,,,,
173635,2022,,125  W OHIO ST,60654,NEAR NORTH SIDE,8,Hotel,Submitted Data,submitted,false,125500,1965,1,,97,2128775,4045059.2,0,0,,71.8,118.7,70.3,114.6,495.2,5.8,4,6173834,fuel_sum,6173834.2,9010900,0.685152,false
173639,2022,Madison 123 Assoc LLC,123 W Madison St,60602,LOOP,32,Office,Submitted Data,submitted,false,90318,1912,1,,42,6717194.9,0,0,0,,74.4,208.2,76.2,213.3,884.7,9.8,2,6717195,fuel_sum,6717194.9,6719659,0.999633,true
173642,2022,230 E Ohio St,230 E Ohio St,60611,NEAR NORTH SIDE,8,Office,Submitted Data,submitted,false,71298,1917,1,,64,3018551.6,111074.8,0,0,,43.9,120.2,43.9,120.2,403.5,5.7,4,3129626,fuel_sum,3129626.4,3129982,0.999886,true
173646,2022,,400 N CLINTON ST,60654,WEST TOWN,24,Multifamily Housing,Submitted Data,submitted,false,118904,1999,3,,61,1891742.8,3869479.7,0,0,,73,118.6,73.2,117.1,454.7,5.8,3,5761223,fuel_sum,5761222.5,8679992,0.663736,false
173655,2022,ACME Hotel Company,15 E Ohio St,60611,NEAR NORTH SIDE,8,Hotel,Submitted Data,submitted,false,80000,1927,1,,81,3436512.5,1889959.5,0,0,,66.6,145.1,65.4,141.5,553,6.9,4,5326472,fuel_sum,5326472,5328000,0.999713,true
173657,2022,,1  W WASHINGTON ST,60602,LOOP,32,Hotel,Submitted Data,submitted,false,85000,1895,1,,6,6803338.2,2512613,0,3418968.1,,149.8,291.8,146.7,292.4,1209.7,14.2,1,12734919,fuel_sum,12734919.3,12733000,1.000151,true
173658,2022,212 W Superior St,210 222 W Superior St,60654,NEAR NORTH SIDE,8,Office,Submitted Data,submitted,false,92454,1920,1,,80,2399982,2810769.9,0,0,,56.4,104.6,57.7,104.3,465.4,5,3.5,5210752,fuel_sum,5210751.9,5214406,0.999299,true
173671,2022,Werner Printing,565 W Randolph St,60661,NEAR WEST SIDE,28,Office,Submitted Data,submitted,false,84000,1920,1,,74,1842841.7,2795542,0,0,,55.9,97.5,56.9,98.6,391.2,4.7,3.5,4638384,fuel_sum,4638383.7,4695600,0.987815,true
173683,2022,676 La Salle Building,676 N LaSalle St,60654,NEAR NORTH SIDE,8,Multifamily Housing,Submitted Data,submitted,false,147030,2018,1,,63,4545810.4,4180642.3,0,0,,63.6,124.7,63.7,125.7,820.8,6,3,8726453,fuel_sum,8726452.7,9351108,0.9332,false
173687,2022,,324  N JEFFERSON ST,60661,NEAR WEST SIDE,28,Multifamily Housing,Submitted Data,submitted,false,50426,2001,1,,85,715042.8,1550593.7,0,0,,59.9,96,60.4,95.3,176.5,4.7,4,2265637,fuel_sum,2265636.5,3020517,0.750083,false
173702,2022,,1301  N STATE PKWY,60610,NEAR NORTH SIDE,8,Hotel,Submitted Data,submitted,false,188600,1928,1,,,10725133.7,9055455.2,0,0,,104.9,209.6,106.5,211.4,1893.6,10,2,19780589,fuel_sum,19780588.9,19784140,0.999821,true
173708,2022,,2756 2760 N PINE GROVE AVE,60614,LINCOLN PARK,7,Multifamily Housing,Submitted Data,submitted,false,133560,1925,1,,41,1958421,11087776.7,0,0,,97.7,128.2,99.2,127.8,846.9,6.3,2,13046198,fuel_sum,13046197.7,13048812,0.9998,true
173710,2022,,1430  N LAKE SHORE DR,60610,NEAR NORTH SIDE,8,Multifamily Housing,Submitted Data,submitted,false,117024,1924,1,,68,2862126.5,8074927.5,0,0,,93.5,140.9,99.3,147,805.9,6.9,4,10937054,fuel_sum,10937054,10941744,0.999571,true
173712,2022,1155 West Armitage Condominium Association,1153 1155 W ARMITAGE AVE,60614,LINCOLN PARK,7,Multifamily Housing,Submitted Data,submitted,false,94200,1993,1,,97,1149766.4,3326394.9,0,0,,59.4,89.1,60.2,89.1,328.1,4.4,4,4476161,fuel_sum,4476161.3,5595480,0.79996,false
173713,2022,,2430  N LAKEVIEW AVE,60614,LINCOLN PARK,7,Multifamily Housing,Submitted Data,submitted,false,120050,1927,1,,,2609763,7626771,0,0,,85.3,127.6,90.1,131.6,748.8,6.2,2,10236534,fuel_sum,10236534,10240265,0.999636,true
173715,2022,,2738  N PINE GROVE AVE,60614,LINCOLN PARK,7,Multifamily Housing,Submitted Data,submitted,false,103203,1927,1,,90,1381057,7533130.4,0,0,,86.4,114.1,91.4,118.4,582,5.6,4,8914187,fuel_sum,8914187.4,8916739,0.999714,true
173718,2022,Shore Crest Apartments,420  W WRIGHTWOOD AVE,60614,LINCOLN PARK,7,Multifamily Housing,Submitted Data,submitted,false,74529,1919,1,,57,867930.2,8024803.9,0,0,,119.3,145.7,124.5,150.1,540.6,7.3,2.5,8892734,fuel_sum,8892734.1,8891310,1.00016,true
173719,2022,,330 W Webster Ave,60614,LINCOLN PARK,7,K-12 School,Submitted Data,submitted,false,239794,2000,2,,11,12949751.3,13498700.2,0,0,,113.5,216.5,117,217.7,2422.6,10.4,1,26448452,fuel_sum,26448451.5,27216619,0.971776,true
173723,2022,,1260  N ASTOR ST,60610,NEAR NORTH SIDE,8,,Not Submitted,not_submitted,false,95948,,,,,,,,,,,,,,,,0,,,,,,
173724,2022,Arthur J. Schmitt Academic Center,2320 N Kenmore Ave,60614,LINCOLN PARK,7,College/University,Submitted Data,submitted,false,164408,1967,1,,,4307460.3,16296567.7,0,0,,125.3,177.4,129.9,182.2,1432.9,8.7,2,20604028,fuel_sum,20604028,20600322,1.00018,true
173725,2022,,2140  N LINCOLN PARK West,60614,LINCOLN PARK,7,,Exempt,exempt,true,51750,,,,,,,,,,,,,,,,,,,,,,
173730,2022,,420  W FULLERTON AVE,60614,LINCOLN PARK,7,,Not Submitted,not_submitted,false,60000,,,,,,,,,,,,,,,,0,,,,,,
173733,2022,,2336  N COMMONWEALTH AVE,60614,LINCOLN PARK,7,Multifamily Housing,Submitted Data,submitted,false,120755,1968,1,,97,1398343.3,3242878,0,0,,46.1,72.7,48.4,75.1,356.4,3.5,4,4641221,fuel_sum,4641221.3,5566806,0.833731,false
173751,2022,,3134 N Clark St,60657,LAKE VIEW,6,Urgent Care/Clinic/Other Outpatient,Submitted Data,submitted,false,93582,1981,1,,,1418577.4,1810274.4,0,0,,56.1,102,56.5,101.4,283,4.9,4,3228852,fuel_sum,3228851.8,5249950,0.615025,false
173752,2022,Eddystone Condominium Homes,415 421 W MELROSE ST,60657,LAKE VIEW,6,Multifamily Housing,Submitted Data,submitted,false,249574,1928,1,,94,1948591.7,13401950.7,0,0,,62,78.8,65.7,81.9,968.5,3.9,4,15350542,fuel_sum,15350542.4,15473588,0.992048,true
173754,2022,,422 424 W MELROSE ST,60657,LAKE VIEW,6,Multifamily Housing,Submitted Data,submitted,false,164485,1926,1,,82,1981904.6,11579230.8,0,0,,82.4,107.7,87.3,111,876.1,5.3,4,13561135,fuel_sum,13561135.4,13553564,1.000559,true
173757,2022,,431  W OAKDALE AVE,60657,LAKE VIEW,6,Multifamily Housing,Submitted Data,submitted,false,136304,1927,1,,85,1108592.9,7970993.9,0,0,,66.6,84.2,70.9,87.8,569.4,4.2,4,9079587,fuel_sum,9079586.8,9077846,1.000192,true
173759,2022,,3224 3244 N HALSTED ST,60657,LAKE VIEW,6,Multifamily Housing,Submitted Data,submitted,false,303184,2000,1,,99,3987047.3,7064338.8,0,0,,40.4,68,41.1,68.2,900.4,3.3,4,11051386,fuel_sum,11051386.1,12248634,0.902255,false
173760,2022,Commodore Green Brier Landmark Condominium Association,559 561 W SURF ST,60657,LAKE VIEW,6,,Not Submitted,not_submitted,false,101500,,,,,,,,,,,,,,,,0,,,,,,
173763,2022,,425 427 W ROSCOE ST,60657,LAKE VIEW,6,Multifamily Housing,Submitted Data,submitted,false,50500,1925,1,,90,1288821,1147223.6,0,0,,48.2,95.3,48.8,96.8,230.7,4.6,4,2436045,fuel_sum,2436044.6,2434100,1.000799,true
173764,2022,Saint Luke Church & Academy,1500 W Belmont Ave,60657,LAKE VIEW,6,Other - Education,Submitted Data,submitted,false,64000,1884,1,,,921550.5,2507205.5,0,0,,53.6,81.5,53.4,80.9,254.6,4,3,3428756,fuel_sum,3428756,3430400,0.999521,true
173766,2022,3314 Lake Shore Condominium Association,3314  N LAKE SHORE DR,60657,LAKE VIEW,6,Multifamily Housing,Submitted Data,submitted,false,62252,1920,1,,16,3122643.4,772300,0,0,,65.2,159.9,67.4,166,452.3,7.6,1,3894943,fuel_sum,3894943.4,4058830,0.959622,false
173767,2022,,426  W BELMONT AVE,60657,LAKE VIEW,6,Multifamily Housing,Submitted Data,submitted,false,59150,1933,1,,,,6770934.5,0,0,,,,,,,,0,,,6770934.5,,,
173768,2022,,813 831 W WAVELAND AVE,60613,LAKE VIEW,6,Multifamily Housing,Submitted Data,submitted,false,50000,1925,1,,81,1127928.4,1701038.5,0,0,,56.6,98.9,56.5,97.2,238.9,4.8,4,2828967,fuel_sum,2828966.9,2830000,0.999635,true
173769,2022,,541 547 W OAKDALE AVE,60657,LAKE VIEW,6,Multifamily Housing,Submitted Data,submitted,false,107170,1966,1,,88,985754.1,4695499.9,0,0,,57.5,77.9,59.1,78.5,379.2,3.8,4,5681254,fuel_sum,5681254,6162275,0.921941,false
173773,2022,,530  W DIVERSEY PKWY,60614,LAKE VIEW,6,Multifamily Housing,Submitted Data,submitted,false,50864,1921,1,,43,1434384.9,3896020.1,0,0,,104.8,159.4,106.7,160.2,395.9,7.8,2,5330405,fuel_sum,5330405,5330547,0.999973,true
173774,2022,,2816 2828 N BURLING ST,60657,LAKE VIEW,6,Multifamily Housing,Submitted Data,submitted,false,80576,1972,1,,87,1713517.4,1038414.6,0,0,,36.3,77.6,36.5,77.5,280.8,3.7,4,2751932,fuel_sum,2751932,2924909,0.940861,false
173776,2022,,331  W OAKDALE AVE,60657,LAKE VIEW,6,,Not Submitted,not_submitted,false,50286,,,,,,,,,,,,,,,,0,,,,,,
173781,2022,Irving Park YMCA,4251 4259 W IRVING PARK RD,60641,IRVING PARK,16,,Not Submitted,not_submitted,false,95109,,,,,,,,,,,,,,,,0,,,,,,
173783,2022,,4840  N LINDER AVE,60630,JEFFERSON PARK,11,,Not Submitted,not_submitted,false,65868,,,,,,,,,,,,,,,,0,,,,,,
173789,2022,,5332 5340 W Windsor,60630,PORTAGE PARK,15,,Not Submitted,not_submitted,false,53018,,,,,,,,,,,,,,,,0,,,,,,
173804,2022,,4600  N CLARENDON AVE,60640,UPTOWN,3,Multifamily Housing,Submitted Data,submitted,false,135600,1965,1,,47,2912144.8,10744228.9,0,0,,100.7,143.3,105.5,146.2,954.2,7,2,13656374,fuel_sum,13656373.7,13654920,1.000106,true
173805,2022,,1000 W LELAND AVE,60640,UPTOWN,3,Multifamily Housing,Submitted Data,submitted,false,190476,2004,1,,,2217512.8,5145636.1,0,0,,51.4,81.1,52.1,80.5,565.4,3.9,4,7363149,fuel_sum,7363148.9,9790466,0.752073,false
173811,2022,Park Harbor Condo Association,3620 N. Pine Grove Ave,60613,LAKE VIEW,6,,Not Submitted,not_submitted,false,102874,,,,,,,,,,,,,,,,0,,,,,,
173812,2022,,3900  N PINE GROVE AVE,60613,LAKE VIEW,6,Multifamily Housing,Submitted Data,submitted,false,117514,1973,1,,95,2125985.7,3080667.3,0,0,,52.3,92.2,52.4,90.6,443.7,4.5,4,5206653,fuel_sum,5206653,6145982,0.847164,false
173817,2022,Alden Lakeland Rehabilitation and Health Care Center,820 W LAWRENCE AVE,60640,UPTOWN,3,Senior Living Community,Submitted Data,submitted,false,97280,1972,1,,1,5301859.9,13736830.3,0,0,,212.7,327,215.8,325.8,1428,16,1,19038690,fuel_sum,19038690.2,20691456,0.920123,false
173818,2022,,3838 N BROADWAY,60613,LAKE VIEW,6,Multifamily Housing,Submitted Data,submitted,false,70680,1928,1,,56,3352423.4,2611477.8,0,0,,84.4,171.6,85.9,173.2,580.3,8.2,2.5,5963901,fuel_sum,5963901.2,5965392,0.99975,true
173819,2022,Sun Plaza,4851 - 4887 N Broadway Ave,60640,UPTOWN,3,Strip Mall,Submitted Data,submitted,false,108610,1995,1,,,5290721.2,4272366.5,0,0,,155.8,314.5,157.3,313.5,923.8,15.1,2,9563088,fuel_sum,9563087.7,16921438,0.565146,false
173821,2022,,4157  N CLARENDON AVE,60613,UPTOWN,3,Multifamily Housing,Submitted Data,submitted,false,62388,1925,1,,91,1450585.3,2957758.9,0,0,,70.7,114.9,72.6,115.4,348.2,5.6,4,4408344,fuel_sum,4408344.2,4410832,0.999436,true
173831,2022,YMCA of Metro Chicago,3333 N MARSHFIELD AVE,60657,LAKE VIEW,6,,Not Submitted,not_submitted,false,93228,,,,,,,,,,,,,,,,0,,,,,,
173832,2022,WGN Studios,2501 W BRADLEY PL,60618,NORTH CENTER,5,Office,Submitted Data,submitted,false,213533,1960,1,,1,20642519.8,6575542.6,0,0,,414.9,986.2,418.3,985.3,3068.2,46.8,1,27218062,fuel_sum,27218062.4,88594842,0.307219,false
173835,2022,Sears,1900 W Lawrence Ave,60640,LINCOLN SQUARE,4,Multifamily Housing,Submitted Data,submitted,false,108625,2021,1,,59,2916580.1,2154164.8,0,0,,50.7,104.3,51.8,106.1,498.6,5,2.5,5070745,fuel_sum,5070744.9,5507288,0.920734,false
173837,2022,Black Ensemble Theater,4450 N Clark St,60640,UPTOWN,3,,Not Submitted,not_submitted,false,66373,,,,,,,,,,,,,,,,0,,,,,,
173845,2022,,1338 1354 W ARGYLE ST,60640,UPTOWN,3,Multifamily Housing,Submitted Data,submitted,false,51150,1931,1,,62,809173.8,4572471.6,0,0,,105.2,138.2,108.7,140,349.4,6.8,3,5381645,fuel_sum,5381645.4,5380980,1.000124,true
173846,2022,DeVry University Campbell,3300 N Campbell Ave,60618,NORTH CENTER,5,,Not Submitted,not_submitted,false,144538,,,,,,,,,,,,,,,,0,,,,,,
173857,2022,,5230 5244 N SHERIDAN RD,60640,EDGEWATER,77,,Not Submitted,not_submitted,false,200000,,,,,,,,,,,,,,,,0,,,,,,
173858,2022,Sullivan Center,6339 N Sheridan Rd,60660,EDGEWATER,77,,Not Submitted,not_submitted,false,130027,,,,,,,,,,,,,,,,0,,,,,,
173861,2022,,5411 N WINTHROP AVE,60640,EDGEWATER,77,Multifamily Housing,Submitted Data,submitted,false,64787,1973,1,,45,2578882.2,1959218.8,0,0,,89.9,183.8,91.8,187.2,443.7,8.8,3,4538101,fuel_sum,4538101,5824351,0.77916,false
173862,2022,,5123  N SHERIDAN RD,60640,UPTOWN,3,,Not Submitted,not_submitted,false,100263,,,,,,,,,,,,,,,,0,,,,,,
173863,2022,,5650  N KENMORE AVE,60660,EDGEWATER,77,,Not Submitted,not_submitted,false,150000,,,,,,,,,,,,,,,,0,,,,,,
173868,2022,,1055 1065 W GRANVILLE AVE,60660,EDGEWATER,77,Multifamily Housing,Submitted Data,submitted,false,80600,1929,1,,60,1616049.8,7602328.8,0,0,,114.4,155.2,117.2,158.2,616.7,7.7,2.5,9218379,fuel_sum,9218378.6,9220640,0.999755,true
173870,2022,,1061  W ROSEMONT AVE,60660,EDGEWATER,77,Multifamily Housing,Submitted Data,submitted,false,80500,1927,1,,92,1434051.5,4028486,0,0,,67.9,102.4,69.6,104.2,402.9,5,4,5462538,fuel_sum,5462537.5,5465950,0.999376,true
173871,2022,,6334 6344 N SHERIDAN RD,60660,EDGEWATER,77,Multifamily Housing,Submitted Data,submitted,false,63000,1918,1,,77,657313.5,5128871.4,0,0,,91.8,114.7,94.8,117.6,359,5.7,3.5,5786185,fuel_sum,5786184.9,5783400,1.000482,true
173872,2022,North Shore Baptist Church,5244 N Lakewood Ave,60640,EDGEWATER,77,,Not Submitted,not_submitted,false,50000,,,,,,,,,,,,,,,,0,,,,,,
173874,2022,,5400 5406 N KENMORE AVE,60640,EDGEWATER,77,,Not Submitted,not_submitted,false,81600,,,,,,,,,,,,,,,,0,,,,,,
173875,2022,,6165  N WINTHROP AVE,60660,EDGEWATER,77,Multifamily Housing,Submitted Data,submitted,false,50901,1925,1,,56,1494628.8,3886180.1,0,0,,105.7,162.4,106.9,161.9,403.3,7.9,3.5,5380809,fuel_sum,5380808.9,5380236,1.000107,true
173880,2022,,6942 6960 N WOLCOTT AVE,60626,ROGERS PARK,1,,Not Submitted,not_submitted,false,61000,,,,,,,,,,,,,,,,0,,,,,,
173883,2022,,1029 1051 W NORTH SHORE AVE,60626,ROGERS PARK,1,,Not Submitted,not_submitted,false,65620,,,,,,,,,,,,,,,,0,,,,,,
173884,2022,St. Scholastica Monastery / UNO Rogers Park Elementary and High School,7416 N Ridge Rd,60645,WEST RIDGE,2,K-12 School,Submitted Data,submitted,false,240041,1865,1,,70,2285245,13585030.2,0,0,,77.8,101.3,81.7,105.4,1041.3,5.1,3,15870275,fuel_sum,15870275.2,18675190,0.849805,false
173888,2022,,6628  N SHERIDAN RD,60626,ROGERS PARK,1,,Not Submitted,not_submitted,false,85129,,,,,,,,,,,,,,,,0,,,,,,
173907,2022,Hampton House,1715 1733 E 53RD ST,60615,HYDE PARK,41,Multifamily Housing,Submitted Data,submitted,false,176450,1918,1,,65,1905564.7,12328900.5,0,0,,80.7,103.6,84.5,107,905.8,5.1,4,14234465,fuel_sum,14234465.2,14239515,0.999645,true
173908,2022,,5000  S CORNELL AVE,60615,KENWOOD,39,Multifamily Housing,Submitted Data,submitted,false,149950,1930,1,,94,1433527.4,8785166,0,0,,68.1,88.3,72.7,92.4,655.4,4.4,4,10218693,fuel_sum,10218693.4,10211595,1.000695,true
173914,2022,Jeffery Plaza,2101 E 71ST ST,60649,SOUTH SHORE,43,Supermarket/Grocery Store,Submitted Data,submitted,false,113303,1990,1,,,12060759.7,1354320.1,0,0,,118.4,310.6,117.3,306.6,1660.5,14.7,3,13415080,fuel_sum,13415079.8,13415075,1,true
173915,2022,,5500  S SHORE DR,60637,HYDE PARK,41,,Not Submitted,not_submitted,false,165000,,,,,,,,,,,,,,,,0,,,,,,
173925,2022,Hinds Laboratory,5734 S Ellis Ave,60637,HYDE PARK,41,Laboratory,Submitted Data,submitted,false,131381,1969,1,,,16507348,0,24259871.3,8583133.8,,375.6,633.4,364.7,621.8,4237.4,32.3,1,49350353,fuel_sum,49350353.1,49346704,1.000074,true
173927,2022,Residence Hall and Student Center: Catholic Theological Union,5401 S CORNELL AVE,60615,HYDE PARK,41,,Not Submitted,not_submitted,false,90770,,,,,,,,,,,,,,,,0,,,,,,
173929,2022,Parkland Condominiums,6701 S Crandon Ave,60649,SOUTH SHORE,43,,Not Submitted,not_submitted,false,77875,,,,,,,,,,,,,,,,0,,,,,,
173930,2022,,5709  S ELLIS AVE,60637,HYDE PARK,41,Residence Hall/Dormitory,Submitted Data,submitted,false,73837,1902,1,,69,1452750,79158,3944510.5,0,,74.2,120.5,78.3,126.1,457.5,6.2,3,5476419,fuel_sum,5476418.5,5478705,0.999583,true
173934,2022,,5316 5320 S DORCHESTER AVE,60615,HYDE PARK,41,Multifamily Housing,Submitted Data,submitted,false,61422,1990,1,,50,879559.4,5072484.9,0,0,,96.9,126.8,100.4,129.4,385.3,6.3,3,5952044,fuel_sum,5952044.3,5951792,1.000042,true
173935,2022,,6920  S CRANDON AVE,60649,SOUTH SHORE,43,,Not Submitted,not_submitted,false,67987,,,,,,,,,,,,,,,,0,,,,,,
173948,2022,Home Depot Store #8598,6211 N LINCOLN AVE,60659,NORTH PARK,13,Retail Store,Submitted Data,submitted,false,114727,2004,1,,70,4587182.3,5063757.6,0,0,,84.1,158.3,85.2,157.8,873.2,7.6,4,9650940,fuel_sum,9650939.9,9648541,1.000249,true
173949,2022,,2438 2484 W ESTES AVE,60645,WEST RIDGE,2,Multifamily Housing,Submitted Data,submitted,false,103000,1928,1,,58,358680.3,10895100.1,0,0,,109.3,120.8,115.3,127.2,625.9,6.1,2.5,11253780,fuel_sum,11253780.4,11257900,0.999634,true
173951,2022,Bernard Horwich Building,3003 3033 W TOUHY AVE,60645,WEST RIDGE,2,Mixed Use Property,Submitted Data,submitted,true,212000,1950,1,,,4961154.3,13718538.7,0,0,,112.5,170.5,114.6,171.2,1382.1,8.3,,18679693,fuel_sum,18679693,23850000,0.783216,false
173961,2022,Chatham Park South Co-op,660  E 85TH ST,60619,CHATHAM,44,Multifamily Housing,Submitted Data,submitted,false,75634,1983,1,,54,3228296.2,1847005.2,0,0,,67.4,145.9,69,148.6,523.3,7,2.5,5075301,fuel_sum,5075301.4,5097732,0.9956,true
173970,2022,"Jewel Osco, 03092-95th & Stony Island",1655 E 95th St,60617,SOUTH DEERING,51,Supermarket/Grocery Store,Submitted Data,submitted,false,72651,1999,1,,63,8985942.2,7507099.8,0,0,,227,454.8,232.7,457.1,1582.3,21.8,3,16493042,fuel_sum,16493042,16491777,1.000077,true
174002,2022,,1111 1135 E 87TH ST,60619,BURNSIDE,47,,Not Submitted,not_submitted,false,131849,,,,,,,,,,,,,,,,0,,,,,,
174028,2022,1201 W Washington Blvd,1201 W Washington Blvd,60607,NEAR WEST SIDE,28,Office,Submitted Data,submitted,false,74666,1937,1,,11,5569300.9,0,0,0,,100.3,280.8,102.8,287.9,733.6,13.2,1,5569301,fuel_sum,5569300.9,7489000,0.743664,false
174123,2022,Stewart Business Center,400 W 76th St,60620,GREATER GRAND CROSSING,69,Office,Submitted Data,submitted,false,124880,1965,1,,94,1804610.2,1882824.5,0,0,,32.1,61.2,32.9,62,337.7,2.9,4,3687435,fuel_sum,3687434.7,4008648,0.91987,false
174126,2022,Pete's 118th,3454 - 3620 E 118th St,60617,HEGEWISCH,55,Supermarket/Grocery Store,Submitted Data,submitted,false,94000,1980,1,,23,9130845.9,7451419.5,0,0,,307.1,618.3,308.3,617.2,1598.4,29.6,1,16582265,fuel_sum,16582265.4,28867400,0.574429,false
174135,2022,,869  W BUENA AVE,60613,UPTOWN,3,,Not Submitted,not_submitted,false,142000,,,,,,,,,,,,,,,,0,,,,,,
174155,2022,,1040  W GRANVILLE AVE,60660,EDGEWATER,77,,Not Submitted,not_submitted,false,140000,,,,,,,,,,,,,,,,0,,,,,,
174157,2022,The Bridgeport Condominiums,3434 3464 S HALSTED ST,60608,BRIDGEPORT,60,Multifamily Housing,Submitted Data,submitted,false,116813,2007,1,,1,4077521.1,10781516,0,0,,151.9,232.5,156.3,235,1109.7,11.3,1,14859037,fuel_sum,14859037.1,17743895,0.837417,false
174164,2022,,1380  E HYDE PARK BLVD,60615,KENWOOD,39,,Not Submitted,not_submitted,false,160000,,,,,,,,,,,,,,,,0,,,,,,
174165,2022,,5107 S. Blackstone Ave,60615,Hyde Park,41,Multifamily Housing,Submitted Data,submitted,false,83819,1990,1,,5,1990411.6,10907252.1,0,0,,153.9,203.1,162.9,211.1,841.5,10,1,12897664,fuel_sum,12897663.7,12899744,0.999839,true
174167,2022,,660 676 W IRVING PARK RD,60613,UPTOWN,3,Multifamily Housing,Submitted Data,submitted,false,231998,1904,1,,99,1977788.1,10528504.2,0,0,,60.4,80.2,64.1,83.1,819.7,4,4,12506292,fuel_sum,12506292.3,14012679,0.892498,false
174182,2022,Lewis Towers,820 N Michigan Ave,60611,NEAR NORTH SIDE,8,,Not Submitted,not_submitted,false,216081,,,,,,,,,,,,,,,,0,,,,,,
174189,2022,,16  N MORGAN ST,60607,NEAR WEST SIDE,28,,Not Submitted,not_submitted,false,156536,,,,,,,,,,,,,,,,0,,,,,,
174200,2022,,1313  W RANDOLPH ST,60607,NEAR WEST SIDE,28,Multifamily Housing,Submitted Data,submitted,false,123732,2012,2,,70,2603355.1,2159754.1,0,0,,52.9,106.2,53.2,104.6,457.6,5.1,4,4763109,fuel_sum,4763109.2,6545423,0.727701,false
174203,2022,,5009  N SHERIDAN RD,60640,UPTOWN,3,Multifamily Housing,Submitted Data,submitted,false,160000,1920,1,,52,6558989.7,2337230.9,0,0,,55.6,130.1,57.1,132.7,988.1,6.2,2.5,8896221,fuel_sum,8896220.6,8896000,1.000025,true
174204,2022,The Morgan at Loyola Station,1209 W Arthur Ave,60626,ROGERS PARK,1,Multifamily Housing,Submitted Data,submitted,false,193648,2009,2,,52,5005741.7,5423962.1,0,0,,65.2,123.2,66.8,124.9,947.4,5.9,2.5,10429704,fuel_sum,10429703.8,12625850,0.82606,false
174206,2022,,1300  N STATE PKWY,60610,NEAR NORTH SIDE,8,Multifamily Housing,Submitted Data,submitted,false,176717,2004,1,,59,4161444.1,6584840.3,0,0,,72.4,125.1,72.9,123.8,897.9,6,2.5,10746284,fuel_sum,10746284.4,12794311,0.839927,false
174209,2022,The Superior at LaSalle Condominium Association,150  W SUPERIOR ST,60654,NEAR NORTH SIDE,8,Multifamily Housing,Submitted Data,submitted,false,177911,2006,1,,87,3333528,4840206.2,0,0,,45.9,81,47,82.1,696.2,3.9,4,8173734,fuel_sum,8173734.2,8166115,1.000933,true
174215,2022,,3711  S VINCENNES AVE,60653,OAKLAND,36,Multifamily Housing,Submitted Data,submitted,false,302787,2008,14,,100,5122713.2,4253328.9,0,0,,31,62.1,31.4,61.4,900.6,3,4,9376042,fuel_sum,9376042.1,9386397,0.998897,true
174221,2022,025110 - Stony Island Plaza,1617 - 1754 E 95th St,60617,SOUTH DEERING,51,,Not Submitted,not_submitted,false,417431,,,,,,,,,,,,,,,,0,,,,,,
174228,2022,Roscoe Square - Chicago,3330 N Western Ave,60618,NORTH CENTER,5,,Submitted Data,submitted,false,51298,,,,,,,,,,,,,,,,0,,,,,,
174247,2022,,421  E 62ND ST,60637,WOODLAWN,42,Multifamily Housing,Submitted Data,submitted,false,306951,1911,10,,100,1971693.3,5565082.7,0,0,,24.6,37,25.2,37.3,555.3,1.8,4,7536776,fuel_sum,7536776,7550995,0.998117,true
174249,2022,Westport Commons - Ultra Foods,3250 W 87th St,60652,ASHBURN,70,,Not Submitted,not_submitted,false,213066,,,,,,,,,,,,,,,,0,,,,,,
174260,2022,Uptown Bank Building,4753 N Broadway St,60640,UPTOWN,3,,Exempt,exempt,true,101422,,,,,,,,,,,,,,,,,,,,,,
174279,2022,,3300 3306 W DIVERSEY AVE,60647,AVONDALE,21,Multifamily Housing,Submitted Data,submitted,false,181132,1920,6,,49,2657267.1,15109577,0,0,,98.1,128.7,103.6,133.2,1152.5,6.4,3,17766844,fuel_sum,17766844.1,17769049,0.999876,true
174289,2022,770 N Halsted St,770 N Halsted St,60642,WEST TOWN,24,Office,Submitted Data,submitted,false,193496,1905,1,,57,10711129.8,0,0,0,,70.8,198.3,70.5,197.5,1410.8,9.3,2.5,10711130,fuel_sum,10711129.8,13699517,0.781862,false
174294,2022,O.P.LLC/Orleans Plaza,351 W Hubbard St,60654,NEAR NORTH SIDE,8,,Not Submitted,not_submitted,false,191155,,,,,,,,,,,,,,,,0,,,,,,
174306,2022,,540  N LAKE SHORE DR,60611,NEAR NORTH SIDE,8,Multifamily Housing,Submitted Data,submitted,false,241024,1912,1,,51,7465990.5,4149605.7,0,0,,51.7,112.5,51.6,112.1,1265,5.6,2.5,11615596,fuel_sum,11615596.2,12460941,0.93216,false
174321,2022,The Shelby,2300  S MICHIGAN AVE,60616,NEAR SOUTH SIDE,33,Multifamily Housing,Submitted Data,submitted,false,148762,2013,1,,43,3887110.9,4473832.8,0,0,,74.7,139.3,76.7,140.4,749.6,6.7,3,8360944,fuel_sum,8360943.7,11112521,0.752389,false
174323,2022,The Letterman,410  S MORGAN ST,60607,NEAR WEST SIDE,28,Multifamily Housing,Submitted Data,submitted,false,250000,2006,1,,,8253894.1,10483730,0,0,,83.3,151.6,86.1,154.6,1644,7.3,2,18737624,fuel_sum,18737624.1,20825000,0.899766,false
174498,2022,Trio Tower,670 W Wayman St,60661,NEAR WEST SIDE,28,Multifamily Housing,Submitted Data,submitted,false,324946,2010,1,,95,4734753.7,8172899.9,0,0,,46.1,78,46.9,77.2,1057.7,3.8,4,12907654,fuel_sum,12907653.6,14980011,0.861659,false
174693,2022,,809  E 40TH ST,60653,OAKLAND,36,,Not Submitted,not_submitted,false,50300,,,,,,,,,,,,,,,,0,,,,,,
175046,2022,East WrigleyView Village Condominiums,737  W CORNELIA AVE,60657,LAKE VIEW,6,Multifamily Housing,Submitted Data,submitted,false,51030,1919,1,,16,897960,4946800.2,0,0,,114.5,151.1,119.7,155.3,381,7.5,1,5844760,fuel_sum,5844760.2,5842935,1.000312,true
175049,2022,,7311 7339 S COTTAGE GROVE AVE,60619,GREATER GRAND CROSSING,69,,Not Submitted,not_submitted,false,50710,,,,,,,,,,,,,,,,0,,,,,,
175053,2022,,5330  N DAMEN AVE,60625,LINCOLN SQUARE,4,,Not Submitted,not_submitted,false,50400,,,,,,,,,,,,,,,,0,,,,,,
175059,2022,,436 446 W DIVERSEY PKWY,60614,LAKE VIEW,6,Multifamily Housing,Submitted Data,submitted,false,68271,1908,1,,53,1797532.1,2936207,0,0,,69.3,118.9,70.5,118.8,392.7,5.8,2.5,4733739,fuel_sum,4733739.1,4731180,1.000541,true
175085,2022,,1310 1316 E HYDE PARK BLVD,60615,KENWOOD,39,,Not Submitted,not_submitted,false,51158,,,,,,,,,,,,,,,,0,,,,,,
175106,2022,,5235  W LAKE ST,60644,AUSTIN,25,,Not Submitted,not_submitted,false,51000,,,,,,,,,,,,,,,,0,,,,,,
175113,2022,,8039 8045 S MANISTEE AVE,60617,SOUTH CHICAGO,46,,Not Submitted,not_submitted,false,50388,,,,,,,,,,,,,,,,0,,,,,,
175120,2022,Polish Roman Catholic Union of America,984 N MILWAUKEE AVE,60642,WEST TOWN,24,Museum,Submitted Data,submitted,false,52400,1912,1,,,1339289.1,2048337.9,0,0,,64.6,112.6,66.6,113.3,285.2,5.4,3,3387627,fuel_sum,3387627,3385040,1.000764,true
175130,2022,,5925  N PAULINA ST,60660,EDGEWATER,77,,Not Submitted,not_submitted,false,50173,,,,,,,,,,,,,,,,0,,,,,,
175157,2022,,829 S WABASH AVE,60605,LOOP,32,,Not Submitted,not_submitted,false,270321,,,,,,,,,,,,,,,,0,,,,,,
175172,2022,"Saint Anthony Hospital Community Wellness Program, North Lawndale and King Legacy Apartments",3810 3816 W 16TH ST,60623,NORTH LAWNDALE,29,Multifamily Housing,Submitted Data,submitted,false,62631,2011,1,,95,1621647.9,317136.6,0,0,,31,77.8,30.9,77.1,230.4,3.7,4,1938785,fuel_sum,1938784.5,1941561,0.99857,true
175181,2022,,652  E 50TH ST,60615,GRAND BOULEVARD,38,Multifamily Housing,Submitted Data,submitted,false,71864,2014,4,,81,1065172.1,3914490.3,0,0,,69.3,98.7,72.1,100.6,348.2,4.8,4,4979662,fuel_sum,4979662.4,4980175,0.999897,true
175185,2022,,1949 1959 E 71ST ST,60649,SOUTH SHORE,43,Multifamily Housing,Submitted Data,submitted,false,52193,1935,1,,63,747772.2,3698370,0,0,,85.2,114.5,89.3,118.1,294.9,5.7,4,4446142,fuel_sum,4446142.2,4446844,0.999842,true
175190,2022,Greenwood Village,3931 3959 W 104TH ST,60655,MOUNT GREENWOOD,74,,Not Submitted,not_submitted,false,52668,,,,,,,,,,,,,,,,0,,,,,,
175198,2022,,4840  N BROADWAY,60640,UPTOWN,3,Multifamily Housing,Submitted Data,submitted,false,58000,1930,1,,46,1666775.6,1283961.3,0,0,,50.9,103.7,50.3,101.1,287.7,5,3,2950737,fuel_sum,2950736.9,2952200,0.999504,true
175218,2022,,5200  S ELLIS AVE,60615,HYDE PARK,41,Multifamily Housing,Submitted Data,submitted,false,189514,1947,1,,78,2640609.6,6563732.5,0,0,,75.6,117.4,79,119.1,696.4,5.7,3.5,9204342,fuel_sum,9204342.1,14327258,0.642436,false
175219,2022,,7834 7844  S ELLIS AVE,60619,GREATER GRAND CROSSING,69,,Not Submitted,not_submitted,false,53145,,,,,,,,,,,,,,,,0,,,,,,
175220,2022,Joshua's Prayer House Coptic Temple,6855 S EMERALD ST,60621,ENGLEWOOD,68,,Not Submitted,not_submitted,false,52214,,,,,,,,,,,,,,,,0,,,,,,
175223,2022,,833 857 W FULTON MARKET,60607,NEAR WEST SIDE,28,Multifamily Housing,Submitted Data,submitted,true,80799,1900,1,,,4712815.4,10469713.8,0,0,,250.6,399.3,251.8,393.8,1176.8,19.4,,15182529,fuel_sum,15182529.2,20248229,0.74982,false
175226,2022,,5233 5237 S GREENWOOD AVE,60615,HYDE PARK,41,,Not Submitted,not_submitted,false,55774,,,,,,,,,,,,,,,,0,,,,,,
175229,2022,The Bostonian,4278  N HAZEL ST,60613,UPTOWN,3,Multifamily Housing,Submitted Data,submitted,false,47480,1930,1,,67,1542998.2,1551927.6,0,0,,65.2,125.3,65.7,126.7,285.7,6,3,3094926,fuel_sum,3094925.8,3095696,0.999751,true
175232,2022,,1401  E HYDE PARK BLVD,60615,HYDE PARK,41,Multifamily Housing,Submitted Data,submitted,false,55932,1926,1,,89,497065.6,3616239.3,0,0,,73.5,92.8,77.8,96.5,257.5,4.6,4,4113305,fuel_sum,4113304.9,4111002,1.00056,true
175236,2022,,4633 4645 N KEDZIE AVE,60625,ALBANY PARK,14,,Not Submitted,not_submitted,false,52800,,,,,,,,,,,,,,,,0,,,,,,
175242,2022,,5870  W LAKE ST,60644,AUSTIN,25,Multifamily Housing,Submitted Data,submitted,false,50000,1965,1,,40,968233.4,3341781.6,0,0,,86.2,124.4,88,125,305,6.1,1.5,4310015,fuel_sum,4310015,4310000,1.000003,true
175244,2022,,2645 2657 W LAWRENCE AVE,60625,LINCOLN SQUARE,4,Multifamily Housing,Submitted Data,submitted,false,54500,2007,1,,97,904037,773604,0,0,,32.8,65.3,32.6,64.4,160.2,3.1,4,1677641,fuel_sum,1677641,1787600,0.938488,false
175255,2022,,420  W MELROSE ST,60657,LAKE VIEW,6,Multifamily Housing,Submitted Data,submitted,false,57405,1926,1,,99,473968.2,2808367.2,0,0,,57.2,74.5,60.5,77.2,211.6,3.7,4,3282335,fuel_sum,3282335.4,3283566,0.999625,true
175257,2022,,2255  S MICHIGAN AVE,60616,NEAR SOUTH SIDE,33,,Exempt,exempt,true,48000,,,,,,,,,,,,,,,,,,,,,,
175258,2022,,2900 2914 N MILDRED AVE,60657,LAKE VIEW,6,Multifamily Housing,Submitted Data,submitted,false,62000,1965,1,,94,1719242.2,890799.7,0,0,,42.1,92.7,42.1,92.3,273.8,4.4,4,2610042,fuel_sum,2610041.9,2610200,0.999939,true
175262,2022,,6800  S NORMAL BLVD,60621,ENGLEWOOD,68,,Not Submitted,not_submitted,false,53913,,,,,,,,,,,,,,,,0,,,,,,
175263,2022,,1725  W NORTH AVE,60622,WEST TOWN,24,Multifamily Housing,Submitted Data,submitted,false,55892,1916,1,,85,943595.1,1059242.4,0,0,,42.2,79,43.6,80,180.5,3.8,4,2002838,fuel_sum,2002837.5,2358642,0.849149,false
175264,2022,Yusuf North,2753 W North Ave,60647,WEST TOWN,24,,Not Submitted,not_submitted,false,50000,,,,,,,,,,,,,,,,0,,,,,,
175265,2022,,3201 3219 W NORTH AVE,60647,HUMBOLDT PARK,23,,Not Submitted,not_submitted,false,52650,,,,,,,,,,,,,,,,0,,,,,,
175272,2022,Oakwood King Condominium Building,401 417 E OAKWOOD BLVD,60653,GRAND BOULEVARD,38,Multifamily Housing,Submitted Data,submitted,false,57240,1916,1,,18,1280336.5,3999758.6,0,0,,92.2,136,93.1,135.6,381.1,6.7,1,5280095,fuel_sum,5280095.1,5277528,1.000486,true
175276,2022,,7650  N PAULINA ST,60626,ROGERS PARK,1,,Not Submitted,not_submitted,false,54096,,,,,,,,,,,,,,,,0,,,,,,
175281,2022,,3740  N PINE GROVE AVE,60613,LAKE VIEW,6,Multifamily Housing,Submitted Data,submitted,false,53000,1915,1,,90,287199.4,2895987.5,0,0,,60.1,72.5,64.1,76.8,191.6,3.6,4,3183187,fuel_sum,3183186.9,3185300,0.999337,true
175291,2022,,1200 W Pratt Blvd,60626,ROGERS PARK,1,Multifamily Housing,Submitted Data,submitted,false,87455,1922,1,,32,2164090.6,5054384,0,0,,82.5,130,82.4,128.7,553.5,6.3,1.5,7218475,fuel_sum,7218474.6,7215038,1.000476,true
175292,2022,Tree Studios,601 - 623 N State St,60654,NEAR NORTH SIDE,8,Retail Store,Submitted Data,submitted,false,55500,1912,1,,,1559304.4,3572599.9,0,0,,92.5,146.3,94.3,146.1,395.1,7.1,2,5131904,fuel_sum,5131904.3,5133750,0.99964,true
175294,2022,,540  W SURF ST,60657,LAKE VIEW,6,Multifamily Housing,Submitted Data,submitted,false,64619,1931,1,,89,486256.5,3390480.1,0,0,,60,76.2,59.3,74.2,244.1,3.8,4,3876737,fuel_sum,3876736.6,3877140,0.999896,true
175296,2022,,5623  W WASHINGTON BLVD,60644,AUSTIN,25,,Not Submitted,not_submitted,false,56030,,,,,,,,,,,,,,,,0,,,,,,
175320,2022,Holland Apartments,240 W 107th Pl,60628,ROSELAND,49,Multifamily Housing,Submitted Data,submitted,false,59000,1942,1,,100,100679.3,2834273.1,0,0,,53.4,58.9,56.5,62.2,163.8,2.8,4,2934952,fuel_sum,2934952.4,3150600,0.931553,false
175329,2022,,2040 2044  W BELMONT AVE,60618,NORTH CENTER,5,Multifamily Housing,Submitted Data,submitted,false,64468,1999,1,,28,599423.6,5119800,0,0,,109,134.4,116.7,142.2,350.9,6.7,2,5719224,fuel_sum,5719223.6,7027012,0.813891,false
175330,2022,,7107 7129 S BENNETT AVE,60649,SOUTH SHORE,43,,Not Submitted,not_submitted,false,60000,,,,,,,,,,,,,,,,0,,,,,,
175334,2022,,51  N CENTRAL AVE,60644,AUSTIN,25,,Submitted Data,submitted,false,55000,,,,,,,,,,,,,,,,0,,,,,,
175340,2022,,4310 4322 N CLARENDON AVE,60613,UPTOWN,3,,Not Submitted,not_submitted,false,66000,,,,,,,,,,,,,,,,0,,,,,,
175346,2022,,4700  S COTTAGE GROVE AVE,60615,GRAND BOULEVARD,38,Multifamily Housing,Submitted Data,submitted,false,201415,2013,5,,8,10141479.4,5117380.3,0,0,,75.8,167.7,76.6,167.2,1607.6,8,1,15258860,fuel_sum,15258859.7,15267257,0.99945,true
175347,2022,Much-Musikantow Co.,8001 - 8007 S Cottage Grove Ave,60619,CHATHAM,44,Other - Public Services,Submitted Data,submitted,false,117032,1956,1,,,335243.1,1810470.9,0,0,,40.7,53.8,41.5,53.2,140.3,2.7,3,2145714,fuel_sum,2145714,4763202,0.450477,false
175357,2022,The Schatz,610 N FAIRBANKS CT,60611,NEAR NORTH SIDE,8,,Not Submitted,not_submitted,false,72000,,,,,,,,,,,,,,,,0,,,,,,
175358,2022,,2232  W FARWELL AVE,60645,WEST RIDGE,2,Multifamily Housing,Submitted Data,submitted,false,50592,1920,1,,75,336763.1,3682929.5,0,0,,79.5,95.1,83.1,98.5,240,4.7,4,4019693,fuel_sum,4019692.6,4022064,0.999411,true
175365,2022,College of Education Building,2247 N Halstead Ave,60614,LINCOLN PARK,7,College/University,Submitted Data,submitted,false,51170,2000,1,,,3675082.2,5654,0,0,,71.9,201.2,72,201.4,484.4,9.5,2,3680736,fuel_sum,3680736.2,3679123,1.000438,true
175371,2022,,1783 1791 W HOWARD ST,60626,ROGERS PARK,1,Multifamily Housing,Submitted Data,submitted,false,59712,2007,1,,74,1467191.7,2305011.4,0,0,,63.2,109.3,63.2,108.5,315.7,5.3,3.5,3772203,fuel_sum,3772203.1,3773798,0.999577,true
175383,2022,,5152 5178 S KING DR,60615,WASHINGTON PARK,40,Multifamily Housing,Submitted Data,submitted,false,58656,1915,1,,59,426759.5,4278727.7,0,0,,80.2,97,84.1,100.3,283.5,4.8,2.5,4705487,fuel_sum,4705487.2,4704211,1.000271,true
175398,2022,,5630  S MICHIGAN AVE,60637,WASHINGTON PARK,40,,Submitted Data,submitted,false,26356,,,,,,,,,,,,,,,,0,,,,,,
175400,2022,,740  N MILWAUKEE AVE,60642,WEST TOWN,24,Multifamily Housing,Submitted Data,submitted,false,82600,2003,1,,82,2146228.4,1722551.4,0,0,,46.8,94.7,46.9,94.2,374.2,4.5,4,3868780,fuel_sum,3868779.8,3865680,1.000802,true
175411,2022,,7350  S PHILLIPS AVE,60649,SOUTH SHORE,43,,Not Submitted,not_submitted,false,109956,,,,,,,,,,,,,,,,0,,,,,,
175415,2022,,5920  N RIDGE AVE,60660,EDGEWATER,77,,Not Submitted,not_submitted,false,63000,,,,,,,,,,,,,,,,0,,,,,,
175421,2022,,7219  N SHERIDAN RD,60626,ROGERS PARK,1,Multifamily Housing,Submitted Data,submitted,false,52998,1928,1,,24,775917.3,5289543.2,0,0,,114.4,145.8,117.7,147.8,383.2,7.2,1,6065461,fuel_sum,6065460.5,6062971,1.000411,true
175422,2022,,3713  N SOUTHPORT AVE,60613,LAKE VIEW,6,,Not Submitted,not_submitted,false,65438,,,,,,,,,,,,,,,,0,,,,,,
175431,2022,,5123 5135 S UNIVERSITY AVE,60615,HYDE PARK,41,Multifamily Housing,Submitted Data,submitted,false,58358,1924,1,,73,374624.4,3512716.2,0,0,,66.6,81.2,70.8,85,235.9,4,3.5,3887341,fuel_sum,3887340.6,3886643,1.00018,true
175433,2022,1130 S Wabash Ave,1130 S Wabash Ave,60605,LOOP,32,,Not Submitted,not_submitted,false,54215,,,,,,,,,,,,,,,,0,,,,,,
175441,2022,Instituto Health Sciences Career Academy,2520 S Western Ave,60608,LOWER WEST SIDE,31,,Not Submitted,not_submitted,false,93000,,,,,,,,,,,,,,,,0,,,,,,
175447,2022,Ford City Office,7601 S KOSTNER AVE,60652,WEST LAWN,65,,Not Submitted,not_submitted,false,65270,,,,,,,,,,,,,,,,0,,,,,,
175450,2022,Goodman Theatre,56 60 W Randolph St,60601,LOOP,32,Office,Submitted Data,submitted,false,50913,2000,1,,,2111342.2,7274600.4,0,0,,184.4,266.1,193.6,275.8,664.5,13.1,2,9385943,fuel_sum,9385942.6,9388357,0.999743,true
175454,2022,,201 211 E 31ST ST,60616,DOUGLAS,35,Multifamily Housing,Submitted Data,submitted,false,51375,2008,1,,90,808944.8,2082472.2,0,0,,56.3,86.6,57.2,86.8,223.8,4.4,4,2891417,fuel_sum,2891417,2892413,0.999656,true
175462,2022,,741  E 79TH ST,60619,CHATHAM,44,,Not Submitted,not_submitted,false,60200,,,,,,,,,,,,,,,,0,,,,,,
175470,2022,1712-20 Albion,1712 1720 W ALBION AVE,60626,ROGERS PARK,1,,Not Submitted,not_submitted,false,81896,,,,,,,,,,,,,,,,0,,,,,,
175472,2022,,3240 N ASHLAND AVE,60657,LAKE VIEW,6,Multifamily Housing,Submitted Data,submitted,false,215493,1915,1,,74,5143350.3,6282095.1,0,0,,64.9,119.3,66.4,120.8,1011.1,5.7,3.5,11425445,fuel_sum,11425445.4,13985496,0.81695,false
175473,2022,,6748 6750 N ASHLAND AVE,60626,ROGERS PARK,1,Multifamily Housing,Submitted Data,submitted,false,59535,2015,1,,65,786590.5,5089472.7,0,0,,98.7,126.8,102.4,129.9,373.9,6.3,4,5876063,fuel_sum,5876063.2,5876105,0.999993,true
175474,2022,West Side Realty Corporation,300 S Ashland Ave,60607,NEAR WEST SIDE,28,Office,Submitted Data,submitted,false,65885,1968,1,,24,5682710.6,0,0,0,,86.3,241.5,87.8,245.8,748.5,11.4,2,5682711,fuel_sum,5682710.6,5685876,0.999443,true
175475,2022,333 S Ashland Ave,333 S Ashland Ave,60607,NEAR WEST SIDE,28,Office,Submitted Data,submitted,false,68150,1930,1,,60,1221035.6,4797699.7,0,0,,88.3,124.1,92.9,127,415.7,6.1,2.5,6018735,fuel_sum,6018735.3,6017645,1.000181,true
175477,2022,,1617 1633 W BELMONT AVE,60657,LAKE VIEW,6,Multifamily Housing,Submitted Data,submitted,false,56880,1928,1,,56,640964.6,4475751.8,0,0,,90,114.2,93.1,116.4,322.2,5.7,2.5,5116716,fuel_sum,5116716.4,5119200,0.999515,true
175479,2022,,5856 5860 N BROADWAY,60660,EDGEWATER,77,,Not Submitted,not_submitted,false,95165,,,,,,,,,,,,,,,,0,,,,,,
175484,2022,,935 W CHESTNUT ST,60642,WEST TOWN,24,,Submitted Data,submitted,false,72000,,,,,,,,,,,,,,,,0,,,,,,
175492,2022,,3158 3184 N CLARK ST,60657,LAKE VIEW,6,,Submitted Data,submitted,false,75000,,,,,,,,,,,,,,,,0,,,,,,
175493,2022,,4812 4846 N CLARK ST,60640,UPTOWN,3,,Not Submitted,not_submitted,false,191541,,,,,,,,,,,,,,,,0,,,,,,
175494,2022,,1415 N DAYTON ST,60642,NEAR NORTH SIDE,8,,Not Submitted,not_submitted,false,56200,,,,,,,,,,,,,,,,0,,,,,,
175495,2022,House of Blues Chicago,329 N Dearborn St,60654,NEAR NORTH SIDE,8,Performing Arts,Submitted Data,submitted,false,54600,1996,1,,,4946256.3,2829257.1,0,0,,142.4,308.1,142.4,308.1,801.8,14.7,2,7775513,fuel_sum,7775513.4,7775040,1.000061,true
175506,2022,,11203 S ELLIS ST,60628,PULLMAN,50,Office,Submitted Data,submitted,false,61357,1974,1,,,2751622.1,2594086.9,0,0,,87.1,170,88.4,169.6,500.2,8.2,1,5345709,fuel_sum,5345709,5344195,1.000283,true
175507,2022,,18  E ELM ST,60611,NEAR NORTH SIDE,8,Multifamily Housing,Submitted Data,submitted,false,78055,1925,1,,84,2790733.4,1771183.8,0,0,,58.4,123.9,59.7,126.4,461.7,5.9,4,4561917,fuel_sum,4561917.2,4558412,1.000769,true
175508,2022,8507-Jefferson Park (Elston),5353 N Elston Ave,60630,JEFFERSON PARK,11,,Not Submitted,not_submitted,false,63165,,,,,,,,,,,,,,,,0,,,,,,
175516,2022,,2617 2625 W GUNNISON ST,60625,LINCOLN SQUARE,4,,Not Submitted,not_submitted,false,97383,,,,,,,,,,,,,,,,0,,,,,,
175521,2022,,5460 5470 S HARPER AVE,60615,HYDE PARK,41,,Not Submitted,not_submitted,false,68515,,,,,,,,,,,,,,,,0,,,,,,
175523,2022,222 West Hubbard Street,222 W Hubbard St,60654,NEAR NORTH SIDE,8,Office,Submitted Data,submitted,false,66095,1905,1,,61,2704244.4,2145510.1,0,0,,73.4,148.6,75.3,149.8,470.1,7.1,3,4849755,fuel_sum,4849754.5,4851373,0.999666,true
175529,2022,307 S Sangamon St,307 S Sangamon St,60607,NEAR WEST SIDE,28,Office,Submitted Data,submitted,false,93401,2011,1,,77,3576318.5,1767355.5,0,0,,73.2,162.6,73.9,162.6,564.9,7.7,3.5,5343674,fuel_sum,5343674,6836953,0.781587,false
175535,2022,,3100  S KING DR,60616,DOUGLAS,35,Multifamily Housing,Submitted Data,submitted,false,77300,1978,1,,11,4086145.8,767858.4,0,0,,74.9,189,76.9,194.2,579,8.9,1,4854004,fuel_sum,4854004.2,5789770,0.838376,false
175539,2022,,6244  S KING DR,60637,WASHINGTON PARK,40,Multifamily Housing,Submitted Data,submitted,false,100284,1923,1,,92,1170453.7,5042469.6,0,0,,62,85.5,65.4,89.1,422,4.2,4,6212923,fuel_sum,6212923.3,6217608,0.999246,true
175542,2022,,3260  N LAKE SHORE DR,60657,LAKE VIEW,6,Multifamily Housing,Submitted Data,submitted,false,281528,1928,1,,81,2783168.5,16673731.8,0,0,,75.1,97.7,79.8,101.2,1252.2,4.8,4,19456900,fuel_sum,19456900.3,21142753,0.920263,false
175545,2022,NORTH CENTER 4000 CONDOMINIUM ASSOCIATION,4015 4027 N LINCOLN AVE,60618,NORTH CENTER,5,Multifamily Housing,Submitted Data,submitted,false,90000,2002,1,,86,1616663.3,2625739,0,0,,56.6,97.1,57.2,96.5,352.4,4.7,4,4242402,fuel_sum,4242402.3,5094000,0.832823,false
175546,2022,,2236 2296 N LINCOLN PARK WEST AVE,60614,LINCOLN PARK,7,Multifamily Housing,Submitted Data,submitted,false,94600,1910,1,,89,1718804.1,4312483.1,0,0,,63.8,98.7,65.7,99.5,455.4,4.8,4,6031287,fuel_sum,6031287.2,6035480,0.999305,true
175548,2022,Advocate Center,15 S Wood St,60612,NEAR WEST SIDE,28,Other,Submitted Data,submitted,false,60000,2014,1,,,4575405.4,5324905.7,0,0,,165,306.7,161.4,296.7,885.5,14.8,2,9900311,fuel_sum,9900311.1,9900000,1.000031,true
175551,2022,"Jewel Osco, 03187-119th and Marshfield",11730 S Marshfield Ave,60643,MORGAN PARK,75,Supermarket/Grocery Store,Submitted Data,submitted,false,61567,2008,1,,37,9058190.8,10277600,0,0,,314.1,587.2,321.2,590.8,1739,28.2,1.5,19335791,fuel_sum,19335790.8,19338195,0.999876,true
175553,2022,,335  N MENARD AVE,60644,AUSTIN,25,Senior Living Community,Submitted Data,submitted,false,60000,1996,1,,6,1753713.4,4493400.3,0,0,,104.1,160.5,108.5,164,469.7,7.8,1,6247114,fuel_sum,6247113.7,6246000,1.000178,true
175567,2022,Ivy Hotel Chicago,233  E ONTARIO ST,60611,NEAR NORTH SIDE,8,,Not Submitted,not_submitted,false,84546,,,,,,,,,,,,,,,,0,,,,,,
175572,2022,Peterson Corporate,3525 W Peterson Ave,60659,NORTH PARK,13,,Not Submitted,not_submitted,false,58602,,,,,,,,,,,,,,,,0,,,,,,
175579,2022,,7645  N SHERIDAN RD,60626,ROGERS PARK,1,,Not Submitted,not_submitted,false,67662,,,,,,,,,,,,,,,,0,,,,,,
175580,2022,,7200  S SOUTH SHORE DR,60649,SOUTH SHORE,43,Multifamily Housing,Submitted Data,submitted,false,77607,1915,1,,74,618678.6,4819942.9,0,0,,70.1,87.5,74.6,92.3,337.5,4.3,4,5438622,fuel_sum,5438621.5,5440251,0.999701,true
175581,2022,,360 N STATE ST,60654,NEAR NORTH SIDE,8,Other,Submitted Data,submitted,false,75940,1929,1,,,3890427,7409412.8,0,0,,148.8,245.9,154.7,252.1,906,11.9,2,11299840,fuel_sum,11299839.8,11299872,0.999997,true
175590,2022,Hampton Inn Chicago Downtown/N Loop/Michigan Ave,68  E WACKER PL,60601,LOOP,32,,Not Submitted,not_submitted,false,85961,,,,,,,,,,,,,,,,0,,,,,,
175595,2022,,714  N WAVELAND AVE,60613,LAKE VIEW,6,Multifamily Housing,Submitted Data,submitted,false,52000,1915,1,,53,542168.6,3392674.3,0,0,,75.7,97.7,80.4,101.4,251.6,4.8,2.5,3934843,fuel_sum,3934842.9,3936400,0.999604,true
175601,2022,,2701 2749 N ELSTON AVE,60647,LOGAN SQUARE,22,,Not Submitted,not_submitted,false,56563,,,,,,,,,,,,,,,,0,,,,,,
175603,2022,Gateway Centre,1701 - 1741 W Howard St,60626,ROGERS PARK,1,Strip Mall,Submitted Data,submitted,false,66676,1980,1,,,3438582.7,7195440.9,0,0,,159.5,257.7,159.8,255.6,835.1,12.5,2,10634024,fuel_sum,10634023.6,10634822,0.999925,true
175658,2022,,50  E 26TH ST,60616,NEAR SOUTH SIDE,33,Multifamily Housing,Submitted Data,submitted,false,104900,1910,1,,100,1109675,2774714.4,0,0,,41.7,64.6,42.2,64.3,293.5,3.1,4,3884389,fuel_sum,3884389.4,4374330,0.887996,false
175676,2022,,4554 N BROADWAY ST,60640,UPTOWN,3,,Not Submitted,not_submitted,false,90000,,,,,,,,,,,,,,,,0,,,,,,
175679,2022,240 N Ashland Ave,240 N Ashland Ave,60607,NEAR WEST SIDE,28,Office,Submitted Data,submitted,false,81887,1900,1,,74,3059180.3,288440,0,0,,40.9,108.3,41,108.3,418.3,5.1,3.5,3347620,fuel_sum,3347620.3,3349178,0.999535,true
175683,2022,"Jewel Osco, 03176-Ashland & 95th St",9400 S Ashland Ave,60620,WASHINGTON HEIGHTS,73,Supermarket/Grocery Store,Submitted Data,submitted,false,66467,1991,1,,84,7105391,1092609.9,0,0,,123.3,316.6,122.3,313.7,993.9,15,4,8198001,fuel_sum,8198000.9,8195381,1.00032,true
175686,2022,,1001  W BELMONT AVE,60657,LAKE VIEW,6,Multifamily Housing,Submitted Data,submitted,false,76600,1929,1,,100,1185692.3,661051.9,0,0,,24.1,52.4,24.3,52.6,191.3,2.5,4,1846744,fuel_sum,1846744.2,1846060,1.000371,true
175692,2022,,1055 W CATALPA AVE,60640,EDGEWATER,77,Multifamily Housing,Submitted Data,submitted,false,67650,1969,1,,78,1007549.8,4901304.3,0,0,,87.3,117.8,91.3,120.4,393,5.8,3.5,5908854,fuel_sum,5908854.1,5905845,1.000509,true
175693,2022,,4501  N CENTRAL PARK AVE,60625,ALBANY PARK,14,Multifamily Housing,Submitted Data,submitted,false,50000,1995,1,,93,598232.8,2092000.2,0,0,,53.8,77.4,55.5,78.4,189.9,3.8,4,2690233,fuel_sum,2690233,2690000,1.000087,true
175695,2022,Le Cordon Bleu College of Culinary Arts,361 W CHESTNUT ST,60610,NEAR NORTH SIDE,8,Food Service,Exempt,exempt,true,67000,1935,1,,,,,0,0,,,,,,,,,,,0,,,
175699,2022,,6700  S CONSTANCE AVE,60649,SOUTH SHORE,43,,Not Submitted,not_submitted,false,89596,,,,,,,,,,,,,,,,0,,,,,,
175711,2022,,2335 2345 N GENEVA TER,60614,LINCOLN PARK,7,Multifamily Housing,Submitted Data,submitted,false,64979,1933,1,,39,873078.4,6539719.8,0,0,,114.1,143.3,122.3,152,462.4,7.1,1.5,7412798,fuel_sum,7412798.2,7414104,0.999824,true
175725,2022,,7707  W IRVING PARK RD,60634,DUNNING,17,Multifamily Housing,Submitted Data,submitted,false,70444,1984,1,,97,759552.9,2071801.8,0,0,,51.1,77.6,51.1,76.6,216.3,3.9,4,2831355,fuel_sum,2831354.7,3599688,0.786556,false
175727,2022,130 S Jefferson St,130 S Jefferson St,60661,NEAR WEST SIDE,28,Office,Submitted Data,submitted,false,78790.7,1893,1,,,3161373.1,3460446,0,0,,84,158.5,85.3,156.3,600.2,7.6,2,6621819,fuel_sum,6621819.1,6618419,1.000514,true
175728,2022,,808 812 W JUNIOR TER,60613,UPTOWN,3,Multifamily Housing,Submitted Data,submitted,false,76690,1920,1,,38,3520179.1,1524020.4,0,0,,65.8,149.4,67.7,154.8,544.6,7.1,2.5,5044200,fuel_sum,5044199.5,5046202,0.999603,true
175733,2022,,540 N LASALLE ST,60654,NEAR NORTH SIDE,8,,Exempt,exempt,true,78168,,,,,,,,,,,,,,,,,,,,,,
175734,2022,617-Downtown Chicago,620 N Lasalle St,60654,NEAR NORTH SIDE,8,,Exempt,exempt,true,70000,,,,,,,,,,,,,,,,,,,,,,
175735,2022,,2021  S MORGAN ST,60608,LOWER WEST SIDE,31,Multifamily Housing,Submitted Data,submitted,false,80397,2010,1,,95,1735135.1,1218628.2,0,0,,40.9,85,41.3,84.9,293.3,4.1,4,2953763,fuel_sum,2953763.3,3288237,0.898282,false
175736,2022,,910  W LAWRENCE AVE,60640,UPTOWN,3,Multifamily Housing,Submitted Data,submitted,false,90780,1931,1,,64,1309523.1,6434867.1,0,0,,85.3,114.8,90.5,119.4,514.3,5.7,3,7744390,fuel_sum,7744390.2,7743534,1.000111,true
175740,2022,,17  N LOOMIS ST,60607,NEAR WEST SIDE,28,Multifamily Housing,Submitted Data,submitted,false,90000,1915,1,,80,1138683.9,3752082.2,0,0,,54.3,79.2,55.7,79,349.3,3.9,4,4890766,fuel_sum,4890766.1,4887000,1.000771,true
175743,2022,,3000 3030 W MARQUETTE RD,60629,CHICAGO LAWN,66,,Not Submitted,not_submitted,false,8000,,,,,,,,,,,,,,,,0,,,,,,
175745,2022,,1340  S MICHIGAN AVE,60605,NEAR SOUTH SIDE,33,,Not Submitted,not_submitted,false,54000,,,,,,,,,,,,,,,,0,,,,,,
175747,2022,,2014 2036 S MICHIGAN AVE,60616,NEAR SOUTH SIDE,33,Multifamily Housing,Submitted Data,submitted,false,143900,1920,1,,69,2639632.4,6681000.2,0,0,,66.6,103,68.7,105.1,702.5,5,3,9320633,fuel_sum,9320632.6,9583740,0.972547,true
175751,2022,"750 Orleans, Inc.",750 N Orleans St,60654,NEAR NORTH SIDE,8,,Not Submitted,not_submitted,false,74458,,,,,,,,,,,,,,,,0,,,,,,
175754,2022,Haymarket Lofts,120 N Green St,60607,NEAR WEST SIDE,28,Multifamily Housing,Submitted Data,submitted,false,67090,1930,1,,,1494322.9,0,0,0,,,,,,,,0,,,1494322.9,,,
175760,2022,,7300 S SOUTH SHORE DR,60649,SOUTH SHORE,43,Multifamily Housing,Submitted Data,submitted,false,122332,1968,1,,49,1604995.5,8586799.2,0,0,,99.4,131.7,103.3,135.9,667.5,6.5,3,10191795,fuel_sum,10191794.7,12159801,0.838155,false
175777,2022,,1217 1227 W WILSON AVE,60640,UPTOWN,3,Multifamily Housing,Submitted Data,submitted,false,66000,2004,1,,97,1227435.5,1684384.2,0,0,,44.1,78.9,45.6,80.4,251.1,3.8,4,2911820,fuel_sum,2911819.7,2910600,1.000419,true
175780,2022,,5020 5030 S WOODLAWN AVE,60615,KENWOOD,39,,Not Submitted,not_submitted,false,80380,,,,,,,,,,,,,,,,0,,,,,,
175785,2022,,2532 2554 NARRAGANSETT AVE,60639,BELMONT CRAGIN,19,,Not Submitted,not_submitted,false,68653,,,,,,,,,,,,,,,,0,,,,,,
175789,2022,,7540 7554 S STONY ISLAND,60649,SOUTH SHORE,43,,Not Submitted,not_submitted,false,81378,,,,,,,,,,,,,,,,0,,,,,,
175793,2022,,811 833 E 46TH ST,60653,KENWOOD,39,,Not Submitted,not_submitted,false,74287,,,,,,,,,,,,,,,,0,,,,,,
175808,2022,Romanian Village,5161  N ASHLAND AVE,60640,Uptown,3,Multifamily Housing,Submitted Data,submitted,false,70000,1923,1,,29,1270574.2,5749032,0,0,,100.3,137.1,102.5,137.6,472.7,6.8,1,7019606,fuel_sum,7019606.2,7021000,0.999801,true
175813,2022,,4260  N BROADWAY ST,60613,UPTOWN,3,Multifamily Housing,Submitted Data,submitted,false,137900,2007,1,,100,1036197.3,1881273.5,0,0,,23.3,39,24.3,40,236.4,1.9,4,2917471,fuel_sum,2917470.8,3213070,0.908001,false
175817,2022,Forman Mills/Espace,1450 N Cicero Ave,60651,AUSTIN,25,Other - Mall,Submitted Data,submitted,false,87000,1980,1,,,,0,0,0,,,,,,,,0,,,0,,,
175818,2022,Hotel Lincoln,1816  N CLARK ST,60614,LINCOLN PARK,7,Hotel,Submitted Data,submitted,false,96642,1980,1,,49,5093004.5,4778666.9,0,0,,102.1,199.5,103.4,200.7,924.6,9.6,2,9871671,fuel_sum,9871671.4,9867148,1.000458,true
175819,2022,,5638 5646 N CLARK ST,60660,EDGEWATER,77,,Not Submitted,not_submitted,false,114842,,,,,,,,,,,,,,,,0,,,,,,
175824,2022,,6140  S DREXEL AVE,60637,WOODLAWN,42,Multifamily Housing,Submitted Data,submitted,false,105309,1959,1,,12,2160907.8,9395929.8,0,0,,142.7,196.5,151.3,205.5,783.7,9.7,2,11556838,fuel_sum,11556837.6,15027594,0.769041,false
175825,2022,Jazz on the Boulevard,4659  S DREXEL BLVD,60653,KENWOOD,39,Multifamily Housing,Submitted Data,submitted,false,145230,1918,1,,57,5542598.4,2039120.5,0,0,,52.2,121.6,53.1,123.6,838.3,5.8,3.5,7581719,fuel_sum,7581718.9,7581006,1.000094,true
175826,2022,East View Park Condominium,5423 5453 S EASTVIEW PARK,60615,HYDE PARK,41,Multifamily Housing,Submitted Data,submitted,false,59667,1924,1,,1,543429,17092133.1,0,0,,295.6,326.3,317,348.8,979.4,16.4,1,17635562,fuel_sum,17635562.1,17637565,0.999886,true
175834,2022,Central Arts Building,730 N Franklin St,60654,NEAR NORTH SIDE,8,Office,Submitted Data,submitted,false,101235,1910,1,,87,2259416.1,2228369.3,0,0,,44.3,85.6,44.5,84.4,416,4.1,4,4487785,fuel_sum,4487785.4,4484711,1.000685,true
175837,2022,,220  E GARFIELD BLVD,60615,WASHINGTON PARK,40,Multifamily Housing,Submitted Data,submitted,false,104413,1920,2,,100,748530.9,1664787.5,0,0,,23.7,37.7,23.7,37.7,187,1.8,4,2413318,fuel_sum,2413318.4,2474588,0.97524,true
175845,2022,,2451  W HOWARD ST,60645,WEST RIDGE,2,,Not Submitted,not_submitted,false,77015,,,,,,,,,,,,,,,,0,,,,,,
175850,2022,Whole Foods KBS,1550 N Kingsbury St,60642,NEAR NORTH SIDE,8,Supermarket/Grocery Store,Submitted Data,submitted,false,74883,2009,1,,5,17852792.4,19132719.6,0,0,,493.9,935.8,,,3367.7,45,1,36985512,fuel_sum,36985512,36984714,1.000022,true
175857,2022,Lake Street Lofts,900 910 912 W Lake St & 212 N Peoria St,60607,NEAR WEST SIDE,28,,Exempt,exempt,true,126000,,,,,,,,,,,,,,,,,,,,,,
175858,2022,,1201 1213 W LELAND AVE,60640,UPTOWN,3,Multifamily Housing,Submitted Data,submitted,false,74913,2004,1,,89,1969992.9,3208835.4,0,0,,69.1,118.6,72.6,122.2,429.9,5.7,4,5178828,fuel_sum,5178828.3,5176488,1.000452,true
175867,2022,Six Corners Plaza,3970 - 3982 N Milwaukee Ave,60641,PORTAGE PARK,15,,Not Submitted,not_submitted,false,80596,,,,,,,,,,,,,,,,0,,,,,,
175872,2022,Piper's Alley,230 W North Ave,60610,LINCOLN PARK,7,Mixed Use Property,Submitted Data,submitted,true,355532,1977,1,,,13225901.5,9308692.6,0,0,,102.6,213.2,101.6,209.1,2236.5,10.2,,22534594,fuel_sum,22534594.1,36477583,0.617766,false
175876,2022,,7121 7125 N PAULINA ST,60626,ROGERS PARK,1,Multifamily Housing,Submitted Data,submitted,false,58400,1925,1,,74,313846.9,4327917.2,0,0,,79.5,92.9,82,95.2,271.2,4.6,3.5,4641764,fuel_sum,4641764.1,4642800,0.999777,true
175878,2022,,310 S PEORIA ST,60607,NEAR WEST SIDE,28,Multifamily Housing,Submitted Data,submitted,false,188100,2010,1,,10,13281643.5,4991831.2,0,0,,97.1,225.6,98.2,228.6,2014.5,10.7,1,18273475,fuel_sum,18273474.7,18264510,1.000491,true
175882,2022,Supermall,5220 S Pulaski Rd,60632,WEST ELSDON,62,,Submitted Data,submitted,false,61159,,,,,,,,,,,,,,,,0,,,,,,
175884,2022,,315 N RACINE AVE,60607,NEAR WEST SIDE,28,,Not Submitted,not_submitted,false,108000,,,,,,,,,,,,,,,,0,,,,,,
175885,2022,Lawndale Terrace,3158  W ROOSEVELT RD,60612,NORTH LAWNDALE,29,,Submitted Data,submitted,false,87052,,,,,,,,,,,,,,,,0,,,,,,
175887,2022,,444  W SAINT JAMES PL,60614,LINCOLN PARK,7,Multifamily Housing,Submitted Data,submitted,false,112662,1930,1,,94,3117072.2,2450395.9,0,0,,49.4,100.3,49.5,99.4,540.7,4.8,4,5567468,fuel_sum,5567468.1,5565503,1.000353,true
175888,2022,Beacon Lofts,203  S SANGAMON ST,60607,NEAR WEST SIDE,28,Multifamily Housing,Submitted Data,submitted,false,84151,1997,1,,94,986873.6,2534938,0,0,,45.1,69.4,45.6,69.1,264.6,3.4,4,3521812,fuel_sum,3521811.6,3795210,0.927962,false
175889,2022,The Scott Condominium Association,70  E SCOTT ST,60610,NEAR NORTH SIDE,8,Multifamily Housing,Submitted Data,submitted,false,80419,1918,2,,55,2859260.6,1241973,0,0,,51,115.8,52.3,118.9,442.6,5.5,2.5,4101234,fuel_sum,4101233.6,4101369,0.999967,true
175890,2022,,5400 N SHERIDAN RD,60640,Edgewater,77,,Not Submitted,not_submitted,false,71193,,,,,,,,,,,,,,,,0,,,,,,
175891,2022,,6730   SOUTH SHORE DR,60649,SOUTH SHORE,43,Multifamily Housing,Submitted Data,submitted,false,172500,1962,1,,100,2069532.4,3384519.4,0,0,,36.4,62.3,36.4,62.3,452.4,3,4,5454052,fuel_sum,5454051.8,6279000,0.868618,false
175892,2022,,4526  N SHERIDAN RD,60640,UPTOWN,3,,Not Submitted,not_submitted,false,96960,,,,,,,,,,,,,,,,0,,,,,,
175894,2022,,4900  N SHERIDAN RD,60640,UPTOWN,3,,Not Submitted,not_submitted,false,131500,,,,,,,,,,,,,,,,0,,,,,,
175895,2022,,6364  N SHERIDAN RD,60660,EDGEWATER,77,,Not Submitted,not_submitted,false,110000,,,,,,,,,,,,,,,,0,,,,,,
175896,2022,Sheridan Lake,6401  N SHERIDAN RD,60626,ROGERS PARK,1,Multifamily Housing,Submitted Data,submitted,false,68271,1969,1,,38,1632431.9,5844374,0,0,,109.5,156.8,112.2,157.4,525.4,7.7,1.5,7476806,fuel_sum,7476805.9,7475675,1.000151,true
175898,2022,,3622 S STATE ST,60609,DOUGLAS,35,Multifamily Housing,Submitted Data,submitted,false,117050,2012,4,,83,1919467.9,4354108.2,0,0,,64.5,102.3,66.2,103.2,484.1,5,4,6273576,fuel_sum,6273576.1,7549725,0.830967,false
175899,2022,Illinois Center Lakeshore Athletic Club,211 N STETSON AVE,60601,LOOP,32,Fitness Center/Health Club/Gym,Submitted Data,submitted,false,118000,1991,1,,,10678018.5,1617714.7,0,0,,104.2,267.8,104.2,267.8,1492.4,12.6,1,12295733,fuel_sum,12295733.2,12295600,1.000011,true
175905,2022,"Hostelling International Chicago, The J. Ira and Nicki Harris Family Hostel",24 E Congress Pkwy,60605,LOOP,32,Hotel,Submitted Data,submitted,false,100535,2000,1,,20,7998880.9,4089699.9,0,0,,120.2,265.5,121.2,266.5,1270.8,12.6,1,12088581,fuel_sum,12088580.8,12084307,1.000354,true
175907,2022,Washington Courts,5424  W WASHINGTON BLVD,60644,AUSTIN,25,Multifamily Housing,Submitted Data,submitted,false,109084,1929,3,,40,991764,11620518.6,0,0,,115.6,137.3,123.5,144.9,747.9,6.9,2.5,12612283,fuel_sum,12612282.6,12610110,1.000172,true
175910,2022,,4432 4444 W WEST END AVE,60624,WEST GARFIELD PARK,26,,Not Submitted,not_submitted,false,65000,,,,,,,,,,,,,,,,0,,,,,,
175914,2022,,5225  S HARPER AVE,60615,HYDE PARK,41,,Submitted Data,submitted,false,84947,,,,,,,,,,,,,,,,0,,,,,,
175915,2022,STEEPLE CENTER,4916 4938 S KEDZIE AVE,60632,BRIGHTON PARK,63,Strip Mall,Submitted Data,submitted,false,213000,1980,1,,,4554791.2,3837422.3,0,0,,97.6,195.1,98.2,193.5,803.8,9.3,3,8392214,fuel_sum,8392213.5,20788800,0.403689,false
175927,2022,,1660  E 55TH ST,60615,HYDE PARK,41,,Not Submitted,not_submitted,false,95500,,,,,,,,,,,,,,,,0,,,,,,
175943,2022,Chicago Teachers Union,1901 1945 CARROLL AVE,60612,NEAR WEST SIDE,28,Office,Submitted Data,submitted,false,162836,1912,1,,86,3019671.1,3395444.2,0,0,,58.2,109.1,59.2,108.6,578.1,5.2,4,6415115,fuel_sum,6415115.3,9477055,0.67691,false
175953,2022,,500  S DEARBORN ST,60605,LOOP,32,Hotel,Submitted Data,submitted,false,150000,1896,1,,89,5150448.6,6189961.8,0,0,,75.6,139.5,76,138.3,1007.2,6.7,4,11340410,fuel_sum,11340410.4,11340000,1.000036,true
175954,2022,Walmart Supercenter #5617,4626 W Diversey Ave,60639,HERMOSA,19,,Not Submitted,not_submitted,false,116720,,,,,,,,,,,,,,,,0,,,,,,
175959,2022,,5100  S HYDE PARK BLVD,60615,HYDE PARK,41,Multifamily Housing,Submitted Data,submitted,false,111592,1910,1,,69,811466,7047640.8,0,0,,70.4,86.7,75.2,91,481.2,4.3,3,7859107,fuel_sum,7859106.8,7856077,1.000386,true
175960,2022,,5254  S DORCHESTER AVE,60615,HYDE PARK,41,,Not Submitted,not_submitted,false,64000,,,,,,,,,,,,,,,,0,,,,,,
175961,2022,300 North Elizabeth,300 N Elizabeth St,60607,NEAR WEST SIDE,28,Office,Submitted Data,submitted,false,127872,1908,1,,50,6735186.5,7572855,0,0,,111.9,209.7,112.3,206.2,1289.4,10.1,3,14308042,fuel_sum,14308041.5,14308877,0.999942,true
175973,2022,,1940 1960 W HOOD AVE,60660,WEST RIDGE,2,Multifamily Housing,Submitted Data,submitted,false,73600,1951,1,,29,1834254.5,7165300.3,0,0,,122.3,172,126.8,175.7,622.2,8.5,2,8999555,fuel_sum,8999554.8,9001280,0.999808,true
175975,2022,626 West Jackson,626 W Jackson Blvd,60661,NEAR WEST SIDE,28,Office,Submitted Data,submitted,false,120637.1,1920,1,,69,5903911.8,0,0,0,,49.1,137.5,49.7,139.3,777.6,6.5,3,5903912,fuel_sum,5903911.8,5923282,0.99673,true
175978,2022,,6700  S KEATING AVE,60629,WEST LAWN,65,Senior Living Community,Submitted Data,submitted,false,120000,2017,1,,85,3469219.3,4911300.4,0,0,,69.8,123.9,71.6,125.8,717.8,6,4,8380520,fuel_sum,8380519.7,8376000,1.00054,true
175979,2022,,6800  S KEATING AVE,60629,WEST LAWN,65,Senior Living Community,Submitted Data,submitted,false,84139,2015,1,,73,1899992.6,1964699.9,0,0,,45.9,87.7,46.4,87.1,354.6,4.2,3.5,3864693,fuel_sum,3864692.5,3861980,1.000702,true
175981,2022,860 Evergreen LLC,860 W Evergreen Ave,60642,NEAR NORTH SIDE,8,Office,Submitted Data,submitted,false,105000,1918,1,,,204467.2,2717656.9,0,0,,27.8,32.6,29.2,34.1,171.3,1.6,4,2922124,fuel_sum,2922124.1,2919000,1.00107,true
175984,2022,,1140  N LASALLE ST,60610,NEAR NORTH SIDE,8,,Not Submitted,not_submitted,false,80408,,,,,,,,,,,,,,,,0,,,,,,
175986,2022,,1228  W MONROE,60607,NEAR WEST SIDE,28,Multifamily Housing,Submitted Data,submitted,false,66670,2006,1,,95,997299.2,1991260.6,0,0,,57.8,94.5,58.7,94.6,237.1,4.6,4,2988560,fuel_sum,2988559.8,3853526,0.775539,false
175987,2022,"Target, Chicago Morgan Park (2344)",11840 S Marshfield Ave,60643,MORGAN PARK,75,Office,Submitted Data,submitted,false,129029,2000,1,,56,4523554.4,3892079.4,0,0,,65.2,129.8,65.5,130.5,802.5,6.2,2.5,8415634,fuel_sum,8415633.8,8412691,1.00035,true
175995,2022,IL2125ZZ-11 West Quincy,11 W Quincy Ct,60604,LOOP,32,,Submitted Data,submitted,false,120592,,,,,,,,,,,,,,,,0,,,,,,
176009,2022,The Westgate,804 812 W VAN BUREN ST,60607,NEAR WEST SIDE,28,Multifamily Housing,Submitted Data,submitted,false,83283,1910,1,,41,1636077.7,3938198.2,0,0,,84.5,132.1,85.3,130.6,424.7,6.4,2,5574276,fuel_sum,5574275.9,7037414,0.792092,false
176010,2022,"Friedman Properties, Ltd",420 N Wabash Ave,60611,NEAR NORTH SIDE,8,Office,Submitted Data,submitted,false,102450,1906,1,,21,8729768.8,5151899.8,0,0,,135.5,291.4,134.2,287.7,1423.5,13.9,1,13881669,fuel_sum,13881668.6,13881975,0.999978,true
176015,2022,Wentworth Condo Association,2734 S WENTWORTH AVE,60616,ARMOUR SQUARE,34,Multifamily Housing,Submitted Data,submitted,false,93983,2004,1,,86,1880121.2,2042868.6,0,0,,61.3,115.8,61.6,114.3,356.1,5.6,4,3922990,fuel_sum,3922989.8,5761158,0.680938,false
176018,2022,,915  W WILSON AVE,60640,UPTOWN,3,,Not Submitted,not_submitted,false,138672,,,,,,,,,,,,,,,,0,,,,,,
176020,2022,Hyde Park Bank,1515 - 1531 E 53rd St,60615,HYDE PARK,41,,Not Submitted,not_submitted,false,158000,,,,,,,,,,,,,,,,0,,,,,,
176022,2022,Gateway Centre,7451 7521 N CLARK ST,60626,ROGERS PARK,1,Retail Store,Submitted Data,submitted,false,78136,1980,1,,,10334166.6,860711.4,0,0,,143.3,381.9,142.2,378,1406.9,18,1,11194878,fuel_sum,11194878,11196889,0.99982,true
177315,2022,,1919 S MICHIGAN AVE,60616,NEAR SOUTH SIDE,33,Multifamily Housing,Submitted Data,submitted,false,59300,2005,1,,80,1028635.8,1997006.4,0,0,,51,83.9,52.5,84.8,241.6,4.1,4,3025642,fuel_sum,3025642.2,3024300,1.000444,true
177806,2022,5514 South Cornell Condominium Association,5514 5524 S CORNELL AVE,60637,HYDE PARK,41,Multifamily Housing,Submitted Data,submitted,false,54634,1914,1,,56,489032.6,4120724.1,0,0,,84.4,104.3,90.2,109.3,283.3,5.2,2.5,4609757,fuel_sum,4609756.7,4611110,0.999707,true
181840,2022,Bennett Brothers Building (Hartman Building),30 32 E ADAMS ST,60603,LOOP,32,Office,Submitted Data,submitted,true,175200,1923,1,,,4818143.7,0,0,0,,27.5,77,27.1,75.9,634.6,3.6,,4818144,fuel_sum,4818143.7,4818000,1.00003,true
182200,2022,,5301 5317 S HYDE PARK BLVD,60615,HYDE PARK,41,Multifamily Housing,Submitted Data,submitted,false,238232,1918,1,,,9534536.1,4461691.9,0,0,,58.8,131.7,59.7,133.7,1492.8,6.3,2,13996228,fuel_sum,13996228,14008042,0.999157,true
188280,2022,,5200 5208 S BLACKSTONE AVE,60615,HYDE PARK,41,Multifamily Housing,Submitted Data,submitted,false,148157,1930,1,,41,6269142,4328542.2,0,0,,71.5,149.2,73,151.7,1055.6,7.1,2,10597684,fuel_sum,10597684.2,10593226,1.000421,true
200849,2022,,2850 N SHERIDAN RD,60657,LAKE VIEW,6,Multifamily Housing,Submitted Data,submitted,false,188910,1929,1,,68,4051047.3,11086033,0,0,,80.1,121.7,81.6,121.6,1122.4,5.9,3,15137080,fuel_sum,15137080.3,15131691,1.000356,true
206858,2022,,3240 N LAKE SHORE DR,60657,LAKE VIEW,6,Multifamily Housing,Submitted Data,submitted,false,287104,1928,1,,98,2848764.2,15460383.2,0,0,,71.8,95,76.1,98,1196.4,4.7,4,18309147,fuel_sum,18309147.4,20614067,0.888187,false
208356,2022,Cameron Elementary- CPS,1234 N Monticello Ave,60651,HUMBOLDT PARK,23,K-12 School,Submitted Data,submitted,false,137334,1897,2,,70,1904428.2,7668249.8,0,0,,69.7,97.5,72.3,100.4,658.1,4.8,3,9572678,fuel_sum,9572678,9572180,1.000052,true
210090,2022,,600 618 S WABASH AVE,60605,LOOP,32,Residence Hall/Dormitory,Submitted Data,submitted,false,95466,2005,1,,,,0,0,0,,,,,,,,0,,,0,,,
214742,2022,,1301 N DEARBORN ST,60610,NEAR NORTH SIDE,8,Multifamily Housing,Submitted Data,submitted,false,249582,1997,1,,67,4172828.3,13668166.5,0,0,,77.7,113.4,81.9,116.4,1275.6,5.6,3,17840995,fuel_sum,17840994.8,19392521,0.919994,false
214929,2022,Westhaven Park Tower,100 N HERMITAGE AVE,60612,NEAR WEST SIDE,28,Multifamily Housing,Submitted Data,submitted,false,250863,2003,1,,100,2690121,6105520.6,0,0,,50,79.3,50.5,78.7,678.6,3.9,4,8795642,fuel_sum,8795641.6,12543150,0.701231,false
216479,2022,,1122 N DEARBORN ST,60610,NEAR NORTH SIDE,8,Multifamily Housing,Submitted Data,submitted,false,283626,1999,1,,69,5544122,12402299.9,0,0,,76.3,121.3,80.1,124.5,1389,5.9,4,17946422,fuel_sum,17946421.9,21640664,0.829292,false
219559,2022,Jefferson Tower CA,200 N Jefferson St,60661,NEAR WEST SIDE,28,Multifamily Housing,Submitted Data,submitted,false,303430,2005,1,,71,5673897.2,11519425.3,0,0,,75.7,123.1,78.5,124.1,1359.2,6,4,17193323,fuel_sum,17193322.5,22969651,0.748523,false
221086,2022,1500 Lakeshore Drive Building Corp.,1500 N Lakeshore Dr,60610,NEAR NORTH SIDE,8,Multifamily Housing,Submitted Data,submitted,false,303734,1928,1,,63,5912624.3,18922928.4,0,0,,86.5,126.8,91.1,130,1783.9,6.2,3,24835553,fuel_sum,24835552.7,26272991,0.945288,false
221751,2022,Appleville Condominium,501 W 24th Pl,60616,ARMOUR SQUARE,34,Multifamily Housing,Submitted Data,submitted,false,311253,1978,1,,99,6278438.3,1811210,0,0,,32.5,78.3,33.4,80.2,923.2,3.7,4,8089648,fuel_sum,8089648.3,10115723,0.79971,false
222150,2022,,3100 N SHERIDAN RD,60657,LAKE VIEW,6,Multifamily Housing,Submitted Data,submitted,false,175279,1924,1,,95,2487296.5,10098558.9,0,0,,71.8,100.2,74.3,101.5,864,4.9,4,12585855,fuel_sum,12585855.4,12585032,1.000065,true
222552,2022,Venetian Condominium Assoc.,222 232 W DIVISION ST,60610,NEAR NORTH SIDE,8,Multifamily Housing,Submitted Data,submitted,false,254138,2002,1,,77,3987038.9,10442423,0,0,,64.8,99.3,65.6,98.5,1079.8,4.8,3.5,14429462,fuel_sum,14429461.9,16468142,0.876205,false
222598,2022,(IL510) - Emerald Condo,123 - 125 S Green St,60607,NEAR WEST SIDE,28,Multifamily Housing,Submitted Data,submitted,false,384896,2008,2,,99,5578907,7884801.3,0,0,,44.4,78.9,43.5,76.2,1153.6,3.8,4,13463708,fuel_sum,13463708.3,17089382,0.787841,false
222707,2022,Landmark Lofts Condominium Association,1516 1518 S WABASH AVE,60605,NEAR SOUTH SIDE,33,Multifamily Housing,Submitted Data,submitted,false,122812,1920,1,,67,2128405.3,6390646.5,0,0,,75.5,112.3,76.3,111.2,619.8,5.5,3,8519052,fuel_sum,8519051.8,9272306,0.918763,false
222943,2022,University Park Condominium Association,1451 E 55th St,60615,HYDE PARK,41,Multifamily Housing,Submitted Data,submitted,false,579783,1961,2,,62,4921634.3,52357928.4,0,0,,106.3,127.6,114.1,135.8,3429.2,6.4,3,57279563,fuel_sum,57279562.7,61630933,0.929396,false
223537,2022,,5348-5358 N Cumberland Ave,60656,OHARE,76,,Not Submitted,not_submitted,false,104280,,,,,,,,,,,,,,,,0,,,,,,
224416,2022,400 East Ohio Condominium Association,400 E Ohio St,60611,NEAR NORTH SIDE,8,Multifamily Housing,Submitted Data,submitted,false,357816,1981,1,,33,14259012.5,6130144.8,0,0,,71.5,162.6,73,165.1,2203.7,7.7,1.5,20389157,fuel_sum,20389157.3,25583844,0.796954,false
224902,2022,209 East Lake Shore Drive,209 E LAKE SHORE DR,60611,NEAR NORTH SIDE,8,Multifamily Housing,Submitted Data,submitted,false,286985,1920,1,,62,7104367,16732972.8,0,0,,92.6,145.6,97.9,151.1,1824.5,7.1,4,23837340,fuel_sum,23837339.8,26574811,0.89699,false
226985,2022,7321 SOUTH SHORE DRIVE CO-OPERATIVE,7321 S South Shore Dr,60649,SOUTH SHORE,43,Multifamily Housing,Submitted Data,submitted,false,171630,1926,1,,67,1183728.1,15264315.2,0,0,,95.8,112.7,103.1,120.3,966.7,5.6,4,16448043,fuel_sum,16448043.3,16442154,1.000358,true
227382,2022,Drake Tower Apartments,179 E LAKESHORE DR,60611,NEAR NORTH SIDE,8,Multifamily Housing,Submitted Data,submitted,false,276310,1928,1,,47,4800477.3,408562.4,13961750,0,,77.8,124.5,,,1581,6.4,3,19170790,fuel_sum,19170789.7,21496918,0.891792,false
227642,2022,Granville Beach Condominiums,6171 N Sheridan Rd,60660,EDGEWATER,77,Multifamily Housing,Submitted Data,submitted,false,406880,1963,1,,55,4956398,30256202.4,0,0,,92.3,119.7,96.3,123.3,2259.9,5.9,2.5,35212600,fuel_sum,35212600.4,37555024,0.937627,false
227696,2022,Opera Lofts,2545 S DEARBORN ST,60616,NEAR SOUTH SIDE,33,Multifamily Housing,Submitted Data,submitted,false,194619,2007,1,,96,3122863.9,6538862.3,0,0,,58.7,94.8,59.9,94.6,758.6,4.6,4,9661726,fuel_sum,9661726.2,11424135,0.845729,false
227730,2022,,4300 N MARINE DR,60613,UPTOWN,3,Multifamily Housing,Submitted Data,submitted,false,231174,1930,1,,82,1906684.1,12541618.6,0,0,,74.5,95.5,78.5,98.9,917.3,4.7,4,14448303,fuel_sum,14448302.7,17222463,0.838922,false
228455,2022,,1850-1856 N Clark St,60614,LINCOLN PARK,7,Multifamily Housing,Submitted Data,submitted,false,246000,1969,1,,20,6371544.1,19865937.4,0,0,,136.6,201.5,139.3,201.9,1894.4,9.9,1,26237482,fuel_sum,26237481.5,33603600,0.780794,false
228537,2022,201 E Chestnut St,201 E Chestnut St,60611,NEAR NORTH SIDE,8,Multifamily Housing,Submitted Data,submitted,false,224710,1966,1,,26,9478197.2,3364459.3,0,0,,63.7,149.3,65.6,152.5,1427.1,7.1,1,12842657,fuel_sum,12842656.5,14314027,0.897208,false
229016,2022,,345-355 N Canal St,60606,NEAR WEST SIDE,28,Multifamily Housing,Submitted Data,submitted,false,175456,1900,1,,47,8744977.5,0,0,0,,49.8,139.6,50.8,142.3,1151.8,6.6,2,8744978,fuel_sum,8744977.5,8737709,1.000832,true
229057,2022,Park View Towers,2740 N PINE GROVE AVE,60614,LINCOLN PARK,7,Multifamily Housing,Submitted Data,submitted,false,86222,1975,1,,16,5641871.5,1960480.7,0,0,,88.2,207.1,90.4,211.5,847.2,9.8,1,7602352,fuel_sum,7602352.2,7604780,0.999681,true
229402,2022,State Place Condominium Association,1101 S State St,60605,LOOP,32,Multifamily Housing,Submitted Data,submitted,false,542774,2005,1,,88,6910509.7,25579036.8,0,0,,59.9,85.1,62.7,87.3,2268.8,4.2,4,32489547,fuel_sum,32489546.5,32512163,0.999304,true
229823,2022,5040-60 N Marine Dr,5040-5060 N Marine,60640,UPTOWN,3,Multifamily Housing,Submitted Data,submitted,false,252794,1939,1,,68,3773127,14581717.2,0,0,,78.4,110.5,82.6,114.3,1271.5,5.4,4,18354844,fuel_sum,18354844.2,19819050,0.926121,false
229826,2022,Waldorf Astoria Hotel,11 E Walton St,60611,NEAR NORTH SIDE,8,,Not Submitted,not_submitted,false,310516,,,,,,,,,,,,,,,,0,,,,,,
230101,2022,Tiara Homeowners Association,6145 6147 N SHERIDAN RD,60660,EDGEWATER,77,Multifamily Housing,Submitted Data,submitted,false,261305,1965,1,,95,6980843.9,0,0,0,,32.7,91.7,33,92.5,919.5,4.3,4,6980844,fuel_sum,6980843.9,8544674,0.816982,false
230281,2022,3440 North Lakeshore Drive,3440 N Lake Shore Dr,60657,LAKE VIEW,6,Multifamily Housing,Submitted Data,submitted,false,363424,1955,1,,52,8176650.2,18727499,0,0,,74,117.1,77.6,119.6,2071.7,5.7,2.5,26904149,fuel_sum,26904149.2,26893376,1.000401,true
231019,2022,Aqua,225 N Columbus Dr,60601,LOOP,32,Multifamily Housing,Submitted Data,submitted,false,1938443,2009,1,,41,30483906.2,83761896,0,0,,73,110.7,75.9,113.8,8464.2,5.4,3,114245802,fuel_sum,114245802.2,141506339,0.807355,false
231205,2022,Cornell Village,5201 S Cornell Ave,60615,HYDE PARK,41,Multifamily Housing,Submitted Data,submitted,false,302000,1969,1,,67,5055541.1,19968934.8,0,0,,86.5,121.5,91.6,125.5,1726.5,6,3,25024476,fuel_sum,25024475.9,26123000,0.957948,false
231271,2022,Walton on the Park South,2 W Delaware Pl,60610,NEAR NORTH SIDE,8,Multifamily Housing,Submitted Data,submitted,false,703611,2010,1,,65,12400484.6,21165879.8,0,0,,47.7,80.9,48.3,80.2,2757.5,3.9,4,33566364,fuel_sum,33566364.4,33562245,1.000123,true
231297,2022,1000 W Adams Condo Association,1000 W Adams St,60607,NEAR WEST SIDE,28,Multifamily Housing,Submitted Data,submitted,false,244331,1999,1,,80,4476631.6,7464100.3,0,0,,64.3,109.7,66.2,111.7,986.1,5.3,4,11940732,fuel_sum,11940731.9,15710483,0.760049,false
231486,2022,Waterford Condominium,4170 N Marine Dr,60613,UPTOWN,3,Multifamily Housing,Submitted Data,submitted,false,437780,1973,1,,51,14511893.5,7727026.1,0,0,,66.2,145.2,67.5,147.8,2321.8,6.9,2.5,22238920,fuel_sum,22238919.6,28981036,0.767361,false
231520,2022,Lowell House,88 W Schiller St,60610,NEAR NORTH SIDE,8,Multifamily Housing,Submitted Data,submitted,false,325351,1969,1,,52,4350271.3,22537627.6,0,0,,96.3,128.3,102.3,133.9,1770.1,6.3,2.5,26887899,fuel_sum,26887898.9,31331301,0.85818,false
231536,2022,1212 N. Wells CA,1212 N Wells St,60610,NEAR NORTH SIDE,8,Multifamily Housing,Submitted Data,submitted,false,232186,2001,1,,81,3983772.8,8426332.8,0,0,,68.1,109.8,69,109,972.3,5.3,4,12410106,fuel_sum,12410105.6,15811867,0.78486,false
231775,2022,Quadrangle House,6700 S Shore Dr,60649,SOUTH SHORE,43,Multifamily Housing,Submitted Data,submitted,false,322820,1968,1,,11,4770518.4,29224706.4,0,0,,153.9,199.5,160.1,204.7,2180.6,9.9,1,33995225,fuel_sum,33995224.8,49681998,0.684256,false
232062,2022,Prairie District Homes Tower Residences Condominiu,1717 S Prairie Ave,60616,NEAR SOUTH SIDE,33,Multifamily Housing,Submitted Data,submitted,false,343068,2003,1,,38,8406590,16252041.9,0,0,,84.7,139.5,88.4,141.8,1970.5,6.8,1.5,24658632,fuel_sum,24658631.9,29057860,0.848605,false
232398,2022,The Carlyle Condominium Association,1040 N Lake Shore Dr,60611,NEAR NORTH SIDE,8,Multifamily Housing,Submitted Data,submitted,false,502995,1964,1,,64,17996577.2,7023688.3,0,0,,49.7,114.8,50.4,116.4,2743.5,5.5,3,25020266,fuel_sum,25020265.5,24998852,1.000857,true
232458,2022,Harper Square Cooperative,4800 - 4850 S Lake Park Ave,60615,KENWOOD,39,Multifamily Housing,Submitted Data,submitted,false,627680,1974,1,,32,14933754.5,44633050.6,0,0,,94.9,141.3,99.2,143.9,4337.7,6.9,2.5,59566805,fuel_sum,59566805.1,59566832,1,true
232666,2022,Transportation Building Condominium Association,600 S Dearborn St,60605,LOOP,32,Multifamily Housing,Submitted Data,submitted,false,447776,1911,1,,100,2436665.6,5230278,0,0,,17.1,27.5,17.3,27.5,598.7,1.3,4,7666944,fuel_sum,7666943.6,7656970,1.001303,true
232841,2022,,222 E PEARSON ST,60611,NEAR NORTH SIDE,8,Multifamily Housing,Submitted Data,submitted,false,241267,1964,1,,73,4874628.7,14118888.5,0,0,,85.8,128.6,90.3,132,1392,6.3,3.5,18993517,fuel_sum,18993517.2,20700709,0.91753,false
233452,2022,Dearborn-Elm Condominium Association,1155 N DEARBORN ST,60610,NEAR NORTH SIDE,8,Multifamily Housing,Submitted Data,submitted,false,150659,2002,1,,20,3779491,8585159.8,0,0,,111.4,176.5,113.1,177.3,953.8,8.6,1,12364651,fuel_sum,12364650.8,16783413,0.736719,false
233591,2022,,40 E CEDAR ST,60611,NEAR NORTH SIDE,8,Multifamily Housing,Submitted Data,submitted,false,120895,1968,1,,81,2398800.1,3742027.4,0,0,,63.4,109.9,63.7,108.8,514.7,5.3,4,6140828,fuel_sum,6140827.5,7664743,0.801179,false
233760,2022,Park Newberry Condominiums,55 W Delaware Pl,60610,NEAR NORTH SIDE,8,Multifamily Housing,Submitted Data,submitted,false,354934,1995,1,,33,5796935.4,25171726.2,0,0,,119.1,164,126,170.4,2100.5,8.1,2.5,30968662,fuel_sum,30968661.6,42272639,0.732594,false
233890,2022,,1464 S Michigan Ave,60605,NEAR SOUTH SIDE,33,Multifamily Housing,Submitted Data,submitted,false,348944,2007,1,,66,6548771.4,15538974.5,0,0,,83.7,131.4,84.4,130.4,1687.9,6.4,4,22087746,fuel_sum,22087745.9,29206613,0.756258,false
233920,2022,SoNo Condominium Association,860 W Blackhawk St,60642,NEAR NORTH SIDE,8,Multifamily Housing,Submitted Data,submitted,false,399124,2008,1,,47,7194877.8,19099998.6,0,0,,87.4,133.7,89.3,134.2,1962.2,6.5,3,26294876,fuel_sum,26294876.4,34883438,0.753793,false
234084,2022,,1530 N DEARBORN PKWY,60610,NEAR NORTH SIDE,8,Multifamily Housing,Submitted Data,submitted,false,115775,1972,1,,97,2668211.9,2521702.6,0,0,,44.8,87.4,45.1,86.6,485.4,4.2,4,5189915,fuel_sum,5189914.5,5186720,1.000616,true
234374,2022,Kinzie Station,330 N Jefferson Ct,60661,NEAR WEST SIDE,28,Multifamily Housing,Submitted Data,submitted,false,272937,2000,1,,26,6460878.4,15871233.5,0,0,,99.4,154.7,103.8,157.2,1694,7.5,1,22332112,fuel_sum,22332111.9,27129938,0.823154,false
234566,2022,,1410 N STATE PKWY,60610,NEAR NORTH SIDE,8,Multifamily Housing,Submitted Data,submitted,false,135000,1980,1,,52,5234692.2,2914558,0,0,,67.8,147.5,68.2,146.9,844.3,7,2.5,8149250,fuel_sum,8149250.2,9153000,0.890337,false
234641,2022,Winston Towers II,6833 N Kedzie Ave,60645,WEST RIDGE,2,Multifamily Housing,Submitted Data,submitted,false,360669,1966,1,,33,6756892.5,23164206.8,0,0,,114.8,165.9,116.3,166.1,2120.3,8.1,1.5,29921099,fuel_sum,29921099.3,41404801,0.722648,false
234740,2022,Lakeside Tower Condo Association,1600 S Indiana Ave,60616,NEAR SOUTH SIDE,33,Multifamily Housing,Submitted Data,submitted,false,307289,2006,1,,42,8796639.3,7637236.5,0,0,,67.6,134.4,69,136.8,1564.3,6.4,2,16433876,fuel_sum,16433875.8,20772736,0.791127,false
234748,2022,Park Hyatt Chicago,800 N Michigan Ave,60611,NEAR NORTH SIDE,8,Multifamily Housing,Submitted Data,submitted,false,768513,1999,1,,13,49167141.6,6213722.7,0,0,,81.8,212.9,82.6,215.3,6806.1,10.1,1,55380864,fuel_sum,55380864.3,62864363,0.880958,false
234823,2022,525 Hawthorne Place Condominium Association,525 W Hawthorne Pl,60657,LAKE VIEW,6,Multifamily Housing,Submitted Data,submitted,false,326716,1969,1,,86,5304820.7,14794509.7,0,0,,72.9,110.2,77.4,114.9,1484.5,5.4,4,20099330,fuel_sum,20099330.4,23817596,0.843886,false
234838,2022,1400 South Michigan,1400 S Michigan Ave,60605,NEAR SOUTH SIDE,33,Multifamily Housing,Submitted Data,submitted,false,469949,2008,1,,67,9984255.5,14670158.3,0,0,,71.7,126,74.1,127.6,2094.3,6.1,3,24654414,fuel_sum,24654413.8,33695343,0.731686,false
234885,2022,3033 Sheridan Tower Condominium Association,3033 N Sheridan Rd,60657,LAKE VIEW,6,Multifamily Housing,Submitted Data,submitted,false,278604,1968,1,,98,2972098.3,8044660.8,0,0,,39.5,60.2,41.4,61.3,818.8,2.9,4,11016759,fuel_sum,11016759.1,11004858,1.001081,true
234897,2022,55 East Erie Condominium Association,55 E Erie St,60611,NEAR NORTH SIDE,8,Multifamily Housing,Submitted Data,submitted,false,656349,2004,1,,42,23111267.8,21324898.5,0,0,,81.3,159.4,84,163.8,4176.8,7.6,3,44436166,fuel_sum,44436166.3,53361174,0.832743,false
235008,2022,1400 Lake Shore Drive Condominium Association,1400 N Lake Shore Dr,60610,NEAR NORTH SIDE,8,Multifamily Housing,Submitted Data,submitted,false,328276,1927,3,,66,13109497.7,4597958.4,0,0,,54.1,126.9,54.9,129.1,1970.9,6,3,17707456,fuel_sum,17707456.1,17759732,0.997056,true
235137,2022,2909 North Sheridan Condominium Homes,2909 N Sheridan Rd,60657,LAKE VIEW,6,,Not Submitted,not_submitted,false,241217,,,,,,,,,,,,,,,,0,,,,,,
235438,2022,,5901 N SHERIDAN RD,60660,EDGEWATER,77,Multifamily Housing,Submitted Data,submitted,false,287688,1966,1,,73,9307334.2,0,0,0,,38.4,107.4,38.9,108.9,1225.9,5.1,3.5,9307334,fuel_sum,9307334.2,11047219,0.842505,false
235635,2022,Hermitage on Huron Condominium Association,70 W Huron St,60654,NEAR NORTH SIDE,8,Multifamily Housing,Submitted Data,submitted,false,310620,1985,1,,89,3302683.9,15719593.3,0,0,,72.3,97.9,74.5,98.2,1270,4.8,4,19022277,fuel_sum,19022277.2,22457826,0.847022,false
235739,2022,1000 Condominium Association,1000 N Lake Shore Plz,60611,NEAR NORTH SIDE,8,Multifamily Housing,Submitted Data,submitted,false,450036,1965,1,,58,7008926.1,28785791.8,0,0,,89.7,124.9,91.5,125.7,2452.1,6.1,3.5,35794718,fuel_sum,35794717.9,40368229,0.886705,false
235845,2022,The Elm at Clark,1122 N Clark St,60610,NEAR NORTH SIDE,8,Multifamily Housing,Submitted Data,submitted,false,468820,1989,1,,53,11813175.8,15639729.2,0,0,,76.9,138.7,78.6,139.3,2386.7,6.7,3.5,27452905,fuel_sum,27452905,36052258,0.761475,false
235970,2022,5100 Marine Drive Condominium Association,5100 N Marine Dr,60640,UPTOWN,3,Multifamily Housing,Submitted Data,submitted,false,357063,1969,1,,64,10885713.3,6242389.5,0,0,,62,134.1,63.5,137.2,1765.4,6.4,3,17128103,fuel_sum,17128102.8,22137906,0.7737,false
236031,2022,City Centre Condominium,208 W Washington St,60606,LOOP,32,Multifamily Housing,Submitted Data,submitted,false,450000,1927,1,,80,5831834.8,15758026,0,5563392.3,,69.6,97.3,70,97.9,,,4,27153253,fuel_sum,27153253.1,31320000,0.866962,false
236345,2022,The Private Residences at Ontario Place Condominiu,10 E Ontario St,60611,NEAR NORTH SIDE,8,Multifamily Housing,Submitted Data,submitted,false,690169,1983,1,,11,39802699.9,12723426,0,0,,107,254.2,108.6,257.6,5918.4,12.1,1,52526126,fuel_sum,52526125.9,73848083,0.711273,false
236366,2022,1700 East 56th Street,1700 E 56th St,60637,HYDE PARK,41,Multifamily Housing,Submitted Data,submitted,false,555104,1969,1,,85,8116497.3,24729482.6,0,0,,69.2,102.6,72.7,105.5,2382.6,5,4,32845980,fuel_sum,32845979.9,38413197,0.85507,false
236382,2022,Randolph Place Residences Condominium Association,165 N Canal St,60606,NEAR WEST SIDE,28,Multifamily Housing,Submitted Data,submitted,false,951100,1922,1,,98,11331537,25887303.8,0,0,,49.7,78.6,50.3,78.1,2867.5,3.8,4,37218841,fuel_sum,37218840.8,47269670,0.787373,false
236480,2022,Thorndale Beach South Condominium Association,5855 N Sheridan Rd,60660,EDGEWATER,77,Multifamily Housing,Submitted Data,submitted,false,371795,1967,1,,16,18403845.7,0,0,0,,63.9,179,65.4,183.2,2424,8.4,1,18403846,fuel_sum,18403845.7,23757701,0.774648,false
236816,2022,401 East Ontario Condominiums,401 E Ontario St,60611,NEAR NORTH SIDE,8,,Not Submitted,not_submitted,false,450000,,,,,,,,,,,,,,,,0,,,,,,
236822,2022,21 W. Chestnut Condominium Association,21 W Chestnut St,60610,NEAR NORTH SIDE,8,Multifamily Housing,Submitted Data,submitted,false,231317,1999,1,,39,4730872.1,10814409.1,0,0,,91.8,145.2,95.5,148,1197.5,7.1,2.5,15545281,fuel_sum,15545281.2,21234901,0.732063,false
236913,2022,Lake Park Plaza Condominium Association,3930 N Pine Grove Ave,60613,LAKE VIEW,6,Multifamily Housing,Submitted Data,submitted,false,582515,1969,1,,73,9937749.2,29726506.5,0,0,,76.2,113.4,78.3,115.6,2887.9,5.5,3.5,39664256,fuel_sum,39664255.7,44387643,0.893588,false
237018,2022,Museum Park Lofts,125 E 13th St,60605,NEAR SOUTH SIDE,33,Multifamily Housing,Submitted Data,submitted,false,282718,2004,1,,99,2965371.1,9926858.1,0,0,,61.1,88.8,62.1,88.8,917.8,4.4,4,12892229,fuel_sum,12892229.2,17274070,0.746334,false
237359,2022,Edgewater Beach Apartments Corporation,5555 N Sheridan Rd,60640,EDGEWATER,77,Multifamily Housing,Submitted Data,submitted,false,702394,1927,1,,93,6937897.6,42070410.2,0,0,,79.9,103.7,85.1,108.5,3148.4,5.1,4,49008308,fuel_sum,49008307.8,56121281,0.873257,false
237373,2022,One East Scott Condo Association,1 E Scott St,60610,NEAR NORTH SIDE,8,Multifamily Housing,Submitted Data,submitted,false,239978,1968,1,,79,3404432.8,12652117.7,0,0,,88,125.1,89.3,124.4,1120.4,6.1,4,16056551,fuel_sum,16056550.5,21118064,0.760323,false
237384,2022,Maple Tower Condominiums,1035 N DEARBORN ST,60610,NEAR NORTH SIDE,8,Multifamily Housing,Submitted Data,submitted,false,150000,2006,1,,89,4456159.6,797509.8,0,0,,35,88.8,35.8,90.6,629.3,4.2,4,5253669,fuel_sum,5253669.4,5250000,1.000699,true
237422,2022,Kingsbury on the Park,653 N Kingsbury St,60654,NEAR NORTH SIDE,8,Multifamily Housing,Submitted Data,submitted,false,347000,2003,1,,62,7096181.4,13688276.5,0,0,,74.8,123.2,78.7,126.9,1661.7,6,4,20784458,fuel_sum,20784457.9,25955600,0.80077,false
237722,2022,The Darien Apartments,3100 N Lake Shore Dr,60657,LAKE VIEW,6,Multifamily Housing,Submitted Data,submitted,false,374047,1951,1,,93,3017651.8,18342490.1,0,0,,61,79.2,60.5,77.6,1371.7,3.9,4,21360142,fuel_sum,21360141.9,22816867,0.936156,false
237798,2022,The Stratford at South Commons Condominium Association,2605 S Indiana Ave,60616,DOUGLAS,35,Multifamily Housing,Submitted Data,submitted,false,830424,1971,1,,96,3840970.5,36082822.7,0,0,,48.1,58.6,50,60.3,2422.4,2.9,4,39923793,fuel_sum,39923793.2,39943394,0.999509,true
238049,2022,,740 W FULTON ST,60661,NEAR WEST SIDE,28,Multifamily Housing,Submitted Data,submitted,false,245715,2007,1,,50,5576180.9,8651365.2,0,0,,86.6,150.4,88.2,150.4,1194,7.3,2,14227546,fuel_sum,14227546.1,21278919,0.668622,false
238097,2022,One One One Morgan,111 S Morgan St,60607,NEAR WEST SIDE,28,Multifamily Housing,Submitted Data,submitted,false,271138,2003,1,,84,5161479.7,6723788.3,0,0,,62.4,112.9,62.8,111.5,1037,5.4,4,11885268,fuel_sum,11885268,16919011,0.70248,false
238266,2022,The Fordham Condominium Association,25 E Superior St,60611,NEAR NORTH SIDE,8,Multifamily Housing,Submitted Data,submitted,false,793352,2003,1,,17,27749094.1,9669844.9,0,0,,63.5,149.2,65,152.4,4168.6,7.1,1,37418939,fuel_sum,37418939,50377852,0.742766,false
238355,2022,Museum Park Tower 1 Condominium Association,1322 S Prairie Ave,60605,NEAR SOUTH SIDE,33,Multifamily Housing,Submitted Data,submitted,false,379033,2001,1,,47,8476166.3,17957563.7,0,0,,94.6,152.4,98.9,155.1,2070.2,7.4,3,26433730,fuel_sum,26433730,35856522,0.737208,false
238365,2022,Vision On State Condominium Association,1255 S State St,60605,NEAR SOUTH SIDE,33,Multifamily Housing,Submitted Data,submitted,false,373801,2007,1,,30,10124063.1,14577799.8,0,0,,89.5,158.2,90.2,157.7,2107.8,7.6,1,24701863,fuel_sum,24701862.9,33455190,0.738357,false
238367,2022,1300 Lake Shore Drive Condominium Association,1300 N Lake Shore Dr,60610,NEAR NORTH SIDE,8,Multifamily Housing,Submitted Data,submitted,false,403799,1963,1,,47,9903500.9,23132390.3,0,0,,90.3,142.1,93.7,142.8,2533.1,6.9,2,33035891,fuel_sum,33035891.2,36463050,0.90601,false
238480,2022,5455 Edgewater Plaza Condominium Association,5455 N Sheridan Rd,60640,EDGEWATER,77,,Submitted Data,submitted,false,624230,,,,,,,,,,,,,,,,0,,,,,,
238554,2022,336 Wellington Association,336 W WELLINGTON AVE,60657,LAKE VIEW,6,Multifamily Housing,Submitted Data,submitted,false,167091,1967,1,,78,2466305.7,11235216,0,0,,101.4,138.5,107.9,144.2,921.6,6.8,3.5,13701522,fuel_sum,13701521.7,16943027,0.808682,false
238595,2022,,3920 N LAKE SHORE DR,60613,LAKE VIEW,6,Multifamily Housing,Submitted Data,submitted,false,100460,1968,1,,75,1533241.6,6555627.3,0,0,,88.4,122.2,93.6,126,550.2,6,3.5,8088869,fuel_sum,8088868.9,8880664,0.910841,false
238712,2022,899 South Plymouth Court Condominium Association,899 S Plymouth Ct,60605,LOOP,32,Multifamily Housing,Submitted Data,submitted,false,263800,1980,1,,40,10805846.2,5789635.4,0,0,,62.9,137.7,64.3,140.4,1730.8,6.6,1.5,16595482,fuel_sum,16595481.6,16593020,1.000148,true
238747,2022,1250 N Dearborn Condominium Association,1250 N DEARBORN ST,60610,NEAR NORTH SIDE,8,Multifamily Housing,Submitted Data,submitted,false,199011,1990,1,,81,5539630.3,3719246,0,0,,46.5,97.6,46,96.2,927.2,4.7,4,9258876,fuel_sum,9258876.3,9254012,1.000526,true
238787,2022,840 Lake Shore Condominium Association,840 N Lake Shore Dr,60611,NEAR NORTH SIDE,8,Multifamily Housing,Submitted Data,submitted,false,351093,2003,1,,9,11841101.3,13790920.6,0,0,,91.9,170.7,93.5,172,2292.1,8.2,1,25632022,fuel_sum,25632021.9,32265447,0.794411,false
238799,2022,Sixty Thirty Condominium Association,6030 N Sheridan Rd,60660,EDGEWATER,77,Multifamily Housing,Submitted Data,submitted,false,295000,1950,1,,83,5474213.8,16007990.4,0,0,,72.8,108.9,74.1,109.1,1571.3,5.3,4,21482204,fuel_sum,21482204.2,21476000,1.000289,true
238850,2022,100 Bellevue Place,100 E Bellevue Pl,60611,NEAR NORTH SIDE,8,Multifamily Housing,Submitted Data,submitted,false,400000,1970,1,,93,4471675.4,21488455.7,0,0,,74,100.1,75.1,99.5,1730.3,4.9,4,25960131,fuel_sum,25960131.1,29600000,0.877031,false
238910,2022,Lake Point Tower,505 N Lake Shore Dr,60611,NEAR NORTH SIDE,8,Multifamily Housing,Submitted Data,submitted,false,1783891,1968,1,,59,58332621.2,23048947.1,0,0,,52.2,120.3,53.4,122.5,8907.5,5.7,3.5,81381568,fuel_sum,81381568.3,93119110,0.873951,false
238957,2022,2626 Lakeview Condominium,2626 N Lakeview Ave,60614,LINCOLN PARK,7,Multifamily Housing,Submitted Data,submitted,false,850000,1967,1,,88,11417200.9,37634384.7,0,0,,62.3,90.8,65.8,93.4,3502.8,4.5,4,49051586,fuel_sum,49051585.6,52955000,0.926288,false
238973,2022,Winston Towers One,6933 N Kedzie Ave,60645,WEST RIDGE,2,Multifamily Housing,Submitted Data,submitted,false,424730,1965,1,,85,5918283.7,17128929.4,0,0,,70.7,106,70.8,105.3,1689.3,5.2,4,23047213,fuel_sum,23047213.1,30028411,0.767514,false
239016,2022,,160 E Illinois St,60611,NEAR NORTH SIDE,8,Multifamily Housing,Submitted Data,submitted,false,324707,2007,1,,66,7132724.9,9155993.1,0,0,,63,114.4,64.3,114.7,1425.8,5.5,3,16288718,fuel_sum,16288718,20456541,0.79626,false
239042,2022,400 North LaSalle Condominium Association,400 N LaSalle St,60654,NEAR NORTH SIDE,8,Multifamily Housing,Submitted Data,submitted,false,597736,2003,1,,66,12312742.2,28195299.7,0,0,,67.8,107.2,69.3,107.7,3119.4,5.2,4,40508042,fuel_sum,40508041.9,40526501,0.999545,true
239078,2022,801 South Plymouth Condo Association,801 S Plymouth Ct,60605,LOOP,32,Multifamily Housing,Submitted Data,submitted,false,270000,1983,1,,54,7944233.6,7302259.1,0,0,,61,119.6,61.9,119.2,1434.2,5.7,2.5,15246493,fuel_sum,15246492.7,16470000,0.925713,false
239096,2022,Marina Towers Condominium Association,300 N State St,60654,NEAR NORTH SIDE,8,Multifamily Housing,Submitted Data,submitted,false,769951,1960,2,,69,32718487.6,0,0,0,,42.5,119,42.9,120.2,4309.5,5.6,3,32718488,fuel_sum,32718487.6,32722918,0.999865,true
239488,2022,1111 S. Wabash Condominium Association,1111 S Wabash Ave,60605,LOOP,32,Multifamily Housing,Submitted Data,submitted,false,499172,2005,1,,16,13422099.1,29928669.7,0,0,,107.8,171.5,111.7,174.6,3357.5,8.3,1,43350769,fuel_sum,43350768.8,53810742,0.805616,false
239540,2022,Gold Coast Condominium Association,71 E DIVISION ST,60610,NEAR NORTH SIDE,8,Multifamily Housing,Submitted Data,submitted,false,199712,1970,1,,90,4819774.7,2891370.8,0,0,,38.6,82.8,39.7,84.6,788.4,3.9,4,7711146,fuel_sum,7711145.5,7708883,1.000294,true
239630,2022,Plaza 440 Private Residences,440 N Wabash Ave,60611,NEAR NORTH SIDE,8,Multifamily Housing,Submitted Data,submitted,false,609271,1991,1,,45,13135221.2,30980251.9,0,0,,92.9,145.9,97.5,149.6,3375.6,7.1,2,44115473,fuel_sum,44115473.1,56601276,0.779408,false
239695,2022,1550 CA,1550 N Lake Shore Dr,60610,NEAR NORTH SIDE,8,Multifamily Housing,Submitted Data,submitted,false,385258,1960,1,,54,5906315.4,25897471.2,0,0,,88.3,121.4,93.2,125.1,2153.5,6,2.5,31803787,fuel_sum,31803786.6,34018281,0.934903,false
239704,2022,,1000 E 53RD ST,60615,HYDE PARK,41,Multifamily Housing,Submitted Data,submitted,false,137769,1975,1,,55,3526885.7,7131110.6,0,0,,77.4,126,80.5,128,843.3,6.1,2.5,10657996,fuel_sum,10657996.3,10663321,0.999501,true
239739,2022,1212 Lake Shore Drive Condominium,1212 N Lake Shore Dr,60610,NEAR NORTH SIDE,8,Multifamily Housing,Submitted Data,submitted,false,447778,1969,1,,43,18991437.7,2306879.1,0,0,,55.8,145.6,57.6,150.1,2624,6.9,2,21298317,fuel_sum,21298316.8,24986012,0.85241,false
239946,2022,Metropolitan Tower Condo Association,310 S Michigan Ave,60604,LOOP,32,Multifamily Housing,Submitted Data,submitted,false,670000,1924,1,,70,14096838.8,25239089.3,0,0,,67.9,113.9,70,115.6,3197.3,5.5,3,39335928,fuel_sum,39335928.1,45493000,0.864659,false
239994,2022,Park 1500 Lofts,1500 W Monroe St,60607,NEAR WEST SIDE,28,Multifamily Housing,Submitted Data,submitted,false,516812,2004,2,,92,9012557,11456931.3,0,0,,52.9,96.3,53.4,95.3,1795.6,4.6,4,20469488,fuel_sum,20469488.3,27339355,0.748719,false
240019,2022,(IL298) - 1555 Astor Condo,1555 N Astor St,60610,NEAR NORTH SIDE,8,Multifamily Housing,Submitted Data,submitted,false,349676,1974,1,,10,18907783.3,12389257.8,0,0,,101.1,213,102.4,216.8,3148.5,10.2,1,31297041,fuel_sum,31297041.1,35352244,0.885291,false
240068,2022,The Farallon Condominium,600 N Dearborn St,60654,NEAR NORTH SIDE,8,Multifamily Housing,Submitted Data,submitted,false,277047,2001,1,,30,4691440.9,16881198.1,0,4426784.3,,116.3,156.1,120,160.2,,,1,25999423,fuel_sum,25999423.3,32220566,0.80692,false
240122,2022,,6 N Michigan Ave,60602,LOOP,32,Multifamily Housing,Submitted Data,submitted,false,274691,1898,1,,81,6738800.8,4425906.3,0,0,,48.5,102.2,47.5,99.4,1122.7,4.9,4,11164707,fuel_sum,11164707.1,13322514,0.838033,false
240215,2022,757 Orleans at Chicago Condominium,757 N Orleans St,60654,NEAR NORTH SIDE,8,Multifamily Housing,Submitted Data,submitted,false,412335,2008,1,,85,9918541.3,7364101.4,0,0,,54.3,111.6,53,108,1697.6,5.3,4,17282643,fuel_sum,17282642.7,22389791,0.771898,false
240284,2022,2700 N. Hampden Court Condominium Association,2700 N Hampden Ct,60614,LINCOLN PARK,7,Multifamily Housing,Submitted Data,submitted,false,144000,1964,1,,34,6173892.6,0,0,0,,55.1,154.3,56.2,157.3,813.2,7.3,1.5,6173893,fuel_sum,6173892.6,7934400,0.778117,false
240299,2022,The Pinnacle,21 E Huron St,60611,NEAR NORTH SIDE,8,Multifamily Housing,Submitted Data,submitted,false,636691,2004,1,,18,32465729,5133529.7,0,0,,61.6,157.7,62.8,160.9,4548.9,7.4,1,37599259,fuel_sum,37599258.7,39220166,0.958672,false
240338,2022,Lakeside on the Park Condominium,1250 S INDIANA AVE,60605,NEAR SOUTH SIDE,33,Multifamily Housing,Submitted Data,submitted,false,267040,2004,1,,74,4782743.8,10302065.8,0,0,,72.7,116.7,74.6,118.7,1177.1,5.7,4,15084810,fuel_sum,15084809.6,19413808,0.777014,false
240400,2022,4343 Clarendon Condominium Association,4343 N Clarendon Ave,60613,UPTOWN,3,Multifamily Housing,Submitted Data,submitted,false,453194,1973,1,,10,12935978.5,41203543.6,0,0,,152.9,224.5,159.4,227.7,3892.4,11,1,54139522,fuel_sum,54139522.1,69293363,0.781309,false
240429,2022,The Buckingham Condominium Association,360 E Randolph St,60601,LOOP,32,Multifamily Housing,Submitted Data,submitted,false,680267,1981,1,,27,28753816.3,2573722.6,0,0,,61.9,164.4,63.3,168.3,3924,7.8,1,31327539,fuel_sum,31327538.9,42108527,0.743971,false
240518,2022,Museum Pointe CA,233 E 13th St,60605,NEAR SOUTH SIDE,33,Multifamily Housing,Submitted Data,submitted,false,526100,2005,1,,95,6454865.7,18315330.1,0,0,,61.7,92.9,65,95.8,1823,4.5,4,24770196,fuel_sum,24770195.8,32460370,0.76309,false
240540,2022,Residence at RiverBend Condominium Association,333 N Canal St,60606,NEAR WEST SIDE,28,Multifamily Housing,Submitted Data,submitted,false,749952,2001,1,,66,19346157.2,14239535.8,0,0,,56.5,116.3,57.6,118.1,3304.5,5.6,4,33585693,fuel_sum,33585693,42372288,0.792633,false
240557,2022,345 Fullerton Parkway Condominium Association,345 W Fullerton Pkwy,60614,LINCOLN PARK,7,Multifamily Housing,Submitted Data,submitted,false,358151,1972,2,,75,5897956,17218827.6,0,0,,79.3,118.7,82.9,120.5,1691.4,5.8,4,23116784,fuel_sum,23116783.6,28401374,0.813932,false
240573,2022,Faulkner House Condominium Association,70 W Burton Pl,60610,NEAR NORTH SIDE,8,Multifamily Housing,Submitted Data,submitted,false,260000,1966,1,,17,4048174.9,24506419.5,0,0,,133.7,173.5,142.3,181.4,1834.9,8.6,1,28554594,fuel_sum,28554594.4,34762000,0.821431,false
240752,2022,200 N. Dearborn CA,200 N Dearborn St,60601,LOOP,32,Multifamily Housing,Submitted Data,submitted,false,419953,1989,1,,50,8634441.2,22404415.4,0,0,,86.2,132.5,89.8,136.2,2327.3,6.5,2,31038857,fuel_sum,31038856.6,36199949,0.857428,false
240842,2022,200 E. Delaware Condominium Association,200 E Delaware Pl,60611,NEAR NORTH SIDE,8,Multifamily Housing,Submitted Data,submitted,false,342121,1972,1,,63,5190855.9,25458549,0,0,,89.6,120.6,93.8,123.7,2035.9,6,4,30649405,fuel_sum,30649404.9,30654042,0.999849,true
240953,2022,(IL247) - River Place on the Park Condo,700 N Larrabee St,60654,NEAR NORTH SIDE,8,Multifamily Housing,Submitted Data,submitted,false,307292,2006,1,,47,7277715.1,15357270.9,0,0,,100.9,162.7,104.8,164.4,1774.3,7.9,2,22634986,fuel_sum,22634986,31005763,0.730025,false
240956,2022,Harbor Point,155 N Harbor Dr,60601,LOOP,32,Multifamily Housing,Submitted Data,submitted,false,1380262,1974,1,,53,36640894.1,43082770.7,0,0,,66.8,124,68.6,124.9,7114.5,6,2.5,79723665,fuel_sum,79723664.8,92201502,0.864668,false
240959,2022,340 West Superior Condominium Association,340 W Superior St,60654,NEAR NORTH SIDE,8,Multifamily Housing,Submitted Data,submitted,false,293145,2002,1,,64,5661188.5,10346696.9,0,0,,56.5,94.4,57,93.6,1295.2,4.6,4,16007885,fuel_sum,16007885.4,16562693,0.966503,false
241007,2022,ParkView at River East Condominium Association,505 N McClurg Ct,60611,NEAR NORTH SIDE,8,Multifamily Housing,Submitted Data,submitted,false,437074,2008,1,,30,14556355.8,22183554.5,0,0,,84.1,146.5,87.7,149.9,3095.6,7.1,1,36739910,fuel_sum,36739910.3,36757923,0.99951,true
241042,2022,100 E Walton CA,100 E Walton St,60611,NEAR NORTH SIDE,8,Mixed Use Property,Submitted Data,submitted,false,492703,1971,1,,47,11068607.4,28165543.7,0,0,,106.7,164.7,110.8,166.7,2953.9,8,3,39234151,fuel_sum,39234151.1,52571410,0.746302,false
241133,2022,Vue20 Condo Association,1845 S Michigan Ave,60616,NEAR SOUTH SIDE,33,Multifamily Housing,Submitted Data,submitted,false,250000,2003,1,,75,5403571.5,10186180.3,0,0,,62.4,103.3,63.7,103.5,1252.8,5,3.5,15589752,fuel_sum,15589751.8,15600000,0.999343,true
241168,2022,3900 Lake Shore Drive Condominium Association,3900 N Lake Shore Dr,60613,LAKE VIEW,6,Multifamily Housing,Submitted Data,submitted,false,295234,1959,1,,64,4516097.2,18151009.4,0,0,,86.8,121.4,92.7,127.6,1558.9,6,3,22667107,fuel_sum,22667106.6,25626311,0.884525,false
241377,2022,Wells Street Tower Condominium Association,701 S Wells St,60607,LOOP,32,Multifamily Housing,Submitted Data,submitted,false,386589.3,2002,1,,21,9737606.4,17795604.9,0,0,,103.3,172.3,108.2,176.3,2227.8,8.4,1,27533211,fuel_sum,27533211.3,39934675,0.689456,false
241405,2022,Kinzie Park Tower Condominium Association,501 N Clinton St,60654,WEST TOWN,24,Multifamily Housing,Submitted Data,submitted,false,317800,1999,1,,23,10111867.3,20294042.3,0,0,,104.1,169.9,108.2,171.6,2409.8,8.3,1,30405910,fuel_sum,30405909.6,33082980,0.91908,false
241410,2022,Brownstone Condominium,1440 N STATE PKWY,60610,NEAR NORTH SIDE,8,Multifamily Housing,Submitted Data,submitted,false,100000,1975,1,,55,2094714.3,6798140,0,0,,88.9,130,91.8,129.6,637,6.4,3.5,8892854,fuel_sum,8892854.3,8890000,1.000321,true
241533,2022,565 W Quincy,565 W Quincy St,60661,NEAR WEST SIDE,28,Multifamily Housing,Submitted Data,submitted,false,468962,2009,1,,74,13171489,4070347.2,0,0,,45.1,107.5,45.9,109.7,1951.1,5.1,3.5,17241836,fuel_sum,17241836.2,21150186,0.81521,false
241550,2022,Lofts At Museum Park Condominium Association,1305 S Michigan Ave,60605,NEAR SOUTH SIDE,33,Multifamily Housing,Submitted Data,submitted,false,330065,2004,1,,59,8008374.8,13314350.4,0,0,,78.6,134.2,79.5,133.9,1762,6.5,2.5,21322725,fuel_sum,21322725.2,25943109,0.821903,false
241747,2022,Hampden Tower Condominium Association,2754 N HAMPDEN CT,60614,LINCOLN PARK,7,Multifamily Housing,Submitted Data,submitted,false,152200,1972,1,,47,5277137.3,3015824.5,0,0,,67.9,146.8,67.5,144.6,855.3,7,2,8292962,fuel_sum,8292961.8,10334380,0.802463,false
241767,2022,340 on the Park,340 E Randolph St,60601,LOOP,32,Multifamily Housing,Submitted Data,submitted,false,1008356,2007,1,,28,40261945.9,9666100,0,0,,62.3,153.3,63.4,156,5816.5,7.3,1,49928046,fuel_sum,49928045.9,62820579,0.794772,false
241820,2022,Park Millennium Condominium Association.,222 N Columbus Dr,60601,LOOP,32,Multifamily Housing,Submitted Data,submitted,false,811703,2002,1,,30,20427260.7,34301124.8,0,0,,93.9,159.9,98.3,163.6,4512.5,7.7,1,54728386,fuel_sum,54728385.5,76218912,0.718042,false
241873,2022,The Columbian Condominium Association,1160 S Michigan Ave,60605,LOOP,32,Multifamily Housing,Submitted Data,submitted,false,541521,2007,1,,69,10334523.8,20458852.7,0,0,,66.3,108.6,68.7,109.3,2447.9,5.3,3,30793377,fuel_sum,30793376.5,35902842,0.857686,false
241892,2022,CityView Condominium Association,440 N McClurg Ct,60611,NEAR NORTH SIDE,32,Multifamily Housing,Submitted Data,submitted,false,620690,1991,1,,91,8552719.4,22247122.8,0,0,,60.8,93.3,63.2,93.6,2308.2,4.6,4,30799842,fuel_sum,30799842.2,37737952,0.81615,false
241915,2022,474 North Lake Shore Drive,474 N Lake Shore Dr,60611,NEAR NORTH SIDE,8,Multifamily Housing,Submitted Data,submitted,false,800000,1991,1,,79,13400249,27924899.7,0,0,,74.1,119.8,75.6,120.2,3248.2,5.8,3.5,41325149,fuel_sum,41325148.7,59280000,0.697118,false
241989,2022,30 E Elm Condo Association,30 E ELM ST,60611,NEAR NORTH SIDE,8,Multifamily Housing,Submitted Data,submitted,false,104980,1961,1,,25,2315123.4,9929730.6,0,0,,136.8,189,144.6,195,832.4,9.3,2,12244854,fuel_sum,12244854,14361264,0.852631,false
242048,2022,3550 N Lake Shore Drive,3550 N Lake Shore Dr,60657,LAKE VIEW,6,Multifamily Housing,Submitted Data,submitted,false,775610,1962,1,,84,11990034.8,38505930.4,0,0,,73.9,108.3,77.5,110.5,3624.5,5.3,4,50495965,fuel_sum,50495965.2,57317579,0.880986,false
242148,2022,(IL337)- Museum Park Place,1841 S Calumet Ave,60616,NEAR SOUTH SIDE,33,Multifamily Housing,Submitted Data,submitted,false,407616,2006,1,,54,9847758.9,17065212,0,0,,89.4,151.1,92.5,153,2203.5,7.3,2.5,26912971,fuel_sum,26912970.9,36440870,0.738538,false
242162,2022,The Caravel,635 N Dearborn St,60654,NEAR NORTH SIDE,8,Multifamily Housing,Submitted Data,submitted,false,271000,2003,1,,73,4043624.4,13759450.2,0,0,,84,121.6,89,126.8,1263.4,6,3.5,17803075,fuel_sum,17803074.6,22764000,0.782071,false
242172,2022,Two East Oak Condominium Association,2 E Oak St,60611,NEAR NORTH SIDE,8,Multifamily Housing,Submitted Data,submitted,false,253772,1971,1,,82,3109884.3,18384228.7,0,0,,84.7,110.4,87.7,113.5,1386.1,5.5,4,21494113,fuel_sum,21494113,21494488,0.999983,true
242188,2022,Sterling Private Residences,345 N LaSalle St,60654,NEAR NORTH SIDE,8,Multifamily Housing,Submitted Data,submitted,false,919000,2001,1,,74,14517320,35824741.3,0,0,,70.7,109.9,74.9,114.4,3815,5.4,4,50342061,fuel_sum,50342061.3,64973300,0.774812,false
242236,2022,University Station CA,1550 S Blue Island Ave,60608,NEAR WEST SIDE,28,Multifamily Housing,Submitted Data,submitted,false,384369,1927,1,,67,8861493.8,10393299.9,0,0,,64.5,119.6,64.7,118.7,1719.2,5.8,4,19254794,fuel_sum,19254793.7,24791801,0.77666,false
242238,2022,535 North Michigan,535 N Michigan Ave,60611,NEAR NORTH SIDE,8,Multifamily Housing,Submitted Data,submitted,false,448591,1962,1,,95,5754051.5,23057363.6,0,0,,64.2,89.9,67.3,91.6,1982.6,4.4,4,28811415,fuel_sum,28811415.1,28799542,1.000412,true
242264,2022,Malibu East Condominium,6033 N Sheridan Rd,60660,EDGEWATER,77,Multifamily Housing,Submitted Data,submitted,false,1132600,1972,1,,64,41165345.4,0,0,0,,41.7,116.7,42.3,118.4,5422.1,5.5,3,41165345,fuel_sum,41165345.4,47229420,0.871604,false
242279,2022,1100 N Lake Shore Condominium Assn,1100 N LAKESHORE DR,60611,NEAR NORTH SIDE,8,,Submitted Data,submitted,false,228490,,,,,,,,,,,,,,,,0,,,,,,
242313,2022,3150 CA,3150 N Lake Shore Dr,60657,LAKE VIEW,6,,Not Submitted,not_submitted,false,553150,,,,,,,,,,,,,,,,0,,,,,,
242359,2022,1000 W Washington Blvd,1000 W Washington Blvd,60607,NEAR WEST SIDE,28,Multifamily Housing,Submitted Data,submitted,false,438065,1902,2,,100,2390306.8,6193653.8,0,0,,24.3,37.3,24.7,37.5,643.8,1.8,4,8583961,fuel_sum,8583960.6,10644980,0.806386,false
242510,2022,The Residences at Joffrey Tower Condo Association,8 E Randolph St,60601,LOOP,32,Multifamily Housing,Submitted Data,submitted,false,440398,2008,1,,27,10994017.8,22776424.7,0,10365780,,107.5,156.3,109.1,158.2,3204.1,7.8,1,44136223,fuel_sum,44136222.5,47342785,0.932269,false
242537,2022,James Kilmer Condo Association,1560 N Sandburg Ter,60610,NEAR NORTH SIDE,8,Multifamily Housing,Submitted Data,submitted,false,898001,1971,2,,96,8855062.2,39823842.8,0,0,,64.9,88.8,68.4,91.7,3281.6,4.4,4,48678905,fuel_sum,48678905,58280265,0.835255,false
242554,2022,,3001 S MICHIGAN AVE,60616,DOUGLAS,35,Multifamily Housing,Submitted Data,submitted,false,293042,1964,1,,46,3704062.5,18716907.4,0,0,,107.8,144.3,112.1,148,1482,7.1,2,22420970,fuel_sum,22420969.9,31589928,0.709751,false
242563,2022,(IL279) - 212 W Washington Condo,212 W Washington St,60606,LOOP,32,Multifamily Housing,Submitted Data,submitted,false,344298,1912,1,,84,7868114.3,6806220.4,0,0,,52.8,105,51.8,102.2,1397.9,5,4,14674335,fuel_sum,14674334.7,18178934,0.807216,false
242586,2022,250 270 Pearson,250 270 E Pearson St,60611,NEAR NORTH SIDE,8,Multifamily Housing,Submitted Data,submitted,false,734270,2003,1,,96,11046681.9,18981894,0,0,,49.1,83.1,50.3,83.2,2463.2,4,4,30028576,fuel_sum,30028575.9,36052657,0.832909,false
242605,2022,850 Dewitt Place Condominiums,850 N Dewitt Pl,60611,NEAR NORTH SIDE,8,Multifamily Housing,Submitted Data,submitted,false,280100,1957,1,,76,3895315.8,16828052.2,0,0,,78.8,108.7,83.3,112.4,1406.9,5.3,3.5,20723368,fuel_sum,20723368,22071880,0.938904,false
242629,2022,Hollywood Towers Condo Association,5701 N Sheridan Rd,60660,EDGEWATER,77,Multifamily Housing,Submitted Data,submitted,false,582000,1962,1,,25,12813696.5,48188963.9,0,0,,108.5,153.9,113,157.2,4247.3,7.6,1,61002660,fuel_sum,61002660.4,63147000,0.966042,false
242633,2022,530 North Lake Shore Drive,530 N Lake Shore Dr,60611,NEAR NORTH SIDE,8,Multifamily Housing,Submitted Data,submitted,false,650925,2003,1,,92,7637100.2,22692998.7,0,0,,59,87.9,62.2,90.7,2211.2,4.3,4,30330099,fuel_sum,30330098.9,38404575,0.789752,false
242635,2022,R&D 659 CA,659 W Randolph St,60661,NEAR WEST SIDE,28,Multifamily Housing,Submitted Data,submitted,false,335000,2008,1,,33,9159511.8,17085630.6,0,0,,85.6,142.2,89.1,145,2113.9,6.9,1.5,26245142,fuel_sum,26245142.4,28676000,0.91523,false
242638,2022,Ontario Street Lofts CA,411 W Ontario St,60654,NEAR NORTH SIDE,8,Multifamily Housing,Submitted Data,submitted,false,329554,1994,1,,93,4328415.4,10232913.5,0,0,,55.6,87.3,56,86.2,1113.6,4.3,4,14561329,fuel_sum,14561328.9,18323202,0.794693,false
242643,2022,(IL296) - 1400 Museum Park Condo,100 E 14th St,60605,NEAR SOUTH SIDE,33,Multifamily Housing,Submitted Data,submitted,false,654460,2008,1,,99,11546264.8,9670043.1,0,0,,39.8,79.8,39,77.4,2034.4,3.8,4,21216308,fuel_sum,21216307.9,26047508,0.814524,false
242654,2022,1660 N LaSalle CA,1660 N LaSalle St,60614,LINCOLN PARK,7,Multifamily Housing,Submitted Data,submitted,false,608132,1978,1,,56,11461409.4,30940258.7,0,0,,88.9,135.3,92.3,138.9,3153,6.6,2.5,42401668,fuel_sum,42401668.1,54062935,0.784302,false
242655,2022,10 E. Delaware Condominium Association,10 E Delaware Pl,60611,NEAR NORTH SIDE,8,Multifamily Housing,Submitted Data,submitted,false,449653,2009,1,,53,11906984.1,13642615.9,0,0,,69,128.6,69.1,127.2,2292.9,6.2,2.5,25549600,fuel_sum,25549600,31026057,0.823488,false
242661,2022,,2921 S MICHIGAN AVE,60616,DOUGLAS,35,Multifamily Housing,Submitted Data,submitted,false,67133,1964,1,,32,1333751.3,6122449.8,0,0,,111.1,151.4,117.6,157.2,500.9,7.5,1.5,7456201,fuel_sum,7456201.1,7458476,0.999695,true
242732,2022,The Residences at Hudson & Huron Condominium Association,451 W HURON ST,60654,NEAR NORTH SIDE,8,Multifamily Housing,Submitted Data,submitted,false,232300,2007,1,,87,3878702.3,7807654.9,0,0,,53.5,87.2,53.9,86.4,925.6,4.2,4,11686357,fuel_sum,11686357.2,12428050,0.940321,false
242901,2022,Carl Sandburg Village Condo Association #2,1455 - 1460 N Sandburg Ter,60610,NEAR NORTH SIDE,8,Multifamily Housing,Submitted Data,submitted,false,870112,1962,2,,94,6094424.2,45227886.5,0,0,,65.7,82.6,65.7,82.6,3205,4.1,4,51322311,fuel_sum,51322310.7,57166358,0.897771,false
242935,2022,The New York Private Residences,3660 N Lake Shore Dr,60613,LAKE VIEW,6,,Submitted Data,submitted,false,748762,,,,,,,,,,,,,,,,0,,,,,,
242950,2022,Park Place Condominiums,600 N KINGSBURY ST,60654,NEAR NORTH SIDE,8,Multifamily Housing,Submitted Data,submitted,false,326810,2002,1,,14,5982534,17719792.1,0,7739544.1,,130.8,176.4,127,173.4,,,1,31441870,fuel_sum,31441870.2,42746748,0.735538,false
243057,2022,El Lago Condominium Association,6157 N Sheridan Rd,60660,EDGEWATER,77,Multifamily Housing,Submitted Data,submitted,false,322050,1959,1,,27,5451892.6,27727918.5,0,0,,112.5,150.4,117.3,154.4,2190.9,7.4,1,33179811,fuel_sum,33179811.1,36230625,0.915795,false
243071,2022,1620 S. Michigan Ave Condo Association,1620 S Michigan Ave,60616,NEAR SOUTH SIDE,33,Multifamily Housing,Submitted Data,submitted,false,306737,2006,1,,,6919342.2,16015400.4,0,0,,91.1,143.8,92.9,143.1,1762,7,1,22934743,fuel_sum,22934742.6,27943741,0.820747,false
243108,2022,The 3600 Condominium Association,3600 N Lake Shore Dr,60613,LAKE VIEW,6,Multifamily Housing,Submitted Data,submitted,false,841880,1960,2,,33,14741445.4,69825968.3,0,0,,100.5,136.1,105.5,140.1,5650.4,6.7,1.5,84567414,fuel_sum,84567413.7,84608940,0.999509,true
243190,2022,2 East Erie,2 E Erie St,60611,NEAR NORTH SIDE,8,Multifamily Housing,Submitted Data,submitted,false,498623,2002,1,,17,14181121.5,18633175.8,0,3369468.1,,90.8,156.4,93.3,160.1,,,1,36183765,fuel_sum,36183765.4,45274968,0.7992,false
243199,2022,Montgomery on Superior Condominium Association,500 W Superior St,60654,NEAR NORTH SIDE,8,Multifamily Housing,Submitted Data,submitted,false,649737,2005,1,,8,15698799.7,37546598.2,0,0,,132,206.8,136.8,211.8,4062,10.1,1,53245398,fuel_sum,53245397.9,85765284,0.620827,false
243246,2022,Eliot House Condominium Association,1255 N Sandburg Ter,60610,NEAR NORTH SIDE,8,Multifamily Housing,Submitted Data,submitted,false,383216,1963,1,,26,7439010.6,29448118.9,0,0,,117.7,165.1,124.3,170.2,2544,8.1,1,36887130,fuel_sum,36887129.5,45104523,0.817814,false
243247,2022,The Private Residences of Ritchie Court,1313 N Ritchie Ct,60610,NEAR NORTH SIDE,8,Multifamily Housing,Submitted Data,submitted,false,239468,1973,1,,65,8421339.6,0,0,0,,43.2,121,44.2,123.7,1109.2,5.7,3,8421340,fuel_sum,8421339.6,10345018,0.814048,false
243278,2022,253 East Delaware Condominium Association,253 E DELAWARE PL,60611,NEAR NORTH SIDE,8,Multifamily Housing,Submitted Data,submitted,false,161864,1957,1,,47,2215484.1,13392138.8,0,0,,109.2,141.8,116,148.1,1003.1,7,2,15607623,fuel_sum,15607622.9,17675549,0.883006,false
243345,2022,Shoreline Towers CA,6301 N Sheridan Rd,60660,EDGEWATER,77,Multifamily Housing,Submitted Data,submitted,false,518308,1965,1,,37,9487868,33916172.3,0,0,,98.5,141.1,102.3,143.9,3051.1,6.9,1.5,43404040,fuel_sum,43404040.3,51053338,0.85017,false
243527,2022,RiverView Condominium Association,445 E North Water St,60611,NEAR NORTH SIDE,8,Multifamily Housing,Submitted Data,submitted,false,1135720,2000,2,,100,12898875.7,21943686.4,0,0,,41.9,71.2,43.1,71.3,2864.5,3.4,4,34842562,fuel_sum,34842562.1,47586668,0.732192,false
243547,2022,Admiral's Pointe Condominium Association,645 N Kingsbury St,60654,NEAR NORTH SIDE,8,Multifamily Housing,Submitted Data,submitted,false,291682,2001,1,,,4788671.6,15567292.8,0,0,,,,,,,,0,,,20355964.4,,,
243578,2022,(IL610) - 2400 Lakeview Condo,2400 N Lakeview Ave,60614,LINCOLN PARK,7,Multifamily Housing,Submitted Data,submitted,false,315738,1963,1,,45,7065888.6,21388713.8,0,0,,97.1,144.1,101.8,147.2,2066.7,7.1,2,28454602,fuel_sum,28454602.4,30658160,0.928125,false
243596,2022,Imperial Towers Condominium,4250 N Marine Dr,60613,UPTOWN,3,Multifamily Housing,Submitted Data,submitted,false,1256710,1962,1,,76,8862428.1,87179426.4,0,0,,85.3,103.3,91.2,109.5,5797.8,5.1,4,96041855,fuel_sum,96041854.5,107197363,0.895935,false
243626,2022,Silver Tower Condominium Association,303 W Ohio St,60654,NEAR NORTH SIDE,8,Multifamily Housing,Submitted Data,submitted,false,444207,2009,1,,97,4111125.5,15481859.3,0,0,,68.6,97.2,70.4,99.1,1363.8,4.8,4,19592985,fuel_sum,19592984.8,30472600,0.642971,false
243636,2022,Winston Tower #3,7061 N Kedzie Ave,60645,WEST RIDGE,2,Multifamily Housing,Submitted Data,submitted,false,482000,1968,1,,80,7153657.5,19655301,0,0,,67,101.7,66.6,100.4,1986.2,5,4,26808959,fuel_sum,26808958.5,32294000,0.830153,false
243683,2022,3950 N Lake Shore Drive CA,3950 N Lake Shore Dr,60613,LAKE VIEW,6,Multifamily Housing,Submitted Data,submitted,false,802292,1957,1,,53,15107554.5,60628051.9,0,0,,102,142.7,106.8,146.4,5210.1,7,2.5,75735606,fuel_sum,75735606.4,81833784,0.925481,false
243690,2022,The 400 Condominium Association,400 E Randolph St,60601,LOOP,32,Multifamily Housing,Submitted Data,submitted,false,1361500,1963,1,,76,21376257.2,63491478.9,0,0,,76.5,114,80,116.7,6187.9,5.6,3.5,84867736,fuel_sum,84867736.1,104154750,0.814823,false
243692,2022,5445 Edgewater Plaza Condo Association,5445 N Sheridan Rd,60640,EDGEWATER,77,Multifamily Housing,Submitted Data,submitted,false,518310,1971,1,,47,6897415.3,42479401.7,0,0,,116.1,150.2,123,156,3164.8,7.4,3,49376817,fuel_sum,49376817,60175791,0.820543,false
243703,2022,The Newport CA,4800 S Chicago Beach Dr,60615,KENWOOD,39,Multifamily Housing,Submitted Data,submitted,false,842012,1963,2,,61,8635434.2,71169926.6,0,0,,103.6,128.4,110.9,136,4917.6,6.4,3,79805361,fuel_sum,79805360.8,87232443,0.914859,false
243714,2022,Grandville Tower Condominiums,6166 N SHERIDAN RD,60660,EDGEWATER,77,Multifamily Housing,Submitted Data,submitted,false,194910,1965,1,,47,3197271.9,15016125.9,0,0,,93.4,126.8,97.3,129.8,1218.7,6.3,2,18213398,fuel_sum,18213397.8,18204594,1.000484,true
243745,2022,Kennelly Square Condominium Association,1749 N Wells St,60614,LINCOLN PARK,7,Multifamily Housing,Submitted Data,submitted,false,330096,1972,1,,95,3967037.7,14801500.8,0,0,,57.5,81.6,57.5,81.6,1308.7,4,4,18768539,fuel_sum,18768538.5,18980520,0.988832,true
243773,2022,680 North Lake Shore Drive,680 N Lake Shore Dr,60611,NEAR NORTH SIDE,8,Multifamily Housing,Submitted Data,submitted,false,1945838,1926,1,,94,35766827.6,53806449.6,0,0,,54.4,95.1,56.6,97,7568.9,4.6,4,89573277,fuel_sum,89573277.2,105853587,0.8462,false
243776,2022,1150 Condominium Association,1150 N Lake Shore Dr,60611,NEAR NORTH SIDE,8,Multifamily Housing,Submitted Data,submitted,false,298653,1957,1,,57,4977894.8,18051238.9,0,0,,95.4,136.2,99.9,138.5,1614.4,6.7,2.5,23029134,fuel_sum,23029133.7,28491496,0.808281,false
243913,2022,990 North Lake Shore Drive,990 N Lake Shore Dr,60611,NEAR NORTH SIDE,8,Multifamily Housing,Submitted Data,submitted,false,331127,1973,1,,16,12489242.8,10220816.8,0,0,,76.6,154.1,79.6,158,2187.9,7.4,1,22710060,fuel_sum,22710059.6,25364328,0.895354,false
243916,2022,,2930 N SHERIDAN RD,60657,LAKE VIEW,6,Multifamily Housing,Submitted Data,submitted,false,242000,1956,1,,62,5355536.1,15508913.5,0,0,,86.2,129.3,90.5,131.7,1529.2,6.3,3,20864450,fuel_sum,20864449.6,20860400,1.000194,true
243920,2022,Newberry Plaza Condominium Association,1030 N State St,60610,NEAR NORTH SIDE,8,Multifamily Housing,Submitted Data,submitted,false,903456,1970,1,,55,19352887.1,39203048,0,0,,77.2,125.7,77.8,124.1,4631.3,6.1,3.5,58555935,fuel_sum,58555935.1,69746803,0.83955,false
243929,2022,The ParkShore Condominium Association,195 N Harbor Dr,60601,LOOP,32,Multifamily Housing,Submitted Data,submitted,false,1122828,1991,1,,77,26091284.7,21878218.2,0,0,,47.5,95.1,48.6,96.2,4598.6,4.6,4,47969503,fuel_sum,47969502.9,53334330,0.899411,false
243937,2022,The Residences of 41 E. 8th Street,41 E 8th St,60605,LOOP,32,Multifamily Housing,Submitted Data,submitted,false,409326,2002,1,,33,8680522.4,20768540.9,0,0,,99.4,155.6,104.2,159.6,2246.5,7.6,1.5,29449063,fuel_sum,29449063.3,40687004,0.723795,false
244017,2022,River Plaza,405 N Wabash Ave,60611,NEAR NORTH SIDE,8,Multifamily Housing,Submitted Data,submitted,false,892791,1976,1,,45,18780656.7,48454906.2,0,0,,91.6,140.9,95.9,143.7,5047.4,6.9,2,67235563,fuel_sum,67235562.9,81779656,0.822155,false
244073,2022,900/910 Lake Shore Drive,900 N Lake Shore Dr,60611,NEAR NORTH SIDE,8,Multifamily Housing,Submitted Data,submitted,false,732456,1955,2,,79,7813260.5,45061432.4,0,0,,84.9,111.1,89.5,113.9,3422.5,5.5,4,52874693,fuel_sum,52874692.9,62185514,0.850273,false
244099,2022,Trump International Hotel & Tower Chicago,401 N Wabash Ave,60611,NEAR NORTH SIDE,8,Mixed Use Property,Submitted Data,submitted,false,2612396,2008,1,,41,113104377.3,19804313.8,0,0,,62.5,158.8,63.1,160.3,15949.4,7.5,2,132908691,fuel_sum,132908691.1,163274750,0.814019,false
244102,2022,River City - 800 South Wells,800 S Wells St,60607,LOOP,32,Mixed Use Property,Submitted Data,submitted,true,1020512,1986,1,,,11209863.4,26298038.8,0,0,,37.8,59.4,39.5,60.3,2873.3,2.9,,37507902,fuel_sum,37507902.2,38575354,0.972328,true
244182,2022,Park Place Tower I CA,655 W Irving Park Rd,60613,LAKE VIEW,6,Multifamily Housing,Submitted Data,submitted,false,1193156,1970,1,,30,22152585.6,83978305.6,0,0,,107.3,151.8,112.5,154.9,7378.3,7.5,1,106130891,fuel_sum,106130891.2,128025639,0.828982,false
244200,2022,Michigan Avenue Tower Condominium Association,1250 S Michigan Ave,60605,NEAR SOUTH SIDE,33,Multifamily Housing,Submitted Data,submitted,false,441181,2008,1,,63,13214948.1,9075664.4,0,0,,55.4,115.5,55.6,114.8,2222.6,5.5,4,22290613,fuel_sum,22290612.5,24441427,0.912001,false
244282,2022,600 N Fairbanks Condo Association,600 N Fairbanks Ct,60611,NEAR NORTH SIDE,8,Multifamily Housing,Submitted Data,submitted,false,456057,2007,1,,45,13682460.1,13125403.3,0,0,,70.6,137.3,71.6,137.7,2499.3,6.6,3,26807863,fuel_sum,26807863.4,32197624,0.832604,false
244311,2022,3750 North Lakeshore Drive,3750 N Lake Shore Dr,60613,LAKE VIEW,6,Multifamily Housing,Submitted Data,submitted,false,391234,1926,1,,89,5062308.6,22658901,0,0,,70.9,97,75,100.4,1870.3,4.8,4,27721210,fuel_sum,27721209.6,27738491,0.999377,true
244318,2022,The Edge Lofts & Tower Condominium Association,210 S Des Plaines St,60661,NEAR WEST SIDE,28,Multifamily Housing,Submitted Data,submitted,false,353135,2004,1,,65,5365891.1,17271723.3,0,0,,95.2,139.4,97.7,140,1624.1,6.8,4,22637614,fuel_sum,22637614.4,33618452,0.673369,false
244325,2022,,7033 N KEDZIE AVE,60645,WEST RIDGE,2,Multifamily Housing,Submitted Data,submitted,false,333000,1968,1,,8,7018739.8,40489233,0,0,,146.2,191.3,136,179.6,3075,9.5,1,47507973,fuel_sum,47507972.8,48684600,0.975832,true
244333,2022,,421 433 W HURON ST,60610,NEAR NORTH SIDE,8,Multifamily Housing,Submitted Data,submitted,false,181727,2001,1,,55,3348113.9,8594012.1,0,0,,96.9,149.3,102.2,153.9,897.5,7.3,3.5,11942126,fuel_sum,11942126,17609346,0.67817,false
244340,2022,Winston Towers No. 5,7141 N Kedzie Ave,60645,WEST RIDGE,2,Multifamily Housing,Submitted Data,submitted,false,350800,1972,1,,59,5930510.7,22806954.4,0,0,,99.8,140.8,101,140.8,1992.5,6.9,3.5,28737465,fuel_sum,28737465.1,35009840,0.82084,false
244360,2022,1720 South Michigan Condominium Association,1720 S Michigan Ave,60616,NEAR SOUTH SIDE,33,Multifamily Housing,Submitted Data,submitted,false,684299,2007,1,,89,11713020.5,26680707.1,0,0,,72.6,115,75.1,115.2,2959.9,5.6,4,38393728,fuel_sum,38393727.6,49680107,0.772819,false
244387,2022,Regatta Condominium Association,420 E Waterside Dr,60601,LOOP,32,Multifamily Housing,Submitted Data,submitted,false,640423,2006,1,,59,12379094.2,25680814.2,0,0,,84.2,136.3,86.8,138.3,2994.5,6.6,2.5,38059908,fuel_sum,38059908.4,53923617,0.705811,false
244426,2022,Park Alexandria Condominium Association,125 S Jefferson St,60661,NEAR WEST SIDE,28,Multifamily Housing,Submitted Data,submitted,false,468371,2003,1,,99,6019142,8429570.9,0,0,,34.5,61.4,33.5,58.6,1240.5,3,4,14448713,fuel_sum,14448712.9,16158800,0.89417,false
244447,2022,One River Place Condominium Association,758 N Larrabee St,60654,NEAR NORTH SIDE,8,Multifamily Housing,Submitted Data,submitted,false,470214,1929,1,,93,7700504.5,13816831.8,0,0,,58.8,98.6,59.4,97.7,1748.1,4.8,4,21517336,fuel_sum,21517336.3,27648583,0.778244,false
244449,2022,30 East Huron Condominium Association,30 40 E Huron St,60611,NEAR NORTH SIDE,8,Multifamily Housing,Submitted Data,submitted,false,633938,1980,1,,13,29860392.5,15529946.7,0,0,,81.6,179.7,83.4,183.2,4757.9,8.6,1,45390339,fuel_sum,45390339.2,51729341,0.877458,false
244503,2022,5000 East End Condominium Association,5000 S East End Ave,60615,KENWOOD,39,Multifamily Housing,Submitted Data,submitted,false,260297,1928,1,,71,2573563.7,18443454.6,0,0,,89.5,113.1,95.4,118.6,1318.6,5.6,3.5,21017018,fuel_sum,21017018.3,23296582,0.90215,false
244523,2022,933 Van Buren Condominium Association,933 W Van Buren St,60607,NEAR WEST SIDE,28,Multifamily Housing,Submitted Data,submitted,false,340015,2003,1,,83,6367700.7,10589448.5,0,0,,56.5,96.5,57.1,95.6,1401.2,4.7,4,16957149,fuel_sum,16957149.2,19210848,0.882686,false
244534,2022,One Museum Park East Condominium Association,1211 S Prairie Ave,60605,NEAR SOUTH SIDE,33,Multifamily Housing,Submitted Data,submitted,false,1151549,2008,1,,91,16249130.5,42635808.7,0,0,,61.8,94.8,64.6,96.8,4404.8,4.6,4,58884939,fuel_sum,58884939.2,71165728,0.827434,false
244535,2022,(IL526)-Carl Sandburg Village,1355 N Sandburg Ter,60610,NEAR NORTH SIDE,8,Multifamily Housing,Submitted Data,submitted,false,847443,1963,2,,65,12291280.2,48124945.8,0,0,,83.6,117.6,88.4,121.2,4175.1,5.8,3,60416226,fuel_sum,60416226,70846235,0.85278,false
244550,2022,2650 Lakeview Condominium Association,2650 N Lakeview Ave,60614,LINCOLN PARK,7,Multifamily Housing,Submitted Data,submitted,false,561880,1972,1,,48,12187772.1,30332559.6,0,0,,89.9,139.5,94,141.7,3216.4,6.8,2,42520332,fuel_sum,42520331.7,50513012,0.84177,false
244591,2022,630 North State Parkway Condo,630 N State St,60654,NEAR NORTH SIDE,8,Multifamily Housing,Submitted Data,submitted,false,332950,2001,1,,3,9351883.1,16749460,0,6578099.8,,133.5,203.3,133.9,204.6,,,1,32679443,fuel_sum,32679442.9,44448825,0.735215,false
244592,2022,Harbor View Condo Association,1901 S Calumet Ave,60616,NEAR SOUTH SIDE,33,Multifamily Housing,Submitted Data,submitted,false,537033,2009,1,,75,11038210.8,19763183.6,0,0,,73.5,123.2,76,123.6,2503.6,6,3.5,30801394,fuel_sum,30801394.4,39471926,0.780337,false
244593,2022,111 E Chestnut Condominium Association,111 E Chestnut St,60611,NEAR NORTH SIDE,8,Multifamily Housing,Submitted Data,submitted,false,672000,1970,1,,43,23442060,13031020.5,0,0,,62,134.9,63.4,137.5,3779.8,6.4,2,36473081,fuel_sum,36473080.5,41664000,0.87541,false
244600,2022,One Museum Park West,1201 S Prairie Ave,60605,NEAR SOUTH SIDE,33,Multifamily Housing,Submitted Data,submitted,false,809005,2008,1,,58,19533321,31849603.7,0,0,,78.9,135.3,82.5,138.9,4264.5,6.5,2.5,51382925,fuel_sum,51382924.7,63830495,0.80499,false
244613,2022,Fairbanks at Cityfront Plaza,240 E Illinois St,60611,NEAR NORTH SIDE,8,Multifamily Housing,Submitted Data,submitted,false,819946,2006,1,,69,19345824.1,41751181.1,0,0,,103.2,165.6,104.7,166.5,4765.7,8.1,3,61097005,fuel_sum,61097005.2,84618427,0.72203,false
244747,2022,Lancaster Condo Association,201 N Westshore Dr,60601,LOOP,32,Multifamily Housing,Submitted Data,submitted,false,434100,2004,1,,48,8700219.6,19967599.9,0,0,,88.8,140.3,93.3,145.1,2206.5,6.8,2,28667820,fuel_sum,28667819.5,38548080,0.74369,false
244758,2022,Americana Towers Condominium,1636 N Wells St,60614,LINCOLN PARK,7,Multifamily Housing,Submitted Data,submitted,false,437588,1972,1,,52,9491138.8,22948084.9,0,0,,91.2,142.5,95.1,145.1,2469,6.9,2.5,32439224,fuel_sum,32439223.7,39908026,0.81285,false
244760,2022,50 East Bellevue Condo Association,50 E Bellevue Pl,60611,NEAR NORTH SIDE,8,Multifamily Housing,Submitted Data,submitted,false,262881,1979,1,,85,6474443.2,5123761.7,0,0,,48.1,97.5,49.3,99.7,1124.9,4.7,4,11598205,fuel_sum,11598204.9,12644576,0.917247,false
244791,2022,The Chandler at Lakeshore East,450 E Waterside Dr,60601,LOOP,32,Multifamily Housing,Submitted Data,submitted,false,628921,2007,1,,62,11867525.1,25336147.2,0,0,,78.1,125.5,81,127.9,2908.8,6.1,3,37203672,fuel_sum,37203672.3,49118730,0.757423,false
244809,2022,Malibu Condominium,6007 N Sheridan Rd,60660,EDGEWATER,77,Multifamily Housing,Submitted Data,submitted,false,616050,1969,1,,87,19012285.7,0,0,0,,37.2,104.3,37.5,105.1,2504.2,4.9,4,19012286,fuel_sum,19012285.7,22917060,0.829613,false
244817,2022,The Towers,1221 N DEARBORN ST,60610,NEAR NORTH SIDE,8,Multifamily Housing,Submitted Data,submitted,false,217800,1974,1,,54,9441024.9,3202453.8,0,0,,58.1,136.8,58.2,137.3,1413.6,6.5,2.5,12643479,fuel_sum,12643478.7,12654180,0.999154,true
244826,2022,Park Tower Condominium Association,5415 N Sheridan Rd,60640,EDGEWATER,77,Multifamily Housing,Submitted Data,submitted,false,990049,1971,1,,64,16895321,55791351,0,0,,84.2,122.7,89,126.5,5188.7,6,3,72686672,fuel_sum,72686672,83362126,0.871939,false
244840,2022,235 W. Van Buren Condo Association,235 W Van Buren St,60607,LOOP,32,Multifamily Housing,Submitted Data,submitted,false,1046220,2009,1,,74,17101249.8,41569520.7,0,12285995.6,,88.5,128.2,89.5,129.6,,,3.5,70956766,fuel_sum,70956766.1,92590470,0.766351,false
244931,2022,Metropolitan Place Condominium Association,130 S Canal St,60606,NEAR WEST SIDE,28,,Not Submitted,not_submitted,false,574600,,,,,,,,,,,,,,,,0,,,,,,
245071,2022,Lake Shore Condominium Association,1440 N LAKESHORE DR,60610,NEAR NORTH SIDE,8,Multifamily Housing,Submitted Data,submitted,false,331474,1962,1,,96,421177.1,23519920.1,0,0,,78.4,84.8,84.2,90.6,1304.7,4.3,4,23941097,fuel_sum,23941097.2,25987562,0.921252,false
250001,2022,120 North LaSalle,120 N LaSalle St,60602,LOOP,32,Office,Submitted Data,submitted,false,570884,1991,1,,67,23400985.9,0,0,0,,49.6,139,50.3,140.9,3082.2,6.5,3,23400986,fuel_sum,23400985.9,28315846,0.826427,false
250002,2022,Arturo Velasquez Institute,2800 S Western Ave,60608,LOWER WEST SIDE,31,,Not Submitted,not_submitted,false,349767,,,,,,,,,,,,,,,,0,,,,,,
250004,2022,Kennedy-King College,6301 S Halsted Ave,60621,ENGLEWOOD,68,,Not Submitted,not_submitted,false,741244,,,,,,,,,,,,,,,,0,,,,,,
250008,2022,Dawson Technical Institute,3901 S State St,60609,GRAND BOULEVARD,38,,Not Submitted,not_submitted,false,153828,,,,,,,,,,,,,,,,0,,,,,,
250014,2022,Mann Park,2949 E 131st St,60633,HEGEWISCH,55,,Not Submitted,not_submitted,false,51273,,,,,,,,,,,,,,,,0,,,,,,
250015,2022,Hamilton Park,513 W 72nd St,60621,ENGLEWOOD,68,,Not Submitted,not_submitted,false,66458,,,,,,,,,,,,,,,,0,,,,,,
250016,2022,Loyola Park,1230 W Greenleaf Ave,60626,ROGERS PARK,1,,Not Submitted,not_submitted,false,75220,,,,,,,,,,,,,,,,0,,,,,,
250017,2022,Humboldt Park,1440 N Sacramento Dr,60622,NORTH LAWNDALE,29,,Not Submitted,not_submitted,false,65529,,,,,,,,,,,,,,,,0,,,,,,
250018,2022,Douglas Park,1401 S Sacramento Dr,60623,NORTH LAWNDALE,29,,Not Submitted,not_submitted,false,69619,,,,,,,,,,,,,,,,0,,,,,,
250019,2022,Calumet Park,9801 S Avenue G,60617,EAST SIDE,52,,Not Submitted,not_submitted,false,63368,,,,,,,,,,,,,,,,0,,,,,,
250020,2022,Gage Park,2411 W 55th St,60632,GAGE PARK,63,,Not Submitted,not_submitted,false,64960,,,,,,,,,,,,,,,,0,,,,,,
250021,2022,Pulaski Park,1419 W Blackhawk St,60642,WEST TOWN,24,,Not Submitted,not_submitted,false,60246,,,,,,,,,,,,,,,,0,,,,,,
250022,2022,Fosco Park,1312 S Racine Ave,60608,NEAR WEST SIDE,28,,Not Submitted,not_submitted,false,89780,,,,,,,,,,,,,,,,0,,,,,,
250023,2022,La Follette Park,1333 N Laramie Ave,60651,AUSTIN,25,,Not Submitted,not_submitted,false,66455,,,,,,,,,,,,,,,,0,,,,,,
250027,2022,Garfield Park Conservatory,300 N Central Park Ave,60624,EAST GARFIELD PARK,27,,Not Submitted,not_submitted,false,419907,,,,,,,,,,,,,,,,0,,,,,,
250029,2022,Washington Park Fieldhouse,5531 S Martin Luther King Dr,60637,WASHINGTON PARK,40,,Not Submitted,not_submitted,false,185024,,,,,,,,,,,,,,,,0,,,,,,
250032,2022,California Park / McFetridge,3843 N California Ave,60618,IRVING PARK,16,,Not Submitted,not_submitted,false,157284,,,,,,,,,,,,,,,,0,,,,,,
250033,2022,South Shore Cultural Center,7059 S South Shore Dr,60649,SOUTH SHORE,43,,Not Submitted,not_submitted,false,258659,,,,,,,,,,,,,,,,0,,,,,,
250034,2022,Broadway Armory,5917 N Broadway Ave,60660,EDGEWATER,77,,Not Submitted,not_submitted,false,168700,,,,,,,,,,,,,,,,0,,,,,,
250035,2022,Austin Polytechical HS -CPS,231 N Pine Ave,60644,AUSTIN,25,,Exempt,exempt,true,397258,,,,,,,,,,,,,,,,,,,,,,
250036,2022,Bowen Environmental Studies HS -CPS,2710 E 89th St,60617,SOUTH CHICAGO,46,,Exempt,exempt,true,296441,,,,,,,,,,,,,,,,,,,,,,
250037,2022,"Brennemann Elementary, Joseph -CPS",4251 N Clarendon Ave,60613,UPTOWN,3,K-12 School,Submitted Data,submitted,false,53422,1963,2,,11,2540906.1,3075900,0,0,,105.1,193.6,109.9,199.4,498,9.3,1,5616806,fuel_sum,5616806.1,5614652,1.000384,true
250038,2022,Brooks College Prep. Acad - CPS,250 E 111th St,60628,ROSELAND,49,K-12 School,Submitted Data,submitted,false,264710,1914,5,,25,10428651.9,16263051.3,0,0,,100.8,174.8,104.6,178.8,2237.4,8.5,1,26691703,fuel_sum,26691703.2,26682768,1.000335,true
250039,2022,Carver Middle -CPS,801 E 133rd Pl,60827,RIVERDALE,54,,Exempt,exempt,true,144504,,,,,,,,,,,,,,,,,,,,,,
250040,2022,Chicago HS for Agricultural - CPS,3807 W 111th St,60655,MOUNT GREENWOOD,74,K-12 School,Submitted Data,submitted,false,192250,1957,3,,11,10717129.3,10641280.1,0,0,,111.1,214.2,112.1,212.4,1976.8,10.3,1,21358409,fuel_sum,21358409.4,21358975,0.999974,true
250041,2022,"North Lawndale College Prep Charter, Collins - CPS",1313 S Sacramento Blvd,60623,NORTH LAWNDALE,29,,Exempt,exempt,true,206018,,,,,,,,,,,,,,,,,,,,,,
250042,2022,Crane Achievement Academy -CPS,2245 W Jackson Blvd,60612,NEAR WEST SIDE,28,,Exempt,exempt,true,419415,,,,,,,,,,,,,,,,,,,,,,
250043,2022,Fenger Achievement Academy -CPS,11220 S Wallace St,60628,ROSELAND,49,,Exempt,exempt,true,341000,,,,,,,,,,,,,,,,,,,,,,
250044,2022,Garvey Elementary -CPS,10309 S Morgan St,60643,WASHINGTON HEIGHTS,73,,Exempt,exempt,true,55354,,,,,,,,,,,,,,,,,,,,,,
250045,2022,Hyde Park Academy HS -CPS,6220 S Stony Island Ave,60637,WOODLAWN,42,,Exempt,exempt,true,324961,,,,,,,,,,,,,,,,,,,,,,
250046,2022,"Jones College Prep, William - CPS",600 S State St,60605,LOOP,32,K-12 School,Submitted Data,submitted,false,383631,2013,5,,53,11313049.2,13262210.3,0,0,,64.1,118.9,64.8,119.7,2194.5,5.7,3.5,24575260,fuel_sum,24575259.5,24590747,0.99937,true
250047,2022,Julian HS -CPS,10330 S Elizabeth St,60643,WASHINGTON HEIGHTS,73,,Exempt,exempt,true,266404,,,,,,,,,,,,,,,,,,,,,,
250048,2022,Kennedy HS / Kinzie ES -CPS,6325 W 56th St,60638,GARFIELD RIDGE,56,K-12 School,Submitted Data,submitted,false,233791,1965,1,,27,9827450.6,14173520,0,0,,102.7,181.4,104.2,179.9,2047.2,8.8,1,24000971,fuel_sum,24000970.6,24010336,0.99961,true
250049,2022,Orr Academy HS -CPS,730 N Pulaski Rd,60624,HUMBOLDT PARK,23,K-12 School,Submitted Data,submitted,false,303310,1973,2,,10,19869648.2,9782690,0,0,,97.8,217.3,99.2,218.7,3136.7,10.3,1,29652338,fuel_sum,29652338.2,29663718,0.999616,true
250050,2022,Phillips Academy HS -CPS,244 E Pershing Rd,60653,DOUGLAS,35,,Exempt,exempt,true,287721,,,,,,,,,,,,,,,,,,,,,,
250051,2022,Simeon Career Academy HS -CPS,8235 S Vincennes Ave,60620,CHATHAM,44,K-12 School,Submitted Data,submitted,false,284691,2003,2,,18,13970696.4,14720339.7,0,0,,100.8,191.7,101.7,190.5,2622,9.2,1,28691036,fuel_sum,28691036.1,28696853,0.999797,true
250052,2022,Steinmetz Academic Center HS -CPS,3030 N Mobile Ave,60634,BELMONT CRAGIN,19,K-12 School,Submitted Data,submitted,false,398320,1934,3,,78,6655013.6,18493979.8,0,0,,63.1,95.5,65.1,97.6,1858.9,4.7,3.5,25148993,fuel_sum,25148993.4,25133992,1.000597,true
250053,2022,Taft HS -CPS,6545 W Hurlbut St,60631,NORWOOD PARK,10,K-12 School,Submitted Data,submitted,false,523970,1939,4,,84,10930638.7,12630888.5,0,0,,45,83.7,44.8,82.4,2110.6,4,4,23561527,fuel_sum,23561527.2,23578650,0.999274,true
250054,2022,Tilden HS -CPS,4747 S Union Ave,60609,NEW CITY,61,,Exempt,exempt,true,328514,,,,,,,,,,,,,,,,,,,,,,
250055,2022,Von Steuben Metro Science Center -CPS,5039 N Kimball Ave,60625,NORTH PARK,13,K-12 School,Submitted Data,submitted,false,248453,1930,1,,83,3734795.8,10890330,0,0,,58.9,88.1,60.7,90,1070.4,4.3,4,14625126,fuel_sum,14625125.8,14633882,0.999402,true
250056,2022,Whitney Young -CPS,211 S Laflin St,60607,NEAR WEST SIDE,28,K-12 School,Submitted Data,submitted,false,430443,1975,3,,3,25835728.1,40434717.7,0,0,,154,266.7,159.6,269.5,5550.6,12.9,1,66270446,fuel_sum,66270445.8,66288222,0.999732,true
250057,2022,Englewood Health Center,641 W 63rd St,60621,ENGLEWOOD,68,Outpatient Rehabilitation/Physical Therapy,Submitted Data,submitted,false,54189,1972,1,,,2651746.7,3895465.7,0,0,,120.8,212.5,125.7,215.9,556.2,10.3,1,6547212,fuel_sum,6547212.4,6546031,1.00018,true
250058,2022,Martin Luther King Community Center,4314 S Cottage Grove Ave,60653,GRAND BOULEVARD,38,Other - Entertainment/Public Assembly,Submitted Data,submitted,false,56687,1975,1,,,3769154.1,3645997.3,0,0,,130.8,253.7,131.7,250,690.1,12.2,1,7415151,fuel_sum,7415151.4,7414660,1.000066,true
250059,2022,311 City Services,2111 W Lexington St,60612,NEAR WEST SIDE,28,Office,Submitted Data,submitted,false,59000,1990,1,,13,5154773.8,4322997.2,0,0,,160.6,321.6,163.1,321,908.6,15.4,1,9477771,fuel_sum,9477771,9475400,1.00025,true
250060,2022,Garfield Center,10 S Kedzie Ave,60612,EAST GARFIELD PARK,27,Office,Submitted Data,submitted,false,62660,1971,1,,34,4069016,5150397.1,0,0,,147.1,268.1,151.1,269.2,809.5,12.9,1.5,9219413,fuel_sum,9219413.1,9217286,1.000231,true
250061,2022,Woodson Regional Library,9525 S Halsted St,60628,WASHINGTON HEIGHTS,73,Library,Submitted Data,submitted,false,65000,1975,1,,,5750546,2233818.7,0,0,,122.8,283.8,122,279.3,876.1,13.5,2,7984365,fuel_sum,7984364.7,7982000,1.000296,true
250062,2022,RJ Quinn Academy,558 W De Koven St,60607,NEAR WEST SIDE,28,Adult Education,Submitted Data,submitted,false,66285,1961,1,,,2649529.2,3322169.7,0,0,,90.1,164.5,91.9,165.6,525.4,7.9,2,5971699,fuel_sum,5971698.9,5972279,0.999903,true
250063,2022,Gallery 37,66 E Randolph St,60601,LOOP,32,,Not Submitted,not_submitted,false,75000,,,,,,,,,,,,,,,,0,,,,,,
250065,2022,Sulzer Library,4455 N Lincoln Ave,60625,LINCOLN SQUARE,4,Library,Submitted Data,submitted,false,83000,1985,1,,,3135772.8,3070594.8,0,0,,74.8,144.6,76.3,144.4,576.1,6.9,2,6206368,fuel_sum,6206367.6,6208400,0.999673,true
250067,2022,Goldblatts Building,1609 W Chicago Ave,60622,WEST TOWN,24,Office,Submitted Data,submitted,false,160280,1940,1,,58,9016977.9,3091890.3,0,0,,75.5,177.8,75.2,174.3,1351.9,8.4,2.5,12108868,fuel_sum,12108868.2,12101140,1.000639,true
250068,2022,Police Training Academy,1300 W Jackson Blvd,60607,NEAR WEST SIDE,28,Adult Education,Submitted Data,submitted,false,180000,1975,1,,,14350198.9,17276628.6,0,0,,175.7,324,180.7,326.6,2807.8,15.6,1,31626828,fuel_sum,31626827.5,31626000,1.000026,true
250069,2022,Altgeld Gardens,925 E 130th St,60628,RIVERDALE,54,Multifamily Housing,Submitted Data,submitted,false,1182400,1945,236,,11,47992217.3,109243642.4,0,0,,133,210.7,138.1,213.8,11050.6,9.3,1,157235860,fuel_sum,157235859.7,157259200,0.999852,true
250070,2022,Bridgeport Homes,844 W 32nd St,60608,BRIDGEPORT,60,Multifamily Housing,Submitted Data,submitted,false,110616,1943,14,,4,3240669.7,9328352.3,0,0,,113.6,170.6,116.5,171.8,922.3,8.3,1,12569022,fuel_sum,12569022,12565978,1.000242,true
250071,2022,Cabrini Rowhomes,900 N Hudson,60610,NEAR NORTH SIDE,8,Multifamily Housing,Submitted Data,submitted,false,744162,1943,56,,100,3133998.2,7637909.8,0,0,,14.5,22.6,14.3,22.2,818.5,1.1,4,10771908,fuel_sum,10771908,10790349,0.998291,true
250072,2022,Lake Parc Place,3939 - 3983 S Lake Park Ave,60653,OAKLAND,36,Multifamily Housing,Submitted Data,submitted,false,291997,1953,2,,66,2470344.4,29129971.3,0,0,,108.2,128.4,114.3,134.8,1872.6,6.4,3,31600316,fuel_sum,31600315.7,31594075,1.000198,true
250073,2022,Lathrop Homes,2000 W Diversey Ave,60647,NORTH CENTER,5,Multifamily Housing,Submitted Data,submitted,false,489845,1937,14,,71,11782292.6,14319381.9,0,0,,53.3,98,54.3,99.8,2312.5,4.7,4,26101675,fuel_sum,26101674.5,26108739,0.999729,true
250074,2022,Lawndale Gardens,2530 S Washtenaw Ave,60608,SOUTH LAWNDALE,30,Multifamily Housing,Submitted Data,submitted,false,99462,1943,8,,33,2807497.2,7982690.7,0,0,,108.5,163.3,113.7,167.3,793.8,8,2.5,10790188,fuel_sum,10790187.9,10791627,0.999867,true
250075,2022,Lowden Homes,200 W 95th St,60628,ROSELAND,49,Multifamily Housing,Submitted Data,submitted,false,114868,1954,19,,49,2331619.3,9692088.9,0,0,,104.7,145.4,104,143.6,821.9,7.2,3,12023708,fuel_sum,12023708.2,12026680,0.999753,true
250076,2022,Trumbull Park Homes,2437 E 106th St,60617,SOUTH DEERING,51,Multifamily Housing,Submitted Data,submitted,false,400023,1938,56,,1,11079760.8,76860621.3,0,0,,219.8,279.3,223.1,281.7,5541.8,13.9,1,87940382,fuel_sum,87940382.1,87925055,1.000174,true
250077,2022,Wentworth Gardens,3770 S Wentworth Ave,60609,ARMOUR SQUARE,34,Multifamily Housing,Submitted Data,submitted,false,838253,1947,32,,93,10874412,29350471.6,0,0,,48,73.1,50,74.7,2991.3,3.6,4,40224884,fuel_sum,40224883.6,40236144,0.99972,true
250078,2022,Westhaven Superblock,1815 W Monroe St,60612,NEAR WEST SIDE,28,Multifamily Housing,Submitted Data,submitted,false,102000,1969,1,,94,2105518.4,2994729.9,0,0,,50,88.6,51.1,89.8,436.4,4.3,4,5100248,fuel_sum,5100248.3,5100000,1.000049,true
250079,2022,Ada S Dennison-McKlinley Apts,661 E 69th St,60637,WOODLAWN,42,Multifamily Housing,Submitted Data,submitted,false,83063,1968,1,,59,1740154.3,6427639.8,0,0,,98.3,139.9,104.2,146.1,570.6,6.9,3.5,8167794,fuel_sum,8167794.1,8165093,1.000331,true
250080,2022,Albany Terrace Apts,3030 W 21st Pl,60623,SOUTH LAWNDALE,30,Multifamily Housing,Submitted Data,submitted,false,262612,1974,1,,88,4031252.6,15073630.1,0,0,,72.7,103.3,77,107.8,1331.6,5.1,4,19104883,fuel_sum,19104882.7,19091892,1.00068,true
250081,2022,Alfreda Barnett Duster Apts,150 S Campbell Ave,60612,NEAR WEST SIDE,28,Multifamily Housing,Submitted Data,submitted,false,101482,1967,1,,68,1778163.3,7083999.7,0,0,,88.4,123.8,93.4,128.1,610.5,6.1,4,8862163,fuel_sum,8862163,8971009,0.987867,true
250082,2022,Armour Square Apartments,3120 3250 S Wentworth Ave,60616,ARMOUR SQUARE,34,Multifamily Housing,Submitted Data,submitted,false,313167,1970,4,,25,3927769.5,38432204.2,0,0,,135.3,164,141.9,170.8,2558.7,8.2,1,42359974,fuel_sum,42359973.7,42371495,0.999728,true
250083,2022,Daniel Hudson Burnham Apartments,1930 W Loyola Ave,60626,WEST RIDGE,2,Multifamily Housing,Submitted Data,submitted,false,99530,1983,1,,49,2402895,9300499.3,0,0,,117.6,165.7,121.6,168.9,810.5,8.1,2,11703394,fuel_sum,11703394.3,11704728,0.999886,true
250085,2022,Elizabeth Davis Apartments,440 N Drake Ave,60624,HUMBOLDT PARK,23,Multifamily Housing,Submitted Data,submitted,false,116100,1965,1,,70,2509302.1,6424420,0,0,,81.5,125.7,85.1,128.4,671.7,6.1,3,8933722,fuel_sum,8933722.1,9462150,0.944153,false
250086,2022,Elizabeth Wood Apartments,1845 N Larrabee St,60614,LINCOLN PARK,7,Multifamily Housing,Submitted Data,submitted,false,57000,1980,1,,63,1277215.3,3969080.1,0,0,,92,135.9,95.8,137.9,379,6.6,4,5246295,fuel_sum,5246295.4,5244000,1.000438,true
250087,2022,Fannie Emanuel,3916 W Washington,60624,WEST GARFIELD PARK,26,Multifamily Housing,Submitted Data,submitted,false,94952,1963,1,,17,5430221.9,4974549.5,0,0,,109.6,215.1,110.2,213.2,979.5,10.3,1,10404771,fuel_sum,10404771.4,10406739,0.999811,true
250088,2022,Harry J. Schneider Apartments,1750 W Peterson Ave,60660,EDGEWATER,77,Multifamily Housing,Submitted Data,submitted,false,111293,1977,1,,57,2494032,8985660,0,0,,103.1,147.5,106.4,150.2,805.8,7.2,2.5,11479692,fuel_sum,11479692,11474308,1.000469,true
250089,2022,Hattie Callner,855 W Aldine Ave,60657,LAKE VIEW,6,Multifamily Housing,Submitted Data,submitted,false,115000,1965,1,,63,1424071.4,9859200.4,0,0,,98.1,124.7,104.2,129.8,711.2,6.2,4,11283272,fuel_sum,11283271.8,11281500,1.000157,true
250090,2022,Irene McCoy Gaines Apartments,3700 W Congress Pkwy,60624,EAST GARFIELD PARK,27,Multifamily Housing,Submitted Data,submitted,false,117963,1964,1,,80,1640483.4,8153720.1,0,0,,83,111.5,87.6,116.4,649.2,5.5,4,9794204,fuel_sum,9794203.5,9790929,1.000334,true
250091,2022,Judge Green Apartments,4030 S Lake Park Ave,60653,OAKLAND,36,Multifamily Housing,Submitted Data,submitted,false,130000,1967,1,,44,2060843.9,11959440,0,0,,107.8,141,114.2,146.2,906.7,7,2,14020284,fuel_sum,14020283.9,14014000,1.000448,true
250092,2022,Judge Harry M. Fisher Apartments,5821 N Broadway St,60660,EDGEWATER,77,Multifamily Housing,Submitted Data,submitted,false,173733,1964,1,,78,3627255.1,8241230,0,0,,68.3,108.3,70.5,110.1,915.5,5.3,3.5,11868485,fuel_sum,11868485.1,11865964,1.000212,true
250093,2022,Judge Frederick W. Slater Apartments,740 E 43rd St,60653,GRAND BOULEVARD,38,Multifamily Housing,Submitted Data,submitted,false,248472,1967,2,,71,5378107,17547890.8,0,0,,92.3,134.8,97.4,140.1,1640.4,6.6,3.5,22925998,fuel_sum,22925997.8,22933966,0.999653,true
250095,2022,Kenneth Campbell Apartments,6360 S Minerva Ave,60637,WOODLAWN,42,Multifamily Housing,Submitted Data,submitted,false,100911,1967,1,,63,2041859.9,8282279.7,0,0,,102.3,142.8,107.9,148.7,708.9,7,3,10324140,fuel_sum,10324139.6,10323195,1.000092,true
250098,2022,Lincoln Perry Apts,3245 S Prairie Ave,60616,DOUGLAS,35,Multifamily Housing,Submitted Data,submitted,false,312210,1973,2,,97,5745085.8,11080139.8,0,0,,53.9,88.8,55.6,89.7,1345.2,4.3,4,16825226,fuel_sum,16825225.6,16828119,0.999828,true
250099,2022,Long Life Apts,344 W 28th Pl,60616,ARMOUR SQUARE,34,Multifamily Housing,Submitted Data,submitted,false,95888,1964,1,,40,1287410,9879130.2,0,0,,116.5,145.8,121.9,151.5,694.3,7.2,1.5,11166540,fuel_sum,11166540.2,11170952,0.999605,true
250100,2022,Lorraine Hansberry Senior Apartments,5670 W Lake St,60644,AUSTIN,25,Multifamily Housing,Submitted Data,submitted,false,106272,1976,1,,72,2220231,7492939.8,0,0,,91.4,132.5,93.6,134.9,690.4,6.5,4,9713171,fuel_sum,9713170.8,9713261,0.999991,true
250101,2022,Margaret Day Blake Apartments,2140 N Clark St,60614,LINCOLN PARK,7,Multifamily Housing,Submitted Data,submitted,false,76384,1966,1,,59,1498905.1,5310969.9,0,0,,95.9,137.7,100.6,141.2,479.5,6.8,2.5,6809875,fuel_sum,6809875,7325226,0.929647,false
250102,2022,Maria Diaz Martinez Apts,2111 N Halsted St,60614,LINCOLN PARK,7,Multifamily Housing,Submitted Data,submitted,false,133953,1968,1,,78,1577663.7,8430210.2,0,0,,80.7,107.1,85.1,110.8,655.6,5.3,3.5,10007874,fuel_sum,10007873.9,10810007,0.925797,false
250104,2022,Mary Hartwell Catherwood Apts,3920 - 3940 N Clark St,60613,LAKE VIEW,6,Multifamily Housing,Submitted Data,submitted,false,240781,1970,3,,76,3800638.7,18166771,0,0,,91.2,123.4,96.8,129.3,1465.5,6.1,4,21967410,fuel_sum,21967409.7,21959227,1.000373,true
250105,2022,Mary Jane Richardson-Jones Apts,4930 S Langley Ave,60615,GRAND BOULEVARD,38,Multifamily Housing,Submitted Data,submitted,false,149900,1968,1,,82,2563797.9,7125170.1,0,0,,64.6,97.8,67.5,99.9,716.1,4.8,4,9688968,fuel_sum,9688968,9683540,1.000561,true
250106,2022,Maudele Brown Bousfield Apts,4945 S Cottage Grove Ave,60615,KENWOOD,39,Multifamily Housing,Submitted Data,submitted,false,67320,1961,1,,40,1341510.4,6268460,0,0,,113,153.6,119.3,159,509.6,7.6,1.5,7609970,fuel_sum,7609970.4,7607160,1.000369,true
250107,2022,Mayor Robert H Lawrence Apts,655 W 65th St,60621,ENGLEWOOD,68,Multifamily Housing,Submitted Data,submitted,false,158732,1967,1,,85,3027316.4,7506830.2,0,0,,66.4,103.1,69.7,106.6,797.5,5,4,10534147,fuel_sum,10534146.6,10539805,0.999463,true
250108,2022,Vivian Carter Apts,6401 S Yale Ave,60621,ENGLEWOOD,68,Multifamily Housing,Submitted Data,submitted,false,150136,1971,1,,50,3967704.3,10839820.2,0,0,,98.6,149.8,103,154.4,1098.4,7.3,2,14807525,fuel_sum,14807524.5,14803410,1.000278,true
250109,2022,Vivian Gordon Harsh Apts,4227 S Oakenwald Ave,60653,OAKLAND,36,Multifamily Housing,Submitted Data,submitted,false,102424,1963,1,,38,2018147.6,8987720.2,0,0,,107.5,147.3,114.7,154.9,743.2,7.3,2.5,11005868,fuel_sum,11005867.8,11010580,0.999572,true
250111,2022,Wicker Park Apts,1414 N Damen Ave,60622,WEST TOWN,24,Multifamily Housing,Submitted Data,submitted,false,201000,1958,2,,70,3084062.7,13220800,0,0,,85.8,118.5,91.1,124.1,1108.4,5.8,3,16304863,fuel_sum,16304862.7,17245800,0.94544,false
250112,2022,William C Jones Apts,1447 S Ashland Ave,60608,NEAR WEST SIDE,28,Multifamily Housing,Submitted Data,submitted,false,65291,1962,1,,34,1375288.5,7453809.6,0,0,,136.9,181.1,144.5,188.2,577.1,8.9,1.5,8829098,fuel_sum,8829098.1,8938338,0.987778,true
250113,2022,William Castleman Apartments,4945 N Sheridan Rd,60640,UPTOWN,3,Multifamily Housing,Submitted Data,submitted,false,149600,1967,1,,50,2454441.7,13802870.2,0,0,,108.7,142.8,115,149.7,1056.4,7.1,2,16257312,fuel_sum,16257311.9,16261520,0.999741,true
250114,2022,Zelda Ormes Senior Apartments,116 W Elm St,60610,NEAR NORTH SIDE,8,Multifamily Housing,Submitted Data,submitted,false,169050,1975,1,,83,3037767.1,10588780.1,0,0,,85.6,123.2,89.1,125.2,962.5,6,4,13626547,fuel_sum,13626547.2,14470680,0.941666,false
250115,2022,City Hall,121 N LaSalle St,60602,LOOP,32,Office,Submitted Data,submitted,false,411500,1911,1,,31,24141084.6,35119900.6,0,0,,144,253.9,146.5,253.9,5045.1,12.3,1.5,59260985,fuel_sum,59260985.2,59256000,1.000084,true
250117,2022,S1-Sinai,1525 S CALIFORNIA AVE,60608,North Lawndale,29,Hospital (General Medical & Surgical),Submitted Data,submitted,false,1157944,1912,4,,95,59586747.5,90945779.8,0,0,,177.1,308.6,183.9,316.8,12679,14.9,4,150532527,fuel_sum,150532527.3,205071882,0.734048,false
250118,2022,Norwegian American Hospital,1044 N Francisco Ave,60622,WEST TOWN,24,Hospital (General Medical & Surgical),Submitted Data,submitted,false,312898,1917,2,,52,35405560.5,28868293.5,0,0,,205.4,413.7,203.6,407.4,6196.7,19.8,2.5,64273854,fuel_sum,64273854,64269249,1.000072,true
250120,2022,S2-Sinai; Schwab Rehab Institute,1401 S California Ave,60608,North Lawndale,29,Outpatient Rehabilitation/Physical Therapy,Submitted Data,submitted,false,177380,1948,6,,,10106575.8,6388789.6,0,0,,93,197.4,91.1,192,1670.5,9.4,2,16495365,fuel_sum,16495365.4,16496340,0.999941,true
250121,2022,St Bernard Hospital,326 West 64th St,60621,ENGLEWOOD,68,Hospital (General Medical & Surgical),Submitted Data,submitted,false,492653,1904,1,,91,24478677,51717376.9,0,0,,215.7,347.8,218.5,348.9,5971.1,16.9,4,76196054,fuel_sum,76196053.9,106265252,0.717036,false
250122,2022,Swedish Covenant Hospital Campus,5145 N California Ave,60625,LINCOLN SQUARE,4,Mixed Use Property,Submitted Data,submitted,false,1397263,1918,10,,44,90173072.3,75038913.5,0,0,,206.6,414.4,204.7,412.3,15862.7,19.8,2,165211986,fuel_sum,165211985.8,288674536,0.572312,false
250129,2022,300 North LaSalle,300 N LaSalle St,60654,NEAR NORTH SIDE,8,Office,Submitted Data,submitted,false,1587805,2007,1,,68,78075765,4307865.9,0,0,,54.7,148.1,54.3,147.1,10512.5,7,3,82383631,fuel_sum,82383630.9,86852934,0.948542,false
250131,2022,Yards Burlington,4510 S Damen Ave,60609,NEW CITY,61,Retail Store,Exempt,exempt,true,74536,1990,1,,,,,0,0,,,,,,,,,,,0,,,
250132,2022,Yards Forman Mills,4520 S Damen Ave,60609,NEW CITY,61,Retail Store,Exempt,exempt,true,52875,1990,1,,,,,0,0,,,,,,,,,,,0,,,
250133,2022,70800789 -- 47th ~ Damen,4620 S Damen Ave,60609,NEW CITY,61,,Not Submitted,not_submitted,false,76290,,,,,,,,,,,,,,,,0,,,,,,
250134,2022,Central Standard Building,231 S LaSalle St,60604,LOOP,32,Office,Submitted Data,submitted,false,1181159,1924,1,,86,25670799.1,20586668.7,0,12751979.7,,50,89,50.1,89.4,5416.9,4.6,4,59009448,fuel_sum,59009447.5,59057950,0.999179,true
250137,2022,Club Quarters,75 E Wacker Dr,60601,LOOP,32,Hotel,Submitted Data,submitted,false,178845,1928,1,,74,6745599.2,7749200,0,0,,81,151.1,80.8,148,1300.1,7.3,3.5,14494799,fuel_sum,14494799.2,14486445,1.000577,true
250138,2022,Provident Hospital,500 E 51st St,60615,GRAND BOULEVARD,38,Hospital (General Medical & Surgical),Submitted Data,submitted,false,373995,1981,2,,4,38780029.2,62907044.6,0,0,,271.9,466.9,275.7,466.8,8449.2,22.6,1,101687074,fuel_sum,101687073.8,101689241,0.999979,true
250139,2022,Domestic Violence Courthouse,555 W Harrison St,60607,NEAR WEST SIDE,28,Courthouse,Submitted Data,submitted,false,187268,1890,1,,59,7394876.2,10154224.2,0,0,,95.8,169.6,96.8,168.3,1513.3,8.1,2.5,17549100,fuel_sum,17549100.4,17940274,0.978196,true
250140,2022,Page Building,177 N State St,60601,LOOP,32,Office,Submitted Data,submitted,false,53053,1872,1,,3,8956365.8,69872.7,0,0,,170.1,474.1,173.1,482.1,1183.4,22.3,1,9026239,fuel_sum,9026238.5,9024315,1.000213,true
250141,2022,180 N Wacker Dr,180 N Wacker Dr,60606,LOOP,32,,Not Submitted,not_submitted,false,70909,,,,,,,,,,,,,,,,0,,,,,,
250142,2022,850 W Jackson Blvd,850 W Jackson Blvd,60607,NEAR WEST SIDE,28,Office,Submitted Data,submitted,false,107145.4,1912,1,,,10475565.6,0,0,0,,97.8,273.8,97.8,273.8,1379.8,12.9,1,10475566,fuel_sum,10475565.6,10478820,0.999689,true
250143,2022,325 N Wells St,325 N Wells St,60654,NEAR NORTH SIDE,8,College/University,Submitted Data,submitted,false,154112,1914,1,,,3738275.1,6973537.1,0,0,,69.5,115.4,72.8,118.9,862.8,5.6,4,10711812,fuel_sum,10711812.2,10710784,1.000096,true
250144,2022,Home Federal,11 E Adams St,60603,LOOP,32,Office,Submitted Data,submitted,false,161166,1961,1,,42,6320393.4,14839345,0,0,,131.3,206.5,135.7,211.1,1620.7,10.1,3,21159738,fuel_sum,21159738.4,21161096,0.999936,true
250145,2022,180 N Wabash Ave,180 N Wabash Ave,60601,LOOP,32,Office,Submitted Data,submitted,false,162153,1919,1,,27,10711083.6,8663451.7,0,0,,119.5,241.1,121,240.2,1871,11.5,1,19374535,fuel_sum,19374535.3,19377284,0.999858,true
250146,2022,223 Jackson Brooks Building LLC,223 W Jackson Blvd,60606,LOOP,32,Office,Submitted Data,submitted,false,167574,1909,1,,38,10943381.1,4820660.9,0,0,,94.1,213.1,95.1,214.8,1697.4,10.1,1.5,15764042,fuel_sum,15764042,15768713,0.999704,true
250147,2022,820 W Jackson Blvd,820 W Jackson Blvd,60607,NEAR WEST SIDE,28,Office,Submitted Data,submitted,false,186957.7,1915,1,,,13408061.5,0,0,0,,71.7,200.8,71.7,200.8,1766,9.4,1,13408062,fuel_sum,13408061.5,13404867,1.000238,true
250148,2022,8 S. Michigan Ave,8 S Michigan Ave,60603,LOOP,32,Office,Submitted Data,submitted,false,180547,1929,1,,75,5903672.3,9998154.7,0,0,,88.1,149.7,89.2,148.7,1308.6,7.2,3.5,15901827,fuel_sum,15901827,15906191,0.999726,true
250149,2022,216 W Jackson Blvd,216 W Jackson Blvd,60606,LOOP,32,,Not Submitted,not_submitted,false,181983,,,,,,,,,,,,,,,,0,,,,,,
250150,2022,Reid Murdoch Center,315 - 331 N LaSalle St,60654,NEAR NORTH SIDE,8,Office,Submitted Data,submitted,false,335281,1912,1,,36,18279595.5,19629599.9,0,0,,113.1,214.1,115.2,214.9,3450.3,10.3,1.5,37909195,fuel_sum,37909195.4,37920281,0.999708,true
250151,2022,NMH Worcester House,244 E Pearson St,60611,NEAR NORTH SIDE,8,Multifamily Housing,Submitted Data,submitted,false,145000,2000,1,,19,6352154.5,3992473.6,0,0,,71.3,151.6,73.2,154.6,1048.7,7.2,1,10344628,fuel_sum,10344628.1,10338500,1.000593,true
250155,2022,NMH 211 East Ontario,211 E Ontario St,60611,NEAR NORTH SIDE,8,Office,Submitted Data,submitted,false,188172,1983,1,,57,11784761.2,0,0,0,,62.6,175.4,63.2,177,1552.2,8.2,2.5,11784761,fuel_sum,11784761.2,11779567,1.000441,true
250161,2022,Northwest Armory,1551 N Kedzie Ave,60651,WEST TOWN,24,Other,Submitted Data,submitted,false,204256,1940,1,,,4566220.6,11298792.6,0,0,,77.7,120.7,81.6,124.8,1201.6,5.9,3,15865013,fuel_sum,15865013.2,15870691,0.999642,true
250164,2022,Cumberland Centre - Building 1,5440 N Cumberland Ave,60656,OHARE,76,,Exempt,exempt,true,251724,,,,,,,,,,,,,,,,,,,,,,
250165,2022,River East Center Campus,322 E Illinois St,60611,NEAR NORTH SIDE,8,Mixed Use Property,Submitted Data,submitted,false,1976978,2001,1,,43,58423975.7,82196028.3,0,0,,92.9,165.2,95.1,167.5,12061.1,8,3,140620004,fuel_sum,140620004,183661256,0.765649,false
250167,2022,162 North State Street,162 N State St,60601,LOOP,32,,Not Submitted,not_submitted,false,318360,,,,,,,,,,,,,,,,0,,,,,,
250171,2022,The Heritage at Millennium Park,130 N Garland Ct,60602,LOOP,32,Multifamily Housing,Submitted Data,submitted,false,1173350,2005,1,,34,47183413.4,15149094.9,0,0,,67.2,159.5,68.1,160.3,7019.4,7.6,1.5,62332508,fuel_sum,62332508.3,78849120,0.790529,false
250173,2022,322 S Green St,322 S Green St,60607,NEAR WEST SIDE,28,Office,Submitted Data,submitted,false,92198.6,1921,1,,,2654122.7,5049036.4,0,0,,83.5,138.1,85,137.2,617.8,6.7,2,7703159,fuel_sum,7703159.1,7698583,1.000594,true
250175,2022,Catalpa Gardens Condominium Association,1122 W Catalpa Ave,60640,EDGEWATER,77,Multifamily Housing,Submitted Data,submitted,false,239568,2007,1,,29,5465348.7,12083239.8,0,0,,107,170.7,112.3,174.6,1361.7,8.3,1,17548589,fuel_sum,17548588.5,25633776,0.684589,false
250176,2022,Aviation Administration Building,10510 W Zemke Rd,60666,OHARE,76,Office,Submitted Data,submitted,false,387041,1943,1,,41,10242868.7,5842099.9,0,0,,96.9,209.7,96.9,207.3,1659.4,10,2,16084969,fuel_sum,16084968.6,37504273,0.428884,false
251209,2022,Burley & 92nd Centre,9230 S Burley Ave,60617,SOUTH CHICAGO,46,Senior Living Community,Submitted Data,submitted,false,144411,2009,2,,89,3942684.6,5477269.9,0,0,,65.2,116.3,66.3,117.2,810.2,5.6,4,9419955,fuel_sum,9419954.5,9415597,1.000463,true
251210,2022,Roseland Centre 10450 S Michigan,10450 S Michigan Ave,60628,ROSELAND,49,Senior Living Community,Submitted Data,submitted,false,76788,2006,1,,57,4196419.7,1689610,0,0,,76.7,176.1,76.7,175.2,642.5,8.4,2.5,5886030,fuel_sum,5886029.7,5889640,0.999387,true
251211,2022,87th Street Center,35 W 87th St,60620,CHATHAM,44,,Not Submitted,not_submitted,false,174739,,,,,,,,,,,,,,,,0,,,,,,
251212,2022,Knight Buildling,549 W Randolph St,60661,NEAR WEST SIDE,28,Office,Submitted Data,submitted,false,108520,1905,1,,71,2727699.9,8029541.8,0,0,,102.4,153,105.6,154.8,785.8,7.5,3.5,10757242,fuel_sum,10757241.7,11112448,0.968035,false
251213,2022,Burnham Park Plaza Condo,40 E 9th St,60605,LOOP,32,Multifamily Housing,Submitted Data,submitted,false,434888,1915,1,,98,5752404.9,13053300,0,0,,44.9,71.2,45.5,70.6,1451,3.5,4,18805705,fuel_sum,18805704.9,19526471,0.963088,false
251214,2022,Wilson Yard,1026 - 1032 W Montrose Ave,60613,UPTOWN,3,Mixed Use Property,Submitted Data,submitted,false,596696,2010,2,,87,11339451.4,13224519,0,0,,59.1,109.7,61.7,112.5,2196,5.3,4,24563970,fuel_sum,24563970.4,35264734,0.696559,false
251215,2022,Hilliard Homes Phase I Limited Partnership,2031 S Clark St,60616,NEAR SOUTH SIDE,33,Multifamily Housing,Submitted Data,submitted,false,287883,1966,1,,69,3665864.1,12116547,0,0,,90.8,132.2,95.3,135.3,1126.4,6.5,4,15782411,fuel_sum,15782411.1,26139776,0.60377,false
251216,2022,Chicago Residential Inc.,2440 N Lakeview Ave,60614,LINCOLN PARK,7,Multifamily Housing,Submitted Data,submitted,false,252000,1927,1,,90,3485262.6,14501791,0,0,,71.4,99.1,75.6,102.5,1229.3,4.9,4,17987054,fuel_sum,17987053.6,17992800,0.999681,true
251217,2022,Harbor House Condominium Association,3200 N Lake Shore Dr,60657,LAKE VIEW,6,Multifamily Housing,Submitted Data,submitted,false,486911,1966,1,,53,8528590,33609267.8,0,0,,98.6,138.4,104.1,143.5,2908.5,6.8,2.5,42137858,fuel_sum,42137857.8,48009425,0.8777,false
251218,2022,Museum Tower Residences Condo Association,1335 S Prairie Ave,60605,NEAR SOUTH SIDE,33,Multifamily Housing,Submitted Data,submitted,false,425305,2003,1,,75,7966156.7,21488104.9,0,0,,81.3,123.8,84.9,125.7,2190.6,6,4,29454262,fuel_sum,29454261.6,34577297,0.851838,false
251219,2022,555 Cornelia Condominium Association,555 W Cornelia Ave,60657,LAKE VIEW,6,Multifamily Housing,Submitted Data,submitted,false,250200,1961,1,,94,1585472.6,15338283.6,0,0,,76.6,93,82,98.7,1023.5,4.6,4,16923756,fuel_sum,16923756.2,19165320,0.883041,false
251220,2022,The John Marshall Law School,304 S State St,60604,LOOP,32,,Not Submitted,not_submitted,false,219500,,,,,,,,,,,,,,,,0,,,,,,
251221,2022,211 W Wacker Dr,211 W Wacker Dr,60606,LOOP,32,Office,Submitted Data,submitted,false,158063,1927,1,,72,5181368,7886636.6,0,0,,82.7,144.2,85.1,144.6,1101.4,7,3.5,13068005,fuel_sum,13068004.6,13071810,0.999709,true
251222,2022,2229 S Halsted St,2229 S Halsted St,60608,LOWER WEST SIDE,31,Office,Submitted Data,submitted,false,140445,1908,1,,55,4246545,911,0,0,,50,139.9,50.4,141.1,559.4,6.6,3.5,4247456,fuel_sum,4247456,7022250,0.604857,false
251223,2022,564 W Randolph St,564 W Randolph St,60661,NEAR WEST SIDE,28,Office,Submitted Data,submitted,false,119829,1908,1,,51,4193324.5,7056670.8,0,0,,93.9,159.8,97.5,162.4,927.1,7.7,2.5,11249995,fuel_sum,11249995.3,11251943,0.999827,true
251224,2022,142 E Ontario St,142 E Ontario St,60611,NEAR NORTH SIDE,8,Office,Submitted Data,submitted,false,137050,1986,1,,48,7875333,0,0,0,,57.5,160.9,57.5,160.9,1037.3,7.6,2,7875333,fuel_sum,7875333,7880375,0.99936,true
251225,2022,314 W Superior St,314 W Superior St,60654,NEAR NORTH SIDE,8,Office,Submitted Data,submitted,false,109032,1910,1,,77,3605774,3356960.1,0,0,,63.9,124.9,65.4,125.1,653.2,6,3.5,6962734,fuel_sum,6962734.1,6967145,0.999367,true
251226,2022,325 W Huron St,325 W Huron St,60654,NEAR NORTH SIDE,8,Office,Submitted Data,submitted,false,150246,1920,1,,82,3275500.5,6594560,0,0,,65.7,107.1,68.4,108.7,781.7,5.2,4,9870061,fuel_sum,9870060.5,9871162,0.999888,true
251227,2022,372 W Ontario St,372 W Ontario St,60654,NEAR NORTH SIDE,8,Office,Submitted Data,submitted,false,50078,1910,1,,76,1226235.2,1573649.8,0,0,,55.9,101.6,57.7,102.9,245.1,4.9,3.5,2799885,fuel_sum,2799885,2799360,1.000188,true
251228,2022,444 N Wells St,444 N Wells St,60654,NEAR NORTH SIDE,8,Office,Submitted Data,submitted,false,73332,1903,1,,78,2918433,0,0,0,,39.8,111.4,40.3,112.8,384.4,5.2,3.5,2918433,fuel_sum,2918433,2918614,0.999938,true
251229,2022,,210 E Pearson,60611,NEAR NORTH SIDE,8,Multifamily Housing,Submitted Data,submitted,false,104142,1926,1,,69,1604412.8,8139771.1,0,0,,93.6,125.2,99,129.4,643.7,6.2,4,9744184,fuel_sum,9744183.9,9747691,0.99964,true
251230,2022,1448 Lake Shore Dr,1448 N Lake Shore Dr,60610,NEAR NORTH SIDE,8,Multifamily Housing,Submitted Data,submitted,false,175440,1927,1,,70,2585445.4,12342985.2,0,0,,85.1,115.1,90.3,119.4,996.1,5.7,3,14928431,fuel_sum,14928430.6,14929944,0.999899,true
251231,2022,The Scott Residences,211 W Scott St,60610,NEAR NORTH SIDE,8,Multifamily Housing,Submitted Data,submitted,false,122496,2014,1,,10,4041466.1,3058660,0,0,,97.7,200,98.6,198.7,694.8,9.6,1,7100126,fuel_sum,7100126.1,11967859,0.593266,false
251233,2022,Menards,2601 N Clybourn St,60614,LINCOLN PARK,7,Retail Store,Submitted Data,submitted,false,346960,1996,1,,78,6011192.2,1083550,0,0,,49.2,124.6,48.8,122.6,849.3,5.9,3.5,7094742,fuel_sum,7094742.2,17070432,0.415616,false
251234,2022,100 E Huron CA,100 E Huron St,60611,NEAR NORTH SIDE,8,Multifamily Housing,Submitted Data,submitted,false,582180,1991,1,,63,15377295,14995323.1,0,0,,60.2,116.6,61.4,116.7,2821.9,5.6,4,30372618,fuel_sum,30372618.1,35047236,0.866619,false
251235,2022,,110 E Delaware,60611,NEAR NORTH SIDE,8,Multifamily Housing,Submitted Data,submitted,false,181107,1981,1,,57,6194176.5,1325489.4,0,0,,46.4,115.6,47.1,117.6,937.1,5.8,3.5,7519666,fuel_sum,7519665.9,8403365,0.89484,false
251236,2022,,1120 N Lake Shore Dr,60611,NEAR NORTH SIDE,8,Multifamily Housing,Submitted Data,submitted,false,137739,1924,1,,79,1713105.3,9572580.1,0,0,,81.9,107.8,87,112.7,734.1,5.3,3.5,11285685,fuel_sum,11285685.4,11280824,1.000431,true
251237,2022,,1242 N Lake Shore Dr,60610,NEAR NORTH SIDE,8,Multifamily Housing,Submitted Data,submitted,false,136591,1929,1,,41,1950050.3,12752872.5,0,0,,107.6,138,115,145,934.2,6.8,2,14702923,fuel_sum,14702922.8,14697192,1.00039,true
251238,2022,,560 W Fulton,60661,NEAR WEST SIDE,28,Multifamily Housing,Submitted Data,submitted,false,76037,2000,1,,96,1209119.7,2473600.1,0,0,,57.7,93.8,58.1,92.7,290.6,4.6,4,3682720,fuel_sum,3682719.8,4387335,0.839398,false
251239,2022,York Terrace Apts.,2701 S Indiana Ave,60616,DOUGLAS,35,Multifamily Housing,Submitted Data,submitted,false,330112,1969,3,,40,5104074.5,32882350.2,0,0,,115.1,147.9,121.4,153.3,2418.8,7.3,2.5,37986425,fuel_sum,37986424.7,37995891,0.999751,true
251240,2022,5757 N Sheridan CA,5757 N Sheridan Rd,60660,EDGEWATER,77,Multifamily Housing,Submitted Data,submitted,false,224173,1962,1,,1,3735704.8,42365940.9,0,0,,233.3,278,242.8,287.2,2742.3,13.9,1,46101646,fuel_sum,46101645.7,52299561,0.881492,false
251241,2022,212 East Condominium,212 E Cullerton St,60616,NEAR SOUTH SIDE,33,Multifamily Housing,Submitted Data,submitted,false,181723,2003,1,,95,2342820,6622009.2,0,0,,59.7,90,60.8,89.9,660.3,4.4,4,8964829,fuel_sum,8964829.2,10848863,0.826338,false
251242,2022,330 N Clinton,330 N Clinton St,60661,NEAR WEST SIDE,28,Multifamily Housing,Submitted Data,submitted,false,76037,2000,1,,92,1296028.5,2708024.7,0,0,,62.8,101.4,63.2,100.2,314.5,4.9,4,4004053,fuel_sum,4004053.2,4775124,0.838523,false
251243,2022,333 N Jefferson,333 N Jefferson St,60661,NEAR WEST SIDE,28,Multifamily Housing,Submitted Data,submitted,false,76037,1999,1,,88,1406942.7,2726184.5,0,0,,64.8,106.6,64.9,104.9,330.1,5.2,4,4133127,fuel_sum,4133127.2,4927198,0.838839,false
251244,2022,3520 Lake Shore Drive CA,3520 N Lake Shore Dr,60657,LAKE VIEW,6,Multifamily Housing,Submitted Data,submitted,false,267464,1924,1,,81,2943006.7,16807417.8,0,0,,73.8,96.8,78.7,101,1280.4,4.8,4,19750425,fuel_sum,19750424.5,19738843,1.000587,true
251245,2022,3800 N. Lake Shore Drive,3800 Lake Shore Dr,60613,LAKE VIEW,6,Multifamily Housing,Submitted Data,submitted,false,249095,1927,2,,74,3345590.2,18702028.9,0,0,,88.5,116.4,94.1,121.1,1434,5.8,3.5,22047619,fuel_sum,22047619.1,22044908,1.000123,true
251246,2022,4950 Powhatan Bldg C,4950 S Chicago Beach Dr,60615,KENWOOD,39,,Not Submitted,not_submitted,false,167825,,,,,,,,,,,,,,,,0,,,,,,
251247,2022,River North Commons CA,520 W Huron St,60654,NEAR NORTH SIDE,8,Multifamily Housing,Submitted Data,submitted,false,316737,1900,2,,98,4933107,6065199,0,0,,39.2,71.9,39.8,71.2,971.9,3.5,4,10998306,fuel_sum,10998306,12416090,0.885811,false
251248,2022,Skybridge CA,737 W Washington Blvd,60661,NEAR WEST SIDE,28,,Not Submitted,not_submitted,false,875999,,,,,,,,,,,,,,,,0,,,,,,
251249,2022,Jackson Shore Co-op,5490 S Shore Dr,60615,HYDE PARK,41,Multifamily Housing,Submitted Data,submitted,false,99693,1918,1,,97,1326022.5,7599479.6,0,0,,89.5,117.3,95.9,123.9,578.3,5.8,4,8925502,fuel_sum,8925502.1,8922524,1.000334,true
251250,2022,Lincoln Park Villas,1920 N Clark St,60614,LINCOLN PARK,7,Multifamily Housing,Submitted Data,submitted,false,82955,1974,1,,51,3324481.3,992962.8,0,0,,60.2,144.3,61.5,147.5,490.6,6.8,2.5,4317444,fuel_sum,4317444.1,4993891,0.864545,false
251251,2022,Union Square Condominium Association,333 W Hubbard St,60654,NEAR NORTH SIDE,8,Multifamily Housing,Submitted Data,submitted,false,347216,1918,2,,67,6348749,17926395.1,0,0,,79.5,119.9,84,124.6,1788.4,5.9,3,24275144,fuel_sum,24275144.1,27603672,0.879417,false
251252,2022,The State Parkway CA,1445 N State Pkwy,60610,NEAR NORTH SIDE,8,Multifamily Housing,Submitted Data,submitted,false,335000,1959,1,,88,3796376.7,14946231.3,0,0,,65.8,92.4,68,93.5,1293.9,4.5,4,18742608,fuel_sum,18742608,22043000,0.850275,false
251253,2022,,700 W Van Buren,60607,NEAR WEST SIDE,28,Multifamily Housing,Submitted Data,submitted,false,167175,2001,1,,67,3518279.5,5485369.9,0,0,,73.1,126.8,73.5,125.5,754.8,6.1,3,9003649,fuel_sum,9003649.4,12220493,0.736766,false
251254,2022,720 W. Gordon Terrace CA,720 W Gordon Ter,60613,UPTOWN,3,Multifamily Housing,Submitted Data,submitted,false,318000,1966,1,,69,5966010.5,16492026.6,0,0,,78,118.1,81.8,121.4,1661.8,5.8,3,22458037,fuel_sum,22458037.1,24804000,0.90542,false
251255,2022,Tower Residences Condominium Association,1235 S Prairie Ave,60605,NEAR SOUTH SIDE,33,Multifamily Housing,Submitted Data,submitted,false,605856,2006,1,,78,9843300.2,27729603.3,0,0,,62,93.5,64.9,95.5,2769.4,4.6,3.5,37572904,fuel_sum,37572903.5,37563072,1.000262,true
251256,2022,State & Chestnut,845 N State St,60610,NEAR NORTH SIDE,8,Multifamily Housing,Submitted Data,submitted,false,449500,2015,1,,57,13170229.4,13298407,0,0,,58.9,113.1,59.6,112.5,2441,5.4,3.5,26468636,fuel_sum,26468636.4,26475550,0.999739,true
251257,2022,Reside on Surf,425 W Surf St,60657,LAKE VIEW,6,Multifamily Housing,Submitted Data,submitted,false,119250,1924,1,,81,1798968.1,7455439.6,0,0,,77.6,107.9,79.9,108.5,632.9,5.3,4,9254408,fuel_sum,9254407.7,9253800,1.000066,true
251258,2022,,707 W Sheridan Rd,60613,LAKE VIEW,6,Multifamily Housing,Submitted Data,submitted,false,101428,1974,1,,76,2110515.1,6338913.4,0,0,,83.3,123.9,84.4,123.1,614.7,6.1,3.5,8449429,fuel_sum,8449428.5,8448952,1.000056,true
251259,2022,Park Lincoln by Reside,2470 N Clark St,60614,LINCOLN PARK,7,Multifamily Housing,Submitted Data,submitted,false,149351,1970,1,,79,5101473,505651,0,0,,37.5,99.2,38.1,100.5,698.8,4.7,3.5,5607124,fuel_sum,5607124,5600663,1.001154,true
251260,2022,The Belmont by Reside,3170 N Sheridan Rd,60657,LAKE VIEW,6,Multifamily Housing,Submitted Data,submitted,false,475020,1924,1,,80,7571567.4,21244211.1,0,0,,60.7,91.6,60.6,91.5,2125.7,4.5,3.5,28815779,fuel_sum,28815778.5,28833714,0.999378,true
251263,2022,Gold Coast Galleria,111 W Maple St,60610,NEAR NORTH SIDE,8,Mixed Use Property,Submitted Data,submitted,true,585440,1991,1,,,20598245,12941656,0,0,,72.6,154.2,73.6,154.1,3400.5,7.4,,33539901,fuel_sum,33539901,42502944,0.789119,false
251265,2022,,3150 N Sheridan Rd,60657,LAKE VIEW,6,Multifamily Housing,Submitted Data,submitted,false,267180,1974,1,,83,8372083.1,1541257.2,0,0,,37.6,95.1,38.4,97.3,1184.6,4.5,4,9913340,fuel_sum,9913340.3,10045968,0.986798,true
251266,2022,363 W Erie St,363 W Erie St,60654,NEAR NORTH SIDE,8,Office,Submitted Data,submitted,false,119405,1914,1,,90,2968122,2923997.5,0,0,,49.3,95.3,51,97,546.3,4.6,4,5892120,fuel_sum,5892119.5,5886667,1.000926,true
251267,2022,Erie on the Park Condominium Association,510 W Erie St,60654,NEAR NORTH SIDE,8,Multifamily Housing,Submitted Data,submitted,false,290751,2002,1,,44,5277154.8,15184799.1,0,0,,104.3,156.6,110.6,163.4,1501.6,7.7,2,20461954,fuel_sum,20461953.9,30325329,0.674748,false
251268,2022,860 N Lake Shore Drive Trust,860 N Lake Shore Dr,60611,NEAR NORTH SIDE,8,Multifamily Housing,Submitted Data,submitted,false,399042,1949,2,,9,7643011.1,38449760.5,0,0,,135.1,181.1,134.1,178.1,3048.9,8.9,1,46092772,fuel_sum,46092771.6,53910574,0.854986,false
251269,2022,Century Tower,182 W Lake St,60601,LOOP,32,Multifamily Housing,Submitted Data,submitted,false,255605,1930,1,,75,6688540.3,10059045.5,0,0,,65.5,114.6,68.5,117.8,1415.3,5.5,4,16747586,fuel_sum,16747585.8,16742128,1.000326,true
251270,2022,15th Place,811 - 833 W 15th Pl,60608,NEAR WEST SIDE,28,Multifamily Housing,Submitted Data,submitted,false,331464,2003,2,,92,4875851.7,12273781,0,0,,67.6,104.7,68.5,104.2,1294.1,5.1,4,17149633,fuel_sum,17149632.7,22406966,0.765371,false
251272,2022,Walmart Supercenter #5781,8331 S Stewart Ave,60620,CHATHAM,71,,Not Submitted,not_submitted,false,148364,,,,,,,,,,,,,,,,0,,,,,,
251274,2022,,320 322 W OAKDALE AVE,60657,LAKE VIEW,6,Multifamily Housing,Submitted Data,submitted,false,131782,1953,1,,73,1922085.7,8638734.8,0,0,,80.1,109.7,84.4,112.2,712,5.4,3.5,10560821,fuel_sum,10560820.5,10555738,1.000482,true
251275,2022,Conrad Hotel/MWRD McMillan Pavilion,101 E Erie,60611,NEAR NORTH SIDE,8,,Not Submitted,not_submitted,false,387000,,,,,,,,,,,,,,,,0,,,,,,
251276,2022,Metropolitan Water Reclamation District,100 E Erie St,60611,NEAR NORTH SIDE,8,Office,Submitted Data,submitted,false,105231,1955,1,,72,3720965.1,3513335.7,0,0,,75.7,147.5,77.3,146.6,676.7,7.1,3.5,7234301,fuel_sum,7234300.8,7965987,0.908149,false
251277,2022,WMS-2718 Roscoe,2718 W Roscoe St,60618,AVONDALE,21,,Not Submitted,not_submitted,false,121666,,,,,,,,,,,,,,,,0,,,,,,
251278,2022,Paramount Lofts Condominium Association,1645 W Ogden,60612,NEAR WEST SIDE,28,Multifamily Housing,Submitted Data,submitted,false,329084,1923,1,,44,7049853.3,18407157.8,0,0,,92.6,142.2,94.6,141.8,1906.3,6.9,2,25457011,fuel_sum,25457011.1,30473178,0.835391,false
251279,2022,WMS-2727 Roscoe,2727 W Roscoe St,60618,AVONDALE,21,,Not Submitted,not_submitted,false,63752,,,,,,,,,,,,,,,,0,,,,,,
251280,2022,WMS Gaming 3401 California,3401 N California Ave,60618,AVONDALE,21,,Not Submitted,not_submitted,false,120687,,,,,,,,,,,,,,,,0,,,,,,
251281,2022,40 E Oak St,40 E Oak St,60611,NEAR NORTH SIDE,8,Multifamily Housing,Submitted Data,submitted,false,154113,1928,1,,46,2813444.4,15262838.1,0,0,,117.3,155.1,124.4,160.6,1181.3,7.7,2,18076283,fuel_sum,18076282.5,18077455,0.999935,true
251282,2022,1100 N Dearborn St,1100 N Dearborn St,60610,NEAR NORTH SIDE,8,Multifamily Housing,Submitted Data,submitted,false,179090,1930,1,,41,3217548.9,17576649.2,0,0,,116.1,153.4,123.2,159.2,1357.4,7.6,2,20794198,fuel_sum,20794198.1,20792349,1.000089,true
251285,2022,Misericordia Home,6300 N Ridge Ave,60660,WEST RIDGE,2,Mixed Use Property,Submitted Data,submitted,true,953865,1950,31,,,26781951.7,49742210.4,0,0,,106.6,177.3,108.7,177.8,6169.6,8.6,,76524162,fuel_sum,76524162.1,101682009,0.752583,false
251286,2022,101 Grand,101 W Grand Ave,60654,NEAR NORTH SIDE,8,Office,Submitted Data,submitted,false,61971,1872,1,,40,1922041,6139200.2,0,0,,130.1,190.9,131.3,191.8,579.2,9.3,1.5,8061241,fuel_sum,8061241.2,8062427,0.999853,true
251287,2022,SpringHill Suites Chicago O'Hare / Hampton Inn and Suites Chicago,8101 W Higgins Rd,60631,NORWOOD PARK,10,Hotel,Submitted Data,submitted,false,160000,2000,1,,9,12322018.8,10152200.1,0,0,,140.5,282.3,141.4,282.3,2162.2,13.5,1,22474219,fuel_sum,22474218.9,22480000,0.999743,true
251289,2022,The Madison at Racine/1200 Madison Racine LLC,1164 W Madison,60607,NEAR WEST SIDE,28,Multifamily Housing,Submitted Data,submitted,false,303222,2014,1,,75,7122683.2,7867775.5,0,0,,59.2,111.3,59.2,109.9,1356.1,5.4,3.5,14990459,fuel_sum,14990458.7,17950742,0.835089,false
251290,2022,Millenium Knickerbocker,163 E Walton Pl,60611,NEAR NORTH SIDE,8,,Not Submitted,not_submitted,false,190004,,,,,,,,,,,,,,,,0,,,,,,
251294,2022,954 W Washington Blvd,954 W Washington Blvd,60607,NEAR WEST SIDE,28,Office,Submitted Data,submitted,false,140000,1889,1,,98,1602201.8,2767100,0,0,,31.2,52.8,31.5,52,358,2.6,4,4369302,fuel_sum,4369301.8,4368000,1.000298,true
251295,2022,Presence Resurrection Life Center,7370 W Talcott Ave,60631,NORWOOD PARK,10,Senior Living Community,Submitted Data,submitted,false,89268,1998,1,,55,3716613.5,5639999.9,0,0,,104.8,182.9,106,182.6,789.1,8.8,2.5,9356613,fuel_sum,9356613.4,9355286,1.000142,true
251297,2022,Presence St Elizabeth Professional Office Building,1431 N Western Ave,60622,WEST TOWN,24,,Not Submitted,not_submitted,false,71110,,,,,,,,,,,,,,,,0,,,,,,
251298,2022,Galter Life Center,5157 N Francisco Ave,60625,LINCOLN SQUARE,4,Outpatient Rehabilitation/Physical Therapy,Submitted Data,submitted,false,106918,1991,1,,,6865297.5,6467181.8,0,0,,193.2,369.5,193.9,370.3,1321.8,18.4,1,13332479,fuel_sum,13332479.3,20656558,0.645436,false
251299,2022,Raffaello Condominium Association,201 E Delaware St,60611,NEAR NORTH SIDE,8,,Exempt,exempt,true,142451,,,,,,,,,,,,,,,,,,,,,,
251300,2022,2020 Lincoln Park West Condominium Association,2020 N Lincoln Park West,60614,LINCOLN PARK,7,Multifamily Housing,Submitted Data,submitted,false,514099,1972,1,,42,11388136.6,28909297.4,0,0,,92.8,143.3,96.8,145.1,3035.5,7,2,40297434,fuel_sum,40297434,47708387,0.844661,false
251301,2022,Lincoln Park Tower Condominium Association,1960 N Lincoln Park West,60614,LINCOLN PARK,7,Multifamily Housing,Submitted Data,submitted,false,413860,1967,1,,26,7865128.3,31598309.4,0,0,,118.5,165.8,125.3,171.4,2714.3,8.2,1,39463438,fuel_sum,39463437.7,49042410,0.80468,false
251309,2022,Aperion Care International,4815 S Western Blvd,60609,NEW CITY,61,Senior Living Community,Submitted Data,submitted,false,101939,1997,1,,32,5278203.9,8365099.6,0,0,,149.5,258.1,151.7,257,1139.5,12.5,2.5,13643304,fuel_sum,13643303.5,15239881,0.895237,false
251310,2022,"Jewel Osco, 03501-Western & Roscoe",3400 N Western Ave,60618,NORTH CENTER,5,Supermarket/Grocery Store,Submitted Data,submitted,false,55600,2002,1,,63,7306726.2,7832199.4,0,0,,272.3,515.9,280.1,521,1378.4,24.8,3,15138926,fuel_sum,15138925.6,15139880,0.999937,true
251312,2022,"Home Depot, #1961 Elston/Leavitt",2542 Elston Ave,60647,LOGAN SQUARE,22,Retail Store,Submitted Data,submitted,false,119178,2002,1,,78,3665743.1,5223941,0,0,,74.6,132.1,75.9,130.8,760.3,6.4,4,8889684,fuel_sum,8889684.1,8890679,0.999888,true
251314,2022,Clock Tower Lofts Condominiums,2300 W Wabansia Ave,60647,WEST TOWN,24,,Not Submitted,not_submitted,false,148200,,,,,,,,,,,,,,,,0,,,,,,
251315,2022,"Jewel Osco, 02502-Clybourn & Wrightwood",2550 N Clybourn St,60614,LINCOLN PARK,7,Supermarket/Grocery Store,Submitted Data,submitted,false,85209,2013,1,,49,10360200,11176499.3,0,0,,252.8,478.2,262.5,486.5,1958.2,23,2,21536699,fuel_sum,21536699.3,21540835,0.999808,true
251316,2022,"Jewel Osco, 02508-Howard & Clark",1763 W Howard St,60626,ROGERS PARK,1,Supermarket/Grocery Store,Submitted Data,submitted,false,70262,2013,1,,54,10201542.3,3001299.8,0,0,,187.9,451.4,188.7,449.3,1503.1,21.4,3.5,13202842,fuel_sum,13202842.1,13202230,1.000046,true
251317,2022,Hotel Monaco Chicago,225 N Wabash,60601,LOOP,32,Hotel,Submitted Data,submitted,false,150626,1998,1,,23,4450487.5,15702350,0,4332588,,199.6,268.1,201.7,270.9,1648.5,13.4,1,24485426,fuel_sum,24485425.5,30064950,0.814418,false
251318,2022,"Jewel Osco, 03181-87th & State St",87 W 87th St,60620,CHATHAM,44,Supermarket/Grocery Store,Submitted Data,submitted,false,70022,1974,1,,46,10026141,8379799.9,0,0,,262.9,526.6,270.3,530.6,1765.7,25.2,2,18405941,fuel_sum,18405940.9,18408784,0.999846,true
251319,2022,03262-Irving Park & Cicero,4660 W Irving Park Rd,60641,PORTAGE PARK,15,Supermarket/Grocery Store,Submitted Data,submitted,false,70790,1997,1,,77,9205524.6,2544800,0,0,,166,401.9,166.6,400,1347.7,19,4,11750325,fuel_sum,11750324.6,11751140,0.999931,true
251320,2022,"Jewel Osco, 03376-Kinzie & Des Plaines",370 N Desplaines St,60661,WEST TOWN,24,Supermarket/Grocery Store,Submitted Data,submitted,false,65000,2008,1,,57,7513697.7,10313899.6,0,0,,274.3,490.3,281.2,494.1,1537.5,23.7,2.5,17827597,fuel_sum,17827597.3,17829500,0.999893,true
251321,2022,1150 West Fullerton Bldg,1150 W Fullerton Ave,60614,LINCOLN PARK,7,College/University,Submitted Data,submitted,false,52043,1994,1,,,1528465.7,1727820.9,0,0,,62.6,117.1,64.8,119.5,293.1,5.6,4,3256287,fuel_sum,3256286.6,3257892,0.999507,true
251322,2022,990 West Fullerton Bldg,990 W Fullerton Ave,60614,LINCOLN PARK,7,College/University,Submitted Data,submitted,false,91963,1980,1,,,2886061.9,344969,0,0,,35.1,91.8,34.1,89,398.5,4.3,4,3231031,fuel_sum,3231030.9,3227901,1.00097,true
251324,2022,Arts & Letters Hall,2315 N Kenmore Ave,60614,LINCOLN PARK,7,College/University,Submitted Data,submitted,false,111269,2011,1,,,4916579.5,3562002.7,0,0,,76.2,157.3,77.2,158.4,836.8,7.5,3,8478582,fuel_sum,8478582.2,8478698,0.999986,true
251325,2022,Belden-Racine Hall,2311 N Racine Ave,60614,LINCOLN PARK,7,College/University,Submitted Data,submitted,false,68245,2000,1,,,1726439.2,4629145.7,0,0,,93.1,142.1,97.7,145,473.3,6.9,3,6355585,fuel_sum,6355584.9,6353610,1.000311,true
251326,2022,Centennial Hall,2345 N Sheffield Ave,60614,LINCOLN PARK,7,College/University,Submitted Data,submitted,false,88635,1998,1,,,4940922.2,4847201,0,0,,110.4,213.5,109.2,206.6,908.2,10.2,3,9788123,fuel_sum,9788123.2,9785304,1.000288,true
251327,2022,Clifton-Fullerton Hall,2350 N Clifton Ave,60614,LINCOLN PARK,7,College/University,Submitted Data,submitted,false,92627,2000,1,,,1175664.8,5427067.8,0,0,,71.3,97.1,74.6,100.6,443.1,4.8,4,6602733,fuel_sum,6602732.6,6604305,0.999762,true
251328,2022,John T. Richardson Library,2350 N Kenmore Ave,60614,LINCOLN PARK,7,College/University,Submitted Data,submitted,false,187000,1990,1,,,5923649.7,6782658.9,0,0,,67.9,126.8,69.4,126.6,1140.5,6.1,3,12706309,fuel_sum,12706308.6,12697300,1.00071,true
251329,2022,McCabe Hall,900 W Belden Ave,60614,LINCOLN PARK,7,College/University,Submitted Data,submitted,false,58406,1977,1,,,2012190.9,9237817.4,0,0,,192.6,262.5,205.1,275.6,755.7,12.9,1,11250008,fuel_sum,11250008.3,11248996,1.00009,true
251330,2022,McGowan North,2325 N Clifton Ave,60614,LINCOLN PARK,7,College/University,Submitted Data,submitted,false,56025,1998,1,,,7542150.8,20130795.6,0,0,,493.9,754.2,497.2,747.1,2062.7,36.8,1,27672946,fuel_sum,27672946.4,27670748,1.000079,true
251331,2022,Munroe Hall,2312 N Clifton Ave,60614,LINCOLN PARK,7,College/University,Submitted Data,submitted,false,81951,1970,1,,,3875840.8,5567210.7,0,0,,115.2,203.8,120.8,209.6,806.2,9.8,2,9443052,fuel_sum,9443051.5,9440755,1.000243,true
251332,2022,Ray Meyer Fitness and Recreation Center,2235 N Sheffield Ave,60614,LINCOLN PARK,7,College/University,Submitted Data,submitted,false,117435,1999,1,,,5881861.2,6434194.9,0,0,,104.9,197.8,104.9,194.5,1116.5,9.5,2,12316056,fuel_sum,12316056.1,12318932,0.999767,true
251333,2022,Sanctuary Hall,2358 N Sheffield Ave,60614,LINCOLN PARK,7,College/University,Submitted Data,submitted,false,103915,1989,1,,,1473693.1,4680890,0,0,,59.2,87,61,88.9,442.7,4.3,4,6154583,fuel_sum,6154583.1,6151768,1.000458,true
251334,2022,Seton Hall,2325 N Sheffield Ave,60614,LINCOLN PARK,7,College/University,Submitted Data,submitted,false,50174,1989,1,,,2130637.1,3745124.1,0,0,,117.1,197.3,122,202.4,479.6,9.6,2,5875761,fuel_sum,5875761.2,5875375,1.000066,true
251335,2022,Student Center,2250 N Sheffield Ave,60614,LINCOLN PARK,7,College/University,Submitted Data,submitted,false,149381,2001,1,,,10084698.1,12500368.4,0,0,,151.2,276.9,156.3,282.3,1992.3,13.3,1,22585067,fuel_sum,22585066.5,22586407,0.999941,true
251337,2022,The Theatre School,2350 N Racine Ave,60614,LINCOLN PARK,7,College/University,Submitted Data,submitted,false,163000,2013,1,,,4089732.4,7582011.2,0,0,,71.6,119.1,73.3,120.8,941.4,5.8,4,11671744,fuel_sum,11671743.6,11670800,1.000081,true
251338,2022,Thomas P. Levan Center,2322 N Kenmore Ave,60614,LINCOLN PARK,7,College/University,Submitted Data,submitted,false,52477,1923,1,,,3637425.4,5202861.6,0,0,,168.5,298.2,168.8,291,755.4,14.4,1,8840287,fuel_sum,8840287,8842375,0.999764,true
251339,2022,University Hall,2345 N Clifton Ave,60614,LINCOLN PARK,7,College/University,Submitted Data,submitted,false,85705,1986,1,,,3000059.7,3895419.2,0,0,,80.5,145.7,81.5,145.6,602.1,7,3,6895479,fuel_sum,6895478.9,6899253,0.999453,true
251340,2022,Marriott Chicago at Medical District/UIC,625 S Ashland Ave,60607,NEAR WEST SIDE,28,Hotel,Submitted Data,submitted,false,72000,2000,1,,27,4453093.5,5972879.9,0,0,,144.8,260.3,146.3,259.3,903.8,12.6,1,10425973,fuel_sum,10425973.4,10425600,1.000036,true
251341,2022,The Legacy at Millennium Park,60 E Monroe St,60603,LOOP,32,Multifamily Housing,Submitted Data,submitted,false,1014137,2009,1,,46,27155150.1,21387874.4,0,17681854.3,,81.2,140.5,79.8,140.3,,,2,66224879,fuel_sum,66224878.8,82347924,0.804208,false
251343,2022,3180 Condominium Association,3180 N Lake Shore Dr,60657,LAKE VIEW,6,Multifamily Housing,Submitted Data,submitted,false,385000,1959,1,,76,6154495.9,20832108.6,0,0,,77.1,111.7,80.8,114.1,1917.1,5.5,4,26986605,fuel_sum,26986604.5,29683500,0.909145,false
251344,2022,"Jewel Osco, 03470-Elston & Addison",3570 N Elston Ave,60618,AVONDALE,21,Supermarket/Grocery Store,Submitted Data,submitted,false,55024,1983,1,,37,8921833.6,9560500.2,0,0,,335.9,636.4,346.5,643.5,1682.9,30.6,1.5,18482334,fuel_sum,18482333.8,18482562,0.999988,true
251346,2022,650 W Lake Street,650 W Lake Street,60661,NEAR WEST SIDE,28,Office,Submitted Data,submitted,false,60000,1970,1,,,2815035.6,2202954.4,0,0,,83.6,169.9,82.7,164.7,487.8,8.1,2,5017990,fuel_sum,5017990,5016000,1.000397,true
251347,2022,Evergreen Academy Middle -CPS,3537 S Paulina St,60609,MCKINLEY PARK,59,,Exempt,exempt,true,50060,,,,,,,,,,,,,,,,,,,,,,
251348,2022,Powell Elementary Paideia Acad -CPS,7530 S South Shore Dr,60649,SOUTH SHORE,43,,Not Submitted,not_submitted,false,73930,,,,,,,,,,,,,,,,0,,,,,,
251351,2022,Owens -CPS,11445 S State St,60628,ROSELAND,49,,Not Submitted,not_submitted,false,75744,,,,,,,,,,,,,,,,0,,,,,,
251352,2022,Tams Building -CPS,501 - 505 W 35th St,60629,BRIDGEPORT,60,,Not Submitted,not_submitted,false,73600,,,,,,,,,,,,,,,,0,,,,,,
251355,2022,"Evers Elementary, Medgar -CPS",9811 S Lowe Ave,60628,WASHINGTON HEIGHTS,73,,Exempt,exempt,true,52968,,,,,,,,,,,,,,,,,,,,,,
251356,2022,Johnson Elementary -CPS,1504 S Albany Ave,60623,NORTH LAWNDALE,29,,Exempt,exempt,true,56581,,,,,,,,,,,,,,,,,,,,,,
251358,2022,Irving Park Middle -CPS,3815 N Kedvale Ave,60641,IRVING PARK,16,K-12 School,Submitted Data,submitted,false,207520,1906,1,,95,2302076.4,3722959.8,0,0,,29,49.9,30,50.9,501,2.4,4,6025036,fuel_sum,6025036.2,6018080,1.001156,true
251359,2022,"Kershaw Elementary, Joshua D -CPS",6450 S Lowe Ave,60621,ENGLEWOOD,68,,Exempt,exempt,true,51900,,,,,,,,,,,,,,,,,,,,,,
251360,2022,Armour Elementary -CPS,950 W 33rd Pl,60608,BRIDGEPORT,60,K-12 School,Submitted Data,submitted,false,82842,1901,1,,80,1392181.3,3428700.2,0,0,,58.2,90.5,60.2,93,365.5,4.4,4,4820882,fuel_sum,4820881.5,4821404,0.999892,true
251362,2022,Prosser Career Acad HS -CPS,2148 N Long Ave,60639,BELMONT CRAGIN,19,K-12 School,Submitted Data,submitted,false,209971,1918,3,,9,10899685,15108170.3,0,0,,123.9,220.9,127.1,224.9,2238.1,10.7,1,26007855,fuel_sum,26007855.3,26015407,0.99971,true
251363,2022,Franklin Fine Arts Center -CPS,225 W Evergreen Ave,60610,NEAR NORTH SIDE,8,K-12 School,Submitted Data,submitted,false,53097,1926,1,,39,894479.7,4467230,0,0,,101,135.5,106.2,140.9,355.1,6.7,1.5,5361710,fuel_sum,5361709.7,5362797,0.999797,true
251364,2022,Rowe Elementary / Lozano Bilingual,1424 N Cleaver Street,60642,WEST TOWN,24,,Exempt,exempt,true,63861,,,,,,,,,,,,,,,,,,,,,,
251365,2022,"Alcott Elementary, Louisa May -CPS",2625 N Orchard St,60614,LINCOLN PARK,7,K-12 School,Submitted Data,submitted,false,84193,1937,4,,70,1253582.5,4331749.8,0,0,,66.3,95.7,69.1,98.6,395.2,4.7,4,5585332,fuel_sum,5585332.3,5581996,1.000598,true
251367,2022,Norwood Park Elementary -CPS,5900 N Nina Ave,60631,NORWOOD PARK,10,K-12 School,Submitted Data,submitted,false,56330,1916,1,,24,2385653.4,1925500,0,0,,76.5,154.5,77.8,155.9,416.5,7.4,2,4311153,fuel_sum,4311153.4,4309245,1.000443,true
251368,2022,"Washington HS , George -CPS",3535 E 114th St,60617,EAST SIDE,52,K-12 School,Submitted Data,submitted,false,214541,1957,1,,18,6865281.7,18461741.9,0,0,,118.1,180,119.3,181.4,1884.8,8.8,2,25327024,fuel_sum,25327023.6,25337292,0.999595,true
251370,2022,West Ridge Es -CPS,6700 N Whipple St,60645,WEST RIDGE,2,K-12 School,Submitted Data,submitted,false,100107,2010,1,,29,4186599.1,2790520.1,0,0,,69.7,146.4,70.3,147,699.7,7,1,6977119,fuel_sum,6977119.2,6977458,0.999951,true
251372,2022,Logandale -CPS,3212 W George St,60618,AVONDALE,21,K-12 School,Submitted Data,submitted,false,138900,1881,2,,34,3472167.3,9662829.4,0,0,,94.6,143,96.6,142.8,970.6,7,1.5,13134997,fuel_sum,13134996.7,13139940,0.999624,true
251373,2022,"Mitchell, Ellen -CPS",2233 W Ohio St,60612,WEST TOWN,24,K-12 School,Submitted Data,submitted,false,56385,1892,2,,56,858394.4,3847600.3,0,0,,83.5,114.3,87.2,118.2,317.4,5.6,2.5,4705995,fuel_sum,4705994.7,4708148,0.999543,true
251374,2022,Laura S Ward Elementary -CPS,410 N Monticello Ave,60624,HUMBOLDT PARK,23,,Not Submitted,not_submitted,false,56600,,,,,,,,,,,,,,,,0,,,,,,
251375,2022,Ashe Elementary -CPS,8507 S Ingleside,60619,CHATHAM,44,K-12 School,Submitted Data,submitted,false,55335,1963,1,,37,997720.1,4663130.3,0,0,,102.3,139,107.1,144,379.1,6.9,1.5,5660850,fuel_sum,5660850.4,5660771,1.000014,true
251376,2022,Ashburn Community Elementary -CPS,8300 S St Louis Ave,60652,ASHBURN,70,K-12 School,Submitted Data,submitted,false,58580,1953,1,,59,883319.1,3842379.8,0,0,,80.7,111.1,84.9,114.7,320.4,5.5,2.5,4725699,fuel_sum,4725698.9,4727406,0.999639,true
251377,2022,"Hurley, Edward N -CPS",3849 W 69th Pl,60629,WEST LAWN,65,K-12 School,Submitted Data,submitted,false,55250,1953,5,,6,2630863.5,4197439.8,0,0,,123.6,213.1,125.1,210.5,569.5,10.3,1,6828303,fuel_sum,6828303.3,6828900,0.999913,true
251379,2022,IBEW Local 134 Union Hall (expected 2016),2722 S King Dr,60616,DOUGLAS,35,,Submitted Data,submitted,false,130000,,,,,,,,,,,,,,,,0,,,,,,
251380,2022,Motley School Apartments,739 N Ada St,60642,WEST TOWN,24,,Not Submitted,not_submitted,false,57135,,,,,,,,,,,,,,,,0,,,,,,
251381,2022,Irving Elementary - CPS,749 S Oakley Blvd,60612,NEAR WEST SIDE,28,K-12 School,Submitted Data,submitted,false,55148,1988,1,,41,1300674.9,3501280.1,0,0,,87.1,132.7,89.7,133.6,357.3,6.5,2,4801955,fuel_sum,4801955,4803391,0.999701,true
251382,2022,Ogden Elementary - CPS,24 W Walton St,60610,NEAR NORTH SIDE,8,K-12 School,Submitted Data,submitted,false,316243,2011,1,,99,3475330.1,3404319.8,0,0,,21.8,42.1,22,41.8,638.6,2,4,6879650,fuel_sum,6879649.9,6894097,0.997904,true
251383,2022,"Mcnair Academy Center, Ronald E -CPS",4820 W Walton St,60651,AUSTIN,25,,Exempt,exempt,true,98596,,,,,,,,,,,,,,,,,,,,,,
251384,2022,Cather -CPS,2910 W Washington Blvd,60612,EAST GARFIELD PARK,27,,Exempt,exempt,true,52579,,,,,,,,,,,,,,,,,,,,,,
251385,2022,"Burley Elementary, Augustus H -CPS",1630 W Barry Ave,60657,LAKE VIEW,6,K-12 School,Submitted Data,submitted,false,58527,1896,2,,63,947143.9,3414609.9,0,0,,74.5,106.6,77.6,109.8,306.1,5.2,3,4361754,fuel_sum,4361753.8,4360262,1.000342,true
251386,2022,Crown Community Academy -CPS,2128 S St Louis Ave,60623,NORTH LAWNDALE,29,,Exempt,exempt,true,63352,,,,,,,,,,,,,,,,,,,,,,
251387,2022,Woodson South -CPS,4414 S Evans Ave,60653,GRAND BOULEVARD,38,,Exempt,exempt,true,71838,,,,,,,,,,,,,,,,,,,,,,
251388,2022,Greeley Elementary -CPS,832 W Sheridan Rd,60613,LAKE VIEW,6,K-12 School,Submitted Data,submitted,false,60718,1978,1,,10,4201854.3,28800,0,0,,69.7,194.3,70.6,196.8,555,9.1,1,4230654,fuel_sum,4230654.3,4232045,0.999671,true
251389,2022,"Hendricks C A, Thomas A -CPS",4320 S Princeton,60609,FULLER PARK,37,,Exempt,exempt,true,56857,,,,,,,,,,,,,,,,,,,,,,
251390,2022,"Pickard Elementary, Josiah L -CPS",2301 W 21st Pl,60608,LOWER WEST SIDE,31,,Exempt,exempt,true,116245,,,,,,,,,,,,,,,,,,,,,,
251391,2022,Sheridan Elementary -CPS,533 W 27th St,60616,BRIDGEPORT,60,,Not Submitted,not_submitted,false,77706,,,,,,,,,,,,,,,,0,,,,,,
251392,2022,"Canty Elementary, Arthur E -CPS",3740 N Panama Ave,60634,DUNNING,17,K-12 School,Submitted Data,submitted,false,103578,1936,4,,33,2752934.5,6000690,0,0,,84.5,135.3,84.6,133.5,681.3,6.6,1.5,8753625,fuel_sum,8753624.5,8752341,1.000147,true
251393,2022,Waters Fine Arts -CPS,4540 N Campbell Ave,60625,LINCOLN SQUARE,4,K-12 School,Submitted Data,submitted,false,93947,1911,3,,43,1846919,5871990.1,0,0,,82.2,120.7,85,123.7,555.2,5.9,2,7718909,fuel_sum,7718909.1,7722443,0.999542,true
251394,2022,"Hale Elementary, Nathan -CPS",6140 S Melvina Ave,60638,CLEARING,64,K-12 School,Submitted Data,submitted,false,99233,1953,2,,75,1233847.4,5380170.1,0,0,,66.7,91.7,69.3,94.5,448.3,4.5,4,6614018,fuel_sum,6614017.5,6618841,0.999271,true
251395,2022,Mcclellan Elementary -CPS,3527 S Wallace St,60609,BRIDGEPORT,60,K-12 School,Submitted Data,submitted,false,58108,1881,1,,37,888191.3,5306150.2,0,0,,106.6,138.7,112.7,145.1,398.8,6.9,1.5,6194342,fuel_sum,6194341.5,6194313,1.000005,true
251396,2022,Hammond Elementary -CPS,2819 W 21st Pl,60623,SOUTH LAWNDALE,30,K-12 School,Submitted Data,submitted,false,59692,1912,2,,28,1176566.8,5482420.1,0,0,,111.6,151.6,117,157.4,446.2,7.5,2,6658987,fuel_sum,6658986.9,6661627,0.999604,true
251397,2022,Marsh Elementary -CPS,9804 S Exchange,60617,SOUTH DEERING,51,K-12 School,Submitted Data,submitted,false,140770,1910,2,,46,3872579,5570290.1,0,0,,67.1,118.6,67.8,118.6,805.9,5.7,2,9442869,fuel_sum,9442869.1,9445667,0.999704,true
251398,2022,To be determined (Building being renovated in 2015-2016),221 E 49th St,60615,GRAND BOULEVARD,38,,Not Submitted,not_submitted,false,57743,,,,,,,,,,,,,,,,0,,,,,,
251399,2022,Park Manor Elementary -CPS,7037 S Rhodes Ave,60637,GREATER GRAND CROSSING,69,K-12 School,Submitted Data,submitted,false,62706,1913,1,,41,1560846.7,3750579.7,0,0,,84.7,132.5,87.5,135.4,404.8,6.5,3,5311426,fuel_sum,5311426.4,5311198,1.000043,true
251401,2022,"Neil Elementary, Jane A -CPS",8555 S Michigan Ave,60619,CHATHAM,44,,Exempt,exempt,true,71870,,,,,,,,,,,,,,,,,,,,,,
251402,2022,Dett -CPS,2306 W Maypole Ave,60612,NEAR WEST SIDE,28,,Exempt,exempt,true,61600,,,,,,,,,,,,,,,,,,,,,,
251403,2022,"Faraday Elementary, Michael -CPS",3250 W Monroe St,60624,EAST GARFIELD PARK,27,,Exempt,exempt,true,61645,,,,,,,,,,,,,,,,,,,,,,
251404,2022,"Burr Elementary, Jonathan -CPS",1621 W Wabansia Ave,60622,WEST TOWN,24,K-12 School,Submitted Data,submitted,false,60929,1896,1,,16,1191269.1,7124600.2,0,0,,136.5,177.5,141.7,183,535.3,8.8,1,8315869,fuel_sum,8315869.3,8316809,0.999887,true
251405,2022,Hefferan Elementary -CPS,4409 W Wilcox St,60624,WEST GARFIELD PARK,26,,Exempt,exempt,true,60934,,,,,,,,,,,,,,,,,,,,,,
251406,2022,John Whistler Elementary -CPS,11513 S Ada St,60643,WEST PULLMAN,53,,Exempt,exempt,true,88230,,,,,,,,,,,,,,,,,,,,,,
251407,2022,Agassiz Elementary -CPS,2851 N Seminary Ave,60657,LAKE VIEW,6,K-12 School,Submitted Data,submitted,false,57743,1913,1,,6,1546536.7,7788209.9,0,0,,161.7,216.6,171.3,227.7,617.4,10.7,1,9334747,fuel_sum,9334746.6,9337043,0.999754,true
251408,2022,Clissold Elementary -CPS,2330 W 110th Pl,60643,MORGAN PARK,75,K-12 School,Submitted Data,submitted,false,63257,1930,2,,48,1382736.9,3776730.4,0,0,,81.6,123.9,84.7,127.7,382.7,6.1,2,5159467,fuel_sum,5159467.3,5161771,0.999554,true
251409,2022,Dewey Academy Of Fine Arts -CPS,5401 S Union Ave,60609,NEW CITY,61,,Exempt,exempt,true,86191,,,,,,,,,,,,,,,,,,,,,,
251411,2022,Reavis Specialty Elementary -CPS,834 E 50th St,60615,KENWOOD,39,,Exempt,exempt,true,57507,,,,,,,,,,,,,,,,,,,,,,
251412,2022,"Goldblatt Elementary, Nathan R -CPS",4255 W Adams,60624,WEST GARFIELD PARK,26,,Exempt,exempt,true,57743,,,,,,,,,,,,,,,,,,,,,,
251413,2022,"Lathrop Elementary, Julia C -CPS",1440 S Christiana Ave,60623,NORTH LAWNDALE,29,,Not Submitted,not_submitted,false,63000,,,,,,,,,,,,,,,,0,,,,,,
251414,2022,Dumas Elementary -CPS,6650 S Ellis Ave,60637,WOODLAWN,42,K-12 School,Submitted Data,submitted,false,64558,1963,1,,52,1341342.5,3740989.8,0,0,,78.7,119,81.2,120.7,375.4,5.8,3.5,5082332,fuel_sum,5082332.3,5080715,1.000318,true
251415,2022,Kohn Elementary -CPS,10414 S State St,60628,ROSELAND,49,,Exempt,exempt,true,96800,,,,,,,,,,,,,,,,,,,,,,
251416,2022,Linne Elementary -CPS,3221 N Sacramento Ave,60618,AVONDALE,21,K-12 School,Submitted Data,submitted,false,105920,1895,3,,40,2960623.1,5686859.7,0,0,,81.6,134.6,85.1,138.3,692,6.5,1.5,8647483,fuel_sum,8647482.8,8643072,1.00051,true
251417,2022,Chalmers-CPS,2745 W Roosevelt Rd,60608,NORTH LAWNDALE,29,,Exempt,exempt,true,68184,,,,,,,,,,,,,,,,,,,,,,
251418,2022,Hitch Elementary -CPS,5625 N Mcvicker Ave,60646,NORWOOD PARK,10,K-12 School,Submitted Data,submitted,false,82050,1926,2,,40,3090402.2,1955540.2,0,0,,61.5,130.5,62.5,131.5,510.9,6.2,1.5,5045942,fuel_sum,5045942.4,5046075,0.999974,true
251419,2022,"Bronzeville Charter, Hartigan - CPS",8 W Root St,60609,GRAND BOULEVARD,38,K-12 School,Submitted Data,submitted,false,63929,1960,1,,48,1672811.5,3098849.9,0,0,,74.6,124.2,75.7,123,384.9,6,3,4771661,fuel_sum,4771661.4,4769103,1.000536,true
251420,2022,"Carson, Rachel Elementary -CPS",5516 S Maplewood Ave,60629,GAGE PARK,63,K-12 School,Submitted Data,submitted,false,138015,1917,2,,8,6039871,10767119.5,0,0,,121.8,204.4,124,203.9,1367.4,9.9,1,16806991,fuel_sum,16806990.5,16810227,0.999807,true
251421,2022,Ebinger Elementary -CPS,7350 W Pratt Ave,60631,EDISON PARK,9,K-12 School,Submitted Data,submitted,false,93518,1927,2,,48,2728607.1,3093709.8,0,0,,62.3,116.4,64,118.3,523.7,5.6,2,5822317,fuel_sum,5822316.9,5826171,0.999339,true
251423,2022,Ortiz De Dominguez -CPS,3000 S Lawndale Ave,60623,SOUTH LAWNDALE,30,K-12 School,Submitted Data,submitted,false,63900,1996,1,,18,2381439.5,4148519.8,0,0,,102.2,172.5,106,174.2,534,8.4,1,6529959,fuel_sum,6529959.3,6530580,0.999905,true
251424,2022,Mt Greenwood Elementary -CPS,10841 S Homan Ave,60655,MOUNT GREENWOOD,74,K-12 School,Submitted Data,submitted,false,117660,1936,4,,53,2812805.1,5167709.9,0,0,,67.8,113.1,69.6,114.5,645,5.5,2.5,7980515,fuel_sum,7980515,7977348,1.000397,true
251425,2022,Farnsworth Elementary -CPS,5414 N Linder Ave,60630,JEFFERSON PARK,11,K-12 School,Submitted Data,submitted,false,81712,1925,2,,24,3057950.3,3997210.4,0,0,,86.3,156.2,88.6,158.5,615.1,7.5,1,7055161,fuel_sum,7055160.7,7051746,1.000484,true
251426,2022,"Haley Elementary, Alex -CPS",11411 S Eggleston Ave,60628,ROSELAND,49,K-12 School,Submitted Data,submitted,false,101294,1925,2,,20,3572459.7,6660459.7,0,0,,101,167.8,106.4,175,824.3,8.1,1,10232919,fuel_sum,10232919.4,10230694,1.000217,true
251427,2022,Banneker Elementary -CPS,6646 S Normal,60621,ENGLEWOOD,68,,Exempt,exempt,true,65017,,,,,,,,,,,,,,,,,,,,,,
251428,2022,"Henson Elementary, Matthew A -CPS",1326 S Avers Ave,60623,NORTH LAWNDALE,29,,Exempt,exempt,true,64300,,,,,,,,,,,,,,,,,,,,,,
251429,2022,Mayo Elementary -CPS,245 E 37th St,60653,DOUGLAS,35,,Exempt,exempt,true,62750,,,,,,,,,,,,,,,,,,,,,,
251431,2022,Kanoon Magnet Elementary -CPS,2233 S Kedzie Ave,60623,SOUTH LAWNDALE,30,K-12 School,Submitted Data,submitted,false,67900,1980,1,,11,4623058.7,0,0,0,,68.1,190.6,69.9,195.7,608.9,9,1,4623059,fuel_sum,4623058.7,4623990,0.999799,true
251432,2022,"Brown Elementary, William H -CPS",54 N Hermitage Ave,60612,NEAR WEST SIDE,28,,Exempt,exempt,true,63290,,,,,,,,,,,,,,,,,,,,,,
251433,2022,Newberry Math/Science Academy -CPS,708 W Willow St,60614,LINCOLN PARK,7,K-12 School,Submitted Data,submitted,false,75176,1937,2,,70,1200710.1,3831769.5,0,0,,66.9,98.2,70.7,102.2,361.7,4.8,3,5032480,fuel_sum,5032479.6,5029274,1.000637,true
251434,2022,Nicholson Math And Science Elementary - CPS,6006 S Peoria St,60621,ENGLEWOOD,68,K-12 School,Submitted Data,submitted,false,71602,1958,2,,28,1644147.3,5846129.8,0,0,,104.6,150,109.7,155.4,527.1,7.4,1,7490277,fuel_sum,7490277.1,7489569,1.000095,true
251435,2022,Little Village Academy -CPS,2620 S Lawndale Ave,60623,SOUTH LAWNDALE,30,K-12 School,Submitted Data,submitted,false,73770,1996,2,,13,3911605.6,2706080.3,0,0,,89.7,187,89,182.3,658.9,8.9,1,6617686,fuel_sum,6617685.9,6617169,1.000078,true
251437,2022,Spry Community Elementary -CPS,2400 S Marshall Blvd,60623,SOUTH LAWNDALE,30,K-12 School,Submitted Data,submitted,false,106010,1889,2,,50,2073039.1,8077830,0,0,,95.8,134.8,101,139.4,702.1,6.6,2,10150869,fuel_sum,10150869.1,10155758,0.999519,true
251438,2022,"Stockton Specialty, Joseph -CPS",4420 N Beacon St,60640,UPTOWN,3,,Exempt,exempt,true,112070,,,,,,,,,,,,,,,,,,,,,,
251439,2022,Bennett Elementary -CPS,10115 S Prairie Ave,60628,ROSELAND,49,K-12 School,Submitted Data,submitted,false,67595,1928,1,,70,971679.6,3725829.7,0,0,,69.5,98.1,72.1,100.9,325.9,4.8,3,4697509,fuel_sum,4697509.3,4697853,0.999927,true
251440,2022,Goodlow Elementary Magnet -CPS,2040 W 62nd St,60636,WEST ENGLEWOOD,67,,Exempt,exempt,true,67506,,,,,,,,,,,,,,,,,,,,,,
251441,2022,"Chavez, Cesar E Multicultural Academic Center Es -CPS",4747 S Marshfield Ave,60609,NEW CITY,61,K-12 School,Submitted Data,submitted,false,97480,1993,1,,49,3140428.6,2626990,0,0,,59.2,118.5,59.2,116.7,553.2,5.7,3,5767419,fuel_sum,5767418.6,5770816,0.999411,true
251442,2022,"Hinton Elementary, William Augustus -CPS",646 W 71st St,60621,ENGLEWOOD,68,,Exempt,exempt,true,71892,,,,,,,,,,,,,,,,,,,,,,
251443,2022,Madison Elementary -CPS,7401 S Dorchester,60619,SOUTH SHORE,43,,Exempt,exempt,true,67700,,,,,,,,,,,,,,,,,,,,,,
251444,2022,Gompers Fine Arts Option Elementary - CPS,12302 S State St,60628,WEST PULLMAN,53,,Exempt,exempt,true,75744,,,,,,,,,,,,,,,,,,,,,,
251445,2022,Lara Academy- CPS,4619 S Wolcott Ave,60609,NEW CITY,61,K-12 School,Submitted Data,submitted,false,67964,1996,1,,46,2131473,2493739.8,0,0,,68.1,126.3,68.4,124.8,413.2,6.1,2,4625213,fuel_sum,4625212.8,4628348,0.999323,true
251446,2022,Randolph Elementary -CPS,7316 S Hoyne Ave,60636,WEST ENGLEWOOD,67,,Exempt,exempt,true,78450,,,,,,,,,,,,,,,,,,,,,,
251447,2022,Foster Park Elementary -CPS,8500 S Wood,60620,AUBURN GRESHAM,71,,Exempt,exempt,true,68005,,,,,,,,,,,,,,,,,,,,,,
251448,2022,Providence Englewood Bunche Elementary Charter,6515 S Ashland Ave,60636,WEST ENGLEWOOD,67,K-12 School,Submitted Data,submitted,false,70436,1975,1,,21,3314235.2,905855.4,0,0,,78.5,190.4,79.5,191.7,484.6,9,1,4220091,fuel_sum,4220090.6,5529226,0.763234,false
251449,2022,Libby Elementary -CPS,5300 S Loomis Blvd,60609,NEW CITY,61,,Exempt,exempt,true,115600,,,,,,,,,,,,,,,,,,,,,,
251450,2022,Caldwell Math & Science -CPS,8540 S Cregier,60617,AVALON PARK,45,,Exempt,exempt,true,64483,,,,,,,,,,,,,,,,,,,,,,
251451,2022,Madero Middle -CPS,3202 W 28th St,60623,SOUTH LAWNDALE,30,K-12 School,Submitted Data,submitted,false,62071,1996,1,,38,2014581.3,2720970.1,0,0,,76.3,136.9,77.7,137.6,409.9,6.6,2.5,4735551,fuel_sum,4735551.4,4736017,0.999902,true
251452,2022,Manierre Elementary -CPS,1420 N Hudson Ave,60610,NEAR NORTH SIDE,8,,Exempt,exempt,true,87876,,,,,,,,,,,,,,,,,,,,,,
251455,2022,Richards Career Academy HS -CPS,5009 S Laflin St,60609,NEW CITY,61,,Exempt,exempt,true,103015,,,,,,,,,,,,,,,,,,,,,,
251456,2022,"Carnegie Elementary, Andrew -CPS",1414 E 61st Pl,60637,WOODLAWN,42,K-12 School,Submitted Data,submitted,false,63979,1957,3,,22,1674166.1,5421410.3,0,0,,110.9,162.2,116.2,167,508.5,7.9,1,7095576,fuel_sum,7095576.4,7095271,1.000043,true
251457,2022,Fernwood Elementary -CPS,10041 S Union Ave,60628,WASHINGTON HEIGHTS,73,K-12 School,Submitted Data,submitted,false,67170,1901,2,,90,787660.2,2329370,0,0,,46.4,69.2,48.3,71.2,227.5,3.4,4,3117030,fuel_sum,3117030.2,3116688,1.00011,true
251459,2022,Casals Elementary -CPS,3501 W Potomac Ave,60651,HUMBOLDT PARK,23,K-12 School,Submitted Data,submitted,false,66550,1989,1,,22,2421547.7,3916050.2,0,0,,95.2,163.7,96.5,161.7,527,7.9,1,6337598,fuel_sum,6337597.9,6335560,1.000322,true
251460,2022,Dodge -CPS,2651 W Washington Blvd,60612,EAST GARFIELD PARK,27,Office,Submitted Data,submitted,false,72340,1961,1,,62,2717142.8,3433310,0,0,,85,155,87.9,157,540.2,7.5,3,6150453,fuel_sum,6150452.8,6148900,1.000253,true
251461,2022,"Washington Elementary, Harold -CPS",9130 S University Ave,60619,BURNSIDE,47,,Exempt,exempt,true,77300,,,,,,,,,,,,,,,,,,,,,,
251462,2022,Graham Elementary -CPS,4436 S Union Ave,60609,NEW CITY,61,,Exempt,exempt,true,73500,,,,,,,,,,,,,,,,,,,,,,
251463,2022,Lincoln Elementary -CPS,615 W Kemper Pl,60614,LINCOLN PARK,7,K-12 School,Submitted Data,submitted,false,115536,1894,3,,62,2355508.3,4757790,0,0,,61.6,100.3,63.2,101.6,563,4.9,3,7113298,fuel_sum,7113298.3,7117018,0.999477,true
251464,2022,Sexton -CPS,6020 S Langely Ave,60637,WOODLAWN,42,,Exempt,exempt,true,105274,,,,,,,,,,,,,,,,,,,,,,
251465,2022,"Coonley, John C -CPS",4046 N Leavitt St,60618,NORTH CENTER,5,K-12 School,Submitted Data,submitted,false,107635,1902,4,,49,2597586.3,5023550.1,0,0,,70.8,116.6,74.2,120.1,609,5.7,3,7621136,fuel_sum,7621136.4,7620558,1.000076,true
251466,2022,Dvorak Math/Science/Tech Academy - CPS,3615 W 16th St,60623,NORTH LAWNDALE,29,,Exempt,exempt,true,69287,,,,,,,,,,,,,,,,,,,,,,
251468,2022,Fiske Elementary -CPS,6145 S Ingleside Ave,60637,WOODLAWN,42,,Exempt,exempt,true,73930,,,,,,,,,,,,,,,,,,,,,,
251469,2022,Mahalia Jackson Elementary -CPS,917 W 88th St,60620,AUBURN GRESHAM,71,,Exempt,exempt,true,74586,,,,,,,,,,,,,,,,,,,,,,
251470,2022,Dett,2101 W Monroe,60612,NEAR WEST SIDE,28,,Exempt,exempt,true,70600,,,,,,,,,,,,,,,,,,,,,,
251473,2022,"Onahan Elementary, William J -CPS",6634 W Raven St,60631,NORWOOD PARK,10,K-12 School,Submitted Data,submitted,false,90969,1928,3,,37,2300462.5,5538490.1,0,0,,86.2,134.7,86.9,134.3,597.2,6.6,1.5,7838953,fuel_sum,7838952.6,7841528,0.999672,true
251474,2022,"Audubon Elementary, John J - CPS",3500 N Hoyne Ave,60618,NORTH CENTER,5,K-12 School,Submitted Data,submitted,false,72489,1894,4,,48,1201242.4,5353410,0,0,,90.4,123.9,95.3,128.8,442.6,6.1,2,6554652,fuel_sum,6554652.4,6553006,1.000251,true
251475,2022,"Belding Elementary, Hiram H - CPS",4257 N Tripp Ave,60641,IRVING PARK,16,K-12 School,Submitted Data,submitted,false,69480,1899,2,,72,167781.7,5772519.9,0,0,,85.5,94,87.2,95.8,328.7,4.7,3.5,5940302,fuel_sum,5940301.6,5940540,0.99996,true
251476,2022,Jensen Scholastic Academy - CPS,3024 W Harrison,60612,EAST GARFIELD PARK,27,,Exempt,exempt,true,64440,,,,,,,,,,,,,,,,,,,,,,
251477,2022,Wadsworth - CPS,6420 S University Ave,60637,WOODLAWN,42,,Exempt,exempt,true,125424,,,,,,,,,,,,,,,,,,,,,,
251478,2022,Andrew Jackson Language Academy - CPS,1340 W Harrison St,60607,NEAR WEST SIDE,28,K-12 School,Submitted Data,submitted,false,74135,1989,1,,12,2925486.2,5417750,0,0,,112.5,187.2,115.9,188,673.1,9.1,1,8343236,fuel_sum,8343236.2,8340188,1.000365,true
251479,2022,"Bridge Elementary, Norman -CPS",3800 N New England Ave,60634,DUNNING,17,K-12 School,Submitted Data,submitted,false,126934,1926,4,,80,1987687.9,4746770.3,0,0,,53.1,83.1,54.4,84.5,513.9,4,4,6734458,fuel_sum,6734458.2,6740195,0.999149,true
251480,2022,Morton Elementary Career Academy - CPS,431 N Troy St,60612,HUMBOLDT PARK,23,,Exempt,exempt,true,71504,,,,,,,,,,,,,,,,,,,,,,
251482,2022,Ruiz Elementary - CPS,2410 S Leavitt St,60608,LOWER WEST SIDE,31,K-12 School,Submitted Data,submitted,false,80217,1989,2,,16,3804625.6,3330089.7,0,0,,88.9,176.4,89.4,173.9,678,8.5,1,7134715,fuel_sum,7134715.3,7131291,1.00048,true
251483,2022,"Hamilton Elementary, Alexander - CPS",1650 W Cornelia Ave,60657,LAKE VIEW,6,K-12 School,Submitted Data,submitted,false,74643,1903,1,,59,1116641.8,4892230.2,0,0,,80.5,110.7,84,114.4,406.9,5.5,2.5,6008872,fuel_sum,6008872,6008762,1.000018,true
251484,2022,Jungman Elementary -CPS,1746 S Miller St,60608,LOWER WEST SIDE,31,K-12 School,Submitted Data,submitted,false,69850,1902,2,,25,1683702.6,5946630.4,0,0,,109.2,156.9,112.9,160.7,537.6,7.7,1,7630333,fuel_sum,7630333,7627620,1.000356,true
251485,2022,Emmet Elementary -CPS,5500 W Madison St,60644,AUSTIN,25,,Exempt,exempt,true,79800,,,,,,,,,,,,,,,,,,,,,,
251486,2022,"Ruggles, Martha M -CPS",7831 S Prairie Ave,60619,GREATER GRAND CROSSING,69,K-12 School,Submitted Data,submitted,false,99710,1925,2,,79,1365130.9,4601870.1,0,0,,59.8,86.8,61.5,87.8,424.2,4.3,3.5,5967001,fuel_sum,5967001,5962658,1.000728,true
251487,2022,Corkery Elementary -CPS,2510 S Kildare Ave,60623,SOUTH LAWNDALE,30,K-12 School,Submitted Data,submitted,false,71668,1911,2,,12,2269290.5,6729990.1,0,0,,125.6,187.3,131.5,193.5,656.4,9.2,1,8999281,fuel_sum,8999280.6,9001501,0.999753,true
251488,2022,Esmond Elementary -CPS,1865 W Montvale Ave,60643,MORGAN PARK,75,K-12 School,Submitted Data,submitted,false,53700,1891,3,,48,929582.3,4210989.7,0,0,,95.7,130.8,101.3,135.7,346.1,6.4,3,5140572,fuel_sum,5140572,5139090,1.000288,true
251489,2022,Stowe -CPS,3444 W Wabansia Ave,60647,HUMBOLDT PARK,23,K-12 School,Submitted Data,submitted,false,133900,1903,2,,50,2834181.3,7967719.5,0,0,,80.7,121.7,83.5,125,796.5,5.9,2,10801901,fuel_sum,10801900.8,10805730,0.999646,true
251490,2022,Dulles -CPS,6311 S Calumet Ave,60637,GREATER GRAND CROSSING,69,K-12 School,Submitted Data,submitted,false,70786,1962,1,,18,1486850.7,7686390.1,0,0,,129.6,172.8,135.6,177.6,604.1,8.5,1,9173241,fuel_sum,9173240.8,9173866,0.999932,true
251491,2022,Frazier International Magnet -CPS,4027 W Grenshaw St,60624,NORTH LAWNDALE,29,,Exempt,exempt,true,72000,,,,,,,,,,,,,,,,,,,,,,
251492,2022,Attucks -CPS,5055 S State St,60609,GRAND BOULEVARD,38,,Not Submitted,not_submitted,false,62986,,,,,,,,,,,,,,,,0,,,,,,
251493,2022,Bethune Elementary -CPS,3030 W Arthington St,60612,EAST GARFIELD PARK,27,,Exempt,exempt,true,75510,,,,,,,,,,,,,,,,,,,,,,
251496,2022,"Sumner Math & Science Community Acad, Charles -CPS",4320 W 5th Ave,60624,WEST GARFIELD PARK,26,,Exempt,exempt,true,85420,,,,,,,,,,,,,,,,,,,,,,
251497,2022,Burke Elementary -CPS,5356 S King Dr,60615,WASHINGTON PARK,40,,Exempt,exempt,true,73963,,,,,,,,,,,,,,,,,,,,,,
251498,2022,"Ericson Scholastic Academy, Leif -CPS",3600 W 5th Ave,60624,EAST GARFIELD PARK,27,K-12 School,Submitted Data,submitted,false,74410,1962,1,,38,2219035.2,3816750,0,0,,81.1,137.4,84.7,141.7,495,6.7,2.5,6035785,fuel_sum,6035785.2,6034651,1.000188,true
251499,2022,Jahn World Language -CPS,3149 N Wolcott Ave,60657,NORTH CENTER,5,K-12 School,Submitted Data,submitted,false,83029,1908,1,,60,1232359.8,5352450.1,0,0,,79.3,109.2,82,112.1,446.6,5.4,2.5,6584810,fuel_sum,6584809.9,6584200,1.000093,true
251500,2022,Mark Skinner Elementary -CPS,111 S Throop St,60607,NEAR WEST SIDE,28,K-12 School,Submitted Data,submitted,false,150694,2009,3,,47,5110067.2,3503030.1,0,0,,57.2,119.4,57.2,117.7,859.1,5.7,3,8613097,fuel_sum,8613097.3,8619697,0.999234,true
251501,2022,Mayer -CPS,2250 N Clifton Ave,60614,LINCOLN PARK,7,K-12 School,Submitted Data,submitted,false,73514,1959,1,,34,2240807.2,3964220.1,0,0,,84.4,142,86.4,142.1,505.7,6.9,1.5,6205027,fuel_sum,6205027.3,6204582,1.000072,true
251502,2022,Jamieson Elementary -CPS,5650 N Mozart St,60659,WEST RIDGE,2,K-12 School,Submitted Data,submitted,false,111599,1937,4,,51,2178729.2,5995549.5,0,0,,73.2,111.1,74.3,112.2,605.4,5.4,2.5,8174279,fuel_sum,8174278.7,8169047,1.00064,true
251504,2022,Haines Elementary -CPS,247 W 23rd Place,60616,ARMOUR SQUARE,34,K-12 School,Submitted Data,submitted,false,75558,1995,1,,4,4828835.7,3565600.1,0,0,,111.1,228.5,111.1,225.2,825.4,10.9,1,8394436,fuel_sum,8394435.8,8394494,0.999993,true
251505,2022,Hawthorne Elementary Academy -CPS,3319 N Clifton Ave,60657,LAKE VIEW,6,K-12 School,Submitted Data,submitted,false,71199,1930,3,,50,1407306.7,4505890.3,0,0,,83.1,121.8,87.3,126.2,424.7,6,2,5913197,fuel_sum,5913197,5916637,0.999419,true
251506,2022,Peterson Elementary -CPS,5500 N CHRISTIANA,60625,NORTH PARK,13,K-12 School,Submitted Data,submitted,false,97862,1925,3,,23,3458433.8,5355239.9,0,0,,90.1,156.4,93.2,159.8,740,7.6,1,8813674,fuel_sum,8813673.7,8817366,0.999581,true
251508,2022,Polaris Charter Academy Elementary School - CPS,620 N Sawyer Ave,60624,HUMBOLDT PARK,23,K-12 School,Submitted Data,submitted,false,89000,1901,1,,69,853985.6,4230240.1,0,0,,57.1,76.8,60.5,80.6,337.2,3.8,3,5084226,fuel_sum,5084225.7,5081900,1.000458,true
251509,2022,Daley -CPS,5024 S Wolcott Ave,60609,NEW CITY,61,K-12 School,Submitted Data,submitted,false,73350,1996,1,,2,2548460.4,11465600.1,0,0,,191.1,261.4,202.1,271.5,944.7,12.9,1,14014061,fuel_sum,14014060.5,14017185,0.999777,true
251511,2022,Brighton Park-Old Building  -CPS,3825 S Washtenaw Ave,60632,BRIGHTON PARK,58,,Exempt,exempt,true,80730,,,,,,,,,,,,,,,,,,,,,,
251512,2022,Christopher Elementary -CPS,5042 S Artesian Ave,60632,GAGE PARK,63,K-12 School,Submitted Data,submitted,false,76800,1927,3,,24,3065555.7,3494549.9,0,0,,85.4,159.5,88.5,164.9,589.4,7.7,1,6560106,fuel_sum,6560105.6,6558720,1.000211,true
251513,2022,Dawes Elementary -CPS,3810 W 81st Place,60652,ASHBURN,70,K-12 School,Submitted Data,submitted,false,90061,1954,3,,49,2066150.2,4905270,0,0,,77.4,121.4,79.8,124,532.7,5.9,2,6971420,fuel_sum,6971420.2,6970721,1.0001,true
251514,2022,South Shore ES,1404 E 70th St,60637,SOUTH SHORE,43,,Exempt,exempt,true,76945,,,,,,,,,,,,,,,,,,,,,,
251515,2022,Calhoun North -CPS,2801 W Adams,60612,EAST GARFIELD PARK,27,,Exempt,exempt,true,76400,,,,,,,,,,,,,,,,,,,,,,
251516,2022,Lawrence Elementary -CPS,9928 S Crandon Ave,60617,SOUTH DEERING,51,K-12 School,Submitted Data,submitted,false,82156,1945,4,,32,1109817.8,7582690,0,0,,105.8,134.7,108.9,138,548.9,6.7,1.5,8692508,fuel_sum,8692507.8,8692105,1.000046,true
251517,2022,Skinner North / Schiller Middle -CPS,650 W Scott,60610,NEAR NORTH SIDE,8,K-12 School,Submitted Data,submitted,false,68922,1961,1,,47,1222720.9,4927219.6,0,0,,89.2,124.7,94.9,130.7,422.8,6.1,2,6149941,fuel_sum,6149940.5,6147842,1.000341,true
251518,2022,"Pulaski Fine Arts Academy, Casimir -CPS",2230 W Mclean Ave,60647,LOGAN SQUARE,22,K-12 School,Submitted Data,submitted,false,103904,1949,2,,22,4268961.2,4701870.2,0,0,,86.3,162.6,90.4,168.5,812,7.8,1,8970831,fuel_sum,8970831.4,8966915,1.000437,true
251520,2022,"Palmer Elementary, John M -CPS",5501 N Kenneth Ave,60630,ALBANY PARK,16,K-12 School,Submitted Data,submitted,false,118282,1925,4,,31,2735792.8,8326120.1,0,0,,93.5,138.7,96.5,141.8,802.6,6.8,1.5,11061913,fuel_sum,11061912.9,11059367,1.00023,true
251521,2022,Mccormick -CPS,2712 S Sawyer Ave,60623,SOUTH LAWNDALE,30,K-12 School,Submitted Data,submitted,false,100260,1905,3,,24,3070646.4,6936839.7,0,0,,99.8,158.4,103.8,162.6,772.9,7.7,1,10007486,fuel_sum,10007486.1,10005948,1.000154,true
251522,2022,Cuffe Math/Science/Tech Academy -CPS,8324 S Racine Ave,60620,AUBURN GRESHAM,71,,Exempt,exempt,true,82120,,,,,,,,,,,,,,,,,,,,,,
251523,2022,"Goethe Elementary, J W Von -CPS",2236 N Rockwell Ave,60647,LOGAN SQUARE,22,K-12 School,Submitted Data,submitted,false,80028,1895,2,,33,2766470.2,3570099.9,0,0,,79.2,143.6,81.7,147.1,554,6.9,1.5,6336570,fuel_sum,6336570.1,6338218,0.99974,true
251524,2022,Air Force Academy (Abbott Elementary ) -CPS,3630 S Wells St,60609,ARMOUR SQUARE,34,,Exempt,exempt,true,68306,,,,,,,,,,,,,,,,,,,,,,
251525,2022,Tilton-CPS,223 N Keeler Ave,60624,WEST GARFIELD PARK,26,,Exempt,exempt,true,104888,,,,,,,,,,,,,,,,,,,,,,
251526,2022,Barry -CPS,2828 N Kilbourn Ave,60641,HERMOSA,20,K-12 School,Submitted Data,submitted,false,78700,1927,2,,37,1167825.2,6998869.8,0,0,,103.8,134.9,107.7,139,525.6,6.7,1.5,8166695,fuel_sum,8166695,8169060,0.99971,true
251527,2022,Key Elementary -CPS,509 N Parkside,60644,AUSTIN,25,,Not Submitted,not_submitted,false,75500,,,,,,,,,,,,,,,,0,,,,,,
251528,2022,Oglesby -CPS,7646 S Green St,60620,AUBURN GRESHAM,71,,Exempt,exempt,true,77140,,,,,,,,,,,,,,,,,,,,,,
251529,2022,Lovett Elementary -CPS,6333 W Bloomingdale Ave,60639,AUSTIN,25,K-12 School,Submitted Data,submitted,false,85200,1927,2,,50,1388090.3,6155180,0,0,,88.5,121.5,92.3,125.4,509.8,6,2,7543270,fuel_sum,7543270.3,7540200,1.000407,true
251530,2022,Pasteur Elementary -CPS,5825 S Kostner Ave,60629,WEST ELSDON,62,K-12 School,Submitted Data,submitted,false,98900,1927,6,,54,2475986.1,4726839.9,0,0,,72.8,120.3,75,122.5,577.2,5.8,2.5,7202826,fuel_sum,7202826,7199920,1.000404,true
251531,2022,"Rosenwald, Carroll Branch -CPS",2601 W 80th St,60652,ASHBURN,70,,Not Submitted,not_submitted,false,63300,,,,,,,,,,,,,,,,0,,,,,,
251532,2022,"Chappell, Eliza Elementary -CPS",5145 N Leavitt St,60625,LINCOLN SQUARE,4,K-12 School,Submitted Data,submitted,false,87149,1937,3,,16,3318784.2,5465480,0,0,,100.8,172.5,103.6,175.4,727.4,8.3,1,8784264,fuel_sum,8784264.2,8784619,0.99996,true
251533,2022,Lozano Bilingual Elementary -CPS,1501 N Greenview Ave,60642,WEST TOWN,24,,Exempt,exempt,true,57885,,,,,,,,,,,,,,,,,,,,,,
251534,2022,Smith -CPS,730 E 103rd St,60628,PULLMAN,50,,Exempt,exempt,true,76920,,,,,,,,,,,,,,,,,,,,,,
251535,2022,U Of Chicago Charter- Donoghue -CPS,707 E 37th St,60653,OAKLAND,36,K-12 School,Submitted Data,submitted,false,74828,1963,1,,11,2367651.6,7499630.2,0,0,,131.9,193.8,138.5,200.8,710.2,9.5,1,9867282,fuel_sum,9867281.8,9869813,0.999744,true
251536,2022,Altgeld Elementary-CPS,1340 W 71st St,60636,WEST ENGLEWOOD,67,,Exempt,exempt,true,69366,,,,,,,,,,,,,,,,,,,,,,
251537,2022,Finkl Elementary -CPS,2332 S Western Ave,60608,LOWER WEST SIDE,31,,Exempt,exempt,true,71980,,,,,,,,,,,,,,,,,,,,,,
251538,2022,Morgan Elementary,8407 S KERFOOT AVE,60620,AUBURN GRESHAM,71,,Exempt,exempt,true,80300,,,,,,,,,,,,,,,,,,,,,,
251539,2022,Sayre Language Academy -CPS,1850 N Newland Ave,60707,AUSTIN,25,K-12 School,Submitted Data,submitted,false,79775,1930,1,,58,1588197.2,4044979.5,0,0,,70.6,109,72.9,111.4,424,5.3,2.5,5633177,fuel_sum,5633176.7,5632115,1.000189,true
251540,2022,Woods Academy,6200 S RACINE,60636,WEST ENGLEWOOD,67,,Exempt,exempt,true,80400,,,,,,,,,,,,,,,,,,,,,,
251541,2022,Reilly Es -CPS,3650 W School St,60618,AVONDALE,21,K-12 School,Submitted Data,submitted,false,113870,1914,4,,58,2775798.2,5420619.6,0,0,,72,118.2,75.7,122.5,653.5,5.7,3.5,8196418,fuel_sum,8196417.8,8198640,0.999729,true
251542,2022,Boone Elementary -CPS,6710 N Washtenaw Ave,60645,WEST RIDGE,2,K-12 School,Submitted Data,submitted,false,92344,1927,3,,43,1559481.9,6971420.2,0,0,,92.4,126.6,94.6,128.9,575.7,6.2,2,8530902,fuel_sum,8530902.1,8532586,0.999803,true
251543,2022,Harvard Elemtary-CPS,7525 S Harvard Ave,60620,GREATER GRAND CROSSING,69,K-12 School,Submitted Data,submitted,false,80584,1905,2,,73,1474448.1,3317650.2,0,0,,59.5,94.5,61.1,96.2,370.4,4.6,3.5,4792098,fuel_sum,4792098.3,4794748,0.999447,true
251544,2022,Peck Elementary-CPS,3826 W 58th St,60629,WEST ELSDON,62,K-12 School,Submitted Data,submitted,false,118621,1926,5,,57,3290959.3,3887429.9,0,0,,60.5,112.1,61.7,112.6,639.9,5.4,2.5,7178389,fuel_sum,7178389.2,7176571,1.000253,true
251545,2022,Metcalfe Math And Science -CPS,12339 S Normal Ave,60628,WEST PULLMAN,53,,Exempt,exempt,true,81370,,,,,,,,,,,,,,,,,,,,,,
251546,2022,Reinberg Elementary -CPS,3425 N Major Ave,60634,PORTAGE PARK,15,K-12 School,Submitted Data,submitted,false,165821,1928,4,,82,1841326.7,6731780.3,0,0,,51.7,73.7,53.9,76,600.1,3.6,4,8573107,fuel_sum,8573107,8572946,1.000019,true
251547,2022,Gallistel Language Academy -CPS,10347 S Ewing Ave,60617,EAST SIDE,52,K-12 School,Submitted Data,submitted,false,94577,1897,4,,68,1921471.3,4165570,0,0,,64.4,103.1,65.2,104,474.3,5,3,6087041,fuel_sum,6087041.3,6090759,0.99939,true
251548,2022,Mt Vernon Elementary -CPS,10540 S Morgan St,60643,WASHINGTON HEIGHTS,73,,Exempt,exempt,true,82650,,,,,,,,,,,,,,,,,,,,,,
251549,2022,Peterson Early Childhood,3256 W BRYN MAWR AVE,60659,NORTH PARK,13,,Not Submitted,not_submitted,false,82500,,,,,,,,,,,,,,,,0,,,,,,
251550,2022,Coles Model For Excellence -CPS,8441 S Yates Blvd,60617,SOUTH CHICAGO,46,,Exempt,exempt,true,94614,,,,,,,,,,,,,,,,,,,,,,
251551,2022,Murphy Elementary -CPS,3539 W Grace St,60618,IRVING PARK,16,K-12 School,Submitted Data,submitted,false,85287,1924,1,,35,1481019.6,7574559.8,0,0,,106.2,141.9,112.2,148.2,597.4,7,1.5,9055579,fuel_sum,9055579.4,9057479,0.99979,true
251552,2022,"Parkman Elementary, Francis",245 W 51ST ST,60609,FULLER PARK,37,,Exempt,exempt,true,82900,,,,,,,,,,,,,,,,,,,,,,
251553,2022,Sawyer Elementary -CPS,5248 S Sawyer Ave,60632,GAGE PARK,63,K-12 School,Submitted Data,submitted,false,163308,1901,3,,47,4839362.2,6617069.8,0,0,,70.2,125.5,73.1,128.6,988.9,6.1,3,11456432,fuel_sum,11456432,11464222,0.99932,true
251554,2022,James Ward Elementary -CPS,2701 S Shields Ave,60616,ARMOUR SQUARE,34,K-12 School,Submitted Data,submitted,false,85194,1874,3,,27,2013724.9,7130110,0,0,,107.3,154.1,111.8,158.8,644,7.6,2,9143835,fuel_sum,9143834.9,9141316,1.000276,true
251555,2022,Columbia Explorers Elementary Academy -CPS,4520 S Kedzie Ave,60632,BRIGHTON PARK,58,K-12 School,Submitted Data,submitted,false,108052,2001,4,,40,3895749.9,3482069.9,0,0,,68.3,134.8,69,134.2,698.1,6.5,2.5,7377820,fuel_sum,7377819.8,7379952,0.999711,true
251556,2022,"Jenner, Edward Elementary Academy Of The Arts -CPS",1119 N Cleveland Ave,60610,NEAR NORTH SIDE,8,K-12 School,Submitted Data,submitted,false,90164,2000,1,,45,3059830.6,2848170.2,0,0,,65.5,128.2,67.1,129.8,554.3,6.1,2,5908001,fuel_sum,5908000.8,5905742,1.000383,true
251557,2022,Lavizzo Elementary - CPS,137 W 108th Pl,60628,ROSELAND,49,K-12 School,Submitted Data,submitted,false,83900,1999,1,,24,3177803.8,4213710.1,0,0,,88.1,158.8,89.9,158,642.4,7.7,1,7391514,fuel_sum,7391513.9,7391590,0.99999,true
251558,2022,Nathanael Green -CPS,3525 S. Honroe,60609,MCKINLEY PARK,59,,Exempt,exempt,true,82455,,,,,,,,,,,,,,,,,,,,,,
251559,2022,Beethoven Elementary -CPS,25 W 47th St,60609,GRAND BOULEVARD,38,,Exempt,exempt,true,92185,,,,,,,,,,,,,,,,,,,,,,
251560,2022,Hampton Fine & Performing Arts -CPS,3434 W 77th St,60652,ASHBURN,70,K-12 School,Submitted Data,submitted,false,98776,2000,1,,12,5147060,4097419.7,0,0,,93.6,189.5,95.7,189.6,895.6,9.1,1,9244480,fuel_sum,9244479.7,9245434,0.999897,true
251561,2022,New Field Primary -CPS,1707 W Morse Ave,60626,ROGERS PARK,1,K-12 School,Submitted Data,submitted,false,85500,2003,1,,9,3383608.5,6850980.1,0,0,,119.7,194.9,123.4,198.8,809.6,9.5,1,10234589,fuel_sum,10234588.6,10234350,1.000023,true
251563,2022,Castellanos Elementary -CPS,2524 S Central Ave,60623,AUSTIN,25,K-12 School,Submitted Data,submitted,false,84116,1912,2,,83,1368611.2,2889310.1,0,0,,50.6,81.6,52.2,83.3,333.7,4,4,4257921,fuel_sum,4257921.3,4256270,1.000388,true
251564,2022,Carter Elementary -CPS,5740 S Michigan Ave,60637,WASHINGTON PARK,40,,Exempt,exempt,true,86910,,,,,,,,,,,,,,,,,,,,,,
251565,2022,"Dixon, Arthur -CPS",8306 S St Lawrence Ave,60619,CHATHAM,44,K-12 School,Submitted Data,submitted,false,101627,1929,1,,91,733952,4679269.9,0,0,,53.3,68.6,55.2,69.7,345.2,3.4,4,5413222,fuel_sum,5413221.9,5416719,0.999354,true
251566,2022,Beidler Elementary -CPS,3151 W Walnut St,60612,EAST GARFIELD PARK,27,,Exempt,exempt,true,86770,,,,,,,,,,,,,,,,,,,,,,
251567,2022,Pershing West -CPS,3200 S Calumet Ave,60616,DOUGLAS,35,K-12 School,Submitted Data,submitted,false,128716,1924,2,,49,2226418.7,9086849.6,0,0,,87.9,122.6,93.1,128,775.9,6,2,11313268,fuel_sum,11313268.3,11314136,0.999923,true
251568,2022,Vaughn Occupational HS -CPS,4355 N Linder Ave,60641,PORTAGE PARK,15,K-12 School,Submitted Data,submitted,false,50289,1920,1,,45,1468661.3,2705849.8,0,0,,83,138.3,84.5,139.1,337.2,6.7,3,4174511,fuel_sum,4174511.1,4173987,1.000126,true
251569,2022,"Hay Community Academy, John -CPS",1016 N Laramie,60651,AUSTIN,25,,Exempt,exempt,true,94900,,,,,,,,,,,,,,,,,,,,,,
251570,2022,Mcauliffe -CPS,1845 N Springfield Ave,60647,HERMOSA,20,K-12 School,Submitted Data,submitted,false,90799,1990,1,,30,4580852.5,595670,0,0,,57,148.1,57.2,148.3,635,7,2,5176523,fuel_sum,5176522.5,5175543,1.000189,true
251571,2022,Howe Elementary -CPS,720 N Lorel Ave,60644,AUSTIN,25,K-12 School,Submitted Data,submitted,false,69535,1896,2,,34,1700093.8,4918699.7,0,0,,95.2,142.7,98.6,146.3,485.2,7,1.5,6618794,fuel_sum,6618793.5,6619732,0.999858,true
251572,2022,Barton Elementary -CPS,7650 S Wolcott Ave,60620,AUBURN GRESHAM,71,,Exempt,exempt,true,82203,,,,,,,,,,,,,,,,,,,,,,
251573,2022,Hamline Elementary-CPS,4747 S Bishop St,60609,NEW CITY,61,K-12 School,Submitted Data,submitted,false,117063,1898,3,,84,1858086.5,3448920.1,0,0,,45.3,75.4,47,77.1,427.9,3.7,4,5307007,fuel_sum,5307006.6,5302954,1.000764,true
251574,2022,Ariel Elemenentary-CPS,1119 E 46th St,60653,KENWOOD,39,K-12 School,Submitted Data,submitted,false,147109,1893,3,,27,4723477.2,8855609.8,0,0,,92.3,153.1,93.7,151.8,1092.5,7.4,2,13579087,fuel_sum,13579087,13578161,1.000068,true
251575,2022,"Delano Elementary, Edward C -CPS",3937 W Wilcox St,60624,WEST GARFIELD PARK,26,,Exempt,exempt,true,99420,,,,,,,,,,,,,,,,,,,,,,
251576,2022,"Henry Elementary, Patrick -CPS",4250 N St Louis Ave,60618,IRVING PARK,16,K-12 School,Submitted Data,submitted,false,90100,1904,2,,87,1211894.6,3190569.8,0,0,,48.9,74.8,50.8,76.9,329.1,3.7,4,4402464,fuel_sum,4402464.4,4405890,0.999222,true
251577,2022,"Stevenson, Adlai E -CPS",8010 S Kostner Ave,60652,ASHBURN,70,K-12 School,Submitted Data,submitted,false,141428,1953,4,,83,3271347.2,1793050,0,0,,35.8,78.1,36.8,79.1,526.1,3.7,4,5064397,fuel_sum,5064397.2,5063122,1.000252,true
251578,2022,"Bright, Orville T -CPS",10740 S Calhoun Ave,60617,SOUTH DEERING,51,,Exempt,exempt,true,90919,,,,,,,,,,,,,,,,,,,,,,
251579,2022,"Henderson Elementary, CPS",5640 S Wolcott,60636,WEST ENGLEWOOD,67,,Exempt,exempt,true,81110,,,,,,,,,,,,,,,,,,,,,,
251580,2022,Gillespie Elementary -CPS,9301 S State St,60619,ROSELAND,49,,Exempt,exempt,true,91300,,,,,,,,,,,,,,,,,,,,,,
251581,2022,Avalon Park Elementary -CPS,8045 S Kenwood Ave,60619,AVALON PARK,45,,Exempt,exempt,true,87101,,,,,,,,,,,,,,,,,,,,,,
251582,2022,Fuller -CPS,4214 S St Lawrence Ave,60653,GRAND BOULEVARD,38,,Exempt,exempt,true,91800,,,,,,,,,,,,,,,,,,,,,,
251583,2022,Holden Elementary -CPS,1104 W 31st St,60608,BRIDGEPORT,60,K-12 School,Submitted Data,submitted,false,99762,1891,3,,49,1712598.8,7110870.2,0,0,,88.4,122.9,92.7,127.4,603.3,6,2,8823469,fuel_sum,8823469,8818961,1.000511,true
251584,2022,"Deneen Elementary, Charles S -CPS",7240 S Wabash Ave,60619,GREATER GRAND CROSSING,69,K-12 School,Submitted Data,submitted,false,87736,1955,4,,37,2730579.1,4315809.7,0,0,,80.3,138.8,82.7,141.3,588.9,6.7,1.5,7046389,fuel_sum,7046388.8,7045201,1.000169,true
251585,2022,Bell Elementary -CPS,3730 N Oakley Ave,60618,NORTH CENTER,5,K-12 School,Submitted Data,submitted,false,112084,1916,2,,28,2913380.4,8390579.9,0,0,,100.9,151.4,104.1,154,829.4,7.4,1,11303960,fuel_sum,11303960.3,11309276,0.99953,true
251586,2022,Andersen Elementary -CPS,1148 N Honore St,60622,WEST TOWN,24,K-12 School,Submitted Data,submitted,false,92173,1894,2,,41,1444856.7,7838840.2,0,0,,100.7,133.2,104.9,137.6,606.7,6.6,2,9283697,fuel_sum,9283696.9,9281821,1.000202,true
251587,2022,Charles W Earle Elementary -CPS,6121 S Hermitage Ave,60636,WEST ENGLEWOOD,67,,Exempt,exempt,true,133000,,,,,,,,,,,,,,,,,,,,,,
251588,2022,"Taylor, Douglas -CPS",9912 S Avenue H,60617,EAST SIDE,52,,Exempt,exempt,true,87628,,,,,,,,,,,,,,,,,,,,,,
251589,2022,Nobel -CPS,4127 W Hirsch St,60651,HUMBOLDT PARK,23,K-12 School,Submitted Data,submitted,false,75800,1910,1,,34,1844315.6,5347900,0,0,,94.9,142.2,98.2,145.7,527,7,1.5,7192216,fuel_sum,7192215.6,7193420,0.999833,true
251590,2022,Tarkington School Of Excellence Es -CPS,3330 W 71st St,60629,CHICAGO LAWN,66,K-12 School,Submitted Data,submitted,false,136289,2005,1,,31,5502693.2,4340590.2,0,0,,72.2,146.5,71.9,143.1,955.3,7,2.5,9843283,fuel_sum,9843283.4,9840066,1.000327,true
251591,2022,Chopin Elementary -CPS,2450 W Rice St,60622,WEST TOWN,24,,Exempt,exempt,true,96895,,,,,,,,,,,,,,,,,,,,,,
251592,2022,"Cleveland Elementary, Grover -CPS",3121 W Byron St,60618,IRVING PARK,16,K-12 School,Submitted Data,submitted,false,97461,1910,2,,43,2119943.9,6399750.2,0,0,,87.4,129.9,90.8,133.4,619.1,6.4,2,8519694,fuel_sum,8519694.1,8518091,1.000188,true
251593,2022,"Clay Elementary, Henry -CPS",13221 S Burley,60633,HEGEWISCH,55,K-12 School,Submitted Data,submitted,false,81950,1917,2,,37,1808639.8,5264390.1,0,0,,86.3,129.2,88.2,131.2,517.8,6.3,2.5,7073030,fuel_sum,7073029.9,7072285,1.000105,true
251594,2022,Raby HS -CPS,3545 W Fulton St,60624,EAST GARFIELD PARK,27,,Exempt,exempt,true,156248,,,,,,,,,,,,,,,,,,,,,,
251595,2022,Nixon -CPS,2121 N Keeler Ave,60639,HERMOSA,20,K-12 School,Submitted Data,submitted,false,130113,1896,2,,54,3214827.2,5886740,0,0,,70,116.7,72,118.9,736.1,5.7,3.5,9101567,fuel_sum,9101567.2,9107910,0.999304,true
251597,2022,Okeeffe Elementary -CPS,6940 S Merrill Ave,60649,SOUTH SHORE,43,K-12 School,Submitted Data,submitted,false,95310,1925,3,,35,2340140.6,6596240,0,0,,93.8,141.4,97,145.5,658.6,6.9,1.5,8936381,fuel_sum,8936380.6,8940078,0.999586,true
251598,2022,Joplin Elementary -CPS,7931 S Honore St,60620,AUBURN GRESHAM,71,K-12 School,Submitted Data,submitted,false,77483,1957,1,,25,2544345.5,4847890.5,0,0,,95.4,157.6,99.3,161.8,592.6,7.6,1,7392236,fuel_sum,7392236,7391878,1.000048,true
251599,2022,Orozco Elementary -CPS,1940 W 18th St,60608,LOWER WEST SIDE,31,,Exempt,exempt,true,107722,,,,,,,,,,,,,,,,,,,,,,
251600,2022,Mozart -CPS,2200 N Hamlin Ave,60647,LOGAN SQUARE,22,K-12 School,Submitted Data,submitted,false,92365,1911,2,,24,3222831.9,5454429.8,0,0,,93.9,159.7,95.3,159.1,714.2,7.7,1,8677262,fuel_sum,8677261.7,8673074,1.000483,true
251601,2022,Edwards Elementary -CPS,4815 S Karlov Ave,60632,ARCHER HEIGHTS,57,K-12 School,Submitted Data,submitted,false,175143,1923,4,,68,2408998.2,9499719.7,0,0,,68,95.5,71.5,99.1,821.9,4.7,4,11908718,fuel_sum,11908717.9,11909724,0.999916,true
251602,2022,Otoole Elementary -CPS,6550 S Seeley Ave,60636,WEST ENGLEWOOD,67,,Exempt,exempt,true,96700,,,,,,,,,,,,,,,,,,,,,,
251603,2022,Morrill Math/Science Spec -CPS,6011 S Rockwell St,60629,CHICAGO LAWN,66,K-12 School,Submitted Data,submitted,false,99200,1926,3,,45,2029897.7,6647050,0,0,,87.5,127.7,92.4,132.4,620.4,6.3,2,8676948,fuel_sum,8676947.7,8680000,0.999648,true
251604,2022,Revere Elementary -CPS,1010 E 72nd St,60619,GREATER GRAND CROSSING,69,K-12 School,Submitted Data,submitted,false,81610,1903,3,,22,2052382.8,7191950.5,0,0,,113.3,162.9,118,167.9,652.3,8,1,9244333,fuel_sum,9244333.3,9246413,0.999775,true
251605,2022,Fulton Elementary -CPS,5300 S Hermitage Ave,60609,NEW CITY,61,,Exempt,exempt,true,96598,,,,,,,,,,,,,,,,,,,,,,
251606,2022,Ryerson -CPS,646 N Lawndale Ave,60624,HUMBOLDT PARK,23,,Exempt,exempt,true,114019,,,,,,,,,,,,,,,,,,,,,,
251607,2022,"Nash Elementary, Henry H -CPS",4837 W Erie St,60644,AUSTIN,25,,Exempt,exempt,true,108716,,,,,,,,,,,,,,,,,,,,,,
251608,2022,Gunsaulus Scholastic Academy -CPS,4418 S Sacramento,60632,BRIGHTON PARK,58,K-12 School,Submitted Data,submitted,false,106519,1924,1,,33,1883529.8,9570439.7,0,0,,107.5,143.9,111.8,148.3,756.4,7.1,1.5,11453970,fuel_sum,11453969.5,11450793,1.000277,true
251609,2022,"New Sullivan Elem, William K -CPS",8315 S Mackinaw Ave,60617,SOUTH CHICAGO,46,,Exempt,exempt,true,218126,,,,,,,,,,,,,,,,,,,,,,
251610,2022,"Goudy Elementary, William C -CPS",5120 N Winthrop Ave,60640,UPTOWN,3,K-12 School,Submitted Data,submitted,false,98019,1937,3,,84,700664.5,5621150,0,0,,64.5,80.2,68.7,84.7,390.9,4,4,6321815,fuel_sum,6321814.5,6322226,0.999935,true
251611,2022,Mann Elementary -CPS,8050 S Chappel Ave,60617,SOUTH CHICAGO,46,,Exempt,exempt,true,136120,,,,,,,,,,,,,,,,,,,,,,
251612,2022,Otis Elementary -CPS,525 N Armour St,60642,WEST TOWN,24,,Exempt,exempt,true,94414,,,,,,,,,,,,,,,,,,,,,,
251613,2022,SoutHigh School ide Occupational Academy HS -CPS,7342 S Hoyne Ave,60636,WEST ENGLEWOOD,67,K-12 School,Submitted Data,submitted,false,54740,1988,1,,60,1891445.6,1269560,0,0,,57.7,121.1,59.4,122.9,316.6,5.8,2.5,3161006,fuel_sum,3161005.6,3158498,1.000794,true
251614,2022,Kozminski Elementary Academy -CPS,936 E 54th St,60615,HYDE PARK,41,,Exempt,exempt,true,100709,,,,,,,,,,,,,,,,,,,,,,
251616,2022,Hanson Park -CPS,2301 N Central Ave,60639,BELMONT CRAGIN,19,K-12 School,Submitted Data,submitted,false,132816,1959,4,,88,1478167.1,5395310.1,0,0,,51.8,73.8,55.2,77.4,481.3,3.6,4,6873477,fuel_sum,6873477.2,6879869,0.999071,true
251617,2022,"Budlong Elementary, Lyman A -CPS",2701 W Foster Ave,60625,LINCOLN SQUARE,4,K-12 School,Submitted Data,submitted,false,102352,1907,4,,65,2123458.2,4166740.3,0,0,,61.5,100.8,62.8,102.2,501,4.9,4,6290199,fuel_sum,6290198.5,6294648,0.999293,true
251618,2022,School Of Leadership HS -CPS,7529 S Constance Ave,60649,SOUTH SHORE,43,,Not Submitted,not_submitted,false,139151,,,,,,,,,,,,,,,,0,,,,,,
251619,2022,Bouchet Elementary Acad -CPS,7355 S Jeffrey Blvd,60649,SOUTH SHORE,43,K-12 School,Submitted Data,submitted,false,141329,1903,5,,40,3950788.8,7618080,0,0,,81.9,134.9,86.1,140.1,925,6.5,2.5,11568869,fuel_sum,11568868.8,11574845,0.999484,true
251620,2022,Seward Communication Arts Academy -CPS,4600 S Hermitage Ave,60609,NEW CITY,61,K-12 School,Submitted Data,submitted,false,98375,1894,3,,76,1207684.2,5191739.9,0,0,,65.1,89.8,68.2,93.1,434.8,4.4,4,6399424,fuel_sum,6399424.1,6404213,0.999252,true
251621,2022,Langston Hughes Es -CPS,226 W 104th St,60628,ROSELAND,49,K-12 School,Submitted Data,submitted,false,100000,2008,1,,9,5786594.9,3562089.7,0,0,,93.5,199.4,92.5,192.5,951.4,9.5,1,9348685,fuel_sum,9348684.6,9350000,0.999859,true
251622,2022,Galileo Scholastic Academy -CPS,820 S Carpenter St,60607,NEAR WEST SIDE,28,K-12 School,Submitted Data,submitted,false,102703,1893,2,,17,2579605,10168250,0,0,,124.1,174.3,130.9,181.4,879.9,8.6,1,12747855,fuel_sum,12747855,12745442,1.000189,true
251623,2022,Brunson Math & Science -CPS,5600 W Iowa St,60651,AUSTIN,25,,Exempt,exempt,true,102700,,,,,,,,,,,,,,,,,,,,,,
251624,2022,Mariano Azuela -CPS,4707 W Marquette Rd,60629,WEST LAWN,65,K-12 School,Submitted Data,submitted,false,94600,2010,1,,36,3577017.8,3319499.7,0,0,,72.9,142.7,73.4,141,647.5,6.8,1.5,6896518,fuel_sum,6896517.5,6896340,1.000026,true
251625,2022,Nettelhorst Elementary -CPS,3252 N Broadway Ave,60657,LAKE VIEW,6,K-12 School,Submitted Data,submitted,false,104490,1893,4,,78,1465795.2,4874970,0,0,,60.7,88.3,62.7,90.4,452,4.3,3.5,6340765,fuel_sum,6340765.2,6342543,0.99972,true
251626,2022,Albany Park Multicultural Academy -CPS,4929 N Sawyer Ave,60625,ALBANY PARK,14,K-12 School,Submitted Data,submitted,false,104203,2006,1,,33,3899783.2,3506310,0,0,,71.1,140.1,70.8,138.2,699.9,6.7,1.5,7406093,fuel_sum,7406093.2,7408833,0.99963,true
251627,2022,Edison Park Elementary -CPS,6220 N Olcott Ave,60631,NORWOOD PARK,10,K-12 School,Submitted Data,submitted,false,60475,1948,2,,39,1916414.6,2520659.8,0,0,,73.4,132.5,73.6,130.9,386.3,6.4,1.5,4437074,fuel_sum,4437074.4,4438865,0.999597,true
251628,2022,Miles Davis Elementary -CPS,6740 S Paulina St,60636,WEST ENGLEWOOD,67,,Exempt,exempt,true,104200,,,,,,,,,,,,,,,,,,,,,,
251629,2022,Bass Elementary -CPS,6554 S May St,60621,ENGLEWOOD,68,K-12 School,Submitted Data,submitted,false,85881,1894,3,,10,3224039.8,7389309.9,0,0,,123.6,195.5,130.4,202.6,817.1,9.5,1,10613350,fuel_sum,10613349.7,10614892,0.999855,true
251631,2022,Frederico Garcia Lorca -CPS,3231 N Springfield,60618,AVONDALE,21,K-12 School,Submitted Data,submitted,false,105599,2010,1,,48,3743759.2,2537060.1,0,0,,59.5,124.5,59.3,122.1,627.9,5.9,3,6280819,fuel_sum,6280819.3,6283141,0.99963,true
251632,2022,Curtis Elementary -CPS,32 E 115th St,60628,ROSELAND,49,,Exempt,exempt,true,103610,,,,,,,,,,,,,,,,,,,,,,
251633,2022,"Prussing Elementary, Ernst -CPS",4650 N Menard Ave,60630,PORTAGE PARK,15,K-12 School,Submitted Data,submitted,false,101993,1927,4,,50,2321333.7,4759700,0,0,,69.4,112.7,70.9,114.2,558.6,5.5,2,7081034,fuel_sum,7081033.7,7078314,1.000384,true
251634,2022,Calmeca Fine Arts -CPS,3456 W 38th Street,60632,BRIGHTON PARK,58,K-12 School,Submitted Data,submitted,false,108624,2010,1,,47,3617845.9,3306469.8,0,0,,63.7,125.2,64.5,123.8,652.1,6,2,6924316,fuel_sum,6924315.7,6919349,1.000718,true
251635,2022,Former West Pullman Elementary,11941 S PARNELL AVE,60628,WEST PULLMAN,53,,Not Submitted,not_submitted,false,105536,,,,,,,,,,,,,,,,0,,,,,,
251636,2022,Gresham Elementary -CPS,8524 S Green St,60620,AUBURN GRESHAM,71,,Exempt,exempt,true,113339,,,,,,,,,,,,,,,,,,,,,,
251637,2022,Field Elementary -CPS,7019 N Ashland Ave,60626,ROGERS PARK,1,,Exempt,exempt,true,106518,,,,,,,,,,,,,,,,,,,,,,
251638,2022,Hearst Elementary -CPS,4640 S Lamon Ave,60638,GARFIELD RIDGE,56,,Exempt,exempt,true,84178,,,,,,,,,,,,,,,,,,,,,,
251639,2022,Kilmer Elementary -CPS,6700 N Greenview Ave,60626,ROGERS PARK,1,K-12 School,Submitted Data,submitted,false,106366,1930,2,,76,2522385.8,2165600,0,0,,44.1,87.8,44.5,86.7,447.3,4.2,3.5,4687986,fuel_sum,4687985.8,4690741,0.999413,true
251640,2022,"Till, Emmett Louis Math & Science -CPS",6543 S Champlain Ave,60637,WOODLAWN,42,,Exempt,exempt,true,134618,,,,,,,,,,,,,,,,,,,,,,
251641,2022,Depriest Elementary -CPS,139 S Parkside Ave,60644,AUSTIN,25,K-12 School,Submitted Data,submitted,false,106650,2004,1,,29,4064442.7,4480340,0,0,,80.1,150.8,81.2,149.1,773.3,7.3,1,8544783,fuel_sum,8544782.7,8542665,1.000248,true
251642,2022,"Blaine Elementary, James G -CPS",1420 W Grace St,60613,LAKE VIEW,6,K-12 School,Submitted Data,submitted,false,98646,1893,3,,53,1919106.7,5990220.2,0,0,,80.2,118.2,83.4,122.3,570.9,5.8,2.5,7909327,fuel_sum,7909326.9,7911409,0.999737,true
251643,2022,West Park Academy Of Fine Arts & Tech -CPS,1425 N Tripp Ave,60651,HUMBOLDT PARK,23,K-12 School,Submitted Data,submitted,false,81350,1996,1,,23,3118571.5,4140210.3,0,0,,89.2,160.8,90.6,158.5,630.7,7.8,1,7258782,fuel_sum,7258781.8,7256420,1.000326,true
251644,2022,Beaubien Elementary -CPS,5025 N Laramie Ave,60630,JEFFERSON PARK,11,K-12 School,Submitted Data,submitted,false,117451,1905,3,,47,1577026.4,9381589.7,0,0,,93.3,121.5,94.8,123,706,6,2,10958616,fuel_sum,10958616.1,10958178,1.00004,true
251647,2022,Gregory Elementary -CPS,3707 W Polk,60624,EAST GARFIELD PARK,27,,Exempt,exempt,true,109900,,,,,,,,,,,,,,,,,,,,,,
251648,2022,Spencer Elementary Academy -CPS,214 N Lavergne Ave,60644,AUSTIN,25,,Exempt,exempt,true,122935,,,,,,,,,,,,,,,,,,,,,,
251649,2022,"Ryder, William H -CPS",8716 S Wallace St,60620,AUBURN GRESHAM,71,K-12 School,Submitted Data,submitted,false,73326,1912,2,,34,1737503,5334330,0,0,,96.4,142.7,100.3,145.1,512.2,7,1.5,7071833,fuel_sum,7071833,7068626,1.000454,true
251650,2022,Brentano Math & Science Academy -CPS,2723 N Fairfield Ave,60647,LOGAN SQUARE,22,K-12 School,Submitted Data,submitted,false,117104,1893,1,,74,1541104.8,6210510,0,0,,66.2,92.5,68.5,95,532.9,4.6,3.5,7751615,fuel_sum,7751614.8,7752285,0.999914,true
251651,2022,Gary Elementary -CPS,3740 W 31st St,60623,SOUTH LAWNDALE,30,K-12 School,Submitted Data,submitted,false,132193,1911,3,,37,3695298.6,7525270.1,0,0,,84.9,138,88.3,142.5,886.4,6.7,1.5,11220569,fuel_sum,11220568.7,11223186,0.999767,true
251652,2022,Hedges Elementary -CPS,4735 S Winchester Ave,60609,NEW CITY,61,K-12 School,Submitted Data,submitted,false,101940,1906,2,,43,2627816.7,5720340.1,0,0,,81.9,131.1,82.6,128.9,650,6.4,2,8348157,fuel_sum,8348156.8,8348886,0.999913,true
251653,2022,Willam F Byford - St Martin,116 N LECLAIRE AVE,60644,AUSTIN,25,,Not Submitted,not_submitted,false,112900,,,,,,,,,,,,,,,,0,,,,,,
251654,2022,Cook Elementary -CPS,8150 S Bishop St,60620,AUBURN GRESHAM,71,,Exempt,exempt,true,98500,,,,,,,,,,,,,,,,,,,,,,
251655,2022,Doolittle Elementary / Chi Arts -CPS,521 E 35th St,60616,DOUGLAS,35,,Exempt,exempt,true,112296,,,,,,,,,,,,,,,,,,,,,,
251656,2022,Ellington Elementary -CPS,243 N Parkside Ave,60644,AUSTIN,25,,Exempt,exempt,true,112380,,,,,,,,,,,,,,,,,,,,,,
251657,2022,Locke Elementary -CPS,2845 N Newcastle Ave,60634,MONTCLARE,18,K-12 School,Submitted Data,submitted,false,120716,1927,4,,53,2917314.7,5259200.1,0,0,,67.7,113.4,68.8,114.5,663.6,5.5,3.5,8176515,fuel_sum,8176514.8,8172473,1.000495,true
251658,2022,Piccolo Specialty -CPS,1040 N Keeler Ave,60651,HUMBOLDT PARK,23,,Exempt,exempt,true,218899,,,,,,,,,,,,,,,,,,,,,,
251660,2022,Lawndale Community Academy -CPS,3500 W Douglas Blvd,60623,NORTH LAWNDALE,29,,Exempt,exempt,true,116650,,,,,,,,,,,,,,,,,,,,,,
251661,2022,Burnside Scholastic Academy -CPS,648 E 91st Pl,60619,CHATHAM,44,,Exempt,exempt,true,122945,,,,,,,,,,,,,,,,,,,,,,
251662,2022,Gray Elementary -CPS,3730 N Laramie Ave,60641,PORTAGE PARK,15,K-12 School,Submitted Data,submitted,false,129990,1911,3,,17,3987965.6,10378750.1,0,0,,110.5,169.7,112.9,172.2,1076.5,8.3,1,14366716,fuel_sum,14366715.7,14363895,1.000196,true
251664,2022,"Trumbull Elementary, Lyman -CPS",5200 N Ashland Ave,60640,EDGEWATER,77,,Not Submitted,not_submitted,false,91527,,,,,,,,,,,,,,,,0,,,,,,
251665,2022,"Hayt Elementary, Stephen K -CPS",1518 W Granville Ave,60660,EDGEWATER,77,K-12 School,Submitted Data,submitted,false,118800,1906,3,,26,3532863.4,7708670,0,0,,94.6,151.4,97.2,152.7,874.8,7.4,1,11241533,fuel_sum,11241533.4,11238480,1.000272,true
251666,2022,"Sutherland Elementary, Elizabeth H -CPS",10015 S Leavitt St,60643,BEVERLY,72,K-12 School,Submitted Data,submitted,false,80219,1926,2,,80,1025544.8,3747699.7,0,0,,59.5,84.9,62.7,87.5,334.1,4.2,3.5,4773245,fuel_sum,4773244.5,4773031,1.000045,true
251667,2022,Fort Dearborn Elementary -CPS,9001 S Throop St,60620,WASHINGTON HEIGHTS,73,K-12 School,Submitted Data,submitted,false,83424,1937,2,,56,1071528.3,6224069.8,0,0,,87.5,114.3,91.3,118.3,471.7,5.7,2.5,7295598,fuel_sum,7295598.1,7299600,0.999452,true
251668,2022,Ravenswood Elementary -CPS,4332 N Paulina St,60613,LAKE VIEW,6,K-12 School,Submitted Data,submitted,false,76423,1915,3,,45,1125168.4,6295730,0,0,,97.1,127.7,101.6,132.5,482.6,6.3,2,7420898,fuel_sum,7420898.4,7420673,1.00003,true
251669,2022,Monroe Elementary -CPS,3651 W Schubert Ave,60647,LOGAN SQUARE,22,K-12 School,Submitted Data,submitted,false,120199,1905,2,,44,3090217.9,6563349.9,0,0,,80.3,129.3,82.6,129.3,755.6,6.3,2,9653568,fuel_sum,9653567.8,9651980,1.000165,true
251670,2022,May Elementary Community Academy -CPS,512 S Lavergne Ave,60644,AUSTIN,25,,Exempt,exempt,true,109407,,,,,,,,,,,,,,,,,,,,,,
251671,2022,Sherwood Elementary -CPS,245 W 57th St,60621,ENGLEWOOD,68,,Exempt,exempt,true,52237,,,,,,,,,,,,,,,,,,,,,,
251673,2022,Manuel Perez Elementary -CPS,1241 W 19th St,60608,LOWER WEST SIDE,31,,Exempt,exempt,true,103392,,,,,,,,,,,,,,,,,,,,,,
251674,2022,Camras Elementary -CPS,3000 N Mango Ave,60634,BELMONT CRAGIN,19,K-12 School,Submitted Data,submitted,false,125430,1946,2,,69,1755095.2,6888249.6,0,0,,68.9,96.8,70.5,98.5,597,4.8,3,8643345,fuel_sum,8643344.8,8642127,1.000141,true
251676,2022,"Clinton, Dewitt -CPS",6110 N Fairfield Ave,60659,WEST RIDGE,2,K-12 School,Submitted Data,submitted,false,136047,1926,3,,16,4404874.6,10453750.5,0,0,,109.2,171.3,110.9,171.9,1135.4,8.3,1,14858625,fuel_sum,14858625.1,14856332,1.000154,true
251677,2022,Darwin -CPS,3116 W Belden Ave,60647,LOGAN SQUARE,22,K-12 School,Submitted Data,submitted,false,121241,1900,3,,51,3638277,4203819.7,0,0,,64.7,120.4,67.4,123.3,702.5,5.8,2.5,7842097,fuel_sum,7842096.7,7844293,0.99972,true
251678,2022,Irene C Hernandez -CPS,5440 S St Louis Ave,60632,GAGE PARK,63,K-12 School,Submitted Data,submitted,false,127162,2009,1,,64,3850592.3,2367100,0,0,,48.9,104.3,48.8,101.8,632.9,5,4,6217692,fuel_sum,6217692.3,6218222,0.999915,true
251679,2022,Lowell Elementary -CPS,3320 W Hirsch St,60651,HUMBOLDT PARK,23,,Exempt,exempt,true,121800,,,,,,,,,,,,,,,,,,,,,,
251680,2022,Bond Elementary -CPS,7050 S May St,60621,ENGLEWOOD,68,,Exempt,exempt,true,104126,,,,,,,,,,,,,,,,,,,,,,
251682,2022,Lyon Elementary -CPS,2941 N Mcvicker Ave,60634,BELMONT CRAGIN,19,K-12 School,Submitted Data,submitted,false,117576,1926,3,,25,3781072.8,7092909.8,0,0,,92.5,153.4,95.8,156.8,874.8,7.4,1,10873983,fuel_sum,10873982.6,10875780,0.999835,true
251683,2022,Cooper Dual Language Academy -CPS,1624 W 19th St,60608,LOWER WEST SIDE,31,,Exempt,exempt,true,131200,,,,,,,,,,,,,,,,,,,,,,
251684,2022,Ames Middle -CPS,1920 N Hamlin Ave,60647,LOGAN SQUARE,22,K-12 School,Submitted Data,submitted,false,126540,1997,1,,46,4396819.4,5206430.2,0,0,,75.9,140.5,78.9,143.6,855.7,6.8,2,9603250,fuel_sum,9603249.6,9604386,0.999882,true
251685,2022,Noble - John and Eunice Johnson College Prep,6350 S Stewart St,60621,ENGLEWOOD,68,,Not Submitted,not_submitted,false,63816,,,,,,,,,,,,,,,,0,,,,,,
251686,2022,James N Thorp -CPS,8914 S Buffalo Ave,60617,SOUTH CHICAGO,46,K-12 School,Submitted Data,submitted,false,135638,1893,3,,69,2357265.5,5627730.1,0,0,,58.9,92.2,60.3,93.7,609.4,4.5,3,7984996,fuel_sum,7984995.6,7989078,0.999489,true
251687,2022,Peirce Sch Of Intl Studies -CPS,1423 W Bryn Mawr Ave,60660,EDGEWATER,77,K-12 School,Submitted Data,submitted,false,141588,1915,4,,28,4758764.1,7158680.3,0,0,,84.2,147.2,86.3,149.5,1007,7.1,1,11917444,fuel_sum,11917444.4,11921710,0.999642,true
251688,2022,Tanner Elementary -CPS,7350 S Evans Ave,60619,GREATER GRAND CROSSING,69,K-12 School,Submitted Data,submitted,false,52920,1963,1,,59,937607.4,3100070.1,0,0,,76.3,111.1,78.8,113.7,288.2,5.4,2.5,4037678,fuel_sum,4037677.5,4037796,0.999971,true
251689,2022,"Lewis Elementary, Leslie -CPS",1431 N Leamington Ave,60651,AUSTIN,25,,Exempt,exempt,true,128953,,,,,,,,,,,,,,,,,,,,,,
251690,2022,Chicago Military Academy-Bronzeville -CPS,3533 S Giles Ave,60653,DOUGLAS,35,K-12 School,Submitted Data,submitted,false,121900,1915,2,,70,2530294.9,5838440,0,0,,68.7,108.4,70.4,109.4,643.4,5.3,3,8368735,fuel_sum,8368734.9,8374530,0.999308,true
251691,2022,Stone Scholastic Academy -CPS,6239 N Leavitt St,60659,WEST RIDGE,2,K-12 School,Submitted Data,submitted,false,70601,1928,2,,64,1277098,3471109.7,0,0,,67.3,102.3,68.7,103.8,352.6,5,3,4748208,fuel_sum,4748207.7,4751447,0.999318,true
251692,2022,Nightingale Elementary -CPS,5250 S Rockwell St,60632,GAGE PARK,63,K-12 School,Submitted Data,submitted,false,140838,1926,5,,10,6044822,9993989.2,0,0,,113.9,194.7,118.6,199.6,1327,9.4,1,16038811,fuel_sum,16038811.2,16041448,0.999836,true
251693,2022,"Mckay, Francis M -CPS",6929 S Fairfield,60629,CHICAGO LAWN,66,K-12 School,Submitted Data,submitted,false,128128,1928,2,,17,4733433.6,8627490.2,0,0,,104.3,174.1,107.6,177.6,1081.7,8.4,2,13360924,fuel_sum,13360923.8,13363750,0.999789,true
251694,2022,Grant Campus -CPS,145 S Campbell Ave,60612,NEAR WEST SIDE,28,,Exempt,exempt,true,160945,,,,,,,,,,,,,,,,,,,,,,
251695,2022,Moos Elementary -CPS,1711 N California Ave,60647,WEST TOWN,24,,Exempt,exempt,true,139709,,,,,,,,,,,,,,,,,,,,,,
251696,2022,Beasley Academic Magnet -CPS,5235 S State St,60609,WASHINGTON PARK,40,K-12 School,Submitted Data,submitted,false,154984,1978,1,,23,5386240.5,9431600,0,0,,95.6,161.2,99.6,165.4,1210.4,7.8,1,14817841,fuel_sum,14817840.5,14816470,1.000093,true
251697,2022,Catalyst Charter Es - Howland -CPS,1616 S Spaulding Ave,60623,NORTH LAWNDALE,29,K-12 School,Submitted Data,submitted,false,138936,1893,3,,68,2880427.4,8058770.1,0,0,,78.7,119,81.4,121.8,807.4,5.8,3,10939198,fuel_sum,10939197.5,10934263,1.000451,true
251698,2022,Bradwell Arts & Sciences Elementary -CPS,7726 S Burnham,60649,SOUTH SHORE,43,K-12 School,Submitted Data,submitted,false,143266,1895,4,,66,1845540.5,9112519,0,0,,76.5,102.9,81.5,108.1,727.1,5.1,3,10958060,fuel_sum,10958059.5,10959849,0.999837,true
251699,2022,Nathan S Davis -CPS,3014 W 39th Place,60632,BRIGHTON PARK,58,K-12 School,Submitted Data,submitted,false,121557,1905,4,,17,3790251.1,10072379.7,0,0,,114,174.3,118.2,176.9,1034.2,8.5,1,13862631,fuel_sum,13862630.8,13857498,1.00037,true
251700,2022,"Haugan Magnet, Helge A -CPS",4540 N Hamlin Ave,60625,ALBANY PARK,14,K-12 School,Submitted Data,submitted,false,137971,1911,2,,47,2518451.8,9232149.9,0,0,,85.2,121.4,86.9,123.2,822.1,6,2,11750602,fuel_sum,11750601.7,11755129,0.999615,true
251701,2022,UIC College Prep Charter School,1231 S Damen Ave,60608,NEAR WEST SIDE,28,,Not Submitted,not_submitted,false,83646,,,,,,,,,,,,,,,,0,,,,,,
251702,2022,Northwest Middle -CPS,2250 N Latrobe Ave,60639,BELMONT CRAGIN,19,,Exempt,exempt,true,118211,,,,,,,,,,,,,,,,,,,,,,
251704,2022,Armstrong Intl Studies Elementary -CPS,2110 W Greenleaf Ave,60645,WEST RIDGE,2,K-12 School,Submitted Data,submitted,false,147016,1911,4,,19,5643536.8,7973200.2,0,0,,92.6,164.4,95.1,167,1166.8,7.9,1,13616737,fuel_sum,13616737,13613682,1.000224,true
251705,2022,Yale -CPS,7025 S Princeton Ave,60621,GREATER GRAND CROSSING,69,,Not Submitted,not_submitted,false,61667,,,,,,,,,,,,,,,,0,,,,,,
251706,2022,"Gale Community Academy, Stephen F -CPS",1631 W Jonquil Ter,60626,ROGERS PARK,1,,Exempt,exempt,true,157816,,,,,,,,,,,,,,,,,,,,,,
251707,2022,Herzl -CPS,3711 W Douglas Blvd,60623,NORTH LAWNDALE,29,,Exempt,exempt,true,142911,,,,,,,,,,,,,,,,,,,,,,
251708,2022,"Bateman Elementary, Newton -CPS",4200 N Richmond St,60618,IRVING PARK,16,K-12 School,Submitted Data,submitted,false,151694,1919,2,,63,3209968.7,6726850.1,0,0,,65.5,105.8,68.7,109.2,780.1,5.1,3,9936819,fuel_sum,9936818.8,9935957,1.000087,true
251709,2022,"Volta Elementary, Alessandro -CPS",4950 N Avers Ave,60625,ALBANY PARK,14,K-12 School,Submitted Data,submitted,false,86480,1931,3,,8,1986735.9,11061950.2,0,0,,150.9,198.6,155.4,203.4,849.2,9.8,1,13048686,fuel_sum,13048686.1,13049832,0.999912,true
251710,2022,Clark Academic Prep HS -CPS,5101 W Harrison St,60644,AUSTIN,25,,Exempt,exempt,true,150700,,,,,,,,,,,,,,,,,,,,,,
251711,2022,"Douglass, Frederick Academy HS -CPS",543 N Waller Ave,60644,AUSTIN,25,,Exempt,exempt,true,135210,,,,,,,,,,,,,,,,,,,,,,
251712,2022,Penn Elementary -CPS,1616 S Avers Ave,60623,NORTH LAWNDALE,29,,Exempt,exempt,true,158325,,,,,,,,,,,,,,,,,,,,,,
251714,2022,Lloyd Elementary -CPS,2103 N Lamon Ave,60639,BELMONT CRAGIN,19,K-12 School,Submitted Data,submitted,false,150436,1907,5,,30,4906951.1,8218980.2,0,0,,87.3,148.7,88.3,147.9,1082.9,7.2,1,13125931,fuel_sum,13125931.3,13133063,0.999457,true
251715,2022,National Teachers Academy -CPS,55 W Cermak Rd,60616,NEAR SOUTH SIDE,33,K-12 School,Submitted Data,submitted,false,156400,1999,2,,4,9386917,9245390,0,0,,119.1,230.1,120.3,226.8,1727.5,11,1,18632307,fuel_sum,18632307,18627240,1.000272,true
251716,2022,"Pullman Elementary, George M -CPS",11311 S Forrestville Ave,60628,PULLMAN,50,,Exempt,exempt,true,80075,,,,,,,,,,,,,,,,,,,,,,
251717,2022,Hancock College Prep HS -CPS,4034 W 56th St,60629,WEST ELSDON,62,,Exempt,exempt,true,169086,,,,,,,,,,,,,,,,,,,,,,
251718,2022,Mcpherson Elementary -CPS,4728 N Wolcott Ave,60640,LINCOLN SQUARE,4,K-12 School,Submitted Data,submitted,false,155337,1888,4,,25,3904252.8,12890669.8,0,0,,108.1,157.5,113.6,163.3,1198.9,7.7,1,16794923,fuel_sum,16794922.6,16791930,1.000178,true
251719,2022,Falconer Elementary -CPS,3020 N Lamon Ave,60641,BELMONT CRAGIN,19,K-12 School,Submitted Data,submitted,false,165513,1919,2,,47,4126168.8,8301429.7,0,0,,75.1,122.5,77.5,124.4,984.4,5.9,2,12427599,fuel_sum,12427598.5,12430026,0.999805,true
251720,2022,Lafayette Elementary -CPS,2714 W Augusta Blvd,60622,WEST TOWN,24,K-12 School,Submitted Data,submitted,false,171400,1892,3,,82,2607996.3,8330829.8,0,0,,63.8,93.6,65.8,95.3,786,4.6,4,10938826,fuel_sum,10938826.1,10935320,1.000321,true
251721,2022,Payton College Prep HS -CPS,1010 N Wells St,60610,NEAR NORTH SIDE,8,K-12 School,Submitted Data,submitted,false,216475,2000,2,,35,9112953.8,7885680.1,0,0,,78.5,156.1,78.6,153.4,1619.2,7.5,1.5,16998634,fuel_sum,16998633.9,16993288,1.000315,true
251722,2022,Claremont Academy Elementary -CPS,6315 S Claremont Ave,60636,CHICAGO LAWN,66,,Exempt,exempt,true,112806,,,,,,,,,,,,,,,,,,,,,,
251723,2022,James Shields Ms -CPS,2611 W 48th St,60632,BRIGHTON PARK,58,K-12 School,Submitted Data,submitted,false,95265,2012,1,,41,3310066.9,3213889.6,0,0,,68.5,132.7,69.5,132.6,606.7,6.4,2,6523957,fuel_sum,6523956.5,6525653,0.99974,true
251724,2022,Mather HS -CPS,5835 N Lincoln Ave,60659,WEST RIDGE,2,K-12 School,Submitted Data,submitted,false,185689,1959,2,,42,5685303,9959090,0,0,,84.3,142,86.3,144.2,1277.8,6.9,2,15644393,fuel_sum,15644393,15653583,0.999413,true
251725,2022,Sauganash Elementary -CPS,6040 N Kilpatric Ave,60646,FOREST GLEN,12,K-12 School,Submitted Data,submitted,false,68612,1929,4,,54,1886467.5,2414890,0,0,,62.7,113.9,63.5,114.4,376.7,5.5,2.5,4301358,fuel_sum,4301357.5,4301972,0.999857,true
251726,2022,Dyett HS -CPS,555 E 51st St,60615,WASHINGTON PARK,40,K-12 School,Submitted Data,submitted,false,162840,1970,2,,3,8126374,21116560.5,0,0,,179.6,275.9,189.7,286.5,2192,13.5,1,29242935,fuel_sum,29242934.5,29246064,0.999893,true
251727,2022,Urban Prep West,1326 W 14th Place,60608,NEAR WEST SIDE,28,K-12 School,Submitted Data,submitted,false,110540,1906,1,,48,3047417.6,6376390.5,0,0,,85.3,137.8,87.7,140.3,740.1,6.7,3,9423808,fuel_sum,9423808.1,9429062,0.999443,true
251728,2022,Burbank Elementary -CPS,2035 N Mobile Ave,60639,BELMONT CRAGIN,19,K-12 School,Submitted Data,submitted,false,165364,1929,2,,57,4379821.2,6094209.7,0,0,,63.3,112.9,64.9,113.5,900.6,5.4,2.5,10474031,fuel_sum,10474030.9,10467541,1.00062,true
251729,2022,Hope College Prepa HS -CPS,5515 South Lowe Ave,60621,ENGLEWOOD,68,,Not Submitted,not_submitted,false,159500,,,,,,,,,,,,,,,,0,,,,,,
251730,2022,Yates -CPS,1839 N Richmond St,60647,LOGAN SQUARE,22,,Exempt,exempt,true,145300,,,,,,,,,,,,,,,,,,,,,,
251731,2022,Hibbard -CPS,3244 W Ainslie St,60625,ALBANY PARK,14,K-12 School,Submitted Data,submitted,false,169900,1916,2,,47,4040350.3,8978279.5,0,0,,76.6,122.1,77.6,123.1,1009.1,5.9,2,13018630,fuel_sum,13018629.8,13014340,1.00033,true
251732,2022,Eberhart Elementary -CPS,3400 W 65th Place,60629,CHICAGO LAWN,66,K-12 School,Submitted Data,submitted,false,164398,1906,3,,54,4917517.3,5084370.2,0,0,,60.8,116.2,60.9,114,917.8,5.6,2.5,10001888,fuel_sum,10001887.5,9995398,1.000649,true
251733,2022,Marquette Elementary -CPS,6550 S Richmond St,60629,CHICAGO LAWN,66,K-12 School,Submitted Data,submitted,false,172688,1926,2,,60,4506497.9,6076389.9,0,0,,61.3,110,63,111.8,916.3,5.3,2.5,10582888,fuel_sum,10582887.8,10585774,0.999727,true
251734,2022,Kelvyn Park HS -CPS,4343 W Wrightwood Ave,60639,HERMOSA,20,K-12 School,Submitted Data,submitted,false,188084,1918,2,,60,3342756.9,12813311,0,0,,85.9,121.3,89.1,124.7,1120.9,6,2.5,16156068,fuel_sum,16156067.9,16156416,0.999978,true
251735,2022,"Pritzker Elementary, A.N -CPS",2009 W Schiller St,60622,WEST TOWN,24,K-12 School,Submitted Data,submitted,false,66300,1961,1,,35,1812645.5,4112230.1,0,0,,89.4,141.7,93.3,145.8,457.2,6.9,1.5,5924876,fuel_sum,5924875.6,5927220,0.999605,true
251736,2022,"Foreman HS, Edwin G -CPS",3235 N Leclaire Ave,60641,PORTAGE PARK,15,K-12 School,Submitted Data,submitted,false,234393,1928,2,,57,4020721,16785061.2,0,0,,88.8,123.2,90.2,124.7,1421.1,6.1,2.5,20805782,fuel_sum,20805782.2,20814098,0.9996,true
251737,2022,Suder Campus Montessori -CPS,2022 W Washington Blvd,60612,NEAR WEST SIDE,28,K-12 School,Submitted Data,submitted,false,71500,1959,1,,45,1570901.8,4472430.1,0,0,,84.5,127.2,88.3,131.2,444.5,6.2,2,6043332,fuel_sum,6043331.9,6041750,1.000262,true
251738,2022,Hirsch Metropolitan HS -CPS,7740 S Ingleside Ave,60619,GREATER GRAND CROSSING,69,,Exempt,exempt,true,217770,,,,,,,,,,,,,,,,,,,,,,
251739,2022,North Grand HS -CPS,4330 W Wabansia Ave,60639,HUMBOLDT PARK,23,K-12 School,Submitted Data,submitted,false,205094,2004,1,,28,9288836,8231340.1,0,0,,85.4,169,85.6,166.2,1660.7,8.1,1,17520176,fuel_sum,17520176.1,17515028,1.000294,true
251741,2022,Robert Healy Elementary -CPS,3010 S Parnell Ave,60616,BRIDGEPORT,60,K-12 School,Submitted Data,submitted,false,114704,1962,2,,59,2439075.1,5540550,0,0,,69.6,110.3,72.7,113.5,615.5,5.4,3.5,7979625,fuel_sum,7979625.1,7983398,0.999527,true
251742,2022,Eric Solorio HS -CPS,5410 S St Louis Ave,60632,GAGE PARK,63,K-12 School,Submitted Data,submitted,false,213710,2010,1,,57,7110870.6,6394589.9,0,0,,63.2,124.6,65,125.3,1276.2,6,2.5,13505461,fuel_sum,13505460.5,13506472,0.999925,true
251744,2022,Marshall Middle -CPS,3900 N Lawndale Ave,60618,IRVING PARK,16,K-12 School,Submitted Data,submitted,false,181923,1924,3,,86,2403143.2,8435920.1,0,0,,59.6,85.7,61.5,87.7,764.6,4.2,4,10839063,fuel_sum,10839063.3,10842611,0.999673,true
251745,2022,Amundsen HS -CPS,5110 N Damen Ave,60625,LINCOLN SQUARE,4,K-12 School,Submitted Data,submitted,false,218950,1930,1,,46,4884012.1,15610119.7,0,0,,93.6,137.3,96.7,140.6,1472.4,6.7,2,20494132,fuel_sum,20494131.8,20493720,1.00002,true
251746,2022,NortHigh School ide College Prep HS -CPS,5501 N Kedzie Ave,60625,NORTH PARK,13,K-12 School,Submitted Data,submitted,false,222600,1999,1,,4,12755608.8,18701220.2,0,0,,141.3,248.7,143.4,246.2,2673.4,12,1,31456829,fuel_sum,31456829,31453380,1.00011,true
251748,2022,Gage Park HS -CPS,5600 S Rockwell St,60629,GAGE PARK,63,,Exempt,exempt,true,220851,,,,,,,,,,,,,,,,,,,,,,
251749,2022,Webster -CPS,4055 W Arthington St,60624,WEST GARFIELD PARK,26,,Exempt,exempt,true,60295,,,,,,,,,,,,,,,,,,,,,,
251750,2022,Sandoval Elementary -CPS,5534 S St Louis Ave,60629,GAGE PARK,63,K-12 School,Submitted Data,submitted,false,108534,1999,1,,32,3939488,4584910.3,0,0,,78.5,146,79.9,145.1,762.4,7,1.5,8524398,fuel_sum,8524398.3,8519919,1.000526,true
251751,2022,Juarez Com Academy HS -CPS,2150 S Laflin St,60608,LOWER WEST SIDE,31,K-12 School,Submitted Data,submitted,false,256400,1975,3,,37,9600900.6,11760750,0,0,,83.3,153,85,154,1889.2,7.4,1.5,21361651,fuel_sum,21361650.6,21358120,1.000165,true
251753,2022,Shoop Acad Of Math/Science/Tech -CPS,1460 W 112th St,60643,MORGAN PARK,75,,Exempt,exempt,true,124553,,,,,,,,,,,,,,,,,,,,,,
251754,2022,Phillip Murray Elementary Academy -CPS,5335 S Kenwood Ave,60615,HYDE PARK,41,K-12 School,Submitted Data,submitted,false,73984,1954,3,,15,2970118.6,4798959.9,0,0,,105,180.5,106.3,179.6,646.1,8.7,1,7769079,fuel_sum,7769078.5,7768320,1.000098,true
251755,2022,Rogers Elementary -CPS,7345 N Washtenaw Ave,60645,WEST RIDGE,2,K-12 School,Submitted Data,submitted,false,89910,1937,6,,31,2102157.1,6080700.5,0,0,,91,136.5,92.9,138.4,599.9,6.7,1.5,8182858,fuel_sum,8182857.6,8181810,1.000128,true
251757,2022,"Thorp Scholastic Academy, Ole A -CPS",6024 W Warwick Ave,60634,DUNNING,17,K-12 School,Submitted Data,submitted,false,93200,1918,1,,31,1956144,7489130.1,0,0,,101.3,143.1,103.7,145.6,655.4,7,1.5,9445274,fuel_sum,9445274.1,9441160,1.000436,true
251758,2022,Perspectives/IIT Math & Science Academy,3663 S Wabash Ave,60653,DOUGLAS,35,,Not Submitted,not_submitted,false,73000,,,,,,,,,,,,,,,,0,,,,,,
251759,2022,Swift Specialty -CPS,5900 N Winthrop Ave,60660,EDGEWATER,77,K-12 School,Submitted Data,submitted,false,109399,1914,2,,11,4176114.1,8556819.6,0,0,,116.4,189,119.5,192.3,1004.5,9.2,1,12732934,fuel_sum,12732933.7,12734044,0.999913,true
251760,2022,"Walsh, John A -CPS",2031 S Peoria St,60608,LOWER WEST SIDE,31,,Exempt,exempt,true,73288,,,,,,,,,,,,,,,,,,,,,,
251761,2022,Whitney -CPS,2815 S Komensky Ave,60623,SOUTH LAWNDALE,30,K-12 School,Submitted Data,submitted,false,108653,1904,4,,38,2816414.9,6617670.4,0,0,,86.8,136.5,89.5,139.3,722.5,6.6,2.5,9434085,fuel_sum,9434085.3,9431080,1.000319,true
251762,2022,Schubert -CPS,2727 N Long Ave,60639,BELMONT CRAGIN,19,K-12 School,Submitted Data,submitted,false,101364,1930,4,,58,1699565,6215469.9,0,0,,78.1,111.3,82.6,116.3,554,5.5,2.5,7915035,fuel_sum,7915034.9,7916528,0.999811,true
251763,2022,Parkside - 545,545 W Division,60610,NEAR NORTH SIDE,8,Multifamily Housing,Submitted Data,submitted,false,162305,2009,1,,88,2856259.7,6062870.1,0,0,,64.1,103.3,66.6,104.6,698.2,5,4,8919130,fuel_sum,8919129.8,10403751,0.857299,false
251764,2022,Parkside - 544,544 W Oak St,60610,NEAR NORTH SIDE,8,Multifamily Housing,Submitted Data,submitted,false,166322,2011,1,,84,2962204.6,6419323.2,0,0,,66.7,106.9,68.4,106.6,731.1,5.2,4,9381528,fuel_sum,9381527.8,11093677,0.845664,false
251765,2022,Bryn Mawr,5550 N Kenmore Ave,60640,EDGEWATER,77,Multifamily Housing,Submitted Data,submitted,false,156035,1928,1,,20,2997577.5,20186139.1,0,0,,148.6,189.6,156.6,198,1467,9.4,2,23183717,fuel_sum,23183716.6,23186801,0.999867,true
251766,2022,Belle Shore,1062 W Bryn Mawr Ave,60660,EDGEWATER,77,Multifamily Housing,Submitted Data,submitted,false,78224,1929,1,,12,1892601.7,11227107.5,0,0,,167.7,218.4,174.1,224.9,845.6,10.8,1,13119709,fuel_sum,13119709.2,13118165,1.000118,true
251767,2022,North Town Village,1311 N Halsted,60642,NEAR NORTH SIDE,8,Multifamily Housing,Submitted Data,submitted,false,124125,1999,1,,94,2043154.9,3764189,0,0,,57,95,57,93.1,469,4.6,4,5807344,fuel_sum,5807343.9,7075125,0.820812,false
251768,2022,213 West Institute Place,213 W Institute Pl,60610,NEAR NORTH SIDE,8,Office,Submitted Data,submitted,false,155385,1931,1,,68,4584192.8,5249366.5,0,0,,63.3,118.1,63.6,117,882.6,5.7,3,9833559,fuel_sum,9833559.3,9835871,0.999765,true
251769,2022,U.S. Cellular Plaza - 8410 _ Goby LLC,8410 W Bryn Mawr Ave,60631,OHARE,76,Office,Submitted Data,submitted,false,246911,1981,1,,3,27466889.6,16742.1,0,0,,129.2,361.7,130.3,364.7,3618.7,17,1,27483632,fuel_sum,27483631.7,31900901,0.861532,false
251770,2022,U.S. Cellular Plaza - 8420 _ Goby LLC,8420 W Bryn Mawr Ave,60631,OHARE,76,Office,Submitted Data,submitted,false,212651,1982,1,,100,784691.7,0,0,0,,3.7,10.3,3.7,10.3,103.4,0.5,4,784692,fuel_sum,784691.7,786809,0.997309,true
251771,2022,1333 N Kingsbury,1333 N Kingsbury,60642,NEAR NORTH SIDE,8,Office,Submitted Data,submitted,false,126727,1961,1,,59,3685264.1,4797582.8,0,0,,81,146.7,82.6,148.4,740.2,7.1,3.5,8482847,fuel_sum,8482846.9,10264887,0.826395,false
251772,2022,"Jewel Osco, 03224-Irving Park & Narraganset",6430 W Irving Park Rd,60634,DUNNING,17,Supermarket/Grocery Store,Submitted Data,submitted,false,57498,1989,1,,72,7325959.2,2512400.3,0,0,,171.1,402.6,171.8,400.1,1098.4,19.1,4,9838360,fuel_sum,9838359.5,9837908,1.000046,true
251773,2022,"Jewel Osco, 03296-Foster & Harlem",7342 W Foster Ave,60656,NORWOOD PARK,10,Supermarket/Grocery Store,Submitted Data,submitted,false,77255,1978,1,,71,8262505.8,6931699.9,0,0,,196.7,393.7,197.9,391.9,1456.5,18.9,3.5,15194206,fuel_sum,15194205.7,15196059,0.999878,true
251774,2022,Catholic Charities Saint Alibe - (Faith Apartments),1244 East 93rd Street,60619,BURNSIDE,47,Multifamily Housing,Submitted Data,submitted,false,192927,2000,1,,77,2200156.5,8370991.3,0,0,,59.2,83.7,62.4,86.2,734.4,4.1,3.5,10571148,fuel_sum,10571147.8,11421278,0.925566,false
251775,2022,Catholic Charities Ozanam Village,251 N Albany Avenue,60612,EAST GARFIELD PARK,27,Multifamily Housing,Submitted Data,submitted,false,57930,2002,1,,82,990066.8,2550818.1,0,0,,69.9,107.7,72,108.6,265.9,5.3,4,3540885,fuel_sum,3540884.9,4049307,0.874442,false
251776,2022,Catholic Charities Mathew Manor,271 N Albany Ave,60612,EAST GARFIELD PARK,27,Multifamily Housing,Submitted Data,submitted,false,54182,1996,1,,35,1069718.8,3507642.6,0,0,,86.7,126.5,90.5,130.5,327.2,6.2,1.5,4577361,fuel_sum,4577361.4,4697579,0.974409,true
251777,2022,Catholic Charities Tolton Manor,6345 S Stewart,60621,ENGLEWOOD,68,Multifamily Housing,Submitted Data,submitted,false,78167,1995,1,,53,1287690.6,5353856.6,0,0,,94.9,131.9,100.2,136.9,454,6.5,2.5,6641547,fuel_sum,6641547.2,7418048,0.895323,false
251780,2022,Holy Name Cathedral Parish,735 N State St,60654,NEAR NORTH SIDE,8,,Not Submitted,not_submitted,false,193226,,,,,,,,,,,,,,,,0,,,,,,
251783,2022,Our Lady of Victory Parish,5212 W Agatite,60630,PORTAGE PARK,15,,Not Submitted,not_submitted,false,61227,,,,,,,,,,,,,,,,0,,,,,,
251784,2022,Quigley Pastoral Center-Quigley,835 N Rush St,60611,NEAR NORTH SIDE,8,,Not Submitted,not_submitted,false,84100,,,,,,,,,,,,,,,,0,,,,,,
251785,2022,Saint Alphonsus Parish,1439 W Wellington Ave,60657,LAKE VIEW,6,,Not Submitted,not_submitted,false,54638,,,,,,,,,,,,,,,,0,,,,,,
251786,2022,Saint Clement School,642 W Deming Pl,60614,LINCOLN PARK,7,,Not Submitted,not_submitted,false,75507,,,,,,,,,,,,,,,,0,,,,,,
251788,2022,Saint Francis De Sales High School,10155 S Ewing Ave,60617,EAST SIDE,52,,Not Submitted,not_submitted,false,92238,,,,,,,,,,,,,,,,0,,,,,,
251789,2022,Saint Hedwig Parish,2226 N Hoyne Ave,60647,LOGAN SQUARE,22,,Not Submitted,not_submitted,false,50120,,,,,,,,,,,,,,,,0,,,,,,
251790,2022,Saint Monica School,5115 N Mont Clare Ave,60656,NORWOOD PARK,10,,Not Submitted,not_submitted,false,54061,,,,,,,,,,,,,,,,0,,,,,,
251792,2022,Saint Sabina Parish,7801 S Throop St,60620,AUBURN GRESHAM,71,,Not Submitted,not_submitted,false,73060,,,,,,,,,,,,,,,,0,,,,,,
251793,2022,Saint Thomas The Apostle Parish,5472 S Kimbark Ave,60615,HYDE PARK,41,,Not Submitted,not_submitted,false,63851,,,,,,,,,,,,,,,,0,,,,,,
251794,2022,Saint Francis of Assisi/OLA School-Galapagos Chart,3814 W Iowa St,60651,HUMBOLDT PARK,23,,Not Submitted,not_submitted,false,55455,,,,,,,,,,,,,,,,0,,,,,,
251796,2022,Chippewa Apartments,5050 S East End Ave,60615,KENWOOD,39,Multifamily Housing,Submitted Data,submitted,false,74550,1951,1,,53,1222071.8,6757841.1,0,0,,107,141.1,112.8,146.2,519.9,7,2.5,7979913,fuel_sum,7979912.9,7976850,1.000384,true
251797,2022,RML Specialty Hospital,3534 W Van Buren,60624,EAST GARFIELD PARK,27,,Not Submitted,not_submitted,false,190000,,,,,,,,,,,,,,,,0,,,,,,
251858,2022,Schneider -CPS,2957 N Hoyne Ave,60618,NORTH CENTER,5,K-12 School,Submitted Data,submitted,false,51852,1895,1,,29,1012784,5531230,0,0,,126.2,166.7,133.4,174.2,427.2,8.2,1,6544014,fuel_sum,6544014,6543722,1.000045,true
251859,2022,Epic Charter Academy - CPS,8255 S Houston Ave,60617,SOUTH CHICAGO,46,K-12 School,Submitted Data,submitted,false,69921,1902,1,,69,1055961.4,3242222.2,0,0,,61.5,91,62.9,92.5,311.3,4.5,3,4298184,fuel_sum,4298183.6,4300142,0.999545,true
251860,2022,Ogden Intl HS -CPS,1250 W Erie St,60642,WEST TOWN,24,K-12 School,Submitted Data,submitted,false,93355,1957,1,,69,1489109.4,5784120,0,0,,77.9,109.7,80.9,112.8,503.4,5.4,3,7273229,fuel_sum,7273229.4,7272355,1.00012,true
251863,2022,"Zapata Elementary Academy, Emiliano -CPS",2730 S Kostner Ave,60623,SOUTH LAWNDALE,30,K-12 School,Submitted Data,submitted,false,108845,1996,2,,56,2615779.1,4357450.1,0,0,,64.1,109.3,66.3,110.8,576,5.3,3.5,6973229,fuel_sum,6973229.2,6976965,0.999465,true
251865,2022,"Prieto, Dr Jorge Elementary -CPS",2231 N Central Ave,60639,BELMONT CRAGIN,19,K-12 School,Submitted Data,submitted,false,115458,2009,2,,71,3103848.7,2290640,0,0,,46.7,96.1,47.5,96.9,530.5,4.6,3.5,5394489,fuel_sum,5394488.7,5391889,1.000482,true
251866,2022,Best Practice - CPS; Chicago Bulls College Prep,2040 W Adams St,60612,NEAR WEST SIDE,28,,Not Submitted,not_submitted,false,142356,,,,,,,,,,,,,,,,0,,,,,,
251867,2022,Talcott Fine Arts And Museum Academy -CPS,1840 W Ohio St,60622,WEST TOWN,24,,Exempt,exempt,true,127371,,,,,,,,,,,,,,,,,,,,,,
251870,2022,Portage Park Elementary -CPS,5330 W Berteau Ave,60641,PORTAGE PARK,15,K-12 School,Submitted Data,submitted,false,145775,1915,2,,46,3094960.4,8841690.2,0,0,,81.9,123.1,83.6,124.9,877.3,6,2,11936651,fuel_sum,11936650.6,11938973,0.999806,true
251871,2022,South Shore International College Prep -CPS,1955 E 75th St,60649,SOUTH SHORE,43,K-12 School,Submitted Data,submitted,false,213710,2011,1,,56,7321579.1,6198479.8,0,0,,63.3,126.4,64.1,125.7,1293.6,6.1,2.5,13520059,fuel_sum,13520058.9,13527843,0.999425,true
251872,2022,Goode HS -CPS,7651 S Homan Ave,60652,ASHBURN,70,K-12 School,Submitted Data,submitted,false,208200,2008,1,,41,10641632.4,994200,0,0,,55.9,148.1,56.1,148.8,1454.5,7,2,11635832,fuel_sum,11635832.4,11638380,0.999781,true
251873,2022,Back Of The Yard -CPS,2111 W 47th St,60609,NEW CITY,61,K-12 School,Submitted Data,submitted,false,212285,2013,1,,23,10090494.7,9503780.3,0,0,,92.3,180.1,93,177.9,1833.9,8.6,1,19594275,fuel_sum,19594275,19593906,1.000019,true
251874,2022,"Stagg Elementary, Amos A -CPS",7424 S Morgan St,60621,ENGLEWOOD,68,,Exempt,exempt,true,68227,,,,,,,,,,,,,,,,,,,,,,
251876,2022,Sizemore - Shabazz Charter,1540 W 84TH ST,60620,AUBURN GRESHAM,71,,Not Submitted,not_submitted,false,70232,,,,,,,,,,,,,,,,0,,,,,,
251877,2022,Williams Multiplex Elementary -CPS,2710 S Dearborn St,60616,DOUGLAS,35,,Exempt,exempt,true,148150,,,,,,,,,,,,,,,,,,,,,,
251878,2022,South Loop -CPS,1212 S Plymouth Ct,60605,NEAR SOUTH SIDE,33,,Exempt,exempt,true,57995,,,,,,,,,,,,,,,,,,,,,,
251880,2022,Tonti -CPS,5815 S Homan Ave,60629,GAGE PARK,63,K-12 School,Submitted Data,submitted,false,89103,1928,3,,14,3957476.2,5030369.9,0,0,,100.9,183.6,103.6,186.5,788.4,8.8,1,8987846,fuel_sum,8987846.1,8990493,0.999706,true
251883,2022,Stewart School Lofts,4525 N Kenmore Ave,60640,UPTOWN,3,,Submitted Data,submitted,false,94950,,,,,,,,,,,,,,,,0,,,,,,
251884,2022,Ray Elementary -CPS,5631 S Kimbark Ave,60637,HYDE PARK,41,K-12 School,Submitted Data,submitted,false,115306,1893,3,,50,2487000,6640250,0,0,,79.2,120.9,82.1,124,680.3,5.9,2,9127250,fuel_sum,9127250,9132235,0.999454,true
251886,2022,Ross Elementary (Cockrell Cpc) -CPS,6059 S Wabash Ave,60637,WASHINGTON PARK,40,,Exempt,exempt,true,94200,,,,,,,,,,,,,,,,,,,,,,
251887,2022,Stem Magnet Academy / Old Thomas Jefferson -CPS,1522 W Fillmore Blvd,60607,NEAR WEST SIDE,28,K-12 School,Submitted Data,submitted,false,69329,1894,2,,25,1609402.8,6122799.8,0,0,,111.5,157.7,117.2,163.6,537.2,7.7,1,7732203,fuel_sum,7732202.6,7730184,1.000261,true
251888,2022,Young Elementary -CPS,1434 N Parkside Ave,60651,AUSTIN,25,,Exempt,exempt,true,177004,,,,,,,,,,,,,,,,,,,,,,
251889,2022,Smyser -CPS,4310 N Melvina Ave,60634,PORTAGE PARK,15,K-12 School,Submitted Data,submitted,false,111681,1932,3,,65,1610614.1,5933770.1,0,0,,67.6,96.2,70.3,99.1,527.3,4.7,4,7544384,fuel_sum,7544384.2,7549636,0.999304,true
251890,2022,Saucedo Elementary Academy - CPS,2850 W 24th Blvd,60623,SOUTH LAWNDALE,30,K-12 School,Submitted Data,submitted,false,292121,1913,2,,64,5489065.7,14663228.9,0,0,,69,105.3,71,106.9,1501.8,5.1,3,20152295,fuel_sum,20152294.6,20156349,0.999799,true
251891,2022,Westinghouse HS -CPS,3301 W Franklin Blvd,60624,HUMBOLDT PARK,23,K-12 School,Submitted Data,submitted,false,224604,2009,1,,18,12375835.9,7879069.8,0,0,,90.2,191.1,89.5,187,2048.6,9.1,1,20254906,fuel_sum,20254905.7,20259281,0.999784,true
251892,2022,Betty Shabazz Intl Charter / Barbra A Sizemore -CPS,6936 S Hermitage Ave,60636,WEST ENGLEWOOD,67,K-12 School,Submitted Data,submitted,false,70232,1910,1,,28,1611166.9,5878750.1,0,0,,106.6,152.1,112.2,158,524.5,7.5,1,7489917,fuel_sum,7489917,7486731,1.000426,true
251893,2022,Edgebrook Elementary -CPS,6525 N Hiawatha Ave,60646,FOREST GLEN,12,K-12 School,Submitted Data,submitted,false,65590,1939,4,,44,1640114.3,3500440.1,0,0,,78.4,126.1,80.1,127.8,402,6.1,2,5140554,fuel_sum,5140554.4,5142256,0.999669,true
251894,2022,Robeson HS -CPS,6821 S Normal,60621,ENGLEWOOD,68,,Not Submitted,not_submitted,false,190104,,,,,,,,,,,,,,,,0,,,,,,
251896,2022,Region 4 Office -CPS,4655 S Dearborn St,60609,GRAND BOULEVARD,38,Office,Submitted Data,submitted,false,99100,1990,1,,73,2590663.4,6537660.3,0,0,,92.1,142.5,95.6,146.1,688.5,6.9,4,9128324,fuel_sum,9128323.7,9127110,1.000133,true
251898,2022,Durkin Park Elementary -CPS,8445 S Kolin Ave,60652,ASHBURN,70,K-12 School,Submitted Data,submitted,false,86520,1961,5,,56,2625117.8,2314640,0,0,,57.1,113,58.6,114.9,468.7,5.4,2.5,4939758,fuel_sum,4939757.8,4940292,0.999892,true
251899,2022,Shields Main-CPS,4250 S Rockwell St,60632,BRIGHTON PARK,58,,Exempt,exempt,true,128230,,,,,,,,,,,,,,,,,,,,,,
251900,2022,"Scammon, Jonathan Y -CPS",4201 W Henderson St,60641,IRVING PARK,16,K-12 School,Submitted Data,submitted,false,85474,1926,5,,45,1798318.5,5378550.2,0,0,,84,125,87.2,128.6,522.5,6.1,2,7176869,fuel_sum,7176868.7,7179816,0.99959,true
251902,2022,Uplift Community HS -CPS,900 W Wilson Ave,60640,UPTOWN,3,,Exempt,exempt,true,149312,,,,,,,,,,,,,,,,,,,,,,
251903,2022,Smyth -CPS,1051 W 13th Ave,60608,NEAR WEST SIDE,28,,Exempt,exempt,true,121566,,,,,,,,,,,,,,,,,,,,,,
251904,2022,CICS ChicagoQuest School and The Noble Academy,1409 - 1443 N Ogden Ave,60610,NEAR NORTH SIDE,8,K-12 School,Submitted Data,submitted,false,90742,1971,1,,1,9103315.1,2323000,0,0,,125.9,307.8,127,308.9,1322.4,14.6,1,11426315,fuel_sum,11426315.1,11424418,1.000166,true
251905,2022,"Funston, Frederick Elementary -CPS",2010 N Central Park Ave,60647,LOGAN SQUARE,22,K-12 School,Submitted Data,submitted,false,107729,1896,3,,30,3222470.5,6680270.1,0,0,,91.9,148.9,94.6,151.2,779.3,7.2,1,9902741,fuel_sum,9902740.6,9900295,1.000247,true
251906,2022,Sabin Magnet CPS,2216 W Hirsch St,60622,WEST TOWN,24,K-12 School,Submitted Data,submitted,false,95219,1915,1,,29,2265336,7546100,0,0,,103,149.8,107.4,155,699.2,7.3,1,9811436,fuel_sum,9811436,9807557,1.000396,true
251907,2022,Burnham Mathematics And Science Academy -CPS,1903 E 96th St,60617,SOUTH DEERING,51,,Not Submitted,not_submitted,false,76600,,,,,,,,,,,,,,,,0,,,,,,
251908,2022,Pilsen Comm Academy -CPS,1420 W 17th St,60608,LOWER WEST SIDE,31,,Exempt,exempt,true,81769,,,,,,,,,,,,,,,,,,,,,,
251909,2022,"Garvey Elementary, John W -CPS",5225 N Oak Park Ave,60656,NORWOOD PARK,10,K-12 School,Submitted Data,submitted,false,79665,1936,3,,15,3162709.2,4763399.7,0,0,,99.5,173.9,101.9,174.5,669.6,8.4,1,7926109,fuel_sum,7926108.9,7926668,0.999929,true
251910,2022,Chase Elementary -CPS,2021 N Point St,60647,LOGAN SQUARE,22,,Exempt,exempt,true,84715,,,,,,,,,,,,,,,,,,,,,,
251911,2022,Cardenas Elementary -CPS,2345 S Millard Ave,60623,SOUTH LAWNDALE,30,K-12 School,Submitted Data,submitted,false,149786,1972,1,,69,4855501.4,0,0,0,,32.4,90.8,33.2,93,639.5,4.3,3,4855501,fuel_sum,4855501.4,4853066,1.000502,true
251912,2022,"Sherman Elementary, William T -CPS",1000 W 52nd St,60609,NEW CITY,61,,Exempt,exempt,true,58451,,,,,,,,,,,,,,,,,,,,,,
251914,2022,Mays,838 W MARQUETTE RD,60621,ENGLEWOOD,68,,Not Submitted,not_submitted,false,52819,,,,,,,,,,,,,,,,0,,,,,,
251917,2022,"Target, Chicago Mid North (1437)",2939 W Addison St,60618,IRVING PARK,21,Retail Store,Submitted Data,submitted,false,493547,2003,1,,63,9336013.5,9320700.4,0,0,,97.6,188,100.8,191.3,1724.8,9,3,18656714,fuel_sum,18656713.9,48170187,0.387308,false
251918,2022,Michaels Terrace Condo,1309 N Wells St,60610,NEAR NORTH SIDE,8,Multifamily Housing,Submitted Data,submitted,false,145503,1990,1,,47,2605575.6,8019113.5,0,0,,92,136.1,94.4,137,769.1,6.7,2,10624689,fuel_sum,10624689.1,13386276,0.7937,false
251919,2022,223 W Erie St,223 W Erie St,60654,NEAR NORTH SIDE,8,Office,Submitted Data,submitted,false,66400,1890,1,,87,1591469.4,2232576.1,0,0,,57.6,102.4,57.8,100.5,328.2,4.9,4,3824046,fuel_sum,3824045.5,3824640,0.999845,true
251920,2022,Mayfair,189 E Lake Shore Dr,60611,NEAR NORTH SIDE,8,Multifamily Housing,Submitted Data,submitted,false,266340,1924,1,,94,5862166.8,5705893.5,0,0,,43.4,84.1,45.1,85.9,1075.2,4,4,11568060,fuel_sum,11568060.3,11559156,1.00077,true
251925,2022,Peter V. Byrne Hall,2219 N Kenmore Ave,60614,LINCOLN PARK,7,College/University,Submitted Data,submitted,false,77485,1968,1,,,1797768.2,8703354.1,0,0,,135.5,182.9,142.6,188.5,699.1,9,2,10501122,fuel_sum,10501122.3,10499218,1.000181,true
251926,2022,Mondial River West,910 W Huron St,60642,WEST TOWN,24,Multifamily Housing,Submitted Data,submitted,false,177566,2009,1,,16,5447798.3,13815986.2,0,0,,108.5,167.6,111.7,169.6,1451.4,8.2,1,19263785,fuel_sum,19263784.5,19265911,0.99989,true
251927,2022,Plaza On Dewitt Condominium Association,260 E Chestnut St,60611,NEAR NORTH SIDE,8,Multifamily Housing,Submitted Data,submitted,false,428547,1965,1,,47,10628085.5,27494604,0,0,,89,136.8,93.2,139.8,2860.2,6.7,2,38122690,fuel_sum,38122689.5,38140683,0.999528,true
251928,2022,Robert J Stein Institute of Forensic Medicine,2121 W Harrison St,60612,NEAR WEST SIDE,28,Other - Public Services,Submitted Data,submitted,false,79368,1982,1,,,6338707.9,9958243.7,0,0,,205.3,355.4,212,360,1363.8,17.2,2,16296952,fuel_sum,16296951.6,16294250,1.000166,true
251929,2022,600 S Michigan Ave,600 S Michigan Ave,60605,LOOP,32,College/University,Submitted Data,submitted,false,175129,1960,1,,,9715838.5,8970740.6,0,0,,106.7,209.1,109.1,211.7,1756.2,10,2,18686579,fuel_sum,18686579.1,18686264,1.000017,true
251930,2022,The Granville Condominum Association,1134 W Granville Ave,60660,EDGEWATER,77,Multifamily Housing,Submitted Data,submitted,false,348150,2008,1,,46,8948110.4,15286091.1,0,0,,100.4,170.4,102.8,172.8,1990.5,8.2,2,24234202,fuel_sum,24234201.5,34954260,0.693312,false
251941,2022,Cumberland Centre - Building 2,5450 N Cumberland Ave,60656,OHARE,76,,Exempt,exempt,true,228320,,,,,,,,,,,,,,,,,,,,,,
251942,2022,Lake Shore Hospitality Inc,4900 S Lake Shore Dr,60615,KENWOOD,39,,Not Submitted,not_submitted,false,54000,,,,,,,,,,,,,,,,0,,,,,,
251943,2022,1825 W Lawrence Ave,1825 W Lawrence Ave,60640,LINCOLN SQUARE,4,,Not Submitted,not_submitted,false,53684,,,,,,,,,,,,,,,,0,,,,,,
251944,2022,820 S Michigan Ave,820 S Michigan Ave,60605,LOOP,32,Multifamily Housing,Submitted Data,submitted,false,112941,1949,1,,30,6681228.8,98480,0,0,,60,166.6,60.7,168.5,885.2,7.8,1,6779709,fuel_sum,6779708.8,6776460,1.000479,true
251945,2022,916 S Wabash Ave,916 S Wabash Ave,60605,LOOP,32,College/University,Submitted Data,submitted,false,66358,1930,1,,,4313759.6,686682.9,0,0,,75.4,192.9,76.2,194.4,604.7,9.1,2,5000443,fuel_sum,5000442.5,5003393,0.99941,true
251946,2022,1010 Lake Shore Association,1010 N Lake Shore Drive,60611,NEAR NORTH SIDE,8,Multifamily Housing,Submitted Data,submitted,false,399022,1928,1,,25,12838108.5,19903375.3,0,0,,82.1,142.5,85.2,143.9,2748.1,6.9,1,32741484,fuel_sum,32741483.8,32759706,0.999444,true
251958,2022,Advocate Trinity - POB,2301 2315 E 93rd St,60617,CALUMET HEIGHTS,48,Medical Office,Submitted Data,submitted,false,64551,1971,1,,12,4009391,2430963.6,0,0,,125.1,267.6,125.3,266.1,657.2,12.8,1,6440355,fuel_sum,6440354.6,8075330,0.797535,false
251959,2022,"Moody Bible Institute, Torrey-Gray Doane",840 N LaSalle St,60610,NEAR NORTH SIDE,8,College/University,Submitted Data,submitted,false,86585,1939,1,,,7031934,0,0,0,,81.2,227.4,81.2,227.4,926.2,10.7,3,7031934,fuel_sum,7031934,7030702,1.000175,true
251960,2022,Latin School of Chicago Middle Scool,45 W North Blvd,60610,NEAR NORTH SIDE,8,,Not Submitted,not_submitted,false,81509,,,,,,,,,,,,,,,,0,,,,,,
251964,2022,114 S Racine Ave,114 S Racine Ave,60607,NEAR WEST SIDE,28,Office,Submitted Data,submitted,false,99170,1920,1,,81,1938132.2,2307166.2,0,0,,44.7,82.7,45.6,83,377.8,4,4,4245298,fuel_sum,4245298.4,4432899,0.95768,false
251965,2022,Lake Meadows Shopping Center Building 2,3445 3481 S King Dr,60616,DOUGLAS,35,Fitness Center/Health Club/Gym,Submitted Data,submitted,false,60303,2008,1,,,3679179.9,3574379.2,0,0,,120.3,233.1,118.8,228.8,674.5,11.2,2,7253559,fuel_sum,7253559.1,7254451,0.999877,true
251992,2022,United Airlines Reservation Center,11555 W Touhy Ave,60666,OHARE,76,Office,Submitted Data,submitted,false,452360,1989,1,,16,11472620.6,1866962.7,0,0,,109,278.6,109,278.6,1610.3,13.2,1,13339583,fuel_sum,13339583.3,49307240,0.27054,false
251996,2022,Prairie Point Condominium,1600 S Prairie Ave,60616,NEAR SOUTH SIDE,33,Multifamily Housing,Submitted Data,submitted,false,357000,2006,1,,39,7152087.6,18654526.1,0,0,,95.9,147.2,98.6,147.4,1991.5,7.4,1.5,25806614,fuel_sum,25806613.7,34236300,0.753779,false
252013,2022,900 Franklin,900 N Franklin St,60610,NEAR NORTH SIDE,8,,Not Submitted,not_submitted,false,95866,,,,,,,,,,,,,,,,0,,,,,,
252018,2022,5000 Marine Drive Corporation: The Aquitania,5000 N Marine Dr,60640,UPTOWN,3,Multifamily Housing,Submitted Data,submitted,false,152400,1923,1,,88,1346371.8,9276886.6,0,0,,69.7,88.7,73.1,91.6,670.1,4.4,4,10623258,fuel_sum,10623258.4,10622280,1.000092,true
252020,2022,,1420 N Lake Shore Dr,60610,NEAR NORTH SIDE,8,Multifamily Housing,Submitted Data,submitted,false,162540,1928,1,,87,3007121.8,9508044.1,0,0,,77,113.2,81,115.8,901.1,5.5,4,12515166,fuel_sum,12515165.9,12515580,0.999967,true
252021,2022,CICS St. Basil,1816 W Garfield Blvd,60609,NEW CITY,61,K-12 School,Submitted Data,submitted,false,57350,1956,1,,61,1580240.5,3168700.5,0,0,,82.8,135.2,85.3,137.8,376.4,6.6,3,4748941,fuel_sum,4748941,4748580,1.000076,true
252023,2022,CICS Longwood (Academy of Our Lady),1309 W 95th St,60643,WASHINGTON HEIGHTS,73,K-12 School,Submitted Data,submitted,false,165520,1952,1,,76,2361687.5,7820400.3,0,0,,61.5,89.6,64.6,92.8,726.4,4.4,4,10182088,fuel_sum,10182087.8,10179480,1.000256,true
252024,2022,CICS Loomis,9535 S Loomis St,60643,WASHINGTON HEIGHTS,73,K-12 School,Submitted Data,submitted,false,52381,1961,1,,70,1199372.6,3125300,0,0,,82.6,126.8,85.2,129.5,324,6.2,3,4324673,fuel_sum,4324672.6,4326671,0.999538,true
252025,2022,CICS Ralph Ellison (St Thomas Moore),1817 W 80th St,60620,AUBURN GRESHAM,71,K-12 School,Submitted Data,submitted,false,69000,1920,1,,44,1957590.7,4746100.2,0,0,,97.2,151.7,102.9,157.7,509.9,7.4,2,6703691,fuel_sum,6703690.9,6706800,0.999536,true
252027,2022,CICS Wrightwood,8130 S California Ave,60652,ASHBURN,70,K-12 School,Submitted Data,submitted,false,54101,1957,1,,59,1757702,2581299.8,0,0,,80.2,141.1,82.4,143.4,368.6,6.8,2.5,4339002,fuel_sum,4339001.8,4338900,1.000024,true
252028,2022,Rubicon X Fulton,2130 2140 W Fulton St,60612,NEAR WEST SIDE,28,,Not Submitted,not_submitted,false,50835,,,,,,,,,,,,,,,,0,,,,,,
252029,2022,1812-1840 Hubbard St,1812 - 1840 W Hubbard St,60622,WEST TOWN,24,Mixed Use Property,Submitted Data,submitted,true,121398,1914,1,,,990938.2,4584988.7,0,0,,45.9,62.5,47.1,63,374.1,3.1,,5575927,fuel_sum,5575926.9,5572168,1.000675,true
252030,2022,012-012-Tremont Hotel,100 E Chestnut,60611,NEAR NORTH SIDE,8,,Not Submitted,not_submitted,false,95526,,,,,,,,,,,,,,,,0,,,,,,
252031,2022,57135-Chicago-Downtown,201 E Walton Pl,60611,NEAR NORTH SIDE,8,Hotel,Submitted Data,submitted,false,177137,1987,1,,79,5373854.3,10952134,0,0,,92.2,149.9,95.5,153.4,1289.5,7.3,3.5,16325988,fuel_sum,16325988.3,16332031,0.99963,true
252033,2022,Erie Elementary Charter School,1405 N Washtenaw,60622,WEST TOWN,24,K-12 School,Submitted Data,submitted,false,54860,2014,1,,99,220278.7,1845521.6,0,0,,37.7,46.6,38.8,47.3,127,2.3,4,2065800,fuel_sum,2065800.3,2068222,0.998829,true
252034,2022,Center Home For Hispanic Elderly,1401 N California Ave,60622,WEST TOWN,24,Senior Living Community,Submitted Data,submitted,false,75000,1925,1,,74,1806603,7838799.7,0,0,,128.6,177.2,132.6,178.9,654.3,8.7,4,9645403,fuel_sum,9645402.7,9645000,1.000042,true
252035,2022,The Bristol Condominium Association,57 E Delaware Pl,60611,NEAR NORTH SIDE,8,Multifamily Housing,Submitted Data,submitted,false,511146,1998,1,,25,24794260.4,2668831.2,0,0,,56,147.4,56.8,149.3,3407.5,7,1,27463092,fuel_sum,27463091.6,28624176,0.959437,false
252036,2022,Max Palevsky Residential Commons/Bartlett Commons,1101 E 56th St,60637,HYDE PARK,41,Social/Meeting Hall,Submitted Data,submitted,false,69250,1904,1,,,4248890.6,1480720,9575844.2,2172732,,252.4,389.2,256.4,395.7,1388.6,20.1,2,17478187,fuel_sum,17478186.8,17478700,0.999971,true
252037,2022,Ratner Athletics Center,5530 S Ellis Ave,60637,HYDE PARK,41,Fitness Center/Health Club/Gym,Submitted Data,submitted,false,168984,2003,1,,,10782877.8,0,20936408,7118315.9,,229.8,366.1,226.6,363.7,3185.5,18.9,1,38837602,fuel_sum,38837601.7,38832523,1.000131,true
252038,2022,Crerar Library,5730 S Ellis Ave,60637,HYDE PARK,41,Library,Submitted Data,submitted,false,168656,1984,1,,,5079760.7,9229,7570150.7,7771319.9,,121.1,180.3,113.8,173.6,1581.8,9.4,3,20430460,fuel_sum,20430460.3,20424242,1.000304,true
252039,2022,Accelerator/High Energy Physics,5604 - 5620 S Ellis Ave,60637,HYDE PARK,41,Laboratory,Submitted Data,submitted,false,58781,1949,1,,,4772083.6,330652,8807350.4,0,,236.6,413.5,239.2,416.5,1230.9,20.9,3,13910086,fuel_sum,13910086,13907585,1.00018,true
252040,2022,Kersten Physics Teaching Center,5720 S Ellis Ave,60637,HYDE PARK,41,College/University,Submitted Data,submitted,false,59287,1985,1,,,1505829.3,0,5002513.7,1090872,,128.2,189.4,126.3,188,588,9.9,2,7599215,fuel_sum,7599215,7600593,0.999819,true
252041,2022,Bookstore,970 E 58th St,60637,HYDE PARK,41,Retail Store,Submitted Data,submitted,false,50162,1902,1,,49,2160677.9,0,3157748.2,0,,106,196.3,108.9,198.3,494.3,9.9,2,5318426,fuel_sum,5318426.1,5317172,1.000236,true
252042,2022,Edelstone Center,6030 S Ellis Ave,60637,WOODLAWN,42,Office,Submitted Data,submitted,false,59741,1966,1,,56,1450444.6,0,4776943.6,901536,,119.3,177.9,120.3,179.3,555.7,9.3,2.5,7128924,fuel_sum,7128924.2,7127101,1.000256,true
252043,2022,Renee Granville-Grossman Residential Commons,6031 S Ellis Ave,60637,WOODLAWN,42,Residence Hall/Dormitory,Submitted Data,submitted,false,338679,2009,1,,55,10782060.4,1018042,20417294.8,7907466.9,,118.5,186.1,117.1,185.8,3246.6,9.6,2.5,40124864,fuel_sum,40124864.1,40133462,0.999786,true
252044,2022,Law/ Mott/ Social Service Admin/ Faculty Housing,1111 E 60th St,60637,WOODLAWN,42,Multifamily Housing,Submitted Data,submitted,false,64648,1948,1,,41,1851343.2,152459,2901527.5,0,,75.9,136.7,75.9,136.7,444.6,6.9,2,4905330,fuel_sum,4905329.7,4906783,0.999704,true
252045,2022,Harper Library / Classics,1116 E 59th St,60637,HYDE PARK,41,Social/Meeting Hall,Submitted Data,submitted,false,119311,1912,1,,,2708519.3,0,8092812.6,1384353.5,,102.1,155.7,102.9,157.1,967.1,8.1,2,12185685,fuel_sum,12185685.4,12181653,1.000331,true
252046,2022,Henry Crown Field House,5550 S University Ave,60637,HYDE PARK,41,Fitness Center/Health Club/Gym,Submitted Data,submitted,false,146501,1932,1,,,3686949.7,78762,5757121.7,0,,65,118.3,67.4,121.1,872.1,6,2,9522833,fuel_sum,9522833.4,9522565,1.000028,true
252047,2022,Saieh Hall for Economics,5757 S University Ave,60637,HYDE PARK,41,College/University,Submitted Data,submitted,false,153115,2013,1,,,3558509.8,19485,8042091.5,4691147.9,,106.5,156.3,104.4,154.9,1250.9,8.2,3,16311234,fuel_sum,16311234.2,16306748,1.000275,true
252048,2022,Levi Hall,5801 S Ellis Ave,60637,HYDE PARK,41,Office,Submitted Data,submitted,false,90125,1949,1,,62,2485185.9,8679,5697863.6,2719799.9,,121.1,180.8,118.8,179.6,849.5,9.4,3,10911528,fuel_sum,10911528.4,10914138,0.999761,true
252049,2022,"Bond Chapel/ Cobb, Swift, Haskell, Wieboldt, Goodspeed, Gates, and Blake Hall",5811 - 5827 S Ellis Ave,60637,HYDE PARK,41,College/University,Submitted Data,submitted,false,80082,1892,1,,,1455763.1,5789,5001523,2745000,,115,157.3,113.5,156.7,668.8,8.4,3,9208075,fuel_sum,9208075.1,9209430,0.999853,true
252050,2022,Jones Laboratory,5747 S Ellis Ave,60637,HYDE PARK,41,Laboratory,Submitted Data,submitted,false,72388,1929,1,,,6424491.2,320,11799812.1,1319999.9,,270,461.2,267.4,456.8,1699.3,23.5,2,19544623,fuel_sum,19544623.2,19544760,0.999993,true
252051,2022,Chess Lofts Condominium,320 E 21st St,60616,NEAR SOUTH SIDE,33,,Not Submitted,not_submitted,false,121070,,,,,,,,,,,,,,,,0,,,,,,
252052,2022,Ryerson Laboratory/ Eckhart Hall,1118 1132 E 58th St,60637,HYDE PARK,41,Laboratory,Submitted Data,submitted,false,67717,1894,1,,,1734067.2,0,1963580.8,0,,54.6,106.6,55.9,107.5,358.8,5.3,4,3697648,fuel_sum,3697648,3697348,1.000081,true
252053,2022,Kent Chemical Laboratory,1020 - 1024 E 58th St,60637,HYDE PARK,41,Laboratory,Submitted Data,submitted,false,59841,1894,1,,,2725657.1,3680,6845500.4,3877199.9,,224.8,324.2,217.6,318.5,1018.1,17,3,13452037,fuel_sum,13452037.4,13452257,0.999984,true
252054,2022,"Rockefeller,Mitchell,Reynolds,Hutchinson,Zoology,Erman,Mandel,Oriental,Pres.Home",5850 S Woodlawn Ave,60637,HYDE PARK,41,Worship Facility,Submitted Data,submitted,false,58574,1928,1,,1,2380547.6,0,6623440.5,0,,153.7,249.8,160.8,258.4,753.3,12.9,1,9003988,fuel_sum,9003988.1,9002824,1.000129,true
252057,2022,"Beecher, Kelley, Green, Foster, Social Science Research Building",1126 E 59th St,60637,HYDE PARK,41,College/University,Submitted Data,submitted,false,70372,1929,1,,,1185071.6,0,4220801.9,774204.4,,87.8,129.3,91,133.2,477.1,6.8,3,6180078,fuel_sum,6180077.9,6178662,1.000229,true
252058,2022,Logan Arts Center,915 E 60th St,60637,WOODLAWN,42,Performing Arts,Submitted Data,submitted,false,188821,2011,1,,,6356461.7,0,2150597,5834879.9,,76,136.1,71.6,132.1,1287.5,6.8,3,14341939,fuel_sum,14341938.6,14350396,0.999411,true
252059,2022,Ida Noyes Hall,1212 E 59th St,60637,HYDE PARK,41,Other - Entertainment/Public Assembly,Submitted Data,submitted,false,91970,1916,1,,,2949520.2,257700,3498647,0,,72.9,138.5,72.9,138.5,634.5,6.9,2,6705867,fuel_sum,6705867.2,6704613,1.000187,true
252060,2022,Woodlawn Social Services Center,950 E 61st St,60637,WOODLAWN,42,Office,Submitted Data,submitted,false,66084,1970,1,,45,2743548.5,0,4223643.7,0,,105.4,193.1,108.1,192.7,641.8,9.7,2,6967192,fuel_sum,6967192.2,6965254,1.000278,true
252061,2022,Chapin Hall,1313 E 60th St,60637,WOODLAWN,42,College/University,Submitted Data,submitted,false,65745,1938,1,,,2614813.5,0,9140141.6,0,,178.8,278.6,187.8,287.7,951.3,14.5,1,11754955,fuel_sum,11754955.1,11755206,0.999979,true
252064,2022,Mansueto Library,1100 E 57th St,60637,HYDE PARK,41,Library,Submitted Data,submitted,false,64028,2009,1,,,2398786.1,0,9413400.5,4695839.8,,257.8,348.5,259.1,350.7,1188.5,18.6,2,16508026,fuel_sum,16508026.4,16506418,1.000097,true
252065,2022,280 S Columbus Dr,280 S Columbus Dr,60603,LOOP,32,,Not Submitted,not_submitted,false,142184,,,,,,,,,,,,,,,,0,,,,,,
252066,2022,The Park Monroe Condominium Homes Association,65 E Monroe St,60603,LOOP,32,Multifamily Housing,Submitted Data,submitted,false,568809,2009,1,,54,18195967.7,5886490.2,0,0,,50.1,118.8,51.3,121.5,2709.3,5.6,3.5,24082458,fuel_sum,24082457.9,28497331,0.845078,false
252067,2022,Southview Manor,3311 S Michigan Ave,60616,DOUGLAS,35,Senior Living Community,Submitted Data,submitted,false,55031,1976,1,,69,1587900.4,5046199.8,0,0,,120.8,177.4,124.5,179.2,477.2,8.7,4,6634100,fuel_sum,6634100.2,6647745,0.997947,true
252068,2022,Hampton Inn Majestic,22 W Monroe St,60603,LOOP,32,,Not Submitted,not_submitted,false,70265,,,,,,,,,,,,,,,,0,,,,,,
252069,2022,Chicago South Loop Hotel,11 W 26th St,60616,DOUGLAS,35,,Not Submitted,not_submitted,false,106640,,,,,,,,,,,,,,,,0,,,,,,
252070,2022,Lake Village East Apartments,4700 S Lake Park Ave,60615,KENWOOD,39,Multifamily Housing,Submitted Data,submitted,false,180000,1971,3,,73,3559728.5,12003799.7,0,0,,86.5,125.4,90.6,129.4,1106.4,6.1,3.5,15563528,fuel_sum,15563528.2,15570000,0.999584,true
252071,2022,Library Tower Condo Assoc.,520 S State St,60605,LOOP,32,Multifamily Housing,Submitted Data,submitted,false,387025,2008,1,,89,6895302.7,12668257.9,0,0,,53.8,89.6,54.2,88.8,1581.1,4.3,4,19563561,fuel_sum,19563560.6,20821945,0.939565,false
252072,2022,641 W Lake St,641 W Lake St,60661,NEAR WEST SIDE,28,Office,Submitted Data,submitted,false,167089,1903,1,,,926111.8,2085925.9,0,0,,18,28.6,18.4,28.5,232.8,1.4,4,3012038,fuel_sum,3012037.7,3007602,1.001475,true
252073,2022,118 S Clinton St,118 S Clinton St,60661,NEAR WEST SIDE,28,Office,Submitted Data,submitted,false,78751,1910,1,,30,4949388.8,0,0,0,,62.8,176,62.6,175.4,651.9,8.3,1,4949389,fuel_sum,4949388.8,4945563,1.000774,true
252075,2022,UNO Veterans Memorial Campus (Charter School),4248 W 47TH ST,60632,ARCHER HEIGHTS,57,K-12 School,Submitted Data,submitted,false,200999,2008,,,42,7744199.4,6798729.9,0,0,,83.1,164.7,84.1,163.8,1444.7,8.3,2,14542929,fuel_sum,14542929.3,16703017,0.870677,false
252076,2022,UNO Officer Donald J. Marquez Charter School,2916 W 47TH ST,60632,BRIGHTON PARK,58,K-12 School,Submitted Data,submitted,false,64150,2007,1,,31,2997511.7,1098040,0,0,,70.4,164.2,71.7,165,477.7,8.2,1.5,4095552,fuel_sum,4095551.7,4516160,0.906866,false
252077,2022,UNO Soccer Academy,5050 S HOMAN AVE,60632,GAGE PARK,63,K-12 School,Submitted Data,submitted,false,85400,2011,,,7,4064150.1,3328539.7,0,0,,117.3,236.1,120.4,239.3,745.4,11.8,1,7392690,fuel_sum,7392689.8,10017420,0.737983,false
252078,2022,UNO Soccer Academy High School,5025 S ST LOUIS,60632,GAGE PARK,63,K-12 School,Submitted Data,submitted,false,93408,2013,1,,20,4223424.9,3967579.8,0,0,,106.3,207.4,107.8,206.2,801.7,10.4,1,8191005,fuel_sum,8191004.7,9929270,0.824935,false
252079,2022,UNO Roberto Clemente Charter School,2050 N NATCHEZ AVE,60707,BELMONT CRAGIN,19,K-12 School,Submitted Data,submitted,false,58070,2012,,,32,2310883.1,2419620.3,0,0,,84.1,160.2,85.6,161.1,451.9,8,1.5,4730503,fuel_sum,4730503.4,4883687,0.968634,false
252080,2022,,400 W Ontario St,60654,NEAR NORTH SIDE,8,Multifamily Housing,Submitted Data,submitted,false,227267,1999,1,,84,3958555.5,9614748.8,0,0,,59.7,93.2,60.4,92,1032.1,4.5,4,13573304,fuel_sum,13573304.3,13567840,1.000403,true
252082,2022,,4540 W Belmont Ave,60641,IRVING PARK,16,K-12 School,Submitted Data,submitted,false,77012,2014,1,,31,3492587.7,1443997.3,0,0,,85.4,195.5,86.9,197.9,536.7,9.3,1.5,4936585,fuel_sum,4936585,6576825,0.750603,false
252083,2022,St Pauls United Church of Christ,2335 N Orchard St,60614,LINCOLN PARK,7,,Exempt,exempt,true,59380,,,,,,,,,,,,,,,,,,,,,,
252084,2022,Trinity United Church of Christ,400 W 95th St,60628,WASHINGTON HEIGHTS,49,,Not Submitted,not_submitted,false,78501,,,,,,,,,,,,,,,,0,,,,,,
252085,2022,,6850 S Crandon Ave,60649,SOUTH SHORE,43,,Not Submitted,not_submitted,false,230116,,,,,,,,,,,,,,,,0,,,,,,
252086,2022,Palmer House Office Center - Thor Equities,27 E Monroe St,60603,LOOP,32,,Not Submitted,not_submitted,false,61100,,,,,,,,,,,,,,,,0,,,,,,
252088,2022,Pueblo Commons Condominiums,8444 W Wilson Ave,60656,OHARE,76,Multifamily Housing,Submitted Data,submitted,false,216000,1960,4,,96,1220811,10972499.9,0,0,,56.5,69.2,58.7,71.2,743.6,3.4,4,12193311,fuel_sum,12193310.9,12204000,0.999124,true
252090,2022,Talbott Hotel,20 E Delaware Pl,60611,NEAR NORTH SIDE,8,Hotel,Submitted Data,submitted,false,106734,1927,1,,60,5053091.6,5294689.5,0,0,,96.9,184.6,99.7,187.5,946.8,8.9,2.5,10347781,fuel_sum,10347781.1,10342525,1.000508,true
252091,2022,1301 East 47th Street,1301 E 47th St,60653,KENWOOD,39,Office,Submitted Data,submitted,false,92000,1970,1,,,2588429.5,5139948.9,0,0,,84,137.4,82.9,134.5,635.2,6.9,2,7728378,fuel_sum,7728378.4,7728000,1.000049,true
252092,2022,Gateway Center,10808 - 10830 S Doty Ave W,60628,PULLMAN,50,Retail Store,Submitted Data,submitted,false,66735,2013,1,,,3296248.1,1229866.1,0,0,,67.8,157.7,67.2,155.1,499.5,7.5,2,4526114,fuel_sum,4526114.2,4524633,1.000327,true
252094,2022,1110 N Lake Shore Drive Apartments,1110 N Lake Shore Dr,60611,NEAR NORTH SIDE,8,Multifamily Housing,Submitted Data,submitted,false,208489,1970,,,11,12259616.8,0,0,0,,58.8,164.6,60.3,168.8,1614.8,7.7,1,12259617,fuel_sum,12259616.8,12259153,1.000038,true
252095,2022,Press Office Building,1427 E 60th St,60637,WOODLAWN,42,Office,Submitted Data,submitted,false,93852,2001,1,,68,4654496.1,0,4024831.3,0,,92.5,190.5,91.8,186.6,880.3,9.4,3,8679327,fuel_sum,8679327.4,8681310,0.999772,true
252104,2022,Warner Brothers,2650 W Bradley Pl,60618,North Center,5,Office,Submitted Data,submitted,false,275000,1981,3,,,12615733.4,6849576.3,0,0,,129.8,283.4,131.9,285.7,2025.5,13.5,1,19465310,fuel_sum,19465309.7,35695000,0.545323,false
252105,2022,611 S. Wells Street Condo (The Vetro),611 S Wells St,60607,LOOP,32,Multifamily Housing,Submitted Data,submitted,false,405149,2007,1,,20,14465285.1,8409168,0,0,,78.8,170,79.7,169.6,2351.9,8.1,1,22874453,fuel_sum,22874453.1,31925741,0.716489,false
252107,2022,Harris Theater for Music and Dance,205 E Randolph St,60601,LOOP,32,Performing Arts,Submitted Data,submitted,false,141322,2003,1,,,5167604.3,0,0,1386576,,46.4,111.3,45.8,112.3,753.7,5.3,2,6554180,fuel_sum,6554180.3,6557341,0.999518,true
252112,2022,Pete's Cermak,2526 W Cermak Ave,60608,SOUTH LAWNDALE,30,Supermarket/Grocery Store,Submitted Data,submitted,false,74000,2006,,,26,11664255.5,12227980.2,0,0,,322.9,614.9,326.5,613.4,2185.8,29.5,1,23892236,fuel_sum,23892235.7,23894600,0.999901,true
252121,2022,Ronald McDonald House near Lurie Children's,211 E Grand Ave,60611,NEAR NORTH SIDE,8,Hotel,Submitted Data,submitted,false,106200,2012,1,,56,6298838.9,3743400,0,0,,94.6,203.1,95.5,202.9,1028.5,9.7,2.5,10042239,fuel_sum,10042238.9,10046520,0.999574,true
252123,2022,Gary Comer Youth Center (South Shore Drill Team),7200 S Ingleside Ave,60619,GREATER GRAND CROSSING,69,Other,Submitted Data,submitted,false,115500,2006,1,,,4027164.1,1803822,0,0,,72.9,164.6,72.3,161.5,626.2,7.8,2,5830986,fuel_sum,5830986.1,8419950,0.69252,false
252124,2022,"Coastland Apartments., Inc.",2666 E 73rd St,60649,SOUTH SHORE,43,Multifamily Housing,Submitted Data,submitted,false,63375,1928,1,,86,341704.9,4982974,0,0,,84,97.7,90.6,104.6,309.7,4.9,4,5324679,fuel_sum,5324678.9,5323500,1.000221,true
252125,2022,La Quinta Inn & Suites,1 S Franklin St,60606,LOOP,32,Hotel,Submitted Data,submitted,false,140633,1990,1,,5,6282062,11723599.7,0,2352899.2,,144.8,227.8,143.3,224.7,,,1,20358561,fuel_sum,20358560.9,20363658,0.99975,true
252126,2022,Ford City Mall - AMC Theater,7601 S Cicero Ave,60652,WEST LAWN,65,Movie Theater,Submitted Data,submitted,false,72545,1990,1,,,7215512.5,5802250.1,0,0,,179.4,362.5,184.7,366.2,1258.6,17.3,1,13017763,fuel_sum,13017762.6,13014573,1.000245,true
252127,2022,Circa 922,922 W Washington Blvd,60607,Near West Side,28,Multifamily Housing,Submitted Data,submitted,false,204813,2015,1,,43,4991190.5,8842289.9,0,0,,88,147.9,89.4,146.8,1127.1,7.2,2,13833480,fuel_sum,13833480.4,18023544,0.767523,false
252216,2022,Beach Point Tower Condominium Association,5801 N Sheridan Rd,60660,EDGEWATER,77,Multifamily Housing,Submitted Data,submitted,false,168500,1956,1,,61,2776367.2,13038305.9,0,0,,98.8,134.2,102.7,136.3,1058.2,6.6,4,15814673,fuel_sum,15814673.1,16647800,0.949956,false
252217,2022,Lakeshore Sport & Fitness Lincoln Park,1320 W Fullerton Ave,60614,LINCOLN PARK,7,Fitness Center/Health Club/Gym,Submitted Data,submitted,false,131000,1984,1,,,13757586,10609353,0,0,,186,379.1,190,384.9,2375.6,18.1,2,24366939,fuel_sum,24366939,24366000,1.000039,true
252218,2022,,343 W. Erie St,60654,NEAR NORTH SIDE,8,Office,Submitted Data,submitted,false,123744,1910,1,,97,2090182,27291.6,0,0,,17.1,47.5,17.3,47.9,276.8,2.2,4,2117474,fuel_sum,2117473.6,2116022,1.000686,true
252219,2022,Jackson Towers Condo Association,5555 S Everett Ave,60637,HYDE PARK,41,Multifamily Housing,Submitted Data,submitted,false,157000,1932,1,,38,1830495.6,14022619,0,0,,101,126.4,107.7,132.3,985.9,6.3,1.5,15853115,fuel_sum,15853114.6,15857000,0.999755,true
252240,2022,Presence Center for Advanced Care,331 W Surf St,60657,LAKE VIEW,6,Medical Office,Submitted Data,submitted,false,484901,2015,1,,98,15808358.7,22607437.2,0,0,,111.3,197,111.5,195.3,3283,9.5,4,38415796,fuel_sum,38415795.9,53969481,0.711806,false
252246,2022,Noble Charter - Pritzker College Prep,4131 W Cortland St,60639,HERMOSA,20,,Not Submitted,not_submitted,false,70655,,,,,,,,,,,,,,,,0,,,,,,
252247,2022,222 E Chestnut Condominium Association,222 E Chestnut,60611,NEAR NORTH SIDE,8,Multifamily Housing,Submitted Data,submitted,false,121000,1929,1,,86,1344698.2,6801148.9,0,0,,67.3,90.1,71.6,93.9,538.4,4.4,4,8145847,fuel_sum,8145847.1,8143300,1.000313,true
252248,2022,79th St. Limited Partnership dba Wrightwood Service Center,2815 W 79th St,60652,ASHBURN,70,Senior Living Community,Submitted Data,submitted,false,74000,2010,1,,87,1571602.8,2552790.6,0,0,,55.7,95.7,57.6,96.6,342.6,4.6,4,4124393,fuel_sum,4124393.4,4121800,1.000629,true
252249,2022,Enola Dew Apartments,4623 W Galdys Ave,60644,AUSTIN,25,Multifamily Housing,Submitted Data,submitted,false,66645,2011,1,,78,1505099.5,1751310.2,0,0,,58.2,108.1,58.2,106.9,291.3,5.2,4,3256410,fuel_sum,3256409.7,3878739,0.839554,false
252250,2022,Argyle Apartments,840 850 W Argyle St,60640,UPTOWN,3,Multifamily Housing,Submitted Data,submitted,false,65492,1951,1,,49,986302.4,5920738.4,0,0,,117.1,152.2,124,158.6,444.4,7.5,2,6907041,fuel_sum,6907040.8,7669113,0.900631,false
252251,2022,Chinatown Elderly,300 W 23rd St,60616,ARMOUR SQUARE,34,Multifamily Housing,Submitted Data,submitted,false,122883,1976,1,,80,3733969.3,1961609.4,0,0,,49.9,109.6,51.3,112.7,596,5.2,4,5695579,fuel_sum,5695578.7,6131862,0.92885,false
252252,2022,Grace Street,635 W Grace St,60613,LAKE VIEW,6,Multifamily Housing,Submitted Data,submitted,false,194620,1974,1,,86,2447874.2,8253657,0,0,,85.1,123.4,88.8,125.8,760.8,6,4,10701531,fuel_sum,10701531.2,16562162,0.646143,false
252253,2022,Northwest Tower Apartments,1170 W Erie St,60642,WEST TOWN,24,Multifamily Housing,Submitted Data,submitted,false,174560,1972,1,,37,2888804.6,13894194.8,0,0,,120.2,162.4,126.6,168.6,1118.5,8,1.5,16782999,fuel_sum,16782999.4,20982112,0.799872,false
252256,2022,Tudor Manor,7018 S Cregier Ave,60649,SOUTH SHORE,43,Multifamily Housing,Submitted Data,submitted,false,94556,1980,1,,71,1480328.1,4152418.2,0,0,,59.6,89.9,62.4,92.9,415.5,4.4,4,5632746,fuel_sum,5632746.3,5635538,0.999505,true
252258,2022,Roosevelt Square II,1222 W Roosevelt Rd,60608,NEAR WEST SIDE,28,Multifamily Housing,Submitted Data,submitted,false,173645,2005,1,,44,6236684.1,7131042.2,0,0,,77,143.7,78.4,143.3,1200.2,6.9,2,13367726,fuel_sum,13367726.3,13370665,0.99978,true
252259,2022,Sheridan Park Apartments,4536-40 N Magnolia Ave,60640,UPTOWN,3,Multifamily Housing,Submitted Data,submitted,false,55300,1929,2,,35,1002409.6,7287590.8,0,0,,149.9,189.1,158.4,196.6,519.1,9.4,1.5,8290000,fuel_sum,8290000.4,8289470,1.000064,true
252261,2022,-,301 N Austin Blvd,60644,AUSTIN,25,Multifamily Housing,Submitted Data,submitted,false,51000,1924,1,,89,52612.4,3896440.1,0,0,,77.4,83.1,83.7,89.6,214.3,4.2,4,3949053,fuel_sum,3949052.5,3947400,1.000419,true
252262,2022,Humboldt Ridge Apartments,1816 N St Louis Ave,60647,LOGAN SQUARE,22,,Not Submitted,not_submitted,false,45108,,,,,,,,,,,,,,,,0,,,,,,
252264,2022,-,1257 1265 W Pratt Blvd,60626,ROGERS PARK,1,Multifamily Housing,Submitted Data,submitted,false,103635,1919,1,,89,1159264.8,5982092.9,0,0,,68.9,91.9,70.5,92.9,470.4,4.5,4,7141358,fuel_sum,7141357.7,7140452,1.000127,true
252265,2022,Whitmore Apartments,421 S Central Ave,60644,AUSTIN,25,Multifamily Housing,Submitted Data,submitted,false,68783,2000,3,,92,483049.3,3857601.3,0,0,,63.1,78.6,65.9,80.9,268.5,3.9,4,4340651,fuel_sum,4340650.6,4340207,1.000102,true
252266,2022,Cottage View Terrace Apartments,4829 S Cottage Grove,60615,KENWOOD,39,Multifamily Housing,Submitted Data,submitted,false,90886,1970,1,,11,2907570.8,6404334.8,0,0,,124.3,198.5,129.7,202.9,723.1,9.7,1,9311906,fuel_sum,9311905.6,11297130,0.824272,false
252267,2022,Paper Place Condominiums,801 S Wells St,60607,LOOP,32,,Not Submitted,not_submitted,false,139879,,,,,,,,,,,,,,,,0,,,,,,
252268,2022,Heritage Woods of Chicago,2800 W Fulton St,60612,EAST GARFIELD PARK,27,Senior Living Community,Submitted Data,submitted,false,91245,2000,1,,29,2749676.4,4661969.4,0,0,,100.8,171.3,104.3,174.9,609.8,8.3,1,7411646,fuel_sum,7411645.8,9197496,0.805833,false
252269,2022,Beth Anne Extended Living,1143-53 N Lavergne,60651,AUSTIN,25,,Not Submitted,not_submitted,false,80000,,,,,,,,,,,,,,,,0,,,,,,
252270,2022,-,25 E Delaware Pl,60611,NEAR NORTH SIDE,8,Multifamily Housing,Submitted Data,submitted,false,106015,1928,1,,58,4135003.7,3204608.4,0,0,,69.2,141,70.6,143.5,714.9,6.7,2.5,7339612,fuel_sum,7339612.1,7336238,1.00046,true
252274,2022,COP_MADW5957,5957-73 W Madison St,60644,AUSTIN,25,Multifamily Housing,Submitted Data,submitted,false,62250,1930,1,,4,2854373.4,3903827,0,0,,108.6,194.2,110.4,195.3,583.3,9.4,1,6758200,fuel_sum,6758200.4,6760350,0.999682,true
252279,2022,Lunt Lake Cooperative Apartments,1122-40 W Lunt Ave,60626,ROGERS PARK,1,Multifamily Housing,Submitted Data,submitted,false,114360,1949,3,,96,1352033.4,5284720.7,0,0,,59.9,84.3,61.7,85.5,458.8,4.1,4,6636754,fuel_sum,6636754.1,6850164,0.968846,false
252284,2022,Amhurst Lofts,2600 N Southport Ave,60614,LINCOLN PARK,7,Multifamily Housing,Submitted Data,submitted,false,150526,1920,1,,87,1565440,4845695.3,0,0,,58,85.7,59.1,85.5,463.6,4.2,4,6411135,fuel_sum,6411135.3,8730508,0.734337,false
252286,2022,Delmar Apartments,5042 N. Winthrop,60640,UPTOWN,3,Multifamily Housing,Submitted Data,submitted,false,58772,1920,1,,87,1525761.8,3555131,0,0,,91.3,141.1,,,389.8,6.6,4,5080893,fuel_sum,5080892.8,5365884,0.946888,false
252288,2022,Parkside Terrace,137-143 N Parkside Ave,60644,AUSTIN,25,Multifamily Housing,Submitted Data,submitted,false,85000,1920,2,,95,1065307.3,4263280.3,0,0,,62.7,87.8,66.6,92.1,366.8,4.3,4,5328588,fuel_sum,5328587.6,5329500,0.999829,true
252289,2022,Palmer Square Apts (2 of 6),2128-40 N Kedzie,60647,LOGAN SQUARE,22,Multifamily Housing,Submitted Data,submitted,false,213000,1900,6,,64,2743787.7,12039059.5,0,0,,69.4,95.4,73.9,100.1,1000.8,4.7,3,14782847,fuel_sum,14782847.2,14782200,1.000044,true
252291,2022,Harold Washington Apartments,4946 N Sheridan Rd,60640,UPTOWN,3,Multifamily Housing,Submitted Data,submitted,false,195630,1928,1,,93,1561509.7,777523.6,0,0,,53.7,119.2,54.2,119.4,247,5.7,4,2339033,fuel_sum,2339033.3,10505331,0.222652,false
252292,2022,Hollywood House,5700 N Sheridan Rd,60660,EDGEWATER,77,Multifamily Housing,Submitted Data,submitted,false,152588,1946,1,,25,5210894.6,9383488.2,0,0,,106.9,179.1,109.3,179.3,1184.8,8.7,1,14594383,fuel_sum,14594382.8,16311657,0.894721,false
252294,2022,Reside on Wellington,510-24 W Wellington,60657,LAKE VIEW,6,Multifamily Housing,Submitted Data,submitted,false,72000,1949,1,,82,811679.9,5286702.7,0,0,,84.7,108.7,89.6,111.9,387.7,5.4,4,6098383,fuel_sum,6098382.6,6098400,0.999997,true
252295,2022,Renaissance Saint Luke,1501 W Belmont Ave,60657,LAKE VIEW,6,Multifamily Housing,Submitted Data,submitted,false,105934,1970,1,,100,610017.4,1206038,0,0,,21,34.4,21.3,34.9,144.4,1.7,4,1816055,fuel_sum,1816055.4,2224614,0.816346,false
252297,2022,Lyndale Place,2575 W Lyndale,60647,LOGAN SQUARE,22,Multifamily Housing,Submitted Data,submitted,false,83620,1924,1,,98,1182317,2569411.8,0,0,,44.9,71.9,46.4,73.5,292.2,3.5,4,3751729,fuel_sum,3751728.8,3754538,0.999252,true
252299,2022,Reside on Roscoe,532 W Roscoe,60657,LAKE VIEW,6,Multifamily Housing,Submitted Data,submitted,false,47240,1971,1,,81,863028.6,3170736,0,0,,85.4,121.6,87.6,122.3,282.1,6,4,4033765,fuel_sum,4033764.6,4034296,0.999868,true
252301,2022,1934 N Washtenaw Condominium Association,1934 N Washtenaw Ave,60647,LOGAN SQUARE,22,Multifamily Housing,Submitted Data,submitted,false,122864,2001,1,,96,1804177.6,2262196.9,0,0,,48.4,88.4,48.5,86.9,357.8,4.3,4,4066375,fuel_sum,4066374.5,5946618,0.683813,false
252302,2022,Eastwood Garden Apartments,6531 S. Lowe Ave.,60621,ENGLEWOOD,68,,Not Submitted,not_submitted,false,175848,,,,,,,,,,,,,,,,0,,,,,,
252303,2022,,6236-44 S King Dr,60637,WASHINGTON PARK,40,,Not Submitted,not_submitted,false,50000,,,,,,,,,,,,,,,,0,,,,,,
252309,2022,Natalie Salmon House,7320 N Sheridan Rd,60626,ROGERS PARK,1,Multifamily Housing,Submitted Data,submitted,false,51000,1994,1,,87,1001872.4,2131034.7,0,0,,61.4,98.9,61.9,98.6,245.2,4.8,4,3132907,fuel_sum,3132907.1,3131400,1.000481,true
252310,2022,-,917 W Eastwood Ave,60640,UPTOWN,3,Multifamily Housing,Submitted Data,submitted,false,75600,1926,1,,84,880398,6276972.6,0,0,,94.7,119.8,97.8,123.1,449.4,5.9,4,7157371,fuel_sum,7157370.6,7159320,0.999728,true
252311,2022,Frances Larry Apartments,824 832 E 53rd St,60615,HYDE PARK,41,Multifamily Housing,Submitted Data,submitted,false,61200,1930,1,,92,525144.4,2887676.9,0,0,,55.8,73.6,57.8,75,222.5,3.6,4,3412821,fuel_sum,3412821.3,3414960,0.999374,true
252312,2022,TRC Senior Village 1,346 E 53rd St,60615,WASHINGTON PARK,40,,Submitted Data,submitted,false,76008,,,,,,,,,,,,,,,,0,,,,,,
252313,2022,Salvation Army,5040 N. Pulaski,60630,NORTH PARK,13,Office,Submitted Data,submitted,false,96852,1923,1,,,2341665.3,5943749.4,0,0,,109.2,168.7,113,171.4,643.3,8.5,1,8285415,fuel_sum,8285414.7,10576238,0.783399,false
252315,2022,Winthrop Tower,6151 N Winthrop Ave,60660,EDGEWATER,77,Multifamily Housing,Submitted Data,submitted,false,99270,1925,1,,89,1291077.8,5161775.7,0,0,,74.6,104.4,76.5,106.4,444.2,5.1,4,6452854,fuel_sum,6452853.5,7405542,0.871355,false
252316,2022,Sylvia Center,4615 N Clifton Ave,60640,UPTOWN,3,,Not Submitted,not_submitted,false,57898,,,,,,,,,,,,,,,,0,,,,,,
252317,2022,-,4423 N Sheridan Ave,60640,UPTOWN,3,Multifamily Housing,Submitted Data,submitted,false,92940,1927,1,,91,1246908.6,6698750.5,0,0,,85.5,113.2,88.2,116,520,5.6,4,7945659,fuel_sum,7945659.1,7946370,0.999911,true
252318,2022,-,7600 N Bosworth,60626,ROGERS PARK,1,Multifamily Housing,Submitted Data,submitted,false,130365,1922,1,,95,1549696.3,5132169.5,0,0,,51.3,74.6,52.1,75.1,476.7,3.7,4,6681866,fuel_sum,6681865.8,6687725,0.999124,true
252319,2022,-,7425 S South Shore Dr,60649,SOUTH SHORE,43,Multifamily Housing,Submitted Data,submitted,false,55352,1926,1,,8,960875.4,9074764.7,0,0,,181.3,220.8,189.8,229.6,608.6,11,1,10035640,fuel_sum,10035640.1,10035318,1.000032,true
252320,2022,Newberry Park Apartments,1353 & 1357 S Blue Island Ave,60608,NEAR WEST SIDE,28,Multifamily Housing,Submitted Data,submitted,false,101401,1994,2,,68,1745906.3,7340161.4,0,0,,89.8,124.4,93.4,128.2,622.4,6.1,3,9086068,fuel_sum,9086067.7,9105810,0.997832,true
252322,2022,Lavergne Courts,4938 W Quincy St,60644,AUSTIN,25,Multifamily Housing,Submitted Data,submitted,false,144765,1930,6,,56,2765993.2,10153960.8,0,0,,89.2,127.1,94.4,132.8,903.6,6.2,2.5,12919954,fuel_sum,12919954,12913038,1.000536,true
252323,2022,Paul G. Stewart Apartments Phase III,401 E Bowen Ave,60653,GRAND BOULEVARD,38,,Not Submitted,not_submitted,false,202329,,,,,,,,,,,,,,,,0,,,,,,
252324,2022,Association House of Chicago,1116 N Kedzie Ave,60651,HUMBOLDT PARK,23,Office,Submitted Data,submitted,false,153229,1922,1,,74,4537240.7,6433166.8,0,0,,71.6,127,73.2,127,939.3,6.1,4,10970408,fuel_sum,10970407.5,10971196,0.999928,true
252326,2022,-,6200-42 N Hoyne Ave,60659,WEST RIDGE,2,Multifamily Housing,Submitted Data,submitted,false,177250,1950,1,,31,3378006.3,13520020.4,0,0,,102.3,143.1,106.3,147.4,1163,7,1.5,16898027,fuel_sum,16898026.7,18132675,0.93191,false
252328,2022,-,5630 N Sheridan Ave,60660,EDGEWATER,77,Multifamily Housing,Submitted Data,submitted,false,259996,1957,1,,78,3582160.1,17803772.9,0,0,,89.1,119.7,92.3,123,1417.5,5.9,3.5,21385933,fuel_sum,21385933,23165644,0.923175,false
252333,2022,Morningside Court,1250 W Morse Ave,60626,ROGERS PARK,1,Multifamily Housing,Submitted Data,submitted,false,129430,1980,1,,10,2605724.4,16850916.5,0,0,,150.3,193.1,155.8,197.5,1238.2,9.6,1,19456641,fuel_sum,19456640.9,19453329,1.00017,true
253904,2022,Vanguard Lofts Condominium Association,1250 W Van Buren St,60607,NEAR WEST SIDE,28,Multifamily Housing,Submitted Data,submitted,false,117100,1927,1,,45,2934621.2,6464415.4,0,0,,80.3,128.1,81.9,128.2,729.9,6.2,2,9399037,fuel_sum,9399036.6,9403130,0.999565,true
253905,2022,,420 W Surf St,60657,LAKE VIEW,6,Multifamily Housing,Submitted Data,submitted,false,56500,1933,1,,80,827160.2,3676363.4,0,0,,79.7,109.3,81.5,109.9,304.2,5.4,3.5,4503524,fuel_sum,4503523.6,4503050,1.000105,true
253946,2022,Lakeview Pointe Condominium,7736 7772 N Sheridan Rd,60626,ROGERS PARK,1,Multifamily Housing,Submitted Data,submitted,false,80000,2003,1,,99,1637125.9,915499.8,0,0,,31.9,69.3,31.1,67,277.7,3.5,4,2552626,fuel_sum,2552625.7,2552000,1.000245,true
253951,2022,18th Street Lofts,1801 S Michigan Ave,60616,NEAR SOUTH SIDE,33,Multifamily Housing,Submitted Data,submitted,false,93675,1998,1,,98,1281397,2448138.7,0,0,,55.1,90.9,56,91.1,298.8,4.4,4,3729536,fuel_sum,3729535.7,5161493,0.722569,false
253952,2022,Catherine Courts Condominium Association of Chicago,8439-8503 W Catherine Ave,60656,OHARE,76,,Not Submitted,not_submitted,false,149754,,,,,,,,,,,,,,,,0,,,,,,
253954,2022,Crilly Court Condominium Association,1717 N Crilly Ct,60614,LINCOLN PARK,7,Multifamily Housing,Submitted Data,submitted,false,65211,1891,1,,92,1029293.5,3342502.9,0,0,,67,98,68.6,99.7,313.1,4.8,4,4371796,fuel_sum,4371796.4,4369137,1.000609,true
253955,2022,550 W. Fulton Condominium Association,550 W Fulton,60661,NEAR WEST SIDE,28,Multifamily Housing,Submitted Data,submitted,false,76037,1999,1,,94,1198488.6,2717771.2,0,0,,61.4,97.3,62,96.4,302.2,4.7,4,3916260,fuel_sum,3916259.8,4668672,0.838838,false
253956,2022,,3611 W Montrose Ave,60618,Irving Park,16,Multifamily Housing,Submitted Data,submitted,false,50000,1996,1,,87,983856.6,2096938.7,0,0,,61.6,99.1,62.7,100.3,241,4.8,4,3080795,fuel_sum,3080795.3,3080000,1.000258,true
253957,2022,,7201-09 S Yates Blvd,60649,SOUTH SHORE,43,Multifamily Housing,Submitted Data,submitted,false,101200,1926,1,,13,1275520.6,10280417.2,0,0,,114.2,142,122.3,150.5,714,7.1,1,11555938,fuel_sum,11555937.8,11557040,0.999905,true
253958,2022,Peterson Lofts Condominium Association,523 S Plymouth Ct,60605,Loop,32,Multifamily Housing,Submitted Data,submitted,false,82500,1915,1,,94,1251025.5,3217535.9,0,0,,54.2,83.4,55.4,83.7,335.7,4.1,4,4468561,fuel_sum,4468561.4,4471500,0.999343,true
253959,2022,St. Paul Lofts Condominium Association,2333 W Saint Paul Ave,60647,West Town,24,Multifamily Housing,Submitted Data,submitted,false,105718,1950,1,,89,1855261.7,3764599.4,0,0,,53.2,86.5,53.5,85.9,444.3,4.2,4,5619861,fuel_sum,5619861.1,5624198,0.999229,true
253962,2022,Moser Building Condominium Association,621 S Plymouth Ct,60605,Loop,32,Multifamily Housing,Submitted Data,submitted,false,144649,1915,1,,99,1589812.6,4377326.5,0,0,,41.3,62.5,41.7,61.8,441.9,3.1,4,5967139,fuel_sum,5967139.1,5974004,0.998851,true
253963,2022,Montclare Senior Residences of Avalon Park,1210  E 78th St,60619,Avalon Park,45,Multifamily Housing,Submitted Data,submitted,false,137038,2015,1,,94,1955332,3995197,0,0,,58,94.3,60.1,96.5,469.7,4.6,4,5950529,fuel_sum,5950529,7948204,0.748663,false
253964,2022,,7150 S Cyril Ct,60649,SOUTH SHORE,43,Multifamily Housing,Submitted Data,submitted,false,73354,1929,1,,55,1091239.2,6900427,0,0,,108.9,140.4,115.8,146.7,510.2,7,3.5,7991666,fuel_sum,7991666.2,7988251,1.000428,true
253965,2022,Bauer Building,230 W Huron St,60654,NEAR NORTH SIDE,8,Office,Submitted Data,submitted,false,66043,1903,1,,89,2037403.6,1359244.7,0,0,,51.4,108,52.4,109,340.6,5.2,4,3396648,fuel_sum,3396648.3,3394610,1.0006,true
253966,2022,Greenview Place,1501 W Melrose St,60657,LAKE VIEW,6,Senior Living Community,Submitted Data,submitted,false,130428,2009,1,,69,2946019,3695003.7,0,0,,79.7,145.6,80.6,145.8,584.3,7,3,6641023,fuel_sum,6641022.7,10395112,0.63886,false
253967,2022,Twenty N. State Condominium Association,20 N State St,60602,Loop,32,Multifamily Housing,Submitted Data,submitted,false,211608,1930,1,,53,8114118.8,8041686.5,0,0,,76.3,147.3,78.7,149.7,1495.9,7.1,2.5,16155805,fuel_sum,16155805.3,16145690,1.000626,true
253968,2022,,4655 W Berteau Ave,60641,Portage Park,15,Multifamily Housing,Submitted Data,submitted,false,89571,1970,1,,29,3028231.7,1587983,0,0,,58.3,128,58.3,127.2,483.2,6.1,1,4616215,fuel_sum,4616214.7,5221989,0.883996,false
253969,2022,Terrace 459 at Parkside of Old Town,459 W Division St,60610,NEAR NORTH SIDE,8,Multifamily Housing,Submitted Data,submitted,false,162402,2016,1,,94,2983009.4,4024147.7,0,0,,49.5,88.9,50.2,87.8,606.6,4.3,4,7007157,fuel_sum,7007157.1,8038899,0.871656,false
253972,2022,Conservancy at North Park Condo I,3900  W BRYN MAWR AVE,60659,North Park,13,Multifamily Housing,Submitted Data,submitted,false,76000,1997,1,,100,701074.5,2364417.1,0,0,,50.4,73.1,51.8,74.6,217.9,3.6,4,3065492,fuel_sum,3065491.6,3830400,0.800306,false
253973,2022,Klee Plaza at Six Corners Condominium Association,4015 N Milwaukee Ave,60654,Portage Park,15,Multifamily Housing,Submitted Data,submitted,false,94000,2007,1,,89,1561163.7,3672464.1,0,0,,55.7,87.5,56.2,86.7,400.7,4.3,4,5233628,fuel_sum,5233627.8,5235800,0.999585,true
253980,2022,"Bank Note Place Condominium Association, Inc",120 E Cullerton St,60616,NEAR SOUTH SIDE,33,Multifamily Housing,Submitted Data,submitted,false,186000,1890,2,,83,2767170.9,8979346.9,0,0,,66.7,97.6,68.3,98,841.4,4.8,4,11746518,fuel_sum,11746517.8,12406200,0.946826,false
253982,2022,AMLI Lofts Polk,111 W Polk St,60605,Loop,32,Multifamily Housing,Submitted Data,submitted,false,242886,2014,1,,77,6205062.4,5229326.5,0,0,,56.3,112.6,56.3,111.5,1095,5.4,3.5,11434389,fuel_sum,11434388.9,13674482,0.836184,false
253983,2022,Fulton Place Condominium Association,657 W Fulton St,60661,NEAR WEST SIDE,28,Multifamily Housing,Submitted Data,submitted,false,115000,2006,1,,93,2239043,2869414.1,0,0,,44.4,80.7,44.3,79.3,447.3,3.9,4,5108457,fuel_sum,5108457.1,5106000,1.000481,true
253984,2022,"311 W. Superior, LLC",311 W Superior St,60654,Near North Side,8,,Not Submitted,not_submitted,false,91304,,,,,,,,,,,,,,,,0,,,,,,
253986,2022,430 W. Erie LLC,430 W Erie St,60654,Near North Side,8,,Not Submitted,not_submitted,false,68862,,,,,,,,,,,,,,,,0,,,,,,
253987,2022,,4900 N Marine Dr,60640,Uptown,3,Multifamily Housing,Submitted Data,submitted,false,127712,1948,1,,85,1456003.1,6893180.9,0,0,,74.3,100.7,73.8,99.4,557.9,5,4,8349184,fuel_sum,8349184,9489002,0.87988,false
253988,2022,400 West Erie,400 W Erie St,60654,Near North Side,8,,Not Submitted,not_submitted,false,74429,,,,,,,,,,,,,,,,0,,,,,,
253989,2022,,820 N Orleans St,60610,Near North Side,8,,Not Submitted,not_submitted,false,154716,,,,,,,,,,,,,,,,0,,,,,,
253991,2022,PAC Lofts,1735 N Paulina,60622,West Town,24,Multifamily Housing,Submitted Data,submitted,false,207846,2007,1,,84,3552579.7,6766367.5,0,0,,49.6,82,50.8,83.2,827.3,4,4,10318947,fuel_sum,10318947.2,10309162,1.000949,true
253992,2022,Glenmoor Manor,1041 1051 W Glenlake Ave,60660,Edgewater,77,Multifamily Housing,Submitted Data,submitted,false,54816,1969,1,,70,947645.7,2442495.7,0,0,,61.8,95.2,61.9,94.3,254.6,4.6,3,3390141,fuel_sum,3390141.4,3387629,1.000742,true
253993,2022,,2500 N Lakeview Ave,60614,Lincoln Park,7,Multifamily Housing,Submitted Data,submitted,false,248335,1975,1,,10,13350457.1,2600807.4,0,0,,76.3,191.9,78.1,196.6,1896.6,9.1,1,15951265,fuel_sum,15951264.5,18947961,0.841846,false
253994,2022,Map Factory Lofts,5235 N Ravenswood Ave,60640,Edgewater,77,Multifamily Housing,Submitted Data,submitted,false,53903,1890,1,,98,639848.7,1176924.6,0,0,,33.7,56.2,33.8,55.2,146.8,2.7,4,1816773,fuel_sum,1816773.3,1816531,1.000133,true
253995,2022,Acorn Loftominium Association,1017 W Washington Blvd,60607,Near West Side,28,,Not Submitted,not_submitted,false,145213,,,,,,,,,,,,,,,,0,,,,,,
253996,2022,The Pierre Condominium,2100 N Lincoln Park West,60614,Lincoln Park,7,Multifamily Housing,Submitted Data,submitted,false,230594,1916,1,,79,3397187.9,12331288.9,0,0,,82.6,118,84.5,118.7,1102.4,5.8,3.5,15728477,fuel_sum,15728476.8,19047064,0.825769,false
254001,2022,,4434 4444 N Damen Ave,60625,North Center,4,Multifamily Housing,Submitted Data,submitted,false,53800,2007,1,,99,1184247.9,0,0,0,,22,61.6,22,61.6,156,2.9,4,1184248,fuel_sum,1184247.9,1183600,1.000547,true
254004,2022,,2700 N Halsted St,60614,Lincoln Park,7,Multifamily Housing,Submitted Data,submitted,false,106304,2002,1,,99,1153707.6,2712026,0,0,,45.2,71.1,45.8,70.7,296,3.5,4,3865734,fuel_sum,3865733.6,4804941,0.804533,false
254008,2022,Hyde Park Courtway,4816 4828 S Dorchester Ave,60615,Kenwood,39,Multifamily Housing,Submitted Data,submitted,false,69540,1920,1,,91,489215.5,3834162.1,0,0,,62.2,77.6,66.4,81.3,268.1,3.9,4,4323378,fuel_sum,4323377.6,4325388,0.999535,true
254009,2022,Maple Court Apartments,1120 1126 E 47th St,60653,Kenwood,39,Multifamily Housing,Submitted Data,submitted,false,50760,1915,1,,15,445867.4,6659899.7,0,0,,140,162.4,149.8,171.8,412.5,8.1,1,7105767,fuel_sum,7105767.1,7106400,0.999911,true
254010,2022,824 West Superior Condominium Assocation,824 W Superior St,60642,West Town,24,Multifamily Housing,Submitted Data,submitted,false,77000,2004,1,,48,1812458.8,4436731.8,0,0,,94.7,147.5,96.4,147.7,474.4,7.2,2,6249191,fuel_sum,6249190.6,7291900,0.857004,false
254011,2022,Sheridan Grande Condominium Association,4848 N Sheridan Rd,60640,Uptown,3,Multifamily Housing,Submitted Data,submitted,false,126620,2006,1,,49,3271629.5,5658184.6,0,0,,80.5,136.1,81.5,135.4,731.5,6.6,2,8929814,fuel_sum,8929814.1,10192910,0.876081,false
254012,2022,,4721 4729 S Ellis St,60615,Kenwood,39,Multifamily Housing,Submitted Data,submitted,false,62352,1922,1,,49,570812.9,6130700,0,0,,107.5,128.9,113.6,134.5,400.8,6.4,2,6701513,fuel_sum,6701512.9,6702840,0.999802,true
254015,2022,North Park Village Apartments - Building G,5801 N Pulaski Rd - Bldg G,60646,North Park,13,Residential Care Facility,Submitted Data,submitted,false,191550,1981,1,,,6928803.8,9934142.2,0,0,,88,155.7,90.1,156.7,1440.3,7.5,3,16862946,fuel_sum,16862946,16856400,1.000388,true
254016,2022,North Park Village Apartments - Building E,5801 N Pulaski Rd - Bldg E,60646,North Park,13,Residential Care Facility,Submitted Data,submitted,false,55866,1991,1,,,2020114.5,1721628,0,0,,67,133.6,67.5,132.9,357.5,6.4,4,3741743,fuel_sum,3741742.5,3743022,0.999658,true
254022,2022,,220 E Walton Pl,60611,Near North Side,8,Multifamily Housing,Submitted Data,submitted,false,99220,1919,1,,,929707.4,4279856.4,0,0,,52.5,71.5,55.7,74.2,349.8,3.5,4,5209564,fuel_sum,5209563.8,5209050,1.000099,true
254023,2022,,831 43 W Adams St,60607,Near West Side,28,Multifamily Housing,Submitted Data,submitted,false,104076,1899,1,,58,1616311.1,7128237.5,0,0,,84,115.4,85.2,114.7,591.5,5.7,2.5,8744549,fuel_sum,8744548.6,8742384,1.000248,true
254024,2022,Gateway West Loop Apartments,11 S Green St,60607,Near West Side,28,Multifamily Housing,Submitted Data,submitted,false,169898,2015,1,,35,5684152.4,6074118.7,0,0,,87.8,166.5,88,164.7,1071.3,8,1.5,11758271,fuel_sum,11758271.1,14917044,0.788244,false
254025,2022,Mercy Housing Lakefront?s Englewood Apartments,901 W 63rd St,60621,Englewood,68,Multifamily Housing,Submitted Data,submitted,false,62800,2010,1,,79,2215439.4,1487794.4,0,0,,59,123.7,58.6,122.7,370.8,5.9,3.5,3703234,fuel_sum,3703233.8,3705200,0.999469,true
254034,2022,Warren Ashland Place,1609 W Warren Blvd,60612,Near West Side,28,Multifamily Housing,Submitted Data,submitted,false,93255,2014,1,,97,1327564.3,2293109.9,0,0,,46,77.9,46.1,77,296.7,3.8,4,3620674,fuel_sum,3620674.2,4289730,0.844033,false
254035,2022,Reside by Irving Park,725 W Irving Park Rd,60613,Lake View,6,Multifamily Housing,Submitted Data,submitted,false,63000,1923,1,,,1080192.9,0,0,0,,,,,,,,0,,,1080192.9,,,
254037,2022,,1728 N Damen Ave,60647,West Town,24,Multifamily Housing,Submitted Data,submitted,false,152026,1928,2,,93,3731392.7,2134593.2,0,0,,38.6,83.5,37.9,81.6,604.9,4,4,5865986,fuel_sum,5865985.9,5868204,0.999622,true
254038,2022,Catholic Charities: Porta Coeli Senior Housing,2260 E 99th St,60617,South Deering,51,Multifamily Housing,Submitted Data,submitted,false,91577,2015,1,,14,2216814.2,4889088.6,0,0,,89.9,143.5,90.7,143.8,551.7,7,1,7105903,fuel_sum,7105902.8,8232772,0.863124,false
254039,2022,,7021 7035 N Sheridan Rd,60626,Rogers Park,1,Multifamily Housing,Submitted Data,submitted,false,80078,1920,1,,67,702159.8,5936539,0,0,,82.9,102.4,86.7,105.7,407.8,5.1,3,6638699,fuel_sum,6638698.8,6638466,1.000035,true
254043,2022,"North Center Senior Housing, NFP (St. Vincent DePaul Residence)",4040 N Oakley St,60618,North Center,5,Multifamily Housing,Submitted Data,submitted,false,114602,2007,1,,86,1643468.3,3533196.3,0,0,,61.1,98.1,63.6,99.6,404.1,4.8,4,5176665,fuel_sum,5176664.6,7002182,0.739293,false
254045,2022,Archer Place Condo Association,2272 S Archer Ave,60616,Armour Square,34,Multifamily Housing,Submitted Data,submitted,false,97890,2007,1,,96,1655067.7,2264690.2,0,0,,56.2,100.5,57,100.3,338.3,4.8,4,3919758,fuel_sum,3919757.9,5501418,0.7125,false
254046,2022,Ainslie Park Condominium Association,840 846 W Ainslie St,60640,Uptown,3,Multifamily Housing,Submitted Data,submitted,false,52760,1923,1,,78,1871209.4,1239408,0,0,,59,124,60.2,126.8,312.3,5.9,3.5,3110617,fuel_sum,3110617.4,3112840,0.999286,true
254047,2022,Sabina Senior Housing Corporation (St. Sabina Elders Village),1222 W 79th St,60620,Auburn Gresham,71,Multifamily Housing,Submitted Data,submitted,false,86040,2000,1,,66,1532603,4463305.3,0,0,,77.5,116,81.6,120.4,438.9,5.7,4,5995908,fuel_sum,5995908.3,6668100,0.899193,false
254048,2022,Catholic Charities: St. Leo Residence,7750 S Emerald Ave,60620,Auburn Gresham,71,Multifamily Housing,Submitted Data,submitted,false,67170,2006,1,,39,2241310.4,4870581,0,0,,108.4,173.5,111.8,175.2,553.9,8.4,1.5,7111891,fuel_sum,7111891.4,7281228,0.976743,true
254049,2022,Farcroft by the Lake,1337 W Fargo Ave,60626,Rogers Park,1,Multifamily Housing,Submitted Data,submitted,false,115362,1928,1,,79,2708425.8,3944036.5,0,0,,57.7,101.6,58.4,101.1,566.2,4.9,4,6652462,fuel_sum,6652462.3,6656387,0.99941,true
254050,2022,1400 State Parkway Condominium Association,1400 N State Pkwy,60610,Near North Side,8,Multifamily Housing,Submitted Data,submitted,false,108000,1962,1,,7,2164329.9,12300817.1,0,0,,152.3,199.7,161.8,208.4,938.4,9.9,1,14465147,fuel_sum,14465147,16448400,0.879426,false
254051,2022,,1500 N Clybourn Ave,60610,Near North Side,8,Mixed Use Property,Submitted Data,submitted,true,257906,2015,1,,,7258900,6313744.3,0,0,,52.6,104.5,53.7,105.7,1291.5,5,,13572644,fuel_sum,13572644.3,13565856,1.0005,true
254052,2022,North Center Senior Housing - The Martha Washington,2324 W Irving Park Rd,60618,North Center,5,,Not Submitted,not_submitted,false,103162,,,,,,,,,,,,,,,,0,,,,,,
254053,2022,The Churchill Condominium Association,1255 N State Parkway,60610,Near North Side,8,Multifamily Housing,Submitted Data,submitted,false,110000,1923,1,,65,1935246.6,5236498.7,0,0,,65.2,99.2,66.8,99.7,533,4.8,3,7171745,fuel_sum,7171745.3,7172000,0.999964,true
254054,2022,,2 S Leavitt St,60612,NEAR WEST SIDE,28,Multifamily Housing,Submitted Data,submitted,false,55000,2008,1,,69,998934.3,1944098.9,0,0,,53.5,88,55.5,89.1,234.8,4.3,3,2943033,fuel_sum,2943033.2,2942500,1.000181,true
254055,2022,Park Douglas Apartments,1235 S Washtenaw,60608,North Lawndale,29,Multifamily Housing,Submitted Data,submitted,false,77900,2011,1,,82,1148719.1,2973861,0,0,,60.8,93.5,62.2,94,309.3,4.6,4,4122580,fuel_sum,4122580.1,4736320,0.870418,false
254056,2022,The Montrevelle Condominium Association,520 N Halsted St,60642,West Town,24,Multifamily Housing,Submitted Data,submitted,false,114625,2003,1,,34,3519080.3,5991942.6,0,0,,86.5,146.9,87.3,145.6,781.8,7.1,2.5,9511023,fuel_sum,9511022.9,9915063,0.95925,false
254057,2022,Haymarket Center,932 W Washington Blvd,60607,Near West Side,28,Residential Care Facility,Submitted Data,submitted,false,150000,1890,1,,,7110245.5,10028071.4,0,0,,114.3,202.9,114.5,200.4,1469.2,9.8,3,17138317,fuel_sum,17138316.9,17145000,0.99961,true
254059,2022,Safer Foundation,3210 W Arthington St,60624,East Garfield Park,27,,Exempt,exempt,true,127263,,,,,,,,,,,,,,,,,,,,,,
254060,2022,University Village Lofts,1524 S Sangamon St,60608,Near West Side,28,Multifamily Housing,Submitted Data,submitted,false,296389,2003,2,,95,4693020.2,8955264.6,0,0,,54.1,89.4,56,90,1093.8,4.3,4,13648285,fuel_sum,13648284.8,16034645,0.851175,false
254061,2022,6700 Crandon Condominium Association,6700 S Crandon Ave,60649,South Shore,43,Multifamily Housing,Submitted Data,submitted,false,82000,1928,1,,11,932073,13013902.5,0,0,,170.1,198.5,,,814,9.9,1,13945976,fuel_sum,13945975.5,13948200,0.999841,true
254062,2022,Prairie Ave Lofts,221 E Cullerton Ave,60616,Near South Side,33,Multifamily Housing,Submitted Data,submitted,false,237450,1910,1,,73,4497458.7,7632926.9,0,0,,66.5,112.9,67.6,114.1,997.8,5.5,3.5,12130386,fuel_sum,12130385.6,15790425,0.768211,false
254063,2022,The Lofts at 1800 Condominium Association,1800 W Grace St,60613,North Center,5,Multifamily Housing,Submitted Data,submitted,false,221852,2009,1,,40,3630818.2,7596811.6,0,0,,61.7,99.8,62.4,99.3,881.7,4.8,2.5,11227630,fuel_sum,11227629.8,13688268,0.820237,false
254065,2022,1345 South Wabash Condominium,1345 S Wabash Ave,60605,Near South Side,33,Multifamily Housing,Submitted Data,submitted,false,205500,2015,1,,83,3378046.8,7313841.3,0,0,,60.9,97.7,62.5,98.2,833.4,4.7,4,10691888,fuel_sum,10691888.1,12514950,0.854329,false
254066,2022,1515 S Michigan Condominium Association,1515 S Michigan Ave,60605,Near South Side,33,Multifamily Housing,Submitted Data,submitted,false,76861,1997,1,,85,1218422.9,2591162.8,0,0,,61.6,99.1,62.2,98.6,298.1,4.8,4,3809586,fuel_sum,3809585.7,4734638,0.80462,false
254067,2022,Hedgerow Condominium Association,1645 E. 54th St.,60615,Hyde Park,41,,Not Submitted,not_submitted,false,127800,,,,,,,,,,,,,,,,0,,,,,,
254068,2022,Union Lofts Condominium Association,3500 S Sangamon,60609,Bridgeport,60,,Not Submitted,not_submitted,false,80000,,,,,,,,,,,,,,,,0,,,,,,
254069,2022,Lincoln Point Condominiums,5924 N Lincoln Ave,60659,West Ridge,2,,Not Submitted,not_submitted,false,71924,,,,,,,,,,,,,,,,0,,,,,,
254072,2022,Green Street Lofts,400 S Green St,60607,Near West Side,28,Multifamily Housing,Submitted Data,submitted,false,125000,1890,1,,92,2600812.6,3295204.7,0,0,,49.1,89.5,49.4,88.4,517.6,4.3,4,5896017,fuel_sum,5896017.3,6137500,0.960655,false
254073,2022,Blue Moon Lofts,215 N. Aberdeen St.,60607,NEAR WEST SIDE,28,Multifamily Housing,Submitted Data,submitted,false,83000,1908,1,,100,1657335.8,811360.8,0,0,,29.7,66.2,29.3,64,261.4,3.1,4,2468697,fuel_sum,2468696.6,2465100,1.001459,true
254074,2022,2007 N Sedgwick Condominium Association,2007 N Sedgwick,60614,Lincoln Park,7,Multifamily Housing,Submitted Data,submitted,false,57600,1978,1,,57,2140270.4,0,0,0,,42.8,119.9,43.7,122.3,281.9,5.6,2.5,2140270,fuel_sum,2140270.4,2465280,0.868165,false
254075,2022,JeffJack Apartments,601 W Jackson,60661,Near West Side,28,Multifamily Housing,Submitted Data,submitted,false,231680,2015,1,,67,6850913.3,7908837.9,0,0,,75.4,140.4,77,141.2,1322.4,6.8,3,14759751,fuel_sum,14759751.2,17468672,0.844927,false
254076,2022,North Water Apartments & Loews Chicago Hotel,340 E North Water St,60611,Near North Side,8,Multifamily Housing,Submitted Data,submitted,false,932299,2015,1,,95,24733043.2,16105736.9,0,0,,47.6,100.4,47.3,98.5,4113.1,4.8,4,40838780,fuel_sum,40838780.1,44377432,0.92026,false
254077,2022,,3021 S Michigan Ave,60616,Douglas,35,Multifamily Housing,Submitted Data,submitted,false,67133,1964,1,,40,987604.1,6534901.5,0,0,,112.1,143.4,117.4,148.2,477.2,7.1,1.5,7522506,fuel_sum,7522505.6,7525609,0.999588,true
254079,2022,Metro North Condominium Association,3946 N Ravenswood Ave,60613,North Center,5,Multifamily Housing,Submitted Data,submitted,false,93000,2006,1,,100,1034946.2,2069955,0,0,,39.8,65,40.3,64.6,246.3,3.2,4,3104901,fuel_sum,3104901.2,3701400,0.838845,false
254080,2022,The Gwen,521 N Rush St,60611,Near North Side,8,Hotel,Submitted Data,submitted,false,360000,1999,1,,82,14479393.9,6825430.2,0,8681828.4,,83.3,154.5,81.3,154.3,2727.2,7.6,4,29986653,fuel_sum,29986652.5,29988000,0.999955,true
254082,2022,Drexel Towers,4917 S Drexel Blvd,60615,Kenwood,39,,Not Submitted,not_submitted,false,71000,,,,,,,,,,,,,,,,0,,,,,,
254093,2022,Catalyst,123 N Desplaines St,60661,Near West Side,28,Multifamily Housing,Submitted Data,submitted,false,255042,2014,1,,33,8980079.6,11663599.8,0,0,,80.9,146.6,82.3,146.4,1876,7.4,1.5,20643679,fuel_sum,20643679.4,20632898,1.000523,true
254094,2022,,3041 S Michigan Ave,60616,Douglas,35,Multifamily Housing,Submitted Data,submitted,false,67133,1964,1,,57,1092474.8,5274973.8,0,0,,94.8,128.1,101.1,134.7,424.1,6.3,2.5,6367449,fuel_sum,6367448.6,6364208,1.000509,true
254095,2022,5556 North Sheridan Condominium Association,5556 N Sheridan Rd,60640,Edgewater,77,Multifamily Housing,Submitted Data,submitted,false,146667,2000,1,,94,1536311.3,4063780.8,0,0,,50.9,77.9,52.4,79.4,418.2,3.8,4,5600092,fuel_sum,5600092.1,7465350,0.750145,false
254096,2022,,350 W Belden Ave,60614,Lincoln Park,7,Multifamily Housing,Submitted Data,submitted,false,176470,1955,1,,98,2087866.7,2500772.3,0,0,,32.7,60.4,33.7,61.3,407.8,2.9,4,4588639,fuel_sum,4588639,5770569,0.79518,false
254099,2022,Powell Paideia Elementary,7511 S South Shore Dr,60649,South Shore,43,K-12 School,Submitted Data,submitted,false,113516,2010,1,,57,3234371.2,3538189.9,0,0,,59.7,112.5,60.7,112.3,613.9,5.4,2.5,6772561,fuel_sum,6772561.1,6776905,0.999359,true
254101,2022,,3400 N Lake Shore Dr,60657,Lake View,6,Multifamily Housing,Submitted Data,submitted,false,76048,1921,1,,1,3461120.2,8628557.6,0,0,,205.9,319.3,215.8,325.3,914.2,15.6,1,12089678,fuel_sum,12089677.8,15658283,0.772095,false
254102,2022,Residences at the VIC,3140 N Sheffield Ave,60657,Lake View,6,,Not Submitted,not_submitted,false,148500,,,,,,,,,,,,,,,,0,,,,,,
254105,2022,Clinton Complex Condominium Association,500 S Clinton St,60607,Near West Side,28,Multifamily Housing,Submitted Data,submitted,false,358743,2000,5,,83,6608102.4,14380518.3,0,0,,62.3,99.8,64.6,100.8,1634.2,4.9,4,20988621,fuel_sum,20988620.7,22349689,0.939101,false
254107,2022,Columbus on the Park Condominium Association,811 S Lytle St,60607,Near West Side,28,,Not Submitted,not_submitted,false,249617,,,,,,,,,,,,,,,,0,,,,,,
254109,2022,South Commons,2901 S Michigan Ave,60616,Douglas,35,Multifamily Housing,Submitted Data,submitted,false,257246,1964,1,,42,3069629.8,17164263.4,0,0,,111,146.1,118.4,153.8,1316,7.2,2,20233893,fuel_sum,20233893.2,28554306,0.708611,false
254113,2022,,40 E Delaware Pl,60611,Near North Side,8,Multifamily Housing,Submitted Data,submitted,false,136000,1924,1,,34,5800902.7,1767592.8,0,0,,55.7,133.1,56.7,135.9,857.9,6.3,1.5,7568496,fuel_sum,7568495.5,7575200,0.999115,true
254114,2022,Town Hall,3600 N Halsted St,60613,Lake View,6,Multifamily Housing,Submitted Data,submitted,false,92072,2014,1,,44,3052473.4,2785024.4,0,0,,63.4,124.6,64,124.1,550,6,3,5837498,fuel_sum,5837497.8,5837365,1.000023,true
254115,2022,Archer Building Lofts Condominium Association,2301 15 S Archer Ave,60616,Armour Square,34,Multifamily Housing,Submitted Data,submitted,false,130250,2000,1,,94,1732125.9,3738436.2,0,0,,55.3,88.6,55.8,88,426.7,4.3,4,5470562,fuel_sum,5470562.1,7202825,0.759502,false
254151,2022,Astor Villa Condominium Association,1430 N Astor St,60610,Near North Side,8,Multifamily Housing,Submitted Data,submitted,false,128250,1976,1,,66,4506678.9,1205857.8,0,0,,51.4,124.9,52.7,128,657.6,5.9,3,5712537,fuel_sum,5712536.7,6592050,0.86658,false
254152,2022,Damen Marketplace,2455 S Damen Ave,60608,Lower West Side,31,,Not Submitted,not_submitted,false,109681,,,,,,,,,,,,,,,,0,,,,,,
254153,2022,Terra Cotta Commons Condominium,1760 W Wrightwood Ave,60614,Lincoln Park,7,Multifamily Housing,Submitted Data,submitted,false,63110,1920,1,,91,780590.7,1770670.6,0,0,,51.1,81,51.5,79.8,196.9,3.9,4,2551261,fuel_sum,2551261.3,3224921,0.791108,false
254154,2022,Swartberg House,3101 W Touhy Ave,60645,West Ridge,2,Multifamily Housing,Submitted Data,submitted,false,95230,1980,1,,58,1432152.9,5647000.3,0,0,,84.6,118.8,87.6,121,488.6,5.8,2.5,7079153,fuel_sum,7079153.2,8056458,0.878693,false
254155,2022,Senior Suites of Norwood Park,5700 North Harlem Avenue,60631,Norwood Park,10,Senior Living Community,Submitted Data,submitted,false,93678,2015,1,,47,3319592.4,2895700,0,0,,66.3,131.7,67.1,131.8,591,6.3,2,6215292,fuel_sum,6215292.4,6210851,1.000715,true
254156,2022,,5025 N Paulina St,60640,Uptown,3,,Not Submitted,not_submitted,false,305241,,,,,,,,,,,,,,,,0,,,,,,
254157,2022,,5114 N Christiana Ave,60625,North Park,13,College/University,Submitted Data,submitted,false,73000,2000,1,,,2771352.6,2374700.1,0,0,,70.5,140.5,71.1,141.1,491.2,6.7,3,5146053,fuel_sum,5146052.7,5146500,0.999913,true
254158,2022,Johnson Center for Science and Community Life,5141 N Christiana Ave,60625,North Park,13,College/University,Submitted Data,submitted,false,101000,2014,1,,,5886219,5729300.5,0,0,,115,222.7,115.6,220.9,1079.6,10.7,2,11615520,fuel_sum,11615519.5,11615000,1.000045,true
254159,2022,Helwig Recreation Center,3205 W Carmen Ave,60625,Albany Park,14,College/University,Submitted Data,submitted,false,65850,2006,1,,,2945126,2377700.1,0,0,,80.8,163.1,81.8,164.2,514.2,7.8,3,5322826,fuel_sum,5322826.1,5320680,1.000403,true
254160,2022,,6430 N Kenmore Ave,60626,Rogers Park,1,,Not Submitted,not_submitted,false,53500,,,,,,,,,,,,,,,,0,,,,,,
254161,2022,Gentile Arena,6511 N Sheridan Rd,60626,Rogers Park,1,,Not Submitted,not_submitted,false,107304,,,,,,,,,,,,,,,,0,,,,,,
254162,2022,,1125 W Loyola Ave,60626,Rogers Park,1,,Not Submitted,not_submitted,false,255286,,,,,,,,,,,,,,,,0,,,,,,
254163,2022,,1 11 E Pearson Ave,60611,Near North Side,8,,Not Submitted,not_submitted,false,55056,,,,,,,,,,,,,,,,0,,,,,,
254164,2022,,6515 N Kenmore Ave,60660,Rogers Park,1,,Not Submitted,not_submitted,false,124285,,,,,,,,,,,,,,,,0,,,,,,
254165,2022,,6551 N Sheridan Rd,60626,Rogers Park,1,,Not Submitted,not_submitted,false,80742,,,,,,,,,,,,,,,,0,,,,,,
254166,2022,,1001 1025 W Loyola Ave,60626,Rogers Park,1,,Not Submitted,not_submitted,false,81740,,,,,,,,,,,,,,,,0,,,,,,
254167,2022,,6333 N Winthrop Ave,60660,Edgewater,77,,Not Submitted,not_submitted,false,117481,,,,,,,,,,,,,,,,0,,,,,,
254168,2022,,1050 W  Sheridan,60660,Rogers Park,1,,Not Submitted,not_submitted,false,139554,,,,,,,,,,,,,,,,0,,,,,,
254169,2022,,6350 N Kenmore Ave,60660,Edgewater,77,,Not Submitted,not_submitted,false,73000,,,,,,,,,,,,,,,,0,,,,,,
254170,2022,,6327 N Kenmore Ave,60660,Edgewater,77,,Not Submitted,not_submitted,false,92000,,,,,,,,,,,,,,,,0,,,,,,
254171,2022,,6526 N Winthrop,60660,Rogers Park,1,,Not Submitted,not_submitted,false,127500,,,,,,,,,,,,,,,,0,,,,,,
254172,2022,,6340 N Winthrop Ave,60660,Edgewater,77,,Not Submitted,not_submitted,false,122000,,,,,,,,,,,,,,,,0,,,,,,
254173,2022,Sullivan Station Apartments,1060 E  41st St,60609,Oakland,36,,Not Submitted,not_submitted,false,140106,,,,,,,,,,,,,,,,0,,,,,,
254174,2022,,4200 W Diversey Ave,60639,Hermosa,20,Other,Submitted Data,submitted,false,141071,1941,1,,,4470507.5,7143341,0,0,,82.3,141.9,84.7,144.4,968.2,6.9,2,11613849,fuel_sum,11613848.5,11610143,1.000319,true
254181,2022,International House,1414 E 59th St,60637,Hyde Park,41,Residence Hall/Dormitory,Submitted Data,submitted,false,237121,1932,1,,81,3853506.5,389979,14664767.7,620748,,82.4,124,86.8,129.6,1534.7,6.5,4,19529001,fuel_sum,19529001.2,19538770,0.9995,true
254225,2022,Ray and Joan Kroc Corps Community Center,1250 W 119th St,60643,West Pullman,53,Fitness Center/Health Club/Gym,Submitted Data,submitted,false,158483,2012,1,,,8359539.2,15617716,0,0,,151.3,251.2,154.9,252.2,1999.2,12.6,1,23977255,fuel_sum,23977255.2,23978478,0.999949,true
254226,2022,Oakdale Terrace,525 W Oakdale Ave,60657,Lake View,6,Multifamily Housing,Submitted Data,submitted,false,71250,1973,1,,62,1381959.5,5588623.1,0,0,,115.1,160.8,120.6,164.2,478.9,7.9,3,6970583,fuel_sum,6970582.6,8200875,0.84998,false
254227,2022,Adele and Robert Stern Red Shield Center,945 W 69th St,60621,Englewood,68,Mixed Use Property,Submitted Data,submitted,false,50000,2006,1,,,2284859.6,3519968.9,0,0,,116.1,201.9,119,204.1,506.7,10.1,1,5804829,fuel_sum,5804828.5,5805000,0.999971,true
254246,2022,,550 E 50th Pl,60615,Grand Boulevard,38,Multifamily Housing,Submitted Data,submitted,false,58652,1985,1,,54,1027048.6,3718634.4,0,0,,89.2,127.4,88.7,126,332.8,6.3,2.5,4745683,fuel_sum,4745683,5231758,0.907091,false
254261,2022,Pencil Factory Lofts,1800 West Roscoe,60657,North Center,5,,Not Submitted,not_submitted,false,215000,,,,,,,,,,,,,,,,0,,,,,,
254262,2022,Sunnycourt Condominiums,906 934 W Sunnyside,60640,Uptown,3,Multifamily Housing,Submitted Data,submitted,false,75600,1926,1,,58,760779.2,5973422.2,0,0,,89.1,111.1,92.7,113.8,417.5,5.5,3.5,6734201,fuel_sum,6734201.4,6735960,0.999739,true
254296,2022,Brompton,534 552 W Brompton Ave,60657,Lake View,6,,Not Submitted,not_submitted,false,109140,,,,,,,,,,,,,,,,0,,,,,,
254309,2022,Old Town Midrise Condo,343 W Old Town Court,60610,Near North Side,8,Multifamily Housing,Submitted Data,submitted,false,110500,2002,1,,99,1946805.8,2937199.1,0,0,,54,94.3,53.9,93,412.4,4.6,4,4884005,fuel_sum,4884004.9,5967000,0.818503,false
254316,2022,Kindred Hospital Chicago North,2544 W Montrose Ave,60618,Lincoln Square,4,Other - Specialty Hospital,Submitted Data,submitted,false,148775,2000,1,,,9954798.9,11964909.2,0,0,,147.3,271.8,154.1,278.9,1946.7,13.1,4,21919708,fuel_sum,21919708.1,21914558,1.000235,true
254317,2022,,1740 N Maplewood,60647,Logan Square,24,Multifamily Housing,Submitted Data,submitted,false,95000,2001,1,,64,1967114.2,4300684.2,0,0,,66,105.5,66.5,104.5,487.5,5.1,4,6267798,fuel_sum,6267798.4,6270000,0.999649,true
254327,2022,,3125 W Fullerton,60647,Logan Square,22,Multifamily Housing,Submitted Data,submitted,false,180000,2007,1,,97,2573718.4,4171305.7,0,0,,43.5,74.8,44,74.1,560.6,3.6,4,6745024,fuel_sum,6745024.1,7830000,0.861433,false
254329,2022,901 South Plymouth Condominium Association,901 S Plymouth Ct,60605,Loop,32,Multifamily Housing,Submitted Data,submitted,false,199600,1979,1,,54,6124003.7,5079520.7,0,0,,69.3,139,71.3,142.2,1076.4,6.7,2.5,11203524,fuel_sum,11203524.4,13832280,0.809955,false
254342,2022,3110 Sheridan Condominiums,3110 N Sheridan Rd,60657,Lake View,6,,Not Submitted,not_submitted,false,142000,,,,,,,,,,,,,,,,0,,,,,,
254343,2022,The Apex Condominium Association,859 W Erie St,60610,West Town,24,Multifamily Housing,Submitted Data,submitted,false,85457,2004,1,,69,1756232.7,3233849.3,0,0,,75.4,125.7,75.5,123.5,403.1,6.1,3,4990082,fuel_sum,4990082,6443458,0.774442,false
254344,2022,Alden Estate of Northmoor,5831 N Northwest Hwy,60631,Norwood Park,10,Senior Living Community,Submitted Data,submitted,false,93135,1994,1,,10,6032358.7,11124520,0,0,,204.6,340.7,207.5,341.1,1385.4,16.5,1,17156879,fuel_sum,17156878.7,19055421,0.900367,false
254345,2022,Alden Princeton Rehab & Health Care Center,255 W 69th St,60621,Greater Grand Crossing,69,Senior Living Community,Submitted Data,submitted,false,97394,1990,1,,60,3526676.3,7841478,0,0,,142,226.2,147.4,229.3,881,11,3.5,11368154,fuel_sum,11368154.3,13829948,0.821995,false
254346,2022,Morgan Park Sports Center,11505 S WESTERN AVE,60643,Morgan Park,75,,Not Submitted,not_submitted,false,64060,,,,,,,,,,,,,,,,0,,,,,,
254347,2022,Malcolm X College & School of Health Sciences,1900 W JACKSON BLVD,60612,Near West Side,28,,Not Submitted,not_submitted,false,935000,,,,,,,,,,,,,,,,0,,,,,,
254348,2022,1000 South Clark,1000 S CLARK ST,60605,Loop,32,Multifamily Housing,Submitted Data,submitted,false,486780,2016,3,,62,13217086,18734648.5,0,0,,71.7,127.2,73,127.4,2736,6.1,3,31951735,fuel_sum,31951734.5,34902126,0.915467,false
254349,2022,,1116 W ADAMS ST,60607,Near West Side,28,Multifamily Housing,Submitted Data,submitted,false,155000,2015,1,,44,4640411.1,2419513.5,0,0,,45.5,100.2,45.5,99.2,739.7,4.8,2,7059925,fuel_sum,7059924.6,7052500,1.001053,true
254351,2022,1245 West Jackson Place,1241 1245 W JACKSON BLVD,60607,Near West Side,28,Multifamily Housing,Submitted Data,submitted,false,115615,2000,1,,,2735539.8,1171086.9,0,0,,33.8,76.9,33.4,74.9,422.5,3.7,4,3906627,fuel_sum,3906626.7,3907787,0.999703,true
254352,2022,Fourth Presbyterian Church,126 E CHESTNUT ST,60611,Near North Side,8,Worship Facility,Submitted Data,submitted,false,163806,1912,1,,15,6946793,8281399.9,0,0,,93,171.8,94.7,172,1354.9,8.3,1,15228193,fuel_sum,15228192.9,15233958,0.999622,true
254353,2022,,1415 N KINGSBURY ST,60642,Near North Side,8,,Not Submitted,not_submitted,false,53079,,,,,,,,,,,,,,,,0,,,,,,
254355,2022,Schreiber Center,16 E PEARSON ST,60611,Near North Side,8,,Not Submitted,not_submitted,false,126000,,,,,,,,,,,,,,,,0,,,,,,
254356,2022,"British International School of Chicago, South Loop",161 W 9TH ST,60605,Loop,32,,Not Submitted,not_submitted,false,75714,,,,,,,,,,,,,,,,0,,,,,,
254357,2022,Casa Queretaro,2012 W 17th St,60608,Near West Side,31,Multifamily Housing,Submitted Data,submitted,false,62959,2016,1,,72,1010678.7,2570027.4,0,0,,67.7,104.5,69.6,106,269.6,5.1,4,3580706,fuel_sum,3580706.1,4262324,0.840083,false
254359,2022,WhirlyBall,1825 W WEBSTER AVE,60614,Logan Square,22,Other - Recreation,Submitted Data,submitted,false,50297,2014,1,,,2134304.3,2299368.5,0,0,,88.1,166.8,90.3,169.1,403.2,8,2,4433673,fuel_sum,4433672.8,4431166,1.000566,true
254360,2022,Lycee Francais de Chicago,1929 W WILSON AVE,60640,Lincoln Square,4,,Not Submitted,not_submitted,false,86434,,,,,,,,,,,,,,,,0,,,,,,
254361,2022,Mila Chicago,201 N GARLAND CT,60601,Loop,32,,Not Submitted,not_submitted,false,592050,,,,,,,,,,,,,,,,0,,,,,,
254362,2022,Fox Ford Lincoln Chicago,2501 N ELSTON AVE,60647,Logan Square,22,Vehicle Dealership,Submitted Data,submitted,false,196958,2015,1,,,7312830.6,6621393.7,0,0,,95.4,187.9,95.7,185,1314.9,9,3,13934224,fuel_sum,13934224.3,18789793,0.741585,false
254364,2022,Hyatt Place Chicago,28 N FRANKLIN ST,60606,Loop,32,Hotel,Submitted Data,submitted,false,172519,2015,1,,53,5366499.2,9424940.3,0,0,,85.7,144.5,86.2,143.9,1207.4,7,3.5,14791440,fuel_sum,14791439.5,14784878,1.000444,true
254365,2022,Wolf Point West,326 N ORLEANS ST,60654,Near North Side,8,,Not Submitted,not_submitted,false,430000,,,,,,,,,,,,,,,,0,,,,,,
254367,2022,GEMS World Academy Chicago,350 E SOUTH WATER ST,60601,Loop,32,,Not Submitted,not_submitted,false,80500,,,,,,,,,,,,,,,,0,,,,,,
254368,2022,Shirley Ryan AbilityLab,355 E ERIE ST,60611,Near North Side,8,Outpatient Rehabilitation/Physical Therapy,Submitted Data,submitted,false,1260211,2016,1,,,58093410.1,104669918.5,0,0,,185.4,310.5,188.3,311.4,13211.2,15,1,162763329,fuel_sum,162763328.6,233643119,0.696632,false
254369,2022,Therapeutic Youth Home,3640 W FILLMORE ST,60624,North Lawndale,29,,Not Submitted,not_submitted,false,54000,,,,,,,,,,,,,,,,0,,,,,,
254370,2022,Mercy Circle,3659 W 99TH ST,60655,Mount Greenwood,74,Residential Care Facility,Submitted Data,submitted,false,146922,2013,1,,,5836039.8,3305049.4,0,0,,62.2,134.8,62.5,134.7,992.1,6.8,4,9141089,fuel_sum,9141089.2,9138548,1.000278,true
254371,2022,Park Boulevard IIB,3720 S DEARBORN ST,60609,Douglas,35,Multifamily Housing,Submitted Data,submitted,false,101475,2015,4,,100,935684.2,3099751.1,0,0,,46.9,68.3,47.7,68.3,287.9,3.3,4,4035435,fuel_sum,4035435.3,4759178,0.847927,false
254372,2022,Lawndale Christian Health Center,3750 W OGDEN AVE,60623,North Lawndale,29,Mixed Use Property,Submitted Data,submitted,true,64779,2012,1,,,3166270.3,504445.8,0,0,,56.7,145,55.4,141.6,443.8,6.9,,3670716,fuel_sum,3670716.1,3672969,0.999387,true
254373,2022,North & Pulaski Apartments,3949 W NORTH AVE,60647,Humboldt Park,23,Multifamily Housing,Submitted Data,submitted,false,81767,2014,1,,35,2281202.8,3994837.8,0,0,,83.7,141.1,84.6,140.9,512.7,6.8,2.5,6276041,fuel_sum,6276040.6,6843898,0.917027,false
254374,2022,G & A Senior Residence at Kedzie,4054 N KEDZIE AVE,60618,Irving Park,16,Multifamily Housing,Submitted Data,submitted,false,54501,2015,1,,42,693504.6,3997390.3,0,0,,93.5,122.3,99.5,128.2,303.7,6.1,2,4690895,fuel_sum,4690894.9,5095844,0.920533,false
254375,2022,Pulaski Promenade,4150 S PULASKI RD,60632,Archer Heights,57,Lifestyle Center,Submitted Data,submitted,false,122710,2016,2,,,6931895,2421052.5,0,0,,76.2,178.9,75.5,175.6,1041.6,8.5,3,9352948,fuel_sum,9352947.5,9350502,1.000262,true
254376,2022,Moving Everest Charter School,416 N LARAMIE AVE,60644,Austin,25,,Not Submitted,not_submitted,false,53190,,,,,,,,,,,,,,,,0,,,,,,
254377,2022,Cicero & George,4800 W GEORGE ST,60641,Belmont Cragin,19,Multifamily Housing,Submitted Data,submitted,false,76764,2016,1,,62,2705634.8,1111261.7,0,0,,49.7,113.9,49.7,113.9,415.4,5.4,4,3816897,fuel_sum,3816896.5,3815171,1.000452,true
254378,2022,Darul Amaan Senior Living,4820 N KEDZIE AVE,60625,Albany Park,14,,Submitted Data,submitted,false,60000,,,,,,,,,,,,,,,,0,,,,,,
254379,2022,City Hyde Park,5105 S HARPER AVE,60615,Hyde Park,41,Multifamily Housing,Submitted Data,submitted,false,613970,2015,1,,87,10146864.3,13664952.1,0,0,,64.7,116.2,65.9,116.9,2062.3,5.6,4,23811816,fuel_sum,23811816.4,39723859,0.599434,false
254381,2022,Campus Residential North Commons,5500 S UNIVERSITY AVE,60637,Hyde Park,41,Residence Hall/Dormitory,Submitted Data,submitted,false,419219,2016,1,,74,11466918,16505980.5,0,10086991.1,,90.8,139.8,90.4,139.7,2918.7,7,3.5,38059890,fuel_sum,38059889.6,38065085,0.999864,true
254382,2022,William Eckhardt Research Center,5640 S ELLIS AVE,60637,Hyde Park,41,Laboratory,Submitted Data,submitted,false,284391,2015,1,,,42256906.8,0,49638647.4,52691107.5,,508.4,794.6,494.6,782.6,11638.6,40.9,2,144586662,fuel_sum,144586661.7,144584384,1.000016,true
254384,2022,The Sonia Shankman Orthogenic School,6245 S INGLESIDE AVE,60637,Woodlawn,42,K-12 School,Submitted Data,submitted,false,109910,2014,1,,75,2045443.6,3034768.4,0,0,,68.9,120.1,71.2,121.4,430.6,5.7,3.5,5080212,fuel_sum,5080212,7572799,0.67085,false
254385,2022,"Ambulatory Care Center, St. Bernard Hospital",6307 S STEWART AVE,60621,Englewood,68,Medical Office,Submitted Data,submitted,false,98018,2016,1,,62,4324214.3,3927220.1,0,0,,123.8,243.6,122.5,239.9,778.2,11.7,3,8251434,fuel_sum,8251434.4,12134628,0.679991,false
254386,2022,Halas Recreation Center,6458 N WINTHROP AVE,60626,Rogers Park,1,,Not Submitted,not_submitted,false,122180,,,,,,,,,,,,,,,,0,,,,,,
254387,2022,The Hensley,707 N WELLS ST,60654,Near North Side,8,,Submitted Data,submitted,false,109372,,,,,,,,,,,,,,,,0,,,,,,
254388,2022,Eight O Five,805 N LA SALLE DR,60610,Near North Side,8,Multifamily Housing,Submitted Data,submitted,false,312646,2015,1,,47,9083151,11479309.3,0,0,,76.1,138.8,77.2,138.4,1806.1,6.7,3,20562460,fuel_sum,20562460.3,23792361,0.864246,false
254389,2022,Salvation Army Freedom Center,825 N CHRISTIANA AVE,60651,Humboldt Park,23,Residence Hall/Dormitory,Submitted Data,submitted,false,184000,2015,1,,42,9286974.7,13285188.5,0,0,,122.7,217.1,125,216.5,2005.1,10.9,2,22572163,fuel_sum,22572163.2,22576800,0.999795,true
254409,2022,Haberdasher Square Lofts,728 W Jackson Blvd,60661,NEAR WEST SIDE,28,Multifamily Housing,Submitted Data,submitted,false,427614,1927,2,,72,8706592.5,18382654.3,0,0,,64.4,103.8,65.5,103.7,2123.2,5,3.5,27089247,fuel_sum,27089246.8,27538342,0.983692,true
254512,2022,,347 W Chestnut St,60610,Near North Side,8,Multifamily Housing,Submitted Data,submitted,false,498972,2016,1,,85,10309303.1,13542507.6,0,0,,57.2,103.3,58.7,103.9,2077.2,5,4,23851811,fuel_sum,23851810.7,28541198,0.835698,false
254513,2022,Xavier Apartments,625 W Division St,60610,Near North Side,8,Multifamily Housing,Submitted Data,submitted,false,280827,2015,1,,42,7134938.7,13335230,0,0,,88,146.1,87.4,144.3,1648.1,7.1,2,20470169,fuel_sum,20470168.7,24712776,0.828323,false
254514,2022,,2012 W St Paul Ave,60647,WEST TOWN,24,Multifamily Housing,Submitted Data,submitted,false,78210,1940,1,,96,1252019,2130284,0,0,,54.4,92.3,53.5,90,278.1,4.5,4,3382303,fuel_sum,3382303,4254624,0.794971,false
254527,2022,Strand Apartments,6321 S Cottage Grove Ave,60637,WOODLAWN,42,Multifamily Housing,Submitted Data,submitted,false,96275,2015,1,,100,1072571.7,1364169.6,0,0,,27.9,50.8,28.7,51.6,213.7,2.4,4,2436741,fuel_sum,2436741.3,2686073,0.907176,false
254534,2022,Prairie District Lofts Condominium Association,1727 S Indiana Ave,60616,NEAR SOUTH SIDE,33,Multifamily Housing,Submitted Data,submitted,false,211600,1908,1,,76,3436242.6,6900773.5,0,0,,59.1,96.4,59.8,95.8,819.1,4.7,4,10337016,fuel_sum,10337016.1,12505560,0.826594,false
254535,2022,Niche 905,905 N Orleans St,60610,Near North Side,8,Multifamily Housing,Submitted Data,submitted,false,241717,2017,1,,33,7461525,7649262.3,0,0,,84.7,162.1,86,162.4,1389.1,7.8,2.5,15110787,fuel_sum,15110787.3,20473430,0.738068,false
254536,2022,Optima Signature Apartments,220 E Illinois St,60611,Near North Side,8,Multifamily Housing,Submitted Data,submitted,false,872200,2017,1,,90,20457787.1,15924042.4,0,0,,41.7,84.8,42,84.6,3540.4,4.1,4,36381830,fuel_sum,36381829.5,36370740,1.000305,true
254539,2022,Glen Lake 1 Condo Assoc.,6400 W Berteau,60634,DUNNING,17,Multifamily Housing,Submitted Data,submitted,false,517756,1996,5,,93,5231954.5,21394562.2,0,0,,61.5,85.8,63.5,87.1,1825.5,4.2,4,26626517,fuel_sum,26626516.7,31841994,0.836208,false
254564,2022,Merrimac Square III,6530 W Irving Park Rd,60634,DUNNING,17,,Not Submitted,not_submitted,false,71000,,,,,,,,,,,,,,,,0,,,,,,
254567,2022,Moment Chicago,545 McClurg Ct,60611,Near North Side,8,Multifamily Housing,Submitted Data,submitted,false,670539,2017,1,,61,22701195.6,10862295.4,0,0,,62,138.5,62.7,139.9,3567,6.6,3,33563491,fuel_sum,33563491,41573418,0.807331,false
254568,2022,Madison Aberdeen,20 22 N Aberdeen St,60607,NEAR WEST SIDE,28,Multifamily Housing,Submitted Data,submitted,false,101826,2013,3,,73,2557648.5,2139217.1,0,0,,55.9,111.9,55.6,109.6,450.5,5.4,3.5,4696866,fuel_sum,4696865.6,5692073,0.825159,false
254569,2022,Aurelien,833 N Clark St,60610,Near North Side,8,Multifamily Housing,Submitted Data,submitted,false,386150,2017,1,,64,12016994.4,11431589.5,0,0,,60.7,118.2,61,116.8,2190,5.7,4,23448584,fuel_sum,23448583.9,23439305,1.000396,true
254570,2022,Sherwin Sheridan LLC,7347 7365 Sheridan Rd,60626,ROGERS PARK,1,Multifamily Housing,Submitted Data,submitted,false,99500,1950,1,,68,601382.1,6734151.7,0,0,,73.7,88,75.6,89.5,436.9,4.4,4,7335534,fuel_sum,7335533.8,7333150,1.000325,true
254571,2022,Centrum Wicker Park,1664 W Division St,60622,West Town,24,Multifamily Housing,Submitted Data,submitted,false,76434,2016,1,,31,2848153.7,3320443.6,0,0,,87.6,162.7,89.1,161.6,551.5,7.8,1.5,6168597,fuel_sum,6168597.3,6695618,0.921289,false
254572,2022,Carriage House,1545 S State St,60605,NEAR SOUTH SIDE,33,Multifamily Housing,Submitted Data,submitted,false,146930,1908,1,,77,2202176.1,7423048.3,0,0,,72.1,104.6,74.8,107.4,684.3,5.1,3.5,9625224,fuel_sum,9625224.4,10593653,0.908584,false
254573,2022,Mercy Family Health Center at Oakwood Shores,3753 3755 S Cottage Grove Ave,60653,Oakland,36,Multifamily Housing,Submitted Data,submitted,false,73000,2013,1,,18,3538719.4,4631339.9,0,0,,111.9,202.3,114.8,205.3,712.1,9.8,1,8170059,fuel_sum,8170059.3,8168700,1.000166,true
254616,2022,Former Coyne College,330 N Green St,60607,NEAR WEST SIDE,28,Office,Submitted Data,submitted,false,757901,2019,1,,76,30405386.6,5199665.1,0,0,,57.2,145.5,57.8,146.8,4281,6.9,4,35605052,fuel_sum,35605051.7,43351937,0.821302,false
254975,2022,,367 W LOCUST ST,60610,Near North Side,8,Multifamily Housing,Submitted Data,submitted,false,109800,2017,1,,77,1578367.1,3945175.3,0,0,,60.4,93.6,61.2,92.9,417.4,4.6,4,5523542,fuel_sum,5523542.4,6631920,0.832872,false
254976,2022,The Gallery on Wells,637 N WELLS ST,60654,Near North Side,8,,Not Submitted,not_submitted,false,442410,,,,,,,,,,,,,,,,0,,,,,,
254977,2022,Whole Foods,3201 N ASHLAND AVE,60657,Lake View,6,Supermarket/Grocery Store,Submitted Data,submitted,false,82147,2017,1,,37,17481787.3,7335000,0,0,,302.1,689.6,305.6,693.3,2692.2,32.8,1.5,24816787,fuel_sum,24816787.3,24816609,1.000007,true
254978,2022,The Park at Wrigley,1101 W WAVELAND AVE,60613,Lake View,6,Office,Submitted Data,submitted,false,247887,2017,1,,54,8872500.4,20433740.4,0,0,,118.2,186.8,117.1,183.7,2254,9.1,3.5,29306241,fuel_sum,29306240.8,29300243,1.000205,true
254981,2022,MiCA,2733 W BELDEN AVE,60647,Logan Square,22,Multifamily Housing,Submitted Data,submitted,false,214966,2016,2,,47,6950981.7,8031014.8,0,0,,72.9,135.8,73.2,133.8,1342.1,6.5,2,14981997,fuel_sum,14981996.5,15671021,0.956032,false
254984,2022,ONE 333,1333 S WABASH AVE,60605,Near South Side,33,Multifamily Housing,Submitted Data,submitted,false,280179,2016,1,,30,10503952.7,13143080.4,0,0,,88.8,162.3,89.6,161.5,2081.6,7.8,1,23647033,fuel_sum,23647033.1,24879895,0.950447,false
254987,2022,,1325 N WELLS ST,60610,Near North Side,8,Multifamily Housing,Submitted Data,submitted,false,67854,2018,1,,84,1521297.6,2350155.6,0,0,,63.5,110.4,64.5,109.1,325.2,5.3,4,3871453,fuel_sum,3871453.2,4308729,0.898514,false
254989,2022,Depaul University Holtschneider Performance Center,2330 N HALSTED ST,60614,Lincoln Park,7,Performing Arts,Submitted Data,submitted,false,185000,2018,1,,,6373579.8,13867437.8,0,0,,109.4,175.2,111.3,177.1,1576.1,8.5,2,20241018,fuel_sum,20241017.6,20239000,1.0001,true
254993,2022,,400 W HURON ST,60654,Near North Side,8,Multifamily Housing,Submitted Data,submitted,false,112487,2017,1,,3,3894836.1,6428587.5,0,0,,131.9,225.6,133.6,225.3,854.5,10.9,1,10323424,fuel_sum,10323423.6,14837035,0.695788,false
254994,2022,Homewood Suites by Hampton Inn,118 N JEFFERSON ST,60661,Near West Side,28,Hotel,Submitted Data,submitted,false,371424,2016,1,,96,9969489.2,5726445.7,0,0,,47.2,102.1,47.9,102.7,1617.3,4.9,4,15695935,fuel_sum,15695934.9,17531213,0.895314,false
254995,2022,4 E Elm Condos,4 E ELM ST,60611,Near North Side,8,Multifamily Housing,Submitted Data,submitted,false,233983,2016,1,,78,5511107.3,5455999.7,0,0,,56.1,108.3,56.7,107.9,1015.7,5.2,3.5,10967107,fuel_sum,10967107,13126446,0.835497,false
254996,2022,Fletcher Jones Chicago Service (Audi),1521 W NORTH AVE,60642,West Town,24,,Not Submitted,not_submitted,false,55030,,,,,,,,,,,,,,,,0,,,,,,
254997,2022,Linkt Apartments,830 N MILWAUKEE AVE,60642,West Town,24,Multifamily Housing,Submitted Data,submitted,false,63568,2017,1,,91,1463305.6,1299531.6,0,0,,51.1,101,51.3,100.3,261.8,4.8,4,2762837,fuel_sum,2762837.2,3248325,0.850542,false
254998,2022,Exhibit on Superior,165 W SUPERIOR ST,60654,Near North Side,8,,Not Submitted,not_submitted,false,348987,,,,,,,,,,,,,,,,0,,,,,,
254999,2022,2950 North Sheridan,2950 N SHERIDAN RD,60657,Lake View,6,Multifamily Housing,Submitted Data,submitted,false,205313,2017,1,,53,5420910.6,5600215.5,0,0,,81.4,155.5,84.2,158,1011.5,7.5,2.5,11021126,fuel_sum,11021126.1,16712478,0.659455,false
255002,2022,Mariano's,3857 S DR MARTIN L KING JR DR,60653,Douglas,35,,Not Submitted,not_submitted,false,72115,,,,,,,,,,,,,,,,0,,,,,,
255003,2022,"L - Logan Square Apartment Community 
Navigator Taproom",2211 N MILWAUKEE AVE,60647,Logan Square,22,,Not Submitted,not_submitted,false,119727,,,,,,,,,,,,,,,,0,,,,,,
255004,2022,IIT,3137 S FEDERAL ST,60616,Douglas,35,,Not Submitted,not_submitted,false,71586,,,,,,,,,,,,,,,,0,,,,,,
255005,2022,Luxe on Chicago,1838 W CHICAGO AVE,60622,West Town,24,Multifamily Housing,Submitted Data,submitted,false,75992,2016,6,,10,2626406.9,3984415.6,0,0,,94.9,165.7,98.1,169,557.6,8,1,6610823,fuel_sum,6610822.5,7211641,0.916688,false
255006,2022,Wells Place,839 S WELLS ST,60607,Loop,32,Multifamily Housing,Submitted Data,submitted,false,140408,2016,1,,93,2219418.5,3285046.7,0,0,,52.3,91.8,52.6,91.2,466.8,4.4,4,5504465,fuel_sum,5504465.2,7343338,0.749586,false
255008,2022,,3030 N BROADWAY,60657,Lake View,6,Enclosed Mall,Submitted Data,submitted,false,287407,2016,1,,,20064565,19707874.1,0,0,,195.5,377.9,195.5,377.9,3689.6,18.1,2,39772439,fuel_sum,39772439.1,56188069,0.707845,false
255009,2022,The Hudson,750 N HUDSON AVE,60654,Near North Side,8,Multifamily Housing,Submitted Data,submitted,false,385917,2017,1,,56,10846812.2,8537961.7,0,0,,65.8,133.6,66,132.7,1882.2,6.4,2.5,19384774,fuel_sum,19384773.9,25393339,0.76338,false
255010,2022,Fletcher Jones Audi,949 N ELSTON AVE,60642,West Town,24,,Not Submitted,not_submitted,false,442844,,,,,,,,,,,,,,,,0,,,,,,
255011,2022,Hampton Inn Chicago North-Loyola Station,1209 W ALBION AVE,60626,Rogers Park,1,,Not Submitted,not_submitted,false,92240,,,,,,,,,,,,,,,,0,,,,,,
255012,2022,Vue53,1330 E 53RD ST,60615,Hyde Park,41,,Submitted Data,submitted,false,315872,,,,,,,,,,,,,,,,0,,,,,,
255013,2022,Kenect Chicago,504 N GREEN ST,60642,West Town,24,,Not Submitted,not_submitted,false,125549,,,,,,,,,,,,,,,,0,,,,,,
255014,2022,The Albert/EMC2,228 E ONTARIO ST,60611,Near North Side,8,Hotel,Submitted Data,submitted,false,116000,2018,1,,46,5973618.7,6631653.4,0,0,,108.7,204.2,111.5,207.2,1139,9.8,2,12605272,fuel_sum,12605272.1,12609200,0.999688,true
255015,2022,The Parker Fulton Market,730 W COUCH PL,60661,Near West Side,28,Multifamily Housing,Submitted Data,submitted,false,322308,2016,1,,47,9378717.4,8222429.9,0,0,,67.9,134.5,68,133.3,1672,6.4,2,17601147,fuel_sum,17601147.3,21884713,0.804267,false
255016,2022,The Montclare Supportive Living Community,4339 W 18TH PL,60623,North Lawndale,29,Senior Living Community,Submitted Data,submitted,false,98851,2017,1,,99,2231959.4,2754897.9,0,0,,59.5,109,60.9,109.3,440.3,5.3,4,4986857,fuel_sum,4986857.3,5881635,0.847869,false
255017,2022,Midway Pointe Senior Residences,5011 W 47TH ST,60638,Garfield Ridge,56,Multifamily Housing,Submitted Data,submitted,false,88080,2017,1,,92,2307525.3,1455244.3,0,0,,42.7,90.7,43,90.4,381.2,4.3,4,3762770,fuel_sum,3762769.6,3761016,1.000466,true
255020,2022,Ace Hotel Chicago,311 N MORGAN ST,60607,Near West Side,28,,Exempt,exempt,true,140429,,,,,,,,,,,,,,,,,,,,,,
255021,2022,Legacy Charter School,3300 W OGDEN AVE,60623,North Lawndale,29,,Not Submitted,not_submitted,false,63000,,,,,,,,,,,,,,,,0,,,,,,
255022,2022,Kenect Chicago,505 N GREEN ST,60642,West Town,24,,Not Submitted,not_submitted,false,55216,,,,,,,,,,,,,,,,0,,,,,,
255023,2022,Clybourn1200,454 W DIVISION ST,60610,Near North Side,8,Multifamily Housing,Submitted Data,submitted,false,159968,2017,1,,44,3842744.7,6975375.6,0,0,,82.2,137.4,84.1,138.5,876.6,6.7,2,10818120,fuel_sum,10818120.3,13149370,0.82271,false
255024,2022,Mode Logan Square Apartments,2501 W ARMITAGE AVE,60647,Logan Square,22,,Not Submitted,not_submitted,false,85870,,,,,,,,,,,,,,,,0,,,,,,
255026,2022,Lakeview 3200,3218 N CLARK ST,60657,Lake View,6,Multifamily Housing,Submitted Data,submitted,false,154165,2017,1,,33,6536000.7,2449310.1,0,0,,66.2,153.8,66.7,154.4,991,7.3,1.5,8985311,fuel_sum,8985310.8,10205723,0.880419,false
255027,2022,,720 S WELLS ST,60607,Loop,32,Multifamily Housing,Submitted Data,submitted,false,563659,2018,1,,87,12864811,11757652.6,0,0,,54.1,106.3,54.2,105.6,2319,5.1,4,24622464,fuel_sum,24622463.6,30493952,0.807454,false
255028,2022,1001 South State,1001 S STATE ST,60605,Loop,32,,Not Submitted,not_submitted,false,601577,,,,,,,,,,,,,,,,0,,,,,,
255083,2022,EMME,165 N Desplaines St,60661,NEAR WEST SIDE,28,,Not Submitted,not_submitted,false,228926,,,,,,,,,,,,,,,,0,,,,,,
255090,2022,,7122 S Jeffery Blvd,60649,SOUTH SHORE,43,,Not Submitted,not_submitted,false,58330,,,,,,,,,,,,,,,,0,,,,,,
255091,2022,Kendall College,900 N North Branch St,60642,NEAR NORTH SIDE,8,,Not Submitted,not_submitted,false,200000,,,,,,,,,,,,,,,,0,,,,,,
255092,2022,Schiff Residences,1244 North Clybourn,60610,Near North Side,8,Multifamily Housing,Submitted Data,submitted,false,64000,2007,1,,83,1706088.6,2505873.1,0,0,,65.8,115.8,66.8,115.3,357.8,5.6,4,4211962,fuel_sum,4211961.7,4211200,1.000181,true
255147,2022,American Red Cross of Chicago & Northern Illinois Region,2200 W. Harrison St.,60612,Near West Side,28,,Submitted Data,submitted,false,62298,,,,,,,,,,,,,,,,0,,,,,,
255148,2022,Gill Park Cooperative,810 W. Grace St.,60613,Lake View,6,Multifamily Housing,Submitted Data,submitted,false,293000,1973,1,,99,2244960.4,13519688.2,0,0,,69.4,90.2,73.2,93.5,1013.8,4.5,4,15764649,fuel_sum,15764648.6,20334200,0.775278,false
255149,2022,Lincoln Village 2,6135-6199 North Lincoln,60659,NORTH PARK,13,,Not Submitted,not_submitted,false,57547,,,,,,,,,,,,,,,,0,,,,,,
255150,2022,Kedzie Plaza,4756-4770  South Kedzie Avenue,60632,BRIGHTON PARK,58,,Not Submitted,not_submitted,false,51765,,,,,,,,,,,,,,,,0,,,,,,
255165,2022,Alta Roosevelt,801 S Financial Place,60605,LOOP,32,Multifamily Housing,Submitted Data,submitted,false,744961,2017,1,,87,14813187.6,15072831.5,0,0,,47.2,90.5,47.4,89.7,2751.7,4.3,4,29886019,fuel_sum,29886019.1,35162159,0.849948,false
255190,2022,,1241 N Milwaukee Ave,60622,WEST TOWN,24,Multifamily Housing,Submitted Data,submitted,false,79570,2017,1,,96,2143858.7,324183.6,0,0,,31,79.7,30.3,77.4,299.6,3.8,4,2468042,fuel_sum,2468042.3,2466670,1.000556,true
255504,2022,,601 W Polk Street,60607,Near West Side,28,Data Center,Submitted Data,submitted,false,104000,1918,1,,85,49099102.8,0,0,0,,472.1,1321.9,472.1,1321.9,6467,62.2,4,49099103,fuel_sum,49099102.8,49098400,1.000014,true
255740,2022,The Van Buren,808 W Van Buren,60607,NEAR WEST SIDE,28,Multifamily Housing,Submitted Data,submitted,false,125766,2018,1,,22,4665641.8,7631923.3,0,0,,104.6,179.3,108,182.8,1019.9,8.7,1,12297565,fuel_sum,12297565.1,13155124,0.934812,false
255743,2022,Burnham Pointe,730 South Clark Street,60605,LOOP,32,Multifamily Housing,Submitted Data,submitted,false,532581,2008,1,,28,14495719.7,22555994.2,0,0,,86.3,149.8,89.2,151.4,3107.3,7.2,2,37051714,fuel_sum,37051713.9,45961740,0.806143,false
255756,2022,ASPIRA Business and Finance High School,2989 N Milwaukee Ave,60618,Avondale,21,,Not Submitted,not_submitted,false,98920,,,,,,,,,,,,,,,,0,,,,,,
255757,2022,Viceroy Chicago,1118 N State Street,60610,NEAR NORTH SIDE,8,,Not Submitted,not_submitted,false,134668,,,,,,,,,,,,,,,,0,,,,,,
255758,2022,Key Elementary School Main Building,517 N Parkside Ave,60644,Austin,25,,Not Submitted,not_submitted,false,60000,,,,,,,,,,,,,,,,0,,,,,,
255783,2022,,4631 4637 S Lake Park,60653,Kenwood,39,,Not Submitted,not_submitted,false,58000,,,,,,,,,,,,,,,,0,,,,,,
255791,2022,The Renaissance at Southshore / Symphony South Shore LLC,2425 E 71st St,60649,SOUTH SHORE,43,Senior Living Community,Submitted Data,submitted,false,97516,1994,1,,48,3081641,8047699.5,0,0,,137.6,211.2,139.7,211.6,833.3,10.3,2,11129341,fuel_sum,11129340.5,13418202,0.829421,false
255919,2022,,412 N Wells St,60654,NEAR NORTH SIDE,8,Office,Submitted Data,submitted,false,51190,2017,1,,42,2513081.3,1665002.6,0,0,,81.6,171.6,81.6,169.2,419.4,8.2,2,4178084,fuel_sum,4178083.9,4177104,1.000235,true
255920,2022,,1920 N Milwaukee Ave,60647,LOGAN SQUARE,22,Multifamily Housing,Submitted Data,submitted,false,72149,1907,1,,80,2502074.2,578561.4,0,0,,50.2,124,49.8,122.2,360.3,5.9,3.5,3080636,fuel_sum,3080635.6,3621880,0.850563,false
255921,2022,,2535 S Dr Martin Luther King Jr Dr,60616,NEAR SOUTH SIDE,33,Medical Office,Submitted Data,submitted,false,55184,2016,1,,7,6123765.8,0,0,0,,111,310.7,111,310.7,806.6,14.6,1,6123766,fuel_sum,6123765.8,6125424,0.999729,true
255922,2022,,1550 N Wieland St,60610,NEAR NORTH SIDE,8,Multifamily Housing,Submitted Data,submitted,false,64409,2017,1,,46,1982596.5,2326044.5,0,0,,73.7,136.7,73,134.9,384.7,6.6,3,4308641,fuel_sum,4308641,4746943,0.907666,false
255923,2022,,1636 W Adams St,60612,NEAR WEST SIDE,28,Multifamily Housing,Submitted Data,submitted,false,56000,2018,1,,78,785512.7,2266844.4,0,0,,54.5,81.8,54.8,82.1,223.9,4,3.5,3052357,fuel_sum,3052357.1,3052000,1.000117,true
255924,2022,325 S Paulina,325 S Paulina St,60612,NEAR WEST SIDE,28,Office,Submitted Data,submitted,false,58752,2019,1,,74,1872516.6,653562,0,0,,43,100.9,43.6,101.1,281.4,4.8,3.5,2526079,fuel_sum,2526078.6,2526336,0.999898,true
255925,2022,,1955 N Richmond St,60647,LOGAN SQUARE,22,,Not Submitted,not_submitted,false,59120,,,,,,,,,,,,,,,,0,,,,,,
255927,2022,,4447 N Kedzie Ave,60625,ALBANY PARK,14,Multifamily Housing,Submitted Data,submitted,false,83453,2018,1,,100,1142730.2,1599636.7,0,0,,37.6,66.8,37.4,65.9,235.5,3.2,4,2742367,fuel_sum,2742366.9,3137833,0.873968,false
255928,2022,Moxy Chicago Downtown,530 N La Salle Dr,60654,NEAR NORTH SIDE,8,Hotel,Submitted Data,submitted,false,62000,2018,1,,33,3184945.3,4412200.1,0,0,,122.5,218.6,124.4,219.5,653.9,10.5,1.5,7597145,fuel_sum,7597145.4,7595000,1.000282,true
255929,2022,Mansueto High School,2911 W 47Th St,60632,BRIGHTON PARK,58,,Not Submitted,not_submitted,false,67000,,,,,,,,,,,,,,,,0,,,,,,
255930,2022,811 Fulton,803 W Fulton Market,60607,NEAR WEST SIDE,28,,Not Submitted,not_submitted,false,64877,,,,,,,,,,,,,,,,0,,,,,,
255931,2022,,5748 N Hermitage Ave,60660,EDGEWATER,77,,Not Submitted,not_submitted,false,75660,,,,,,,,,,,,,,,,0,,,,,,
255932,2022,,33 S Ashland Ave,60607,NEAR WEST SIDE,28,Multifamily Housing,Submitted Data,submitted,false,64100,2017,1,,100,514282.1,210076.1,0,0,,11.3,25.9,11.7,26.7,78.9,1.2,4,724358,fuel_sum,724358.2,724330,1.000039,true
255933,2022,,9 W Walton St,60610,NEAR NORTH SIDE,8,Multifamily Housing,Submitted Data,submitted,false,426100,2018,1,,36,14998872.8,15407955.2,0,0,,80.5,154,82.7,155.5,2794,7.4,1.5,30406828,fuel_sum,30406828,34301050,0.886469,false
255934,2022,,33 S Aberdeen St,60607,NEAR WEST SIDE,28,Multifamily Housing,Submitted Data,submitted,false,211575,2018,2,,100,3262824.3,1317110.2,0,0,,24,55.1,23.7,53.8,499.7,2.6,4,4579935,fuel_sum,4579934.5,5077800,0.901953,false
255935,2022,Woodlawn Station,6253 S Cottage Grove Ave,60637,WOODLAWN,42,Multifamily Housing,Submitted Data,submitted,false,103691,2017,1,,90,1938741.5,3016062.6,0,0,,47.8,82.9,49.1,84.3,415.6,4,4,4954804,fuel_sum,4954804.1,4956430,0.999672,true
255936,2022,Marlowe Chicago,675 N Wells St,60654,NEAR NORTH SIDE,8,Multifamily Housing,Submitted Data,submitted,false,150863,2018,1,,90,2857781.9,6040626.1,0,0,,59,95.1,58.7,93.8,697.3,4.6,4,8898408,fuel_sum,8898408,8900917,0.999718,true
255937,2022,seven 10 west,710 W Grand Ave,60654,WEST TOWN,24,,Not Submitted,not_submitted,false,100346,,,,,,,,,,,,,,,,0,,,,,,
255938,2022,LDS Church Clark Street Meetinghouse,822 N Clark St,60610,NEAR NORTH SIDE,8,,Not Submitted,not_submitted,false,116057,,,,,,,,,,,,,,,,0,,,,,,
255939,2022,XS Tennis and Education Foundation,5334 S State St,60609,WASHINGTON PARK,40,,Not Submitted,not_submitted,false,116997,,,,,,,,,,,,,,,,0,,,,,,
255940,2022,,1767 N Milwaukee Ave,60647,WEST TOWN,24,Multifamily Housing,Submitted Data,submitted,false,58984,2017,1,,81,3690867.7,0,0,0,,62.6,175.2,61.7,172.7,486.1,8.2,4,3690868,fuel_sum,3690867.7,3692398,0.999586,true
255941,2022,MB Ice Arena,1801 W Jackson Blvd,60612,NEAR WEST SIDE,28,Ice/Curling Rink,Submitted Data,submitted,false,178172,2017,1,,,15733725,17293584.5,0,0,,259,487.8,258.8,483.9,2990.9,23.5,1,33027310,fuel_sum,33027309.5,46146548,0.715705,false
255942,2022,Viridian on Sheridan,734 W Sheridan Rd,60613,LAKE VIEW,6,Multifamily Housing,Submitted Data,submitted,false,127828,2018,1,,32,2893612.4,7776143.1,0,0,,102.9,156.9,106.2,159.1,794.2,7.7,1.5,10669756,fuel_sum,10669755.5,13153501,0.811172,false
255943,2022,Wicker Park Connection,1640 W Division St,60622,WEST TOWN,24,Multifamily Housing,Submitted Data,submitted,false,167696,2018,1,,89,5422653,250241.4,0,0,,38.4,104.6,38.4,104.6,727.5,4.9,4,5672894,fuel_sum,5672894.4,6439526,0.880949,false
255944,2022,Aloft Chicago Mag Mile (Marriott),243 E Ontario St,60611,NEAR NORTH SIDE,8,,Submitted Data,submitted,false,191000,,,,,,,,,,,,,,,,0,,,,,,
255945,2022,,1140 S Wabash Ave,60605,LOOP,32,Multifamily Housing,Submitted Data,submitted,false,296760,2017,3,,47,10361761.5,10431799.6,0,0,,70.1,134.7,71,134.7,1918.9,6.5,2,20793561,fuel_sum,20793561.1,20802876,0.999552,true
255946,2022,,171 N Aberdeen St,60607,NEAR WEST SIDE,28,,Not Submitted,not_submitted,false,205000,,,,,,,,,,,,,,,,0,,,,,,
255947,2022,CA Washington Condo Association,27 N Aberdeen St,60607,NEAR WEST SIDE,28,Multifamily Housing,Submitted Data,submitted,false,218875,2018,1,,85,2869016.1,4921414.3,0,0,,43.6,73.8,44.2,74.5,639.3,3.6,4,7790430,fuel_sum,7790430.4,9542950,0.816354,false
255948,2022,Spoke Apartments,728 N Morgan St,60642,WEST TOWN,24,Multifamily Housing,Submitted Data,submitted,false,420049,2017,2,,35,16686593.1,9580437,0,0,,75.6,163.4,77,164.9,2706.7,7.8,1.5,26267030,fuel_sum,26267030.1,31755704,0.827159,false
255949,2022,,3630 N Clark St,60613,LAKE VIEW,6,Hotel,Submitted Data,submitted,false,204703,2018,1,,5,15954185.3,13779467.6,0,0,,161,320.2,164,323.4,2833.3,15.3,1,29733653,fuel_sum,29733652.9,32957183,0.90219,false
255951,2022,COOK COUNTY CENTRAL CAMPUS HEALTH CENTER,1950 W Polk St,60612,NEAR WEST SIDE,28,Office,Submitted Data,submitted,false,282000,2018,1,,,16311536.8,16621985.6,0,0,,116.8,223.8,117.3,221.6,3031.3,10.7,1,32933522,fuel_sum,32933522.4,32937600,0.999876,true
255952,2022,Hubbard221,221 W Hubbard St,60654,NEAR NORTH SIDE,8,Multifamily Housing,Submitted Data,submitted,true,214749,2017,1,,,6648828.3,8838323.1,0,0,,89.2,160.6,90,159.8,1345.2,7.7,,15487151,fuel_sum,15487151.4,19155611,0.808492,false
255953,2022,,311 W Illinois St,60654,NEAR NORTH SIDE,8,Multifamily Housing,Submitted Data,submitted,false,291091,2017,1,,83,7317272.8,7026084.8,0,0,,49.3,95.7,49.7,95.1,1337,4.6,4,14343358,fuel_sum,14343357.6,14350786,0.999482,true
255954,2022,,930 W Altgeld St,60614,LINCOLN PARK,7,Multifamily Housing,Submitted Data,submitted,false,399600,2018,1,,90,5802147.9,12167414.4,0,0,,56,90.5,57.4,92,1410.5,4.4,4,17969562,fuel_sum,17969562.3,22377600,0.803016,false
255955,2022,,1035 W Van Buren St,60607,NEAR WEST SIDE,28,Multifamily Housing,Submitted Data,submitted,false,250817,2017,1,,42,10125535.9,8486979.5,0,0,,74.2,148.6,75.1,148.4,1784.5,7.1,3,18612515,fuel_sum,18612515.4,18610621,1.000102,true
255956,2022,,465 N Park Dr,60611,NEAR NORTH SIDE,8,Multifamily Housing,Submitted Data,submitted,false,592241,2018,1,,71,17211062.5,11337843.9,0,0,,53,111.7,53.3,110.9,2869.1,5.3,4,28548906,fuel_sum,28548906.4,31388773,0.909526,false
255957,2022,Old Town Park,1140 N Wells St,60610,NEAR NORTH SIDE,8,Multifamily Housing,Submitted Data,submitted,false,778906,2018,1,,88,15081057,15289554.4,0,0,,47,90.1,47.2,89.4,2798.5,4.3,4,30370611,fuel_sum,30370611.4,36608582,0.829604,false
255958,2022,,625 W Adams St,60661,NEAR WEST SIDE,28,Office,Submitted Data,submitted,false,645891,2018,1,,94,15469064.3,188202.1,0,0,,32.3,89.8,32.3,89.8,2048.8,4.2,4,15657266,fuel_sum,15657266.4,20862279,0.750506,false
255965,2022,5430 N. Sheridan,5430 N. Sheridan Rd.,60640,EDGEWATER,77,Multifamily Housing,Submitted Data,submitted,false,82133,2008,1,,59,1562410.1,3681144.4,0,0,,87,136.6,87.5,135,401.3,6.7,2.5,5243555,fuel_sum,5243554.5,7145571,0.733819,false
255967,2022,The Buyer's Market Inc,4545 W Division St,60651,HUMBOLDT PARK,23,Enclosed Mall,Submitted Data,submitted,false,307520,2016,1,,,3245926.8,1610204.2,0,0,,31.6,70.1,31.5,69.1,513.1,3.3,3,4856131,fuel_sum,4856131,9717632,0.499724,false
255970,2022,Hayden,1109 W Washington,60607,NEAR WEST SIDE,28,Multifamily Housing,Submitted Data,submitted,false,110435,2020,1,,93,1184028,6270604.2,0,0,,72.8,96.7,72.9,97,489,4.8,4,7454632,fuel_sum,7454632.2,8039668,0.927231,false
255977,2022,,3905-29 N. Western Ave.,,NORTH CENTER,5,,Not Submitted,not_submitted,false,97000,,,,,,,,,,,,,,,,0,,,,,,
256076,2022,Left Bank at K Station,300 N Canal Street,60606,NEAR WEST SIDE,28,Multifamily Housing,Submitted Data,submitted,false,572165,2006,1,,61,11732121.2,25731131.1,0,0,,82.7,132.1,85.6,133.4,2912,6.4,3,37463252,fuel_sum,37463252.3,47318046,0.791733,false
256080,2022,Oakwood Shores 2D,3744-54 S ELLIS AVE,,OAKLAND,36,Multifamily Housing,Submitted Data,submitted,false,198993,2005,21,,99,3854502,2453900,0,0,,31.7,67.2,31.1,65.5,638,3.2,4,6308402,fuel_sum,6308402,6308078,1.000051,true
256081,2022,Madden Wells,650 E 38TH PLACE,60653,,36,Multifamily Housing,Submitted Data,submitted,false,199848,2005,24,,81,3652589,9161400.3,0,0,,64.1,99.3,66.9,101.2,967.7,4.8,4,12813989,fuel_sum,12813989.3,12810257,1.000291,true
256124,2022,Prajakta Meharunkar,1515 W Webster Avenue,60614,LINCOLN PARK,7,Office,Submitted Data,submitted,false,306376,2018,1,,71,7882398.9,10123070.3,0,0,,83.4,151.5,87.1,155.4,1575.9,7.3,4,18005469,fuel_sum,18005469.2,25551758,0.704667,false
256125,2022,Hotel Julian,168 N Michigan ave,60601,LOOP,32,,Not Submitted,not_submitted,false,96000,,,,,,,,,,,,,,,,0,,,,,,
256247,2022,,2710 N. Clark St,60614,LINCOLN PARK,7,Senior Living Community,Submitted Data,submitted,false,50000,2003,1,,41,2820345.6,4011459.9,0,0,,136.6,242.2,140.5,246.3,584.5,11.7,3,6831806,fuel_sum,6831805.5,6830000,1.000264,true
256248,2022,The Sinclair,1201 N LaSalle Street,60610,NEAR NORTH SIDE,8,Multifamily Housing,Submitted Data,submitted,false,636834,2017,1,,45,13024610.4,34689717.7,0,0,,80.2,122.5,83.3,124.7,3558.1,6,2,47714328,fuel_sum,47714328.1,51074087,0.934218,false
256249,2022,McDonald's Headquarters,110 N Carpenter,60607,NEAR WEST SIDE,28,Office,Submitted Data,submitted,false,781333,2018,1,,83,26837221.7,16234508.8,0,0,,66.3,141.8,65.9,139.5,4397.1,6.8,4,43071731,fuel_sum,43071730.5,51802378,0.831462,false
256250,2022,Balmoral Condo,2606-2610 W Balmoral Ave,60625,LINCOLN SQUARE,4,Multifamily Housing,Submitted Data,submitted,false,62200,1948,1,,78,712273.9,3550223.5,0,0,,81.7,109.6,84.8,112.1,282.4,5.4,3.5,4262497,fuel_sum,4262497.4,5081740,0.838787,false
256263,2022,Fulton West,1330 W. Fulton,60607,NEAR WEST SIDE,28,Office,Submitted Data,submitted,false,555948,2017,1,,74,13498633.6,5133918.9,0,0,,60.5,140.2,60.5,140.2,2050.6,6.7,3.5,18632553,fuel_sum,18632552.5,33634854,0.553966,false
256264,2022,Michigan Avenue Gardens,1808 S Michigan,,NEAR SOUTH SIDE,33,Multifamily Housing,Submitted Data,submitted,false,70857,1999,1,,100,705482.5,172265.4,0,0,,16.5,40.6,16.2,39.2,102.1,1.9,4,877748,fuel_sum,877747.9,1169141,0.750763,false
256405,2022,,303 E Superior Street,60611,NEAR NORTH SIDE,8,Laboratory,Submitted Data,submitted,false,418826,2004,1,,,59273772.8,59490899.7,0,0,,283.6,545.4,286,541,10967,26.2,1,118764673,fuel_sum,118764672.5,118779054,0.999879,true
256406,2022,,375 E Chicago Ave,60611,NEAR NORTH SIDE,8,College/University,Submitted Data,submitted,false,388282,1978,1,,,14882475.7,62822887.6,0,0,,200.1,277.2,207,282.3,5297.1,13.6,1,77705363,fuel_sum,77705363.3,77695228,1.00013,true
256407,2022,,340 E Superior Street,60611,NEAR NORTH SIDE,8,College/University,Submitted Data,submitted,false,187974,1925,1,,,9532621.4,20905747,0,0,,161.9,258.8,168.2,265.4,2366,12.6,1,30438368,fuel_sum,30438368.4,30432991,1.000177,true
256408,2022,,320 E Superior Street,60611,NEAR NORTH SIDE,8,Laboratory,Submitted Data,submitted,false,186803,1965,1,,,30657238.7,38345680.1,0,0,,369.4,675.1,364.8,656.6,6074.7,32.5,1,69002919,fuel_sum,69002918.8,69005028,0.999969,true
256409,2022,,310 E Superior Street,60611,NEAR NORTH SIDE,8,College/University,Submitted Data,submitted,false,61179,1955,1,,,3806301.6,7849356,0,0,,190.5,308.9,192.2,310.7,918.3,15,1,11655658,fuel_sum,11655657.6,11654600,1.000091,true
256410,2022,,300 E Superior Street,60611,NEAR NORTH SIDE,8,Laboratory,Submitted Data,submitted,false,303863,1990,1,,,32002032.2,46661308.9,0,0,,258.9,456.1,259.5,451.3,6693.5,22,3,78663341,fuel_sum,78663341.1,78670131,0.999914,true
256411,2022,,303 E Chicago Ave,60611,NEAR NORTH SIDE,8,Laboratory,Submitted Data,submitted,false,303490,1925,1,,,23616397.3,67409460,0,0,,299.9,451.1,302.3,448.8,6691.1,22,2,91025857,fuel_sum,91025857.3,91016651,1.000101,true
256419,2022,Crown Hall,3360 S State Street,60616,DOUGLAS,35,,Not Submitted,not_submitted,false,54291,,,,,,,,,,,,,,,,0,,,,,,
256420,2022,John T. Rettaliata Engineering Center,10 W 32nd Street,60616,DOUGLAS,35,,Not Submitted,not_submitted,false,133990,,,,,,,,,,,,,,,,0,,,,,,
256421,2022,Robert A. Pritzker Science Center,3105 S Dearborn St,60616,DOUGLAS,35,,Not Submitted,not_submitted,false,123454,,,,,,,,,,,,,,,,0,,,,,,
256422,2022,Materials & Metals Building,3350 S Federal Street,60616,DOUGLAS,35,,Not Submitted,not_submitted,false,68398,,,,,,,,,,,,,,,,0,,,,,,
256423,2022,Perlstein Hall,10 W 33rd Street,60616,DOUGLAS,35,,Not Submitted,not_submitted,false,102517,,,,,,,,,,,,,,,,0,,,,,,
256424,2022,Stuart Building,10 W 31st Street,60616,DOUGLAS,35,,Not Submitted,not_submitted,false,83906,,,,,,,,,,,,,,,,0,,,,,,
256425,2022,Wishnick Hall,3255 S Dearborn Street,60616,DOUGLAS,35,,Not Submitted,not_submitted,false,62913,,,,,,,,,,,,,,,,0,,,,,,
256426,2022,Galvin Library,35 W 33rd Street,60616,DOUGLAS,35,,Not Submitted,not_submitted,false,92978,,,,,,,,,,,,,,,,0,,,,,,
256427,2022,Herman Hall,3241 S Federal Street,60616,DOUGLAS,35,,Not Submitted,not_submitted,false,111135,,,,,,,,,,,,,,,,0,,,,,,
256428,2022,McCormick Tribune Campus Center,3201 S State Street,60616,DOUGLAS,35,,Not Submitted,not_submitted,false,93667,,,,,,,,,,,,,,,,0,,,,,,
256429,2022,Carmen Hall,60 E 32nd Street,60616,DOUGLAS,35,,Not Submitted,not_submitted,false,69559,,,,,,,,,,,,,,,,0,,,,,,
256430,2022,Cunningham Hall,3100 S Michigan Avenue,60616,DOUGLAS,35,,Not Submitted,not_submitted,false,70269,,,,,,,,,,,,,,,,0,,,,,,
256431,2022,Gunsaulus Hall,3140 S Michigan Avenue,60616,DOUGLAS,35,,Not Submitted,not_submitted,false,82898,,,,,,,,,,,,,,,,0,,,,,,
256433,2022,State Street Village,3301 S State Street,60616,DOUGLAS,35,,Not Submitted,not_submitted,false,63711,,,,,,,,,,,,,,,,0,,,,,,
256434,2022,Keating Hall,3040 S Wabash Avenue,60616,DOUGLAS,35,,Not Submitted,not_submitted,false,53163,,,,,,,,,,,,,,,,0,,,,,,
256435,2022,Incubator Building,55 W 34th Street,60616,DOUGLAS,35,,Not Submitted,not_submitted,false,72292,,,,,,,,,,,,,,,,0,,,,,,
256436,2022,Tech Park Central,3424 S State Street,60616,DOUGLAS,35,,Not Submitted,not_submitted,false,80660,,,,,,,,,,,,,,,,0,,,,,,
256437,2022,Tech Park South,3450 S State Street,60616,DOUGLAS,35,,Not Submitted,not_submitted,false,82554,,,,,,,,,,,,,,,,0,,,,,,
256438,2022,Tech Business Center,3440 S Dearborn Street,60616,DOUGLAS,35,,Not Submitted,not_submitted,false,140788,,,,,,,,,,,,,,,,0,,,,,,
256439,2022,Life Science Research Building,35 W 34th Street,60616,DOUGLAS,35,,Not Submitted,not_submitted,false,103000,,,,,,,,,,,,,,,,0,,,,,,
256440,2022,IIT Tower,10 W 35th Street,60616,DOUGLAS,35,,Not Submitted,not_submitted,false,392894,,,,,,,,,,,,,,,,0,,,,,,
256441,2022,,3300 S FEDERAL ST,60616,Douglas,35,,Exempt,exempt,true,73233,,,,,,,,,,,,,,,,,,,,,,
256455,2022,,2801-13 N Leavitt Street,60618,NORTH CENTER,5,,Not Submitted,not_submitted,false,58380,,,,,,,,,,,,,,,,0,,,,,,
256456,2022,,2815-27 N. Leavitt Street,60618,NORTH CENTER,5,,Not Submitted,not_submitted,false,58514,,,,,,,,,,,,,,,,0,,,,,,
256457,2022,,2737 N. Hoyne Avenue,60647,LINCOLN PARK,7,Multifamily Housing,Submitted Data,submitted,false,45595,2019,1,,87,599010.2,3376949.9,0,0,,87.2,114.6,90.3,116.5,258.3,5.7,4,3975960,fuel_sum,3975960.1,3975884,1.000019,true
256458,2022,United Center Office Building,1901 W Madison St,60612,,28,,Not Submitted,not_submitted,false,,,,,,,,,,,,,,,,,0,,,,,,
256489,2022,Sixty Forty North Wells,640 N Wells,60654,NEAR NORTH SIDE,8,Multifamily Housing,Submitted Data,submitted,false,273509,2017,1,,60,8932955.1,7592626.9,0,0,,60.4,120.6,60.7,119.8,1579.9,5.8,3.5,16525582,fuel_sum,16525582,16519944,1.000341,true
256490,2022,,5427 N Broadway St,60640,EDGEWATER,77,Multifamily Housing,Submitted Data,submitted,false,93960,1910,3,,69,1436601.2,4991709.4,0,0,,73,105.3,74.7,107,454.4,5.2,3,6428311,fuel_sum,6428310.6,6859080,0.937197,false
256500,2022,Physics Research Center,933 E 56th Street,60637,HYDE PARK,41,Laboratory,Submitted Data,submitted,false,67092,2017,1,,,2384288,5168,13465490,6331497,,330.7,426.9,318,415.4,1542.1,23,2,22186443,fuel_sum,22186443,22187324,0.99996,true
256501,2022,1117-1137 W Monroe,1117-1137 W Monroe,60607,NEAR WEST SIDE,28,Multifamily Housing,Submitted Data,submitted,false,91000,2006,1,,28,2037903.9,6342424.3,0,0,,139.7,206.1,145.7,210.7,605.3,10.1,1,8380328,fuel_sum,8380328.2,12712700,0.659209,false
256502,2022,Breckinridge House (University of Chicago),1442 E. 59th Street,60637,HYDE PARK,41,Residence Hall/Dormitory,Submitted Data,submitted,false,50698,1916,1,,96,215596,110,2605988.8,0,,55.7,73.7,58.2,76.6,201.4,4,4,2821695,fuel_sum,2821694.8,2823879,0.999227,true
256527,2022,Hilton Garden Inn,55 E 11Th St,60605,Loop,32,,Not Submitted,not_submitted,false,95200,,,,,,,,,,,,,,,,0,,,,,,
256528,2022,,710 W 14Th St,60607,Near West Side,28,,Not Submitted,not_submitted,false,117992,,,,,,,,,,,,,,,,0,,,,,,
256529,2022,,1411 E 53Rd St,60615,Hyde Park,41,Hotel,Submitted Data,submitted,false,78269,2018,1,,65,3841765.4,3856900.9,0,0,,104,200.1,103.8,198.4,710.9,9.6,3,7698666,fuel_sum,7698666.3,8139976,0.945785,false
256530,2022,,1616 E 56Th St,60637,Hyde Park,41,Multifamily Housing,Submitted Data,submitted,false,438246,2018,1,,93,8100746,9122142.2,0,0,,51.3,96.2,53.1,97.4,1551.5,4.6,4,17222888,fuel_sum,17222888.2,22482020,0.766074,false
256531,2022,,180 N Ada Street,60607,Near West Side,28,,Not Submitted,not_submitted,false,,,,,,,,,,,,,,,,,0,,,,,,
256532,2022,,1025 W Addison St,60613,Lake View,6,Multifamily Housing,Submitted Data,submitted,false,286855,2018,1,,14,11784963.4,12991745.1,0,0,,95,178.8,97,180.1,2242.3,8.6,1,24776709,fuel_sum,24776708.5,27251225,0.909196,false
256534,2022,,811 W Agatite Ave,60640,Uptown,3,,Not Submitted,not_submitted,false,477383,,,,,,,,,,,,,,,,0,,,,,,
256535,2022,Artis of Lakeview (Senior Living),3535 N Ashland Ave,60657,Lake View,6,,Not Submitted,not_submitted,false,95660,,,,,,,,,,,,,,,,0,,,,,,
256536,2022,,61 E Banks Street,60610,Near North Side,8,Multifamily Housing,Submitted Data,submitted,false,152367,2019,1,,62,4511499.3,3697806.7,0,0,,61.1,122.8,60.4,120.9,790.6,5.9,4,8209306,fuel_sum,8209306,9309624,0.881809,false
256537,2022,,3833 N Broadway,60613,Lake View,6,Multifamily Housing,Submitted Data,submitted,true,229380,2020,1,,,4631989.4,1743348.4,0,0,,36.9,85.6,36.9,85.6,702.7,4.1,,6375338,fuel_sum,6375337.8,8464122,0.753219,false
256538,2022,,2340 N California Ave,60647,Logan Square,22,,Not Submitted,not_submitted,false,106861,,,,,,,,,,,,,,,,0,,,,,,
256539,2022,,210 N Carpenter St,60607,Near West Side,28,Office,Submitted Data,submitted,false,255129,2018,1,,59,10340763.6,8458342.6,0,0,,78.8,158.5,78.3,155.5,1811.3,7.6,2.5,18799106,fuel_sum,18799106.2,20104165,0.935085,false
256540,2022,Hilton Garden Inn Chicago Mccormick Place,123 E Cermak Rd,60616,Near South Side,33,Hotel,Submitted Data,submitted,false,362462,2018,1,,,17519152,15934562.4,0,0,,92.3,181.5,92.3,179.2,3153.9,8.7,3,33453714,fuel_sum,33453714.4,33455243,0.999954,true
256541,2022,,508 W Diversey Pkwy,60614,Lake View,6,Multifamily Housing,Submitted Data,submitted,false,123000,2019,1,,97,1606997.4,3193732.9,0,0,,49,80.1,49.7,79.4,381.3,3.9,4,4800730,fuel_sum,4800730.3,6027000,0.796537,false
256542,2022,,5525 W Diversey Ave,60639,Belmont Cragin,19,,Not Submitted,not_submitted,false,72000,,,,,,,,,,,,,,,,0,,,,,,
256543,2022,,360 W Erie Street,60654,Near North Side,8,Multifamily Housing,Submitted Data,submitted,false,168300,2019,1,,100,2192875.2,3930195.6,0,0,,36.4,61,36.7,60.4,497.6,3,4,6123071,fuel_sum,6123070.8,6126120,0.999502,true
256544,2022,One Bennet Park Apartments,451 E Grand Ave,60611,Near North Side,8,Multifamily Housing,Submitted Data,submitted,false,785000,2018,1,,83,18046047.4,23935633.3,0,0,,53.5,96.4,54.9,97,3648.3,4.6,4,41981681,fuel_sum,41981680.7,41997500,0.999623,true
256545,2022,The Hoxton,200 N Green St,60607,Near West Side,28,Hotel,Submitted Data,submitted,false,153000,2019,1,,46,7715879.2,14353637.3,0,0,,144.2,239.7,147.3,240.7,1778.7,11.6,2,22069517,fuel_sum,22069516.5,22062600,1.000314,true
256546,2022,New Life Covenent Church-SE,7621 S Greenwood Ave,60619,Greater Grand Crossing,69,,Not Submitted,not_submitted,false,85000,,,,,,,,,,,,,,,,0,,,,,,
256547,2022,,8647 W Higgins Road,60631,O'Hare,76,Office,Submitted Data,submitted,false,371216,2019,1,,87,8873966,0,0,0,,59.6,166.9,60,167.9,1168.8,7.9,4,8873966,fuel_sum,8873966,22124474,0.401093,false
256548,2022,,202 W Hill Street,60610,Near North Side,8,Multifamily Housing,Submitted Data,submitted,false,700940,2021,1,,80,16652240.9,18590812.4,0,0,,50.3,94.4,50.8,94.3,3180.8,4.5,4,35243053,fuel_sum,35243053.3,35257282,0.999596,true
256549,2022,,110 W Huron St,60654,Near North Side,8,Hotel,Submitted Data,submitted,false,118882,2019,1,,55,5199465.2,1876800,0,0,,59.5,139,59.5,139,784.5,6.6,3.5,7076265,fuel_sum,7076265.2,7073479,1.000394,true
256550,2022,NEMA Chicago,1200 S Indiana Ave,60605,Near South Side,33,Multifamily Housing,Submitted Data,submitted,false,1343820,2019,1,,56,35957589.3,38680201,0,0,,67.2,127.3,67.9,126.3,6790.6,6.1,2.5,74637790,fuel_sum,74637790.3,90304704,0.826511,false
256552,2022,,4758 N Laramie Ave,60630,Portage Park,15,,Not Submitted,not_submitted,false,78800,,,,,,,,,,,,,,,,0,,,,,,
256553,2022,The Lincoln Common,2335 N Lincoln Ave,60614,Lincoln Park,7,Multifamily Housing,Submitted Data,submitted,false,284297,2019,1,,92,9105330.4,0,0,0,,32,89.7,31.3,87.7,1199.3,4.2,4,9105330,fuel_sum,9105330.4,9097504,1.00086,true
256554,2022,The Apartments at Lincoln Common,2345 N Lincoln Ave,60614,Lincoln Park,7,Multifamily Housing,Submitted Data,submitted,false,372431,2019,1,,68,15449821.7,0,0,0,,41.5,116.2,41.5,116.2,2035,5.5,3,15449822,fuel_sum,15449821.7,15455887,0.999608,true
256555,2022,,2350 N Lincoln Ave,60614,Lincoln Park,7,Office,Submitted Data,submitted,false,57566,2019,1,,26,4915169.9,2756862,0,0,,133.3,289.4,134.9,291,793.8,13.8,1,7672032,fuel_sum,7672031.9,7673548,0.999802,true
256556,2022,,727 W Madison St,60661,Near West Side,28,Multifamily Housing,Submitted Data,submitted,false,746876,2019,1,,84,17687509.4,11906544.6,0,0,,42.7,89.6,42.7,88.7,2962.1,4.3,4,29594054,fuel_sum,29594054,31891605,0.927957,false
256557,2022,1407 on Michigan,1411 S Michigan Avenue,60605,Near South Side,33,,Not Submitted,not_submitted,false,110497,,,,,,,,,,,,,,,,0,,,,,,
256558,2022,The Paragon Chicago,1326 S Michigan Avenue,60605,Near South Side,33,Multifamily Housing,Submitted Data,submitted,false,660218,2019,,,73,16499494.6,15797884.6,0,0,,55.8,108.6,56.5,108.5,3012.3,5.2,3.5,32297379,fuel_sum,32297379.2,36840164,0.876689,false
256559,2022,KLEO Art Residences,5504 S Michigan Ave,60615,Washington Park,40,Multifamily Housing,Submitted Data,submitted,false,85572,2020,1,,72,1763318.7,2197692,0,0,,46.3,84.7,47.1,84.3,349,4.1,3.5,3961011,fuel_sum,3961010.7,3961984,0.999754,true
256560,2022,,1980 N Milwaukee Ave,60647,Logan Square,22,,Not Submitted,not_submitted,false,110000,,,,,,,,,,,,,,,,0,,,,,,
256561,2022,,2025 N Milwaukee Ave,60647,Logan Square,22,Multifamily Housing,Submitted Data,submitted,false,69905,2020,1,,85,2022050.2,1698007,0,0,,53.2,106.5,54.2,107.7,356.5,5.1,4,3720057,fuel_sum,3720057.2,3718946,1.000299,true
256562,2022,,450 N Morgan St,60642,West Town,24,,Not Submitted,not_submitted,false,57600,,,,,,,,,,,,,,,,0,,,,,,
256563,2022,,1323 W Morse Ave,60626,Rogers Park,1,Multifamily Housing,Submitted Data,submitted,false,91326,2018,1,,35,2598260.9,1800527.4,0,0,,77.5,161.4,77.7,161.3,437.9,7.7,1.5,4398788,fuel_sum,4398788.3,7077765,0.621494,false
256564,2022,,3527 W North Avenue,60647,Humboldt Park,23,Multifamily Housing,Submitted Data,submitted,true,52528,2019,1,,,1826660.8,2848688.9,0,0,,91.2,158.2,94,159.6,391.9,7.6,,4675350,fuel_sum,4675349.7,4790554,0.975952,true
256566,2022,,176 N Racine Avenue,60607,Near West Side,28,Office,Submitted Data,submitted,false,191099,2019,1,,44,9231041.2,361253,0,0,,56.6,154.6,58,158.5,1235,7.3,2,9592294,fuel_sum,9592294.2,10816203,0.886845,false
256567,2022,,1554 N Talman Ave,60622,West Town,24,,Not Submitted,not_submitted,false,55720,,,,,,,,,,,,,,,,0,,,,,,
256568,2022,Vista Tower,363 E Wacker Dr,60601,Loop,32,,Not Submitted,not_submitted,false,1782886,,,,,,,,,,,,,,,,0,,,,,,
256569,2022,McCRORY SENIOR APARTMENTS,1659 W Washington Blvd,60612,Near West Side,28,Multifamily Housing,Submitted Data,submitted,false,62940,2018,1,,68,1632382.8,1819689.9,0,0,,54.8,103,56.5,104.3,311.7,5,4,3452073,fuel_sum,3452072.7,3449112,1.000858,true
256570,2022,,904 W Washington Blvd,60607,Near West Side,28,Multifamily Housing,Submitted Data,submitted,false,68094,2019,1,,39,2238380.9,2910043.8,0,0,,75.6,136.9,75.1,134.8,449.4,6.6,1.5,5148425,fuel_sum,5148424.7,5147906,1.000101,true
256571,2022,,175 S Wells St,60606,Loop,32,,Not Submitted,not_submitted,false,200000,,,,,,,,,,,,,,,,0,,,,,,
256572,2022,,1667 N Western Avenue,60647,West Town,24,,Not Submitted,not_submitted,false,50000,,,,,,,,,,,,,,,,0,,,,,,
256573,2022,Wolf Point East,313 W Wolf Point Plaza,60654,Near North Side,8,Multifamily Housing,Submitted Data,submitted,false,938917,2020,1,,,21318627,0,0,0,,22.7,63.6,22.2,62.2,2982.9,3.2,4,21318627,fuel_sum,21318627,21313416,1.000244,true
256574,2022,Dore Elementary School,7134 W 65Th St,60638,Clearing,64,,Exempt,exempt,true,113000,,,,,,,,,,,,,,,,,,,,,,
256575,2022,South Loop Elementary School,1601 S Dearborn St,60616,Near South Side,33,,Not Submitted,not_submitted,false,120192,,,,,,,,,,,,,,,,0,,,,,,
256606,2022,Pullman Industrial Center,900 East 103rd Street,,,50,,Not Submitted,not_submitted,false,526349,,,,,,,,,,,,,,,,0,,,,,,
256607,2022,The Edge on Broadway,6149 N. Broadway,,,77,Multifamily Housing,Submitted Data,submitted,false,91557,2020,1,,70,2342839.5,2571680.5,0,0,,63.3,119.2,63.2,118.5,445.2,5.7,3,4914520,fuel_sum,4914520,5795558,0.84798,false
256614,2022,Block 37,108 North State Street,,,32,,Submitted Data,submitted,false,572359,,,,,,,,,,,,,,,,0,,,,,,
256615,2022,Marquee at Block 37,25 West Randolph Street,,,32,Multifamily Housing,Submitted Data,submitted,false,590021,2016,1,,65,18266771.6,22167103.8,0,0,,68.5,126.1,70,126.2,3583.4,6.1,3,40433875,fuel_sum,40433875.4,40416439,1.000431,true
256616,2022,GRAND ORLEANS CONDOMINIUM ASSOCIATION,330 W Grand Ave,60654,,8,Multifamily Housing,Submitted Data,submitted,false,247000,2005,1,,79,4507409.4,9054347.5,0,0,,64.9,105.9,67.5,106.9,1074.6,5.1,3.5,13561757,fuel_sum,13561756.9,16030300,0.846008,false
256630,2022,The Residences at 8 East Huron,8 E Huron St,,,8,Multifamily Housing,Submitted Data,submitted,false,196844,2017,1,,15,6025888.9,9583179.9,0,0,,91,157.1,91.8,156.1,1302.7,7.6,1,15609069,fuel_sum,15609068.8,17912804,0.871392,false
256634,2022,The Burnham at Woodlawn Park,6134 S. Cottage Grove Avenue,,,42,Multifamily Housing,Submitted Data,submitted,false,73673,2015,1,,38,2735023.9,1894380.5,0,0,,64.6,132.7,65.9,133.3,478.3,6.5,1.5,4629404,fuel_sum,4629404.4,4759276,0.972712,true
256639,2022,MRR 619 S LaSalle LLC,619 S LaSalle,60605,,32,,Submitted Data,submitted,false,112000,,,,,,,,,,,,,,,,0,,,,,,
256645,2022,Coeval 2,1419 S Wabash Ave,,,33,Multifamily Housing,Submitted Data,submitted,false,53352,2019,1,,100,979758,0,0,0,,18.4,51.4,17.9,50.1,129,2.4,4,979758,fuel_sum,979758,981677,0.998045,true
256646,2022,Coeval 1,51 E 145h Street,,,,,Not Submitted,not_submitted,false,184905,,,,,,,,,,,,,,,,0,,,,,,
256647,2022,,2356 East 70th Street,,,43,,Not Submitted,not_submitted,false,54884,,,,,,,,,,,,,,,,0,,,,,,
256655,2022,The Oliver on LaSalle,1140 N La Salle Dr,60610,,8,Multifamily Housing,Submitted Data,submitted,false,31403,1930,1,,17,2126521.4,1752638,0,0,,123.5,248.2,123.2,247.3,373.2,11.9,1,3879159,fuel_sum,3879159.4,3878271,1.000229,true
256656,2022,,2600 North Kedzie Ave,,,,,Not Submitted,not_submitted,false,50000,,,,,,,,,,,,,,,,0,,,,,,
256658,2022,Midpointe Apartments,4050 West 115th Street,,,74,Multifamily Housing,Submitted Data,submitted,false,393938,1973,8,,75,6388293.5,20841006.3,0,0,,69.1,101,71.9,102.6,1948.4,4.9,4,27229300,fuel_sum,27229299.8,27221116,1.000301,true
256660,2022,Oakwood Shores 2D,3859 S. Vincennes Avenue,60653,,38,Multifamily Housing,Submitted Data,submitted,false,96930,2013,1,,94,1773196.8,2998689.7,0,0,,49.2,83.7,51.3,85.9,392.8,4.1,4,4771887,fuel_sum,4771886.5,4768956,1.000615,true
256663,2022,630 N Franklin Condominium Association,630 N Franklin St,60654,,8,Multifamily Housing,Submitted Data,submitted,false,275000,2005,1,,31,6788255.6,14732127.5,0,0,,95.6,153.2,97.1,152.8,1676.6,7.5,1.5,21520383,fuel_sum,21520383.1,26290000,0.818577,false
256667,2022,Oakwood Court,6547 N Harlem Avenue,,,10,Multifamily Housing,Submitted Data,submitted,false,134153,1970,1,,98,830542.5,4038438.6,0,0,,42.7,57.5,43.8,58.1,323.9,2.8,4,4868981,fuel_sum,4868981.1,5728333,0.849982,false
256668,2022,,900-10 W Winona Street,,,3,Multifamily Housing,Submitted Data,submitted,false,51576,1912,1,,99,639573,1163073.6,0,0,,35,58.4,35,57.6,146,2.8,4,1802647,fuel_sum,1802646.6,1805160,0.998608,true
256669,2022,Francisco,4011 N Francisco Avenue,,,16,Multifamily Housing,Submitted Data,submitted,false,76732,2004,1,,95,1006438.1,1727168.5,0,0,,49.9,84.6,49.1,82.3,224.3,4.1,4,2733607,fuel_sum,2733606.6,3828927,0.713936,false
256670,2022,,1 S Leavitt Street,,,28,Multifamily Housing,Submitted Data,submitted,false,80144,2004,1,,89,1265843.8,2141980,0,0,,60.7,103.2,61.2,102.6,280.5,5,4,3407824,fuel_sum,3407823.8,4864741,0.700515,false
256671,2022,Chantico Lofts,1061 W 16th Street,,,31,Multifamily Housing,Submitted Data,submitted,false,74104,2007,1,,86,850406.5,2370573,0,0,,59.5,90,59.7,88.2,237.9,4.4,4,3220980,fuel_sum,3220979.5,4409188,0.730515,false
256672,2022,River Walk Townhomes,2903-2923 N Claremont Ave,,,22,Multifamily Housing,Submitted Data,submitted,false,96737,2004,3,,77,1327156.6,4359200,0,0,,79.3,115.6,82.5,119,406.3,5.7,4,5686357,fuel_sum,5686356.6,7671244,0.741256,false
256673,2022,Harding Court,4845-4859 N Harding,,,14,Multifamily Housing,Submitted Data,submitted,false,51824,1960,1,,96,742307.2,1558083.6,0,0,,44.4,71.7,45,71.2,180.5,3.5,4,2300391,fuel_sum,2300390.8,2300986,0.999741,true
256674,2022,Cityview Lofts,1259 N Wood Street,,,24,Multifamily Housing,Submitted Data,submitted,false,50590,1909,1,,76,896151.2,1743071.6,0,0,,52.2,85.8,54.3,86.8,210.6,4.2,4,2639223,fuel_sum,2639222.8,2640798,0.999404,true
256675,2022,Signature Lofts,1750 N Wolcott Avenue,,,24,,Not Submitted,not_submitted,false,76256,,,,,,,,,,,,,,,,0,,,,,,
256676,2022,Union Row,560-648 W 16th Street,,,28,Multifamily Housing,Submitted Data,submitted,false,87500,2010,9,,96,1508577.6,2279669,0,0,,53.4,93.2,54,92.4,319.8,4.5,4,3788247,fuel_sum,3788246.6,4672500,0.810754,false
256677,2022,,1143 S Plymouth Court,60605,,32,Multifamily Housing,Submitted Data,submitted,false,186110,1982,1,,76,4156530.9,2874133.3,0,0,,51.7,107.7,53.1,110.1,700.1,5.1,3.5,7030664,fuel_sum,7030664.2,9621887,0.730695,false
256678,2022,Hale Lofts,14 N Peoria Street,60607,,28,Multifamily Housing,Submitted Data,submitted,false,124536,1969,1,,91,2290810.3,2769173.6,0,0,,46.2,85.1,46.3,83.8,448.8,4.1,4,5059984,fuel_sum,5059983.9,5753563,0.879452,false
256679,2022,Hawthorne Point,1511-1525 W Cullom Ave,60613,,6,Multifamily Housing,Submitted Data,submitted,false,50820,1975,1,,98,510109.8,1436502.6,0,0,,38.3,57.8,39.2,57.7,143.5,2.8,4,1946612,fuel_sum,1946612.4,1946406,1.000106,true
256680,2022,Old Town Village East,1205-1255 N Orleans Court,60610,,8,Multifamily Housing,Submitted Data,submitted,false,75444,2006,6,,95,999477.5,2315168.8,0,0,,51.4,81.1,52.5,81.1,254.6,4,4,3314646,fuel_sum,3314646.3,3877822,0.85477,false
256681,2022,,1112 S Wabash Avenue,60605,,32,,Not Submitted,not_submitted,false,65000,,,,,,,,,,,,,,,,0,,,,,,
256709,2022,Rosenwald Hall,1101-11 East 58th Street,60637,,41,Office,Submitted Data,submitted,false,64380,1915,1,,81,1286092,0,1591637.9,1215048.7,,63.6,102.9,62.7,102.4,339.1,5.3,4,4092779,fuel_sum,4092778.6,4094568,0.999563,true
256710,2022,,7131 S Bennett,60649,,43,,Not Submitted,not_submitted,false,50000,,,,,,,,,,,,,,,,0,,,,,,
256727,2022,The Jax,1220 W. Jackson Blvd,,,28,Multifamily Housing,Submitted Data,submitted,false,129646,2020,1,,69,3870764.1,4328299.9,0,0,,63.2,118.7,62.8,117.4,739.7,5.7,3,8199064,fuel_sum,8199064,8193627,1.000664,true
256728,2022,Alta Grand Central,221 W Harrison St,60607,,32,Multifamily Housing,Submitted Data,submitted,false,262020,2020,1,,22,10163907.5,14919692.8,0,0,,105.8,186.2,108.6,187.1,2131.2,9,1,25083600,fuel_sum,25083600.3,27721716,0.904836,false
256729,2022,Robert J. Richardson Middle School,6018 S Karlov Avenue,60629,,65,K-12 School,Submitted Data,submitted,false,135212,2016,1,,86,2755306,2464669.8,0,0,,38.6,76.2,39,75.8,493.8,3.7,4,5219976,fuel_sum,5219975.8,5219183,1.000152,true
256730,2022,Southeast Area Elementary School,3930 E 105th Street,60617,,,,Exempt,exempt,true,111081,,,,,,,,,,,,,,,,,,,,,,
256731,2022,Richard Henry Lee Elementary School,6448 S Tripp Avenue,60629,,65,K-12 School,Submitted Data,submitted,false,56882,1956,5,,15,2633982.1,2329210,0,0,,87.3,172.7,90,176.6,470.6,8.3,1,4963192,fuel_sum,4963192.1,4965799,0.999475,true
256732,2022,Oriole Park Elementary School,5424 N Oketo Avenue,60656,,10,K-12 School,Submitted Data,submitted,false,76476,1943,2,,39,2068026.8,4138690,0,0,,81.2,132.5,82.5,133.5,492.2,6.4,1.5,6206717,fuel_sum,6206716.8,6209851,0.999495,true
256733,2022,Michael M Byrne Elementary School,5329 S Oak Park Avenue,60656,,56,K-12 School,Submitted Data,submitted,false,78340,1935,4,,51,2102679.1,2856280.1,0,0,,63.3,113.4,64.8,115,428.7,5.5,2.5,4958959,fuel_sum,4958959.2,4958922,1.000007,true
256734,2022,John C Burroughs Elementary School,3542 S Washtenaw Avenue,60632,,58,K-12 School,Submitted Data,submitted,false,53251,1893,2,,29,1783391,2861970.1,0,0,,87.2,150.2,90.8,154,386.9,7.3,2,4645361,fuel_sum,4645361.1,4643487,1.000404,true
256735,2022,Everett McKinley Dirksen Elementary School,8601 W Foster Avenue,60656,,76,K-12 School,Submitted Data,submitted,false,117939,1970,5,,27,4960815.8,2195529.7,0,0,,60.7,137.3,61.3,138,770,6.5,2,7156346,fuel_sum,7156345.5,7158897,0.999644,true
256736,2022,Jane Addams Elementary School,10810 S Avenue H,60617,,52,K-12 School,Submitted Data,submitted,false,62043,1948,6,,30,1766890.5,3546769.8,0,0,,85.6,139.8,87.1,140.9,421.1,6.8,1,5313660,fuel_sum,5313660.3,5310881,1.000523,true
256737,2022,Edward Everett Elementary School,3419 S Bell Avenue,60608,,59,,Exempt,exempt,true,53495,,,,,,,,,,,,,,,,,,,,,,
256745,2022,William Howard Taft High School - Academy,4071 N Oak Park Ave,60634,,17,K-12 School,Submitted Data,submitted,false,135000,2019,1,,74,3674942.4,3245230,0,0,,51.3,101.5,51.7,100.8,656.4,4.9,4,6920172,fuel_sum,6920172.4,6925500,0.999231,true
256746,2022,Englewood STEM High School,6835 S Normal Blvd,60621,,68,K-12 School,Submitted Data,submitted,false,160000,2019,1,,80,3432834.8,5202940.4,0,0,,54,94.2,56.1,95.5,728.5,4.6,3.5,8635775,fuel_sum,8635775.2,8640000,0.999511,true
256759,2022,,1533 W.Warren Blvd,,,,,Not Submitted,not_submitted,false,57390,,,,,,,,,,,,,,,,0,,,,,,
256760,2022,,3000 North Halsted Street,60657,,6,,Not Submitted,not_submitted,false,142955,,,,,,,,,,,,,,,,0,,,,,,
256761,2022,,403 N Wabash,60611,,8,Multifamily Housing,Submitted Data,submitted,false,134308,2017,1,,63,4429957.8,4790322.4,0,0,,68.7,129.8,69.1,128.9,837.9,6.2,3,9220280,fuel_sum,9220280.2,9226960,0.999276,true
256765,2022,,2750 N ELSTON AVE,60647,Logan Square,22,,Not Submitted,not_submitted,false,50000,,,,,,,,,,,,,,,,0,,,,,,
256766,2022,,1802 S STATE ST,60616,Near South Side,33,Multifamily Housing,Submitted Data,submitted,false,63044,2020,1,,95,813833.4,1551106.8,0,0,,43,71,43.7,71.8,189.6,3.4,4,2364940,fuel_sum,2364940.2,2710892,0.872384,false
256767,2022,,146 W ERIE ST,60654,Near North Side,8,,Not Submitted,not_submitted,false,50000,,,,,,,,,,,,,,,,0,,,,,,
256768,2022,,355 E WACKER DR,60601,Loop,32,,Not Submitted,not_submitted,false,50000,,,,,,,,,,,,,,,,0,,,,,,
256769,2022,,2773 N HAMPDEN CT,60614,Lincoln Park,7,Multifamily Housing,Submitted Data,submitted,false,100500,2018,1,,64,2607180.4,3602901.7,0,0,,61.8,110.3,61.9,108.3,534.8,5.3,4,6210082,fuel_sum,6210082.1,6210900,0.999868,true
256770,2022,,1531 W HOWARD ST,60626,Rogers Park,1,,Not Submitted,not_submitted,false,50000,,,,,,,,,,,,,,,,0,,,,,,
256771,2022,,2942 W NORTH AVE,60647,West Town,24,,Not Submitted,not_submitted,false,50000,,,,,,,,,,,,,,,,0,,,,,,
256772,2022,,128 S LAFLIN ST,60607,Near West Side,28,,Submitted Data,submitted,false,67200,,,,,,,,,,,,,,,,0,,,,,,
256773,2022,,1604 N RICHMOND ST,60647,West Town,24,,Not Submitted,not_submitted,false,50000,,,,,,,,,,,,,,,,0,,,,,,
256774,2022,,1957 N FAIRFIELD AVE,60647,Logan Square,22,,Not Submitted,not_submitted,false,50000,,,,,,,,,,,,,,,,0,,,,,,
256775,2022,,10355 S WOODLAWN AVE,60628,Pullman,50,,Not Submitted,not_submitted,false,50000,,,,,,,,,,,,,,,,0,,,,,,
256776,2022,,900 E GRAND AVE,60611,Near North Side,8,,Not Submitted,not_submitted,false,50000,,,,,,,,,,,,,,,,0,,,,,,
256777,2022,,939 W WASHINGTON BLVD,60607,Near West Side,28,,Not Submitted,not_submitted,false,467343,,,,,,,,,,,,,,,,0,,,,,,
256778,2022,,3939 W DEVON AVE,60659,Forest Glen,12,,Not Submitted,not_submitted,false,50000,,,,,,,,,,,,,,,,0,,,,,,
256779,2022,,1342 W TAYLOR ST,,Near West Side,28,,Not Submitted,not_submitted,false,81194,,,,,,,,,,,,,,,,0,,,,,,
256780,2022,,2611 N HERMITAGE AVE,60614,Lincoln Park,7,Multifamily Housing,Submitted Data,submitted,false,116763,2019,1,,99,1488451.1,2913684.3,0,0,,41.2,67.6,42.4,68.5,350.8,3.3,4,4402135,fuel_sum,4402135.4,4810636,0.915084,false
256781,2022,,754 S WABASH AVE,60605,Loop,32,College/University,Submitted Data,submitted,false,122256,2019,1,,,4178411.5,2820043.3,0,0,,57.2,119.9,57.9,120.6,700.1,5.7,4,6998455,fuel_sum,6998454.8,6993043,1.000774,true
256782,2022,,110 N WACKER DR,60606,Loop,32,Office,Submitted Data,submitted,false,1770000,2020,1,,66,71615829.1,0,0,35502050.2,,61.9,134.5,59.9,133.9,11303.8,6.5,3,107117879,fuel_sum,107117879.3,109563000,0.977683,true
256783,2022,,5252 S CORNELL AVE,60615,Hyde Park,41,Multifamily Housing,Submitted Data,submitted,false,337624,2020,1,,,7425478.8,6711999.9,0,0,,41.9,82.5,42.4,82.6,1334.5,4,4,14137479,fuel_sum,14137478.7,14146446,0.999366,true
256784,2022,,450 W BELMONT AVE,60657,Lakeview,6,Multifamily Housing,Submitted Data,submitted,false,179658,2019,1,,95,3680269.7,2294187.9,0,0,,34.8,74,35.1,74.4,606.6,3.5,4,5974458,fuel_sum,5974457.6,6252098,0.955593,false
256785,2022,,2217 W MADISON ST,60612,Near West Side,28,,Not Submitted,not_submitted,false,50000,,,,,,,,,,,,,,,,0,,,,,,
256786,2022,,2823 W BELMONT AVE,60618,Avondale,21,,Not Submitted,not_submitted,false,50000,,,,,,,,,,,,,,,,0,,,,,,
256787,2022,,121 E 47TH ST,60653,Grand Boulevard,38,,Not Submitted,not_submitted,false,50000,,,,,,,,,,,,,,,,0,,,,,,
256788,2022,,105 N MAY ST,60607,Near West Side,28,,Not Submitted,not_submitted,false,150799,,,,,,,,,,,,,,,,0,,,,,,
256789,2022,,4022 N ELSTON AVE,60618,Irving Park,16,,Not Submitted,not_submitted,false,50000,,,,,,,,,,,,,,,,0,,,,,,
256790,2022,,1550 N CLARK ST,60610,Near North Side,8,Multifamily Housing,Submitted Data,submitted,false,150762,2020,1,,64,3318090.4,6004767.5,0,0,,80,133.9,81.9,133.7,783.2,6.7,3,9322858,fuel_sum,9322857.9,12060960,0.772978,false
256791,2022,,4101 W 76TH ST,60652,West Lawn,65,,Not Submitted,not_submitted,false,50000,,,,,,,,,,,,,,,,0,,,,,,
256792,2022,,845 W MADISON ST,60607,Near West Side,28,Multifamily Housing,Submitted Data,submitted,false,558155,2020,2,,84,6803627.2,33815527,0,0,,80.8,108.6,84.1,111.2,2692.2,5.4,4,40619154,fuel_sum,40619154.2,45098924,0.900668,false
256793,2022,,4346 N HONORE ST,60613,North Center,5,Multifamily Housing,Submitted Data,submitted,false,40900,2018,1,,1,1708955.1,5311601.9,0,0,,171.7,253.4,175,254.5,507.2,12.4,1,7020557,fuel_sum,7020557,7022530,0.999719,true
256794,2022,,6342 S Green,60621,Englewood,68,Multifamily Housing,Submitted Data,submitted,false,121897,2021,1,,75,2264571.3,3831915.3,0,0,,66,112.2,68.6,114.9,501.8,5.4,3.5,6096487,fuel_sum,6096486.6,8045202,0.757779,false
256795,2022,,2845 W BELDEN AVE,,Logan Square,22,,Exempt,exempt,true,50000,,,,,,,,,,,,,,,,,,,,,,
256796,2022,,1555 N ASHLAND AVE,60622,West Town,24,,Not Submitted,not_submitted,false,96599,,,,,,,,,,,,,,,,0,,,,,,
256797,2022,,1135 W SHERIDAN RD,,Edgewater,77,Multifamily Housing,Submitted Data,submitted,false,100160,2019,1,,28,4002869.3,2126500.1,0,0,,61.2,134.2,62.1,134.8,640.2,6.4,2,6129369,fuel_sum,6129369.4,6129792,0.999931,true
256798,2022,,2405 W HUTCHINSON ST,60618,North Center,5,,Not Submitted,not_submitted,false,50000,,,,,,,,,,,,,,,,0,,,,,,
256799,2022,,51 E 14TH ST,60605,Near South Side,33,Multifamily Housing,Submitted Data,submitted,false,200675,2019,4,,83,979758,16471640.6,0,0,,94.4,108.4,98.4,112.6,1003.9,5.4,4,17451399,fuel_sum,17451398.6,18943720,0.921223,false
256802,2022,,4555 N SHERIDAN RD,60640,Uptown,3,,Not Submitted,not_submitted,false,133952,,,,,,,,,,,,,,,,0,,,,,,
256803,2022,,4914 N CLARK ST,60640,Uptown,3,,Submitted Data,submitted,false,64403,,,,,,,,,,,,,,,,0,,,,,,
256804,2022,,810 W WAYMAN ST,60607,Near West Side,28,,Not Submitted,not_submitted,false,50000,,,,,,,,,,,,,,,,0,,,,,,
256805,2022,,6800 N WESTERN AVE,60645,West Ridge,2,,Not Submitted,not_submitted,false,50000,,,,,,,,,,,,,,,,0,,,,,,
256806,2022,,3435 W MONTROSE AVE,,Irving Park,16,,Not Submitted,not_submitted,false,50000,,,,,,,,,,,,,,,,0,,,,,,
256808,2022,,205 S PEORIA ST,60607,Near West Side,28,,Not Submitted,not_submitted,false,50000,,,,,,,,,,,,,,,,0,,,,,,
256809,2022,,633 W NORTH AVE,60610,Near North Side,8,Multifamily Housing,Submitted Data,submitted,false,331566,2020,1,,14,12916446.2,9302159.4,0,0,,88.3,182.6,92.3,190.3,2195.4,8.7,2,22218606,fuel_sum,22218605.6,29277278,0.758903,false
256810,2022,,9401 S STONY ISLAND AVE,60617,Calumet Heights,48,Multifamily Housing,Submitted Data,submitted,false,130550,2020,1,,42,3289182.9,8132096.6,0,0,,87.5,136,88.6,136.6,865.2,6.6,2,11421280,fuel_sum,11421279.5,11423125,0.999838,true
256811,2022,,1201 E 60TH ST,60637,Woodlawn,42,Convention Center,Submitted Data,submitted,false,97285,2020,1,,,4466913.5,7453084.2,0,2451660.1,,147.7,231.9,148.2,232.6,1113.4,11.4,1,14371658,fuel_sum,14371657.8,14368995,1.000185,true
256812,2022,,1156 E 61ST ST,60637,Woodlawn,42,Residence Hall/Dormitory,Submitted Data,submitted,false,385000,2019,1,,74,12617582.2,18075849.2,0,0,,79.7,141.1,81.4,141.7,2622,6.8,3.5,30693431,fuel_sum,30693431.4,30684500,1.000291,true
256813,2022,,639 W ROOSEVELT RD,60605,Near West Side,28,,Not Submitted,not_submitted,false,50000,,,,,,,,,,,,,,,,0,,,,,,
256814,2022,,730 N MILWAUKEE AVE,60048,West Town,24,,Not Submitted,not_submitted,false,50000,,,,,,,,,,,,,,,,0,,,,,,
256815,2022,,2480 N MILWAUKEE AVE,60647,Logan Square,22,Multifamily Housing,Submitted Data,submitted,false,285767,2019,1,,100,2881019.3,2133587,0,0,,17.5,36.1,17.5,35.5,492.8,1.7,4,5014606,fuel_sum,5014606.3,5000923,1.002736,true
256816,2022,,4631 W FOSTER AVE,60630,Albany Park,14,Strip Mall,Submitted Data,submitted,false,142890,2020,3,,,6334526.2,0,0,0,,44.4,124.3,44.4,124.3,834.3,5.8,4,6334526,fuel_sum,6334526.2,6344316,0.998457,true
256817,2022,,4424 S COTTAGE GROVE AVE,60653,Grand Boulevard,38,Multifamily Housing,Submitted Data,submitted,false,57149,2020,1,,73,800276.5,2911972.9,0,0,,65,92.7,67,94.1,260.1,4.6,3.5,3712249,fuel_sum,3712249.4,3714685,0.999344,true
256818,2022,,4434 S COTTAGE GROVE AVE,60653,Grand Boulevard,38,Multifamily Housing,Submitted Data,submitted,false,56922,2020,1,,92,772328.6,2026760.3,0,0,,49.2,75.4,49.8,74.9,209.4,3.7,4,2799089,fuel_sum,2799088.9,2800562,0.999474,true
256819,2022,,100 South State Street,,,32,Office,Submitted Data,submitted,false,69767,1910,1,,,4962582,387619.6,0,0,,76.7,205,76.7,205,674.2,9.7,1,5350202,fuel_sum,5350201.6,5351129,0.999827,true
256826,2022,,1201 W Lake Street,,,28,,Not Submitted,not_submitted,false,140646,,,,,,,,,,,,,,,,0,,,,,,
256827,2022,,6950 N Hiawatha Avenue,60646,,12,,Not Submitted,not_submitted,false,60018,,,,,,,,,,,,,,,,0,,,,,,
256829,2022,,366 W. Superior,60654,,8,Multifamily Housing,Submitted Data,submitted,false,144107,2019,1,,99,2311687.5,3081693.6,0,0,,43.9,79,44.9,79.4,468.2,3.8,4,5393381,fuel_sum,5393381.1,6326297,0.852534,false
256830,2022,,717 S. Wells,,,32,,Not Submitted,not_submitted,false,100000,,,,,,,,,,,,,,,,0,,,,,,
256831,2022,,2111 S Wabash Ave,60654,,33,Multifamily Housing,Submitted Data,submitted,true,322740,2020,1,,,7209510.7,9755669.2,0,0,,61.5,110.2,62.4,110,1467.8,5.3,,16965180,fuel_sum,16965179.9,19848510,0.854733,false
256832,2022,,4155 S Packers Ave,,,61,,Not Submitted,not_submitted,false,217628,,,,,,,,,,,,,,,,0,,,,,,
256833,2022,,145 South Wells,,,32,,Exempt,exempt,true,206584,,,,,,,,,,,,,,,,,,,,,,
256834,2022,,1375 Fulton,60607,,28,Office,Submitted Data,submitted,false,463854,2020,1,,57,14308685.1,15263315.7,0,0,,74.1,140.5,74.1,140.5,2695.4,6.8,2.5,29572001,fuel_sum,29572000.8,34371581,0.860362,false
256835,2022,,1744 N Western Ave,60645,,24,Multifamily Housing,Submitted Data,submitted,false,152347,2018,1,,,1683613.9,2692400,0,0,,31.6,54.5,31.6,54.5,364.8,2.6,4,4376014,fuel_sum,4376013.9,4814165,0.908987,false
256836,2022,,1440 N Dayton Street,60642,,8,Office,Submitted Data,submitted,false,65363,1965,1,,32,3883035.3,1876277,0,0,,88.1,196.5,90.5,201.3,611.1,9.3,2.5,5759312,fuel_sum,5759312.3,5758480,1.000144,true
256837,2022,,2150 S Canalport Avenue,60608,,31,Office,Submitted Data,submitted,true,221330,1900,1,,,2869538.7,5380754.5,0,0,,37.3,61.8,37.5,60.9,663.8,3,,8250293,fuel_sum,8250293.2,8255609,0.999356,true
256838,2022,,5841 S. Maryland Ave MC0985,,,41,Hospital (General Medical & Surgical),Submitted Data,submitted,false,5441713,1926,25,,6,623023572.6,6976930.2,804899285.5,0,,263.7,499.9,264.5,496.3,135875.8,25,1,1434899788,fuel_sum,1434899788.3,1434979718,0.999944,true
256841,2022,,1649 Broadway,60657,,,,Not Submitted,not_submitted,false,69000,,,,,,,,,,,,,,,,0,,,,,,
256842,2022,,2017 Mendell St,,,22,,Not Submitted,not_submitted,false,60718,,,,,,,,,,,,,,,,0,,,,,,
256844,2022,,1308 N Elston,60642,,24,Office,Submitted Data,submitted,false,110951,1914,2,,,1414755.1,0,0,0,,12.8,35.7,12.8,35.7,186.3,1.7,4,1414755,fuel_sum,1414755.1,1420173,0.996185,true
256845,2022,,4900 N Bernard,,,14,Senior Living Community,Submitted Data,submitted,false,71620,1975,1,,34,2513111.7,6379610.1,0,0,,154.9,239.2,157.3,240.1,669.9,11.7,1.5,8892722,fuel_sum,8892721.8,11093938,0.801584,false
256846,2022,,6 S. Laflin,60607,,28,,Not Submitted,not_submitted,false,180000,,,,,,,,,,,,,,,,0,,,,,,
256847,2022,,2071 N Southport Avenue,60614,,7,Office,Submitted Data,submitted,false,81701,1921,1,,49,2493390.4,3251086.3,0,0,,70.3,127.2,70.5,125.1,501.1,6.1,2,5744477,fuel_sum,5744476.7,5743580,1.000156,true
256856,2022,,2201 Lakeside Blvd,,,6,,Not Submitted,not_submitted,false,294973,,,,,,,,,,,,,,,,0,,,,,,
256857,2022,,3426 N Elaine Place,60657,,6,,Not Submitted,not_submitted,false,321804,,,,,,,,,,,,,,,,0,,,,,,
256874,2022,,717 S CLARK ST,60605,,32,Multifamily Housing,Submitted Data,submitted,false,482802,2020,3,,100,4374521.7,13499696.6,0,0,,37,54.7,37,54.7,1293.2,2.7,4,17874218,fuel_sum,17874218.3,17863674,1.00059,true
256875,2022,,1448 W MADISON ST,60607,,28,,Not Submitted,not_submitted,false,50000,,,,,,,,,,,,,,,,0,,,,,,
256876,2022,,1432 S CLINTON ST,60607,,28,Data Center,Submitted Data,submitted,false,180000,2020,1,,,15564141.5,0,0,0,,86.5,242.1,86.5,242.1,2050,11.4,1,15564142,fuel_sum,15564141.5,15570000,0.999624,true
256877,2022,,167 N GREEN ST,60607,,28,Office,Submitted Data,submitted,false,677417,2020,1,,85,21822498,6797765.7,0,0,,42.2,100.7,42.6,101.1,3235.4,4.8,4,28620264,fuel_sum,28620263.7,28586997,1.001164,true
256878,2022,,4835 S CICERO AVE,60632,,56,,Not Submitted,not_submitted,false,50000,,,,,,,,,,,,,,,,0,,,,,,
256879,2022,,2755 N MILWAUKEE AVE,60647,,22,Multifamily Housing,Submitted Data,submitted,false,72000,2021,1,,98,908895.7,2833709.2,0,0,,52,76.7,55,79.8,270.2,3.8,4,3742605,fuel_sum,3742604.9,3744000,0.999627,true
256880,2022,,23 W CHICAGO AVE,60654,,8,Multifamily Housing,Submitted Data,submitted,false,993583,2021,2,,77,12574637.9,61167040.6,0,0,,74.2,100.1,76.1,101.1,4905.1,4.9,3.5,73741679,fuel_sum,73741678.5,73723859,1.000242,true
256881,2022,,1525 N ELSTON AVE,60642,,24,,Exempt,exempt,true,50000,,,,,,,,,,,,,,,,,,,,,,
256882,2022,,1648 W DIVISION ST,60622,,24,Multifamily Housing,Submitted Data,submitted,false,106888,2020,1,,39,1461855.9,8176399.5,0,0,,105,138.1,108.6,139.8,638.8,7,1.5,9638255,fuel_sum,9638255.4,11223240,0.858777,false
256883,2022,,369 W GRAND AVE,60654,,8,Multifamily Housing,Submitted Data,submitted,false,532899,2021,1,,46,15856500.8,14757162.8,0,0,,72.8,142.4,74.6,143.4,2872.3,6.8,2,30613664,fuel_sum,30613663.6,38795047,0.789113,false
256884,2022,,633 S LASALLE ST,60605,,32,,Not Submitted,not_submitted,false,50000,,,,,,,,,,,,,,,,0,,,,,,
256885,2022,,740 N ABERDEEN ST,60642,,24,Multifamily Housing,Submitted Data,submitted,false,220601,2020,1,,23,8683365.7,7124466.1,0,0,,71.7,144.1,73,145.6,1522.1,6.9,1,15807832,fuel_sum,15807831.8,15817092,0.999415,true
256886,2022,,215 N PEORIA ST,60607,,28,,Exempt,exempt,true,50000,,,,,,,,,,,,,,,,,,,,,,
256887,2022,,1700 N WESTERN AVE,60647,,24,,Not Submitted,not_submitted,false,50000,,,,,,,,,,,,,,,,0,,,,,,
256888,2022,,318 N CARPENTER ST,60607,,28,Office,Submitted Data,submitted,false,104849,2019,1,,98,1669219.6,1726089.1,0,0,,32.4,61.9,32.8,61.4,311.5,3,4,3395309,fuel_sum,3395308.7,3397108,0.99947,true
256889,2022,,6314 N WINTHROP AVE,60660,,77,,Not Submitted,not_submitted,false,50000,,,,,,,,,,,,,,,,0,,,,,,
256890,2022,,455 E WATERSIDE DR,60601,,32,Multifamily Housing,Submitted Data,submitted,false,681529,2021,1,,83,13321451.2,19583790.4,0,0,,64.3,113,65.7,112.4,2794.8,5.5,4,32905242,fuel_sum,32905241.6,43822315,0.750879,false
256891,2022,,104 S LAFLIN ST,60607,,28,Multifamily Housing,Submitted Data,submitted,false,63600,2020,1,,100,456614.3,180248.7,0,0,,10,23.1,10.3,23.7,69.7,1.1,4,636863,fuel_sum,636863,636000,1.001357,true
256892,2022,,343 W SCHILLER ST,60610,,8,Multifamily Housing,Submitted Data,submitted,false,119330,2020,1,,91,3026874.3,0,0,0,,45.2,101.9,,,496.2,5.1,4,3026874,fuel_sum,3026874.3,5393716,0.561185,false
256893,2022,,211 N HARBOR DR,60601,,32,Multifamily Housing,Exempt,exempt,true,752929,2021,1,,,,,0,0,,,,,,,,,,,0,,,
256894,2022,,228 W HILL ST,60610,,8,Multifamily Housing,Submitted Data,submitted,false,635240,2021,1,,,,26799153.9,0,0,,,,,,,,0,,,26799153.9,,,
256895,2022,,3763 N SHEFFIELD AVE,60613,,,,Not Submitted,not_submitted,false,50000,,,,,,,,,,,,,,,,0,,,,,,
256897,2022,,1646 N HALSTED ST,60614,,7,,Submitted Data,submitted,false,53000,,,,,,,,,,,,,,,,0,,,,,,
256898,2022,,1520 W HARRISON ST,60607,,28,,Exempt,exempt,true,50000,,,,,,,,,,,,,,,,,,,,,,
256899,2022,,1521 N ELSTON AVE,60642,,24,,Not Submitted,not_submitted,false,50000,,,,,,,,,,,,,,,,0,,,,,,
256900,2022,,320 N SANGAMON ST,60607,,28,Office,Submitted Data,submitted,false,309985,2021,1,,,5959249.2,5548432,0,0,,37.1,72.6,36.4,69.9,1079.6,3.5,4,11507681,fuel_sum,11507681.2,11500444,1.000629,true
256901,2022,,155 W NORTH AVE,60610,,,,Not Submitted,not_submitted,false,50000,,,,,,,,,,,,,,,,0,,,,,,
256903,2022,,2310 S STATE ST,60616,,33,,Exempt,exempt,true,50000,,,,,,,,,,,,,,,,,,,,,,
256904,2022,,2344 S STATE ST,60616,,33,,Exempt,exempt,true,50000,,,,,,,,,,,,,,,,,,,,,,
256952,2022,,2100 S Morgan,60608,,31,,Not Submitted,not_submitted,false,101667,,,,,,,,,,,,,,,,0,,,,,,
256953,2022,,551 W Elm,60610,,8,,Not Submitted,not_submitted,false,76241,,,,,,,,,,,,,,,,0,,,,,,
256954,2022,,949 W. Dakin Street,,,6,Multifamily Housing,Submitted Data,submitted,false,120843,2021,1,,95,2463597.5,2993408.2,0,0,,45.2,83.1,45.3,82.1,483.5,4,4,5457006,fuel_sum,5457005.7,5462104,0.999067,true
256955,2022,,3141 N Sheffield Ave,60657,,6,Multifamily Housing,Submitted Data,submitted,false,72570,2000,1,,34,2356054.5,3132686.1,0,0,,75.6,136.2,77.4,136.5,476.7,6.6,1.5,5488741,fuel_sum,5488740.6,5486292,1.000446,true
256956,2022,,320 N Michigan Ave,60601,,32,Multifamily Housing,Submitted Data,submitted,false,95000,2000,1,,6,5888780.5,569224.8,0,0,,68,179.9,69.4,183.2,805.9,8.5,1,6458005,fuel_sum,6458005.3,6460000,0.999691,true
256957,2022,,20 E Delaware Place,,,8,,Not Submitted,not_submitted,false,50000,,,,,,,,,,,,,,,,0,,,,,,
256958,2022,,11640 S Marshfield Ave,,,75,,Not Submitted,not_submitted,false,252087,,,,,,,,,,,,,,,,0,,,,,,
256959,2022,,849 W Ohio Street,60642,,24,Multifamily Housing,Submitted Data,submitted,false,70742,2001,1,,95,1428068.1,0,0,0,,27.1,75.8,25.8,72.3,188.1,3.6,4,1428068,fuel_sum,1428068.1,1917108,0.744907,false
256960,2022,,1922 W Ogden Ave,,,28,Multifamily Housing,Submitted Data,submitted,false,258445,1964,1,,100,2627870.9,9685840.1,0,0,,49.3,70.1,50.5,71.5,860.6,3.4,4,12313711,fuel_sum,12313711,12741339,0.966438,false
256961,2022,,1201 N Clark,60610,,8,Multifamily Housing,Submitted Data,submitted,false,97632,2020,1,,90,2327482.5,2158643.1,0,0,,45.9,90,46.9,90.9,421.2,4.3,4,4486126,fuel_sum,4486125.6,4481309,1.001075,true
256962,2022,,30 E Balbo Ave,,,32,,Submitted Data,submitted,false,134308,,,,,,,,,,,,,,,,0,,,,,,
256963,2022,,4351 S Drexel Boulevard,60653,,39,,Not Submitted,not_submitted,false,62000,,,,,,,,,,,,,,,,0,,,,,,
256964,2022,,10538 S Langley Avenue,60628,,50,K-12 School,Submitted Data,submitted,false,57432,1905,2,,35,1409295.9,3576280.1,0,0,,86.8,134.1,91.2,137.9,375.6,6.5,1.5,4985576,fuel_sum,4985576,4985098,1.000096,true
256965,2022,,3436 N Osceola Avenue,60634,,17,K-12 School,Submitted Data,submitted,false,66250,1935,4,,36,1666209.3,3767970.1,0,0,,82,130.1,85.4,133.7,419.6,6.3,1.5,5434179,fuel_sum,5434179.4,5432500,1.000309,true
256966,2022,,6445 W Strong Street,60656,,10,K-12 School,Submitted Data,submitted,false,58224,1945,3,,35,1421575.7,3504259.8,0,0,,84.6,131.6,87.2,134.3,373.4,6.4,1.5,4925836,fuel_sum,4925835.5,4925750,1.000017,true
256968,2022,,4124-4132 N Kedvale Avenue,60641,,16,Multifamily Housing,Submitted Data,submitted,false,51776,1930,1,,96,518660.3,1830896.8,0,0,,45.4,65.2,46.1,65,165.6,3.2,4,2349557,fuel_sum,2349557.1,2350630,0.999544,true
256997,2022,,400 N. Aberdeen,,,,,Not Submitted,not_submitted,false,420656,,,,,,,,,,,,,,,,0,,,,,,
256998,2022,,609 W Randolph St.,,,,,Exempt,exempt,true,101000,,,,,,,,,,,,,,,,,,,,,,
256999,2022,,1935 S Wabash Ave,60616,,33,Multifamily Housing,Submitted Data,submitted,false,202904,2010,2,,29,5945526.8,10796139.7,0,0,,82.5,137.9,83.2,135.9,1356.5,6.7,1,16741667,fuel_sum,16741666.5,16739580,1.000125,true
257000,2022,,445 W Erie,60654,,8,Office,Submitted Data,submitted,false,54300,1903,1,,95,754583.6,1038414.6,0,0,,33,59,33.4,58.8,154.5,2.8,4,1792998,fuel_sum,1792998.2,1791900,1.000613,true
257001,2022,,540 W Webster,60614,,7,Multifamily Housing,Submitted Data,submitted,false,273506,2015,1,,95,4533565.2,6264130,0,0,,52.2,93.2,52.5,92.4,929.9,4.5,4,10797695,fuel_sum,10797695.2,14277013,0.756299,false
257024,2022,,1454 W Randolph,,,,,Exempt,exempt,true,256940,,,,,,,,,,,,,,,,,,,,,,
257025,2022,,700 W. Chicago Ave.,60654,,24,,Exempt,exempt,true,115000,,,,,,,,,,,,,,,,,,,,,,
257026,2022,,8747 W Bryn Mawr Ave,60631,,76,Multifamily Housing,Submitted Data,submitted,false,122400,2004,1,,92,1564596.6,5004201.9,0,0,,71.6,105,71.7,104.2,471.9,5.1,4,6568799,fuel_sum,6568798.5,8763840,0.749534,false
257027,2022,,8711 W Bryn Mawr,60631,,76,Multifamily Housing,Submitted Data,submitted,false,122400,2004,1,,95,1377478.8,4965388.4,0,0,,69.1,98.8,70.6,99.5,445.2,4.8,4,6342867,fuel_sum,6342867.2,8457840,0.749939,false
257028,2022,,8757 W Bryn Mawr,60631,,,,Not Submitted,not_submitted,false,91800,,,,,,,,,,,,,,,,0,,,,,,
257029,2022,,808 N Wells St,,,8,Multifamily Housing,Submitted Data,submitted,false,227164,2021,1,,50,8882241.7,7984423.2,0,0,,76,149.8,76.2,148,1594,7.2,2,16866665,fuel_sum,16866664.9,17264464,0.976959,true
257030,2022,,2322 S. Canal St,60609-1749,,34,,Submitted Data,submitted,false,82036,,,,,,,,,,,,,,,,0,,,,,,
257031,2022,,312 W 23rd pl,60616,,34,,Not Submitted,not_submitted,false,61800,,,,,,,,,,,,,,,,0,,,,,,
257032,2022,,3460 North Broadway Street,,,6,,Not Submitted,not_submitted,false,299622,,,,,,,,,,,,,,,,0,,,,,,
257033,2022,,8727 W Bryn Mawr Ave,60631,,76,Multifamily Housing,Submitted Data,submitted,false,122400,2004,1,,98,1312135.6,4537033.3,0,0,,63.7,91.9,64.9,92.4,413.8,4.5,4,5849169,fuel_sum,5849168.9,7796880,0.750194,false
257034,2022,,9101 S Euclid Ave,60617,,48,K-12 School,Submitted Data,submitted,false,70379,1959,3,,77,839352,2890160.1,0,0,,53,76.5,54,77.6,264.1,3.8,3.5,3729512,fuel_sum,3729512.1,3730087,0.999846,true
257035,2022,,2929 W 83rd St,60652,,70,K-12 School,Submitted Data,submitted,false,85634,1958,1,,100,628040,1180190,0,0,,21.1,35,21.8,35.7,145.4,1.7,4,1808230,fuel_sum,1808230,1806877,1.000749,true
257036,2022,,1700 West Van Buren Street,,,28,,Not Submitted,not_submitted,false,214702,,,,,,,,,,,,,,,,0,,,,,,
257037,2022,,2300 S State St,,,,,Not Submitted,not_submitted,false,,,,,,,,,,,,,,,,,0,,,,,,
257038,2022,,3001 N Southport Ave,,,6,,Exempt,exempt,true,,,,,,,,,,,,,,,,,,,,,,,
257040,2022,,77 West Huron Street,,,8,,Exempt,exempt,true,,,,,,,,,,,,,,,,,,,,,,,
257042,2022,,3516 E 118th Street,,,,,Exempt,exempt,true,3460,,,,,,,,,,,,,,,,,,,,,,
260008,2022,,2731 2739 N MILWAUKEE AVE,60647,LOGAN SQUARE,22,Multifamily Housing,Submitted Data,submitted,false,70000,1920,1,,,872974.2,2055683.2,0,0,,41.8,65.8,43.3,66.3,224.2,3.2,4,2928657,fuel_sum,2928657.4,2926000,1.000908,true
260025,2022,,4239 N OAKPARK AVE,60634,DUNNING,17,Senior Living Community,Submitted Data,submitted,false,128542,2017,1,,50,4197688.4,6326500.1,0,0,,81.9,143.1,84.1,144.6,888.9,6.9,2,10524189,fuel_sum,10524188.5,10527590,0.999677,true
260029,2022,,5724 5734 S BLACKSTONE AVE,60637,HYDE PARK,41,Multifamily Housing,Submitted Data,submitted,false,52272,1926,1,,93,304910.8,3114320.4,0,0,,65.4,78.9,69.8,83.5,205.6,3.9,4,3419231,fuel_sum,3419231.2,3418589,1.000188,true
260032,2022,,1616  E 50TH PL,60615,KENWOOD,39,Multifamily Housing,Submitted Data,submitted,false,59310,1950,1,,6,3795302.6,1538730,0,0,,89.9,206.4,89.9,206.4,581.6,9.8,1,5334033,fuel_sum,5334032.6,5331969,1.000387,true
260034,2022,,1617  E 50TH PL,60615,KENWOOD,39,Multifamily Housing,Submitted Data,submitted,false,59310,1950,1,,31,1703024.3,4468699.9,0,0,,104.1,159.5,109,163.7,461.7,7.8,1.5,6171724,fuel_sum,6171724.2,6174171,0.999604,true
260037,2022,,5222 5238 S DREXEL AVE,60615,HYDE PARK,41,Multifamily Housing,Submitted Data,submitted,false,90479,1925,1,,94,1274594.2,3433714,0,0,,52,79.3,53.6,81,350.3,3.9,4,4708308,fuel_sum,4708308.2,4704908,1.000723,true
260042,2022,McClurg Court Center,333 E Ontario St,60611,NEAR NORTH SIDE,8,Multifamily Housing,Submitted Data,submitted,false,915001,1971,2,,13,31514441,81171610.1,0,0,,137.7,212,144.3,216.3,8462.3,10.3,1,112686051,fuel_sum,112686051.1,125995638,0.894365,false
260051,2022,,3710  N PINE GROVE AVE,60613,LAKE VIEW,6,Multifamily Housing,Submitted Data,submitted,false,63900,1971,1,,89,1152877.3,3280224.8,0,0,,73.5,110.7,75.4,111.9,326.1,5.4,4,4433102,fuel_sum,4433102.1,4696650,0.943886,false
260054,2022,South Park Plaza,2600  S KING DR,60616,DOUGLAS,35,,Not Submitted,not_submitted,false,116400,,,,,,,,,,,,,,,,0,,,,,,
260060,2022,,2300 2320 N COMMONWEALTH AVE,60614,LINCOLN PARK,7,Multifamily Housing,Submitted Data,submitted,false,68974,1991,1,,97,1544473.1,1051239.8,0,0,,46.3,96.8,45.4,92.8,259.3,4.6,4,2595713,fuel_sum,2595712.9,3193496,0.812812,false
260073,2022,,920  W WILSON AVE,60640,UPTOWN,3,Multifamily Housing,Submitted Data,submitted,false,124768,1923,1,,94,2907482,7540587.2,0,0,,83.7,128.7,85,128.6,783.5,6.3,4,10448069,fuel_sum,10448069.2,10443082,1.000478,true
260074,2022,,2804  E 77TH PL,60649,SOUTH SHORE,43,Senior Living Community,Submitted Data,submitted,false,60500,2000,1,,24,1558676.6,3983899.7,0,0,,91.6,141.3,96.4,146.3,416.9,6.9,2,5542576,fuel_sum,5542576.3,5541800,1.00014,true
260077,2022,,901 905 W ARGYLE ST,60640,UPTOWN,3,Multifamily Housing,Submitted Data,submitted,false,64292,1927,1,,53,926410.9,5593009.8,0,0,,101.4,131.7,107.5,136.7,419.1,6.5,2.5,6519421,fuel_sum,6519420.7,6519209,1.000033,true
260078,2022,,1626  W 87TH ST,60620,AUBURN GRESHAM,71,,Not Submitted,not_submitted,false,74165,,,,,,,,,,,,,,,,0,,,,,,
260083,2022,Country Club Apartments,6930 6950 S SOUTH SHORE DR,60649,SOUTH SHORE,43,,Not Submitted,not_submitted,false,142961,,,,,,,,,,,,,,,,0,,,,,,
260086,2022,,5541  S EVERETT AVE,60637,HYDE PARK,41,,Not Submitted,not_submitted,false,77000,,,,,,,,,,,,,,,,0,,,,,,
260088,2022,,5839  S HARLEM AVE,60638,GARFIELD RIDGE,56,Senior Living Community,Submitted Data,submitted,false,60000,2000,1,,68,1630383.2,3388700.2,0,0,,83.7,135.4,85.5,135.5,394.7,6.6,3,5019083,fuel_sum,5019083.4,5022000,0.999419,true
260091,2022,,5550 5556 S DORCHESTER AVE,60637,HYDE PARK,41,Multifamily Housing,Submitted Data,submitted,false,82328,1948,1,,35,1643956.1,8802010.2,0,0,,128.7,170.5,135.4,177.6,684,8.4,2.5,10445966,fuel_sum,10445966.3,10595614,0.985876,true
260093,2022,,5514 5524 S BLACKSTONE AVE,60637,HYDE PARK,41,Multifamily Housing,Submitted Data,submitted,false,72940,1913,1,,54,718492,6246698.4,0,0,,95.5,117.5,99.7,121.2,426.4,5.8,2.5,6965190,fuel_sum,6965190.4,6965770,0.999917,true
260101,2022,,4747 S DR MARTIN LUTHER KING JR DR,60615,GRAND BOULEVARD,38,,Submitted Data,submitted,false,245150,,,,,,,,,,,,,,,,0,,,,,,
260104,2022,,5101 5113 S INGLESIDE AVE,60615,HYDE PARK,41,Multifamily Housing,Submitted Data,submitted,false,64440,1915,1,,90,341704.9,3920140.8,0,0,,66.1,78.7,68.9,81.6,253.2,3.9,4,4261846,fuel_sum,4261845.7,4259484,1.000555,true
260116,2022,,3812  S MICHIGAN AVE,60653,DOUGLAS,35,,Submitted Data,submitted,false,71987,,,,,,,,,,,,,,,,0,,,,,,
260118,2022,,440 442 W BARRY AVE,60657,LAKE VIEW,6,Multifamily Housing,Submitted Data,submitted,false,66754,1929,1,,93,669935.5,3679236,0,0,,65.2,86,69.1,89,283.7,4.2,4,4349172,fuel_sum,4349171.5,4352361,0.999267,true
260123,2022,,5355 5371 N DELPHIA AVE,60656,OHARE,76,,Not Submitted,not_submitted,false,110000,,,,,,,,,,,,,,,,0,,,,,,
260127,2022,The Gage Commericial Condominium Building,18 28 S Michigan Ave,60603,LOOP,32,College/University,Submitted Data,submitted,false,209399,1899,1,,,7924051.9,3717569.9,0,0,,55.6,124.6,54.9,120.4,1241.2,5.9,4,11641622,fuel_sum,11641621.8,11642584,0.999917,true
260129,2022,"Chicago Journeymen Plumbers' Local 130, U.A.",1340 W Washington Blvd,60607,NEAR WEST SIDE,28,Office,Submitted Data,submitted,false,159626,1925,1,,,2750911.1,3444364.9,0,0,,121.2,221.4,124.5,220.7,545.3,10.7,1,6195276,fuel_sum,6195276,19346671,0.320224,false
260132,2022,Q11970,2401 W Grace St,60618,NORTH CENTER,5,Office,Submitted Data,submitted,false,93089,2000,1,,68,4204386.8,2280683.7,0,0,,69.7,152.2,70.1,151.4,674.9,7.3,3,6485071,fuel_sum,6485070.5,6488303,0.999502,true
260135,2022,,309  W 23RD ST,60616,ARMOUR SQUARE,34,,Submitted Data,submitted,false,73210,,,,,,,,,,,,,,,,0,,,,,,
260149,2022,Riverside Square and River's Edge - Chicago,3145 S Ashland Ave,60608,MCKINLEY PARK,59,,Submitted Data,submitted,false,74495,,,,,,,,,,,,,,,,0,,,,,,
260184,2022,,2728 N HAMPDEN CT,60614,LINCOLN PARK,7,Multifamily Housing,Submitted Data,submitted,false,170000,1970,1,,45,3070202.6,12991299.7,0,0,,114.7,158.8,109.9,152.7,1094.4,7.8,2,16061502,fuel_sum,16061502.3,19499000,0.823709,false
