{"type":"Topology","arcs":[[[58445,68907],[-22,10],[5,7],[-24,-1],[0,12],[19,1],[-2,39],[23,1],[-1,7],[-13,-1],[-2,32],[2,0],[-3,73],[-11,0],[-2,50],[5,1],[2,8],[-3,0],[-4,106],[3,0],[0,8],[43,1],[1,-9],[6,0],[0,-4],[10,0],[0,12],[62,2],[1,-10],[6,0],[0,9],[20,1],[2,-30],[-7,0],[1,-27],[62,1],[1,-22],[-83,-2],[3,-93],[-3,0],[1,-19],[40,2],[4,-16],[-2,-19],[12,-1],[0,-42],[-39,0],[1,-11],[85,2],[2,-74],[-195,-2],[-3,1],[-3,-3]],[[58261,67836],[175,5],[5,-112],[-235,-6],[-4,112],[59,1]],[[72240,60875],[95,1],[1,-37],[-94,-1],[-2,37]],[[70345,58234],[-317,-7],[-5,114],[319,5],[3,-112]],[[87520,31068],[-1,14],[0,32],[30,0],[0,-11],[13,1],[0,2],[30,1],[0,-2],[7,0],[-1,11],[33,1],[2,-34],[0,-13],[-34,-1],[0,11],[-7,0],[0,-1],[-30,-1],[0,3],[-12,0],[1,-12],[-31,-1]],[[55255,54968],[-3,75],[14,1],[0,10],[-31,-1],[0,-9],[-60,-1],[3,-68],[-45,0],[-6,149],[2,0],[0,8],[41,1],[-1,19],[67,2],[1,-31],[40,1],[0,-5],[36,0],[108,20],[0,-1],[16,1],[1,-35],[-13,0],[12,-38],[-23,-4],[3,-16],[26,1],[1,-30],[-12,0],[0,-7],[-177,-42]],[[74292,63266],[-1,73]],[[74291,63339],[93,1],[2,-124],[-92,-1],[-2,51]],[[76108,14928],[-5,-40],[-106,17],[-50,-2],[-1,111],[48,0],[5,-67],[109,-19]],[[74894,38741],[3,2],[24,1],[3,-3],[0,-5],[-3,-2],[0,-9],[-33,-1],[-1,5],[-7,0],[0,-5],[-28,0],[-1,16],[43,1]],[[74797,38855],[3,-96],[-25,-1],[-3,97],[25,0]],[[74807,38855],[24,1],[3,-96],[-23,0],[-4,95]],[[74887,38762],[-23,-1],[-3,95],[23,1],[3,-95]],[[74923,38763],[-25,0],[-3,94],[25,1],[3,-95]],[[41141,81545],[-2,36],[45,1],[1,-3],[14,1],[0,9],[-3,0],[-1,25],[3,0],[0,9],[-16,0],[0,-2],[-38,0],[-1,36],[38,1],[0,-2],[15,1],[0,9],[-4,0],[-1,24],[4,0],[0,9],[-16,0],[0,-2],[-44,-1],[-2,36],[114,3],[2,-38],[-19,-1],[0,2],[-10,0],[0,-7],[3,0],[1,-25],[-3,0],[0,-7],[14,1],[0,3],[16,0],[2,-43],[-15,-1],[0,3],[-15,0],[0,-7],[2,0],[1,-25],[-2,0],[0,-7],[10,0],[0,2],[20,1],[1,-39],[-114,-2]],[[62206,35342],[-3,78],[9,0],[-3,88],[-11,0],[-3,104],[10,0],[-3,88],[-10,0],[-1,36],[106,2],[0,-15],[-14,-1],[1,-18],[-4,0],[0,-9],[-9,0],[2,-66],[44,1],[-5,150],[45,0],[0,-5],[37,0],[-1,7],[44,0],[1,-50],[6,0],[1,-32],[-42,0],[0,4],[-17,-1],[-1,-2],[2,-86],[8,0],[1,-10],[6,0],[3,-81],[-6,0],[0,-11],[-7,0],[3,-87],[3,-1],[16,0],[-1,4],[43,1],[1,-32],[-6,0],[2,-50],[-125,-3],[-5,150],[-45,0],[3,-73],[14,0],[2,-37],[-4,0],[1,-41],[-88,-2]],[[75577,66804],[-1,26],[-9,0],[-1,24],[9,0],[-1,25],[61,1],[1,-25],[9,0],[1,-23],[-9,0],[0,-27],[-60,-1]],[[56186,77591],[45,1],[4,-90],[-26,-1],[-9,8],[0,10],[-11,1],[-3,71]],[[57297,32231],[0,28],[96,1],[0,-9],[6,0],[0,-11],[-6,0],[0,-8],[-96,-1]],[[50290,64503],[0,18],[3,0],[-2,75],[-5,0],[0,30],[121,1],[0,-10],[3,0],[0,-9],[-3,0],[1,-15],[3,0],[0,-10],[-3,0],[0,-11],[3,0],[1,-10],[-3,0],[0,-10],[3,0],[0,-9],[-2,0],[0,-16],[3,0],[1,-22],[-52,-1],[-1,22],[3,0],[-1,17],[-3,2],[0,4],[3,2],[-1,11],[-3,3],[0,4],[3,2],[0,22],[-4,2],[0,5],[3,2],[0,5],[-8,0],[-4,-2],[-18,0],[-2,1],[-9,0],[0,-4],[4,-2],[0,-5],[-3,-2],[0,-6],[4,-3],[0,-4],[-3,-3],[0,-8],[3,-2],[1,-5],[-4,-3],[0,-5],[4,-3],[0,-4],[-3,-2],[0,-9],[3,-3],[1,-4],[-3,-2],[0,-4],[3,-2],[0,-18],[-37,0]],[[45126,28014],[-6,134],[-11,0],[-2,48],[10,1],[-4,95],[-238,-6],[-55,21],[-2,43],[-86,-2],[1,-8],[-108,-3],[0,9],[-66,-2],[-5,112],[-3,0],[-1,19],[4,0],[-9,183],[-4,-1],[-1,20],[4,1],[-3,64],[300,8],[0,3],[25,0],[1,-3],[44,2],[4,-102],[42,-30],[340,9],[-1,11],[21,1],[1,-12],[187,5],[-1,24],[69,2],[1,-24],[152,4],[-1,21],[122,3],[0,6],[20,1],[0,-6],[154,4],[1,-24],[10,0],[3,-63],[-9,0],[1,-23],[71,2],[7,-156],[-73,-2],[1,-22],[11,1],[3,-65],[-9,0],[1,-23],[-150,-4],[1,-8],[-76,-2],[-35,-1],[0,8],[-300,-8],[-9,-7],[9,-7],[-13,-10],[-9,6],[-8,-6],[3,-68],[9,0],[1,-13],[-10,0],[6,-145],[-80,-3],[0,-6],[-42,-1],[0,7],[-110,-3],[0,-8],[-100,-1]],[[48998,28723],[0,8],[-38,-1],[-5,111],[37,1],[0,7],[22,1],[0,-7],[35,1],[6,-111],[-39,-1],[1,-8],[-19,-1]],[[58853,27393],[-2,31],[77,2],[-2,43],[-8,0],[-2,53],[-18,0],[-1,13],[-9,0],[-8,1],[-8,2],[-13,8],[-8,10],[-3,13],[0,6],[3,6],[9,10],[13,7],[8,3],[13,1],[0,12],[20,0],[-7,159],[26,1],[-3,52],[29,0],[1,-37],[231,5],[-1,20],[35,1],[-1,18],[6,4],[4,0],[4,-1],[5,-3],[1,-17],[132,3],[1,-24],[6,0],[2,-36],[-6,0],[1,-23],[-141,-4],[0,-4],[9,0],[7,-187],[34,1],[4,-93],[-246,-6],[-1,29],[-102,-2],[2,-75],[-93,-2]],[[58982,27640],[220,5],[-3,88],[-12,-1],[-1,20],[-208,-4],[4,-108]],[[58987,27535],[219,5],[-1,44],[-220,-5],[2,-44]],[[49528,26429],[-1,19],[-67,-1],[0,-13],[-41,-1],[0,14],[-13,-1],[-2,35],[-14,0],[-2,65],[15,0],[0,8],[-2,0],[0,19],[124,2],[-3,84],[-152,-3],[-1,47],[148,3],[0,11],[150,3],[1,-11],[81,2],[3,-111],[80,2],[2,-63],[26,1],[0,-10],[-24,0],[4,-94],[-312,-7]],[[49588,26578],[43,1],[-1,20],[108,2],[-2,53],[-81,-2],[-1,10],[-69,-2],[3,-82]],[[48987,9328],[-10,-2],[-5,6],[-45,-19],[-43,49],[8,5],[-42,48],[45,21],[-25,32],[-102,-48],[8,-9],[35,14],[37,-41],[-34,-16],[-5,3],[-34,-15],[2,-4],[-50,-24],[-37,48],[-29,-13],[20,-26],[-35,-15],[-22,24],[-20,-8],[-9,10],[-60,-34],[-21,27],[57,27],[-24,29],[-15,-9],[-84,102],[39,16],[-13,19],[72,32],[17,-19],[-35,-19],[87,-109],[38,14],[9,-10],[42,19],[-9,9],[-19,-6],[-32,39],[10,5],[-80,100],[62,27],[89,-107],[-30,-12],[23,-24],[97,46],[-23,23],[-25,-12],[-36,43],[-11,-3],[-40,41],[49,24],[17,-22],[7,3],[19,-21],[139,65],[36,-44],[-121,-58],[20,-25],[47,20],[37,-44],[-43,-22],[26,-35],[147,67],[19,-20],[38,16],[-27,34],[35,16],[-7,8],[60,28],[86,-108],[-76,-32],[21,-29],[-21,-11],[-25,26],[-34,-12],[18,-20],[-108,-50],[20,-28],[-52,-24],[-20,24]],[[48976,9642],[31,-39],[-26,-13],[-31,39],[26,13]],[[49422,9802],[4,-88],[7,0],[1,-17],[-7,1],[3,-53],[-43,-1],[-7,158],[42,0]],[[64204,11210],[-70,24],[3,6],[-49,17],[-4,-5],[-54,19],[21,35],[-6,2],[2,5],[6,-3],[22,36],[77,-27],[25,41],[-10,3],[-10,-18],[-68,24],[96,160],[-39,14],[14,23],[8,-2],[76,128],[66,-23],[-15,-25],[-7,2],[-50,-83],[84,-28],[21,36],[-20,8],[6,11],[-39,14],[34,57],[47,-17],[-13,-22],[122,-42],[-80,-134],[-152,53],[-48,-78],[27,-10],[13,22],[82,-28],[-54,-89],[-82,29],[-18,-31],[81,-29],[-21,-35],[7,-2],[-3,-5],[-7,2],[-21,-35]],[[75155,66790],[-8,1],[-14,4],[-10,8],[-7,10],[-54,0],[1,-8],[-263,-6],[-5,128],[262,6],[5,-104],[44,2],[10,4],[17,12],[8,3],[15,2],[15,-2],[7,-3],[7,-4],[8,-10],[3,-12],[-3,-12],[-4,-6],[-5,-4],[-13,-7],[-16,-2]],[[72547,67684],[-10,232],[19,1],[-1,10],[79,2],[1,-14],[43,1],[0,-21],[4,1],[0,-13],[-3,0],[1,-19],[-17,-1],[2,-55],[22,1],[5,-122],[-145,-3]],[[59058,67844],[92,3],[6,-3],[2,-2],[3,-72],[-5,-7],[30,1],[33,25],[-7,11],[-1,5],[-14,0],[-1,7],[2,7],[7,13],[12,10],[7,3],[9,3],[19,3],[18,-3],[16,-6],[7,-5],[10,-12],[3,-6],[1,-15],[-6,-14],[-10,-11],[-15,-7],[-11,-3],[-4,10],[-15,-1],[-16,5],[-36,-29],[0,-2],[27,0],[4,-3],[4,-76],[-2,-2],[-2,-1],[-98,-3],[-3,0],[-3,4],[-1,12],[-95,-2],[1,-12],[-1,-3],[-5,-1],[-5,2],[-1,11],[-157,-3],[-15,4],[-13,8],[-8,11],[-2,9],[0,7],[6,12],[11,10],[14,6],[8,1],[88,4],[-1,29],[-99,-2],[-4,2],[-2,2],[-1,48],[3,4],[120,5],[1,7],[16,1],[7,-3],[2,-2],[1,-10],[10,0],[0,8],[41,1],[3,-2],[1,-11],[7,1],[0,15],[7,4]],[[74925,67157],[1,-50]],[[74926,67107],[-27,-1],[1,-10],[-47,-1],[-1,10],[-95,-2],[0,-9],[-45,0],[-2,58],[46,1],[0,-2],[95,2],[0,2],[74,2]],[[75005,66269],[3,0],[0,8],[123,3],[0,-6],[3,0],[3,-88],[-127,-2],[-5,85]],[[75122,67115],[94,3],[3,-76],[-10,0],[11,-10],[0,-12],[-12,-9],[-25,-1],[-12,8],[-50,-1],[-1,33],[5,0],[-3,65]],[[85973,38933],[0,6],[-3,0],[-1,20],[115,2],[6,3],[3,0],[0,16],[-8,0],[-9,3],[-75,-2],[0,2],[-33,-1],[-1,18],[4,0],[0,9],[35,0],[0,-2],[104,2],[2,-72],[-110,-2],[0,-1],[-29,-1]],[[73207,66315],[-3,75],[29,1],[2,-57],[36,1],[-1,11],[30,0],[-2,37],[29,0],[1,-45],[12,1],[1,-21],[-134,-3]],[[60044,95619],[-1,3],[-9,0],[-1,18],[4,0],[-1,8],[40,1],[0,1],[15,1],[0,-6],[31,1],[-1,2],[-4,0],[0,6],[11,0],[0,3],[-95,-2],[0,11],[6,0],[-1,7],[-6,0],[0,19],[19,1],[2,-3],[33,1],[3,-2],[11,0],[3,3],[18,1],[3,-3],[27,1],[3,-69],[-14,0],[0,2],[-10,0],[0,-3],[-13,0],[0,2],[-20,-1],[0,-1],[-13,-1],[0,2],[-5,0],[0,-2],[-14,0],[0,2],[-10,0],[0,-3],[-11,0]],[[60073,95666],[8,1],[0,4],[-8,0],[0,-5]],[[60115,95667],[0,4],[-7,0],[1,-4],[6,0]],[[79737,43747],[-2,70],[64,1],[0,-2],[196,3],[0,1],[25,1],[-1,-15],[-4,-4],[-15,0],[-4,-3],[-18,0],[0,-2],[-13,0],[0,2],[-48,-1],[0,-4],[-25,0],[-1,2],[-31,-1],[0,-2],[-24,0],[0,2],[-21,-1],[0,-2],[-36,0],[1,-23],[10,0],[0,2],[25,0],[0,-2],[21,0],[0,3],[25,1],[0,-4],[32,1],[0,2],[24,0],[0,-3],[49,1],[0,2],[13,0],[0,-2],[17,0],[3,-2],[16,0],[6,-3],[2,-16],[-27,0],[0,2],[-259,-4]],[[76088,41547],[-1,8],[-130,-3],[-1,31],[129,3],[0,10],[20,1],[2,-49],[-19,-1]],[[72385,35487],[-2,40],[-25,-1],[0,-5],[-218,-5],[-7,190],[222,4],[0,10],[41,1],[1,-16],[93,2],[7,-178],[-26,0],[2,-40],[-88,-2]],[[67717,25718],[0,14],[-8,-1],[-2,57],[-13,-1],[-10,282],[13,1],[-3,56],[7,0],[0,14],[89,2],[0,4],[18,0],[0,-4],[78,2],[0,-16],[14,0],[3,-1],[140,2],[2,-52],[-9,0],[0,-11],[-3,0],[6,-161],[-71,-1],[-2,59],[54,2],[-1,12],[-54,-1],[-3,89],[-53,-1],[0,-21],[-138,-3],[0,20],[-16,0],[3,-88],[4,0],[0,-11],[-3,0],[1,-18],[8,0],[1,-26],[-9,0],[0,-19],[4,1],[1,-12],[-4,0],[3,-88],[12,0],[-1,21],[116,3],[1,-31],[165,3],[2,-52],[-163,-4],[-4,-2],[-11,0],[0,-16],[-164,-3]],[[52542,53195],[0,2],[-3,0],[-2,47],[-3,0],[-1,12],[3,0],[-3,90],[-4,0],[-1,26],[14,0],[-4,87],[-22,0],[-6,155],[26,1],[0,8],[20,0],[1,-8],[125,2],[0,9],[19,0],[1,-9],[26,1],[6,-155],[-147,-3],[3,-87],[11,0],[3,-97],[66,1],[-3,69],[52,1],[3,-60],[45,1],[2,-42],[-3,0],[2,-45],[-46,-2],[0,3],[-65,-2],[0,-3],[-33,-1],[0,3],[-66,-1],[0,-2],[-16,-1]],[[63517,96806],[-1,23],[10,0],[3,-1],[0,-2],[8,0],[-1,11],[2,2],[0,7],[-2,1],[0,6],[-2,2],[0,5],[2,2],[0,3],[-4,3],[0,5],[-2,0],[-3,11],[2,2],[-2,2],[0,6],[2,2],[-1,29],[2,2],[46,2],[4,-2],[2,-19],[-2,0],[1,-10],[2,-3],[1,-5],[-2,-2],[1,-4],[-1,-10],[-2,0],[0,-5],[-2,-2],[0,-4],[2,-1],[0,-5],[-2,-2],[1,-7],[-2,-1],[0,-7],[2,-2],[1,-11],[8,1],[0,1],[4,2],[21,0],[3,-3],[9,1],[-1,10],[2,2],[0,6],[-2,2],[0,7],[-3,1],[0,5],[2,2],[0,4],[-3,2],[0,4],[-2,0],[0,6],[-3,2],[0,4],[2,2],[-2,2],[0,6],[2,2],[0,10],[-2,0],[1,19],[3,3],[46,1],[3,-3],[0,-8],[1,0],[0,-21],[2,-2],[1,-5],[-2,-1],[0,-3],[2,-4],[-2,-3],[-2,-10],[-2,-2],[0,-4],[2,-2],[0,-5],[-1,-1],[0,-7],[-3,-2],[1,-7],[3,-2],[0,-10],[7,0],[0,2],[3,2],[9,0],[2,-2],[1,-21],[-173,-4]],[[49705,34855],[-3,83],[-8,0],[-1,31],[47,1],[0,3],[135,3],[2,-58],[108,2],[0,14],[-54,-1],[-2,41],[54,1],[0,14],[-92,-2],[-1,48],[14,1],[-1,4],[150,3],[0,-4],[17,0],[0,4],[90,2],[1,-18],[3,0],[0,-12],[-17,-1],[4,-112],[18,1],[1,-13],[-3,0],[0,-18],[-47,-1],[0,-7],[-27,-1],[-1,8],[-47,-1],[0,-11],[-148,-3],[-1,5],[-80,-1],[0,-3],[-111,-2]],[[50030,34900],[66,2],[-1,21],[-66,-1],[1,-22]],[[52559,58971],[-1,8]],[[52558,58979],[84,2],[-1,28],[96,1],[-2,49],[12,0],[2,-49],[13,1],[5,-159],[-121,-3],[-4,124],[-83,-2]],[[52559,58971],[5,-149],[2,0],[2,-57],[-247,-4],[-31,3],[-1,55],[10,0],[0,3],[3,0],[0,14],[-6,0],[0,14],[184,4],[-2,59],[-13,-1],[0,13],[13,1],[0,5],[-54,0],[-1,8],[54,0],[-1,54],[82,1],[0,-15]],[[71143,31488],[0,2],[-12,-1],[-4,79],[95,3],[0,-10],[2,0],[1,-18],[-2,0],[0,-9],[-46,-1],[2,-43],[-13,0],[0,-1],[-23,-1]],[[70794,59267],[-6,122],[15,0],[-6,131],[-15,0],[-4,122],[220,6],[15,-376],[-219,-5]],[[70429,60712],[-6,203],[132,0],[2,-201],[-128,-2]],[[70392,59300],[-6,155],[291,7],[6,-155],[-291,-7]],[[68994,67012],[158,76],[462,-551],[10,-297],[-139,-2],[-12,45],[-24,114],[-83,75],[-261,293],[-77,123],[22,9],[-56,115]],[[61383,61778],[-1,5],[-53,-1],[-1,12],[-24,-1],[-1,19],[-16,-1],[-2,49],[5,0],[-6,12],[-7,21],[-8,0],[-3,61],[8,0],[5,22],[6,12],[-5,-1],[-3,50],[17,0],[-1,19],[25,1],[0,11],[53,2],[0,5],[300,7],[0,-6],[55,1],[0,-11],[25,0],[1,-19],[15,1],[3,-51],[-7,3],[7,-13],[6,-22],[10,0],[2,-60],[-10,0],[-1,-11],[-2,-8],[-9,-14],[8,0],[1,-49],[-14,-1],[0,-19],[-26,-1],[1,-11],[-53,-1],[-1,-6],[-299,-6]],[[62674,60361],[5,0],[0,23],[19,0],[-1,30],[20,-7],[8,-9],[4,-8],[2,-8],[27,0],[-2,28],[83,1],[0,-15],[213,5],[2,-34],[12,-1],[2,-13],[20,-3],[2,-29],[-19,0],[0,-19],[-14,0],[3,-35],[-22,0],[6,-116],[28,1],[0,-9],[-40,0],[-5,4],[0,4],[-1,0],[0,7],[1,0],[-5,108],[-177,-4],[0,-26],[-89,0],[2,-16],[93,-68],[0,-3],[-18,-1],[-3,2],[-18,5],[-20,1],[-27,-4],[-8,-3],[-2,-2],[-20,-1],[1,3],[11,10],[0,10],[-58,38],[-2,58],[-9,0],[-4,96]],[[62486,97721],[-1,18],[2,1],[-2,58],[-3,-1],[-2,22],[48,1],[1,-20],[-6,-1],[4,-69],[4,1],[0,-9],[-45,-1]],[[70652,34226],[-7,175],[60,1],[7,-175],[-60,-1]],[[62053,97887],[-1,4],[-4,0],[0,-3],[-3,-1],[-7,0],[-2,2],[-1,18],[5,1],[0,4],[3,0],[-5,58],[-6,0],[-1,17],[63,3],[1,-17],[-9,-1],[5,-63],[7,0],[1,-18],[-4,-3],[-6,0],[-3,1],[0,4],[-8,0],[1,-5],[-26,-1]],[[59471,97762],[-22,0],[0,3],[-22,0],[1,26],[21,0],[0,7],[-22,0],[0,27],[22,0],[0,6],[-22,0],[0,11],[-9,0],[0,-70],[-19,0],[0,3],[-51,1],[0,-4],[-19,0],[1,89],[29,0],[-1,-61],[29,0],[1,62],[84,-1],[0,-7],[2,0],[-2,-33],[2,0],[0,-19],[-2,0],[0,-14],[2,0],[-1,-18],[-2,0],[0,-8]],[[79058,47434],[-74,-25],[-61,154],[65,19],[70,-148]],[[76735,40845],[-2,37],[109,3],[1,-38],[-108,-2]],[[59902,57819],[1,101],[130,5],[0,38],[-94,7],[-4,75],[72,8],[-1,-2],[47,4],[52,1],[99,1],[69,-7],[3,-27],[-12,-8],[1,-16],[34,0],[1,-23],[-47,-6],[-107,-7],[0,-38],[95,0],[4,-99],[-343,-7]],[[53028,61303],[0,4],[-150,-2],[-1,25],[-5,0],[0,6],[-23,0],[-2,4],[-45,0],[-1,29],[-55,0],[0,17],[-18,-1],[0,12],[-50,-1],[-3,78],[12,0],[-3,69],[26,1],[0,-6],[48,1],[0,6],[27,0],[0,-5],[25,0],[0,19],[210,4],[-1,10],[79,1],[9,-270],[-79,-1]],[[52872,61343],[33,1],[0,12],[91,1],[-3,117],[-66,-2],[2,-32],[-59,0],[-1,32],[-28,-1],[2,-46],[90,1],[0,-31],[-51,-1],[3,-29],[-28,0],[15,-22]],[[54583,59095],[-2,75],[-4,0],[-1,24],[4,0],[-2,74],[59,1],[0,-2],[137,2],[0,1],[47,1],[0,-1],[124,2],[0,3],[73,1],[1,-57],[52,1],[3,-115],[-156,-2],[-3,101],[12,0],[-1,15],[-254,-4],[0,-14],[12,0],[3,-102],[-45,0],[0,-3],[-59,-1]],[[65902,90113],[85,3],[3,-84],[-17,-1],[0,-1],[-14,-1],[0,2],[-4,0],[0,-1],[-14,-1],[0,1],[-35,0],[0,-1],[-14,-1],[0,1],[-2,0],[-1,17],[-1,-1],[-1,11],[1,21],[-2,0],[0,36],[16,0]],[[79970,43540],[-3,85],[57,1],[3,-84],[-57,-2]],[[88965,32268],[0,8],[-7,-1],[-4,3],[0,5],[2,3],[7,-1],[0,5],[-5,0],[-4,2],[0,5],[2,3],[6,0],[1,7],[-6,0],[-3,2],[-1,6],[4,3],[5,0],[0,8],[-6,0],[-3,2],[-1,6],[4,3],[6,0],[0,6],[-7,0],[-3,1],[0,8],[3,1],[6,0],[-1,18],[-5,-1],[-3,1],[0,7],[2,2],[5,0],[0,8],[-6,-1],[-2,2],[-1,6],[2,2],[7,1],[0,4],[-6,0],[-3,2],[-1,6],[9,2],[0,6],[-6,0],[-3,2],[-1,7],[3,2],[71,2],[5,-4],[0,-6],[7,-1],[0,4],[1,0],[1,4],[3,3],[9,0],[3,-3],[1,-5],[7,0],[-1,6],[4,2],[8,0],[2,-1],[1,-5],[2,0],[0,4],[4,3],[7,-1],[3,-2],[1,-4],[7,0],[0,5],[2,1],[9,0],[2,-2],[1,-53],[-3,0],[-1,-7],[-25,0],[0,31],[-13,0],[0,-30],[-32,0],[-1,35],[-21,0],[0,-3],[-19,0],[0,-2],[-6,0],[-1,-7],[19,0],[-1,-4],[17,0],[1,-20],[-29,1],[1,-5],[-13,0],[0,-7],[11,1],[0,-4],[9,0],[4,2],[15,1],[1,-5],[7,0],[1,-24],[-7,0],[0,-5],[-15,0],[-4,3],[-11,0],[1,-5],[-11,0],[0,-3],[9,0],[0,-5],[41,1],[0,-22],[-22,0],[0,1],[-11,0],[0,-2],[-8,0],[0,-8],[14,0],[0,-1],[31,1],[1,-13],[-33,1],[0,-4],[-42,0]],[[30033,72120],[0,2],[-24,-1],[-55,40],[-3,88],[-1,0],[14,11],[-33,24],[41,33],[32,-24],[41,33],[-7,130],[87,1],[4,-102],[21,0],[-1,42],[149,3],[1,-39],[-104,-2],[1,-31],[14,0],[2,-46],[54,1],[0,6],[19,0],[1,-16],[193,6],[3,-71],[-171,-6],[-6,7],[-17,0],[1,-16],[-20,-1],[-1,6],[-20,0],[0,-6],[-20,-1],[-1,6],[-11,0],[-1,34],[-44,0],[-5,-5],[9,-5],[-31,-25],[-8,6],[-56,-45],[8,-5],[-30,-25],[-9,6],[-16,-13]],[[76115,54829],[0,11],[36,1],[-4,112],[193,3],[-1,50],[20,0],[1,13],[24,0],[7,-7],[17,-36],[6,2],[6,-10],[-39,-10],[115,-261],[5,-44],[-344,-10],[-6,186],[-36,0]],[[74540,41466],[0,4],[-28,-1],[-1,21],[-3,0],[-3,86],[3,0],[-1,22],[-4,0],[-1,13],[18,0],[-5,139],[-15,-1],[-1,35],[-2,0],[-3,85],[4,1],[0,21],[20,0],[0,3],[49,1],[0,-2],[20,0],[0,-2],[21,0],[0,3],[44,0],[1,-41],[6,0],[1,-45],[35,0],[1,-22],[14,0],[-2,37],[71,2],[0,-15],[22,0],[11,-341],[-140,-2],[-3,69],[73,1],[-3,66],[-15,0],[1,-21],[-105,-1],[0,19],[-11,0],[1,-43],[35,1],[2,-87],[-28,0],[0,-3],[-79,-2]],[[74740,41628],[7,1],[-1,22],[-6,-1],[-3,69],[7,0],[-1,17],[-163,-4],[0,-17],[8,0],[1,-67],[-6,0],[1,-17],[155,3],[1,-6]],[[67104,84939],[-2,46],[232,5],[2,-46],[-232,-5]],[[82759,28171],[0,-19],[-6,1],[6,-130],[4,-1],[-1,-25],[-4,-1],[-1,-5],[-14,-1],[-2,4],[-12,-1],[-2,-2],[-18,0],[0,1],[-5,1],[0,9],[-1,1],[-1,19],[3,0],[-5,129],[-2,0],[-1,20],[26,1],[0,5],[29,0],[7,-6]],[[66914,86791],[-1,19],[8,0],[-2,60],[-6,-1],[-1,15],[45,1],[1,-14],[-7,0],[3,-62],[7,0],[1,-16],[-48,-2]],[[47018,77735],[0,10],[-17,0],[0,9],[-12,0],[0,-9],[-78,-1],[1,-4],[-35,0],[-4,3],[-72,-1],[-2,83],[79,1],[1,-22],[37,0],[-1,23],[189,3],[1,-41],[8,0],[1,-22],[-8,0],[0,-21],[-64,-1],[0,-10],[-24,0]],[[76517,47336],[-2,48],[110,2],[1,-48],[-109,-2]],[[67676,55035],[3,-48],[120,0],[1,-39],[-183,-6],[-2,37],[6,1],[-1,40],[3,0],[0,8],[22,0],[0,7],[31,0]],[[55186,79618],[-6,10],[-21,-1],[-2,62],[65,30],[-12,17],[-3,-1],[-6,8],[2,1],[-5,7],[-42,-20],[-27,35],[20,9],[-34,41],[48,22],[2,13],[-3,0],[-1,9],[4,0],[-1,13],[-18,-9],[-34,42],[20,9],[-1,21],[-21,0],[-1,43],[-2,0],[-1,13],[3,0],[-2,42],[6,0],[-1,29],[-10,0],[-1,13],[2,0],[-2,49],[-2,0],[0,12],[6,0],[-1,20],[6,0],[0,26],[-7,0],[-2,47],[30,0],[0,4],[24,1],[1,-4],[18,0],[0,7],[20,1],[1,-7],[18,0],[0,4],[25,1],[0,-4],[30,1],[1,-22],[7,0],[0,-4],[-2,0],[0,-7],[-19,0],[0,-18],[-15,-1],[0,-7],[-25,0],[0,7],[-25,-1],[1,-22],[121,3],[2,-58],[8,-30],[2,-45],[-33,-1],[-21,-9],[-127,-4],[3,-67],[3,-3],[149,70],[12,-15],[9,4],[39,-47],[2,-61],[-16,-8],[7,-9],[-9,-5],[6,-7],[-128,-60],[14,-16],[72,33],[27,-34],[-71,-33],[16,-21],[21,11],[-4,6],[45,22],[54,-68],[8,4],[18,-22],[-54,-25],[-1,2],[-21,-10],[1,-2],[-9,-5],[-2,2],[-20,-9],[2,-4],[-16,-3],[-10,-9],[-49,34],[5,6],[-23,6],[2,-43],[-27,-1],[1,-5],[-13,-5]],[[55181,79847],[143,66],[13,-17],[11,5],[-2,53],[-2,3],[-165,-76],[2,-34]],[[55308,79660],[44,21],[-47,60],[-59,-27],[15,-18],[3,1],[6,-8],[-3,-2],[4,-5],[19,4],[2,-7],[5,0],[11,-19]],[[81704,40930],[-30,-2],[2,5],[-6,0],[0,1],[-22,0],[0,3],[-7,0],[0,-3],[-50,-1],[-1,18],[-25,-1],[-5,111],[15,1],[0,-3],[24,1],[0,2],[13,1],[1,-8],[2,0],[1,-11],[-2,0],[0,-16],[-7,0],[0,-7],[-6,-2],[1,-12],[5,0],[1,-10],[-5,-1],[1,-24],[5,1],[0,-11],[-8,0],[1,-5],[18,0],[0,2],[28,1],[0,-2],[17,0],[0,5],[-5,0],[0,11],[4,0],[-1,23],[-4,0],[-1,11],[6,0],[-1,12],[-5,3],[0,5],[-8,0],[-1,17],[-3,0],[0,10],[4,0],[-1,8],[14,0],[0,-2],[24,0],[0,3],[15,0],[0,-8],[4,0],[0,-11],[-4,0],[0,-14],[5,0],[0,-10],[-5,0],[1,-12],[4,0],[1,-10],[-5,0],[1,-25],[5,0],[0,-11],[-5,0],[1,-19],[4,0],[1,-11],[-6,0],[0,-3]],[[54121,79130],[-2,53],[-2,0],[-1,27],[97,2],[9,-13],[86,2],[33,30],[-3,55],[-9,5],[-4,82],[-11,15],[-5,113],[13,10],[38,1],[0,-2],[41,1],[14,-11],[5,-102],[-10,0],[0,-11],[10,0],[7,-147],[-10,-1],[1,-14],[9,1],[4,-88],[-189,-5],[0,7],[-19,0],[1,-7],[-103,-3]],[[66288,84874],[-2,108],[57,1],[2,-109],[-57,0]],[[66877,62336],[-102,-3],[-3,98],[98,1],[7,-96]],[[42472,74970],[-46,-1],[-14,153],[54,1],[6,-153]],[[34225,78292],[0,1],[-100,-1],[0,1],[-44,0],[-2,77],[185,3],[1,-8],[11,0],[-5,193],[-35,0],[-1,11],[-15,0],[0,11],[-76,-1],[-1,45],[89,1],[0,3],[109,2],[1,-45],[-3,0],[3,-104],[3,0],[3,-138],[6,0],[1,-46],[-98,-2],[0,-3],[-32,0]],[[68395,79457],[-35,59],[9,4],[6,-2],[20,7],[24,-40],[17,6],[-27,44],[72,25],[26,-44],[16,6],[-26,44],[36,12],[36,-60],[-85,-29],[-21,36],[-7,-3],[22,-36],[-83,-29]],[[31446,82548],[-55,57],[2,1],[-12,13],[-2,-2],[-54,57],[55,30],[-27,28],[-18,-11],[6,-6],[-39,-22],[-15,17],[-2,-1],[17,-17],[39,21],[16,-18],[-38,-20],[28,-30],[-24,-13],[-27,30],[-39,-21],[-16,17],[38,20],[-28,31],[23,12],[6,-6],[1,1],[-6,6],[9,5],[-14,14],[-37,-20],[40,-42],[-74,-41],[-1,2],[-17,-9],[2,-2],[-75,-42],[-54,57],[2,1],[-12,13],[-4,-2],[-54,58],[75,41],[2,-3],[16,9],[-2,3],[75,41],[54,-56],[-3,-2],[4,-4],[40,23],[-53,56],[-12,-7],[-29,30],[40,23],[7,-8],[111,61],[12,7],[-8,8],[42,23],[29,-31],[-8,-4],[89,-94],[9,5],[29,-31],[-41,-22],[-6,7],[-71,-39],[28,-30],[3,2],[-2,3],[74,40],[54,-55],[-3,-1],[13,-14],[3,1],[54,-57],[-74,-40],[-2,1],[-17,-9],[2,-2],[-74,-41]],[[74880,38314],[0,7],[-3,0],[0,8],[35,0],[0,13],[-16,-1],[0,-2],[-24,-1],[0,3],[-38,-1],[0,-3],[-15,0],[-2,0],[-1,3],[-28,-1],[-1,12],[7,0],[0,9],[-8,-1],[-1,48],[6,1],[0,9],[-6,0],[0,12],[28,1],[-1,4],[19,0],[0,-4],[40,1],[0,4],[19,0],[0,-3],[18,0],[0,13],[-35,-1],[-1,7],[4,0],[-1,8],[61,1],[2,-56],[-123,-3],[0,-8],[3,0],[3,-2],[1,-11],[-3,-4],[-4,0],[1,-8],[11,0],[0,-1],[112,2],[2,-54],[-61,-1]],[[51938,86976],[0,33],[-15,1],[-29,-24],[-13,10],[-17,-1],[-56,43],[55,41],[13,1],[13,11],[31,-24],[4,4],[5,-4],[5,5],[0,19],[31,2],[-1,79],[26,1],[-4,92],[60,0],[2,-77],[11,0],[0,9],[27,2],[1,-11],[44,1],[1,-22],[24,2],[12,-128],[-230,-65]],[[58188,29125],[3,-84],[-47,-1],[0,5],[-4,2],[-2,8],[-1,21],[1,2],[0,32],[-59,-1],[0,-7],[-34,-2],[-1,8],[-22,-1],[-1,40],[111,4],[22,-1],[16,-6],[10,-9],[8,-10]],[[47772,57924],[1,-24],[2,0],[1,-28],[-2,0],[-2,-7],[3,0],[0,-11],[-25,-1],[0,-2],[-9,0],[0,-2],[-10,1],[0,13],[-4,0],[0,23],[-23,0],[-2,6],[-13,0],[0,1],[-20,-1],[0,-2],[-25,-1],[0,2],[-20,0],[0,-1],[-22,-1],[0,-2],[-20,1],[-1,1],[-15,1],[-1,14],[6,-1],[1,6],[2,0],[-3,15],[11,0],[0,2],[25,2],[-1,-3],[22,1],[0,2],[21,0],[0,-2],[12,0],[0,2],[36,0],[2,-15],[21,1],[1,28],[25,2],[1,2],[25,0],[3,-22],[-3,0]],[[79822,43636],[-1,36],[-44,0],[0,9],[-10,0],[0,10],[9,0],[0,13],[37,1],[0,7],[-37,-1],[-1,13],[-14,0],[-1,16],[83,1],[1,-24],[10,0],[-1,26],[22,1],[0,-4],[14,0],[0,5],[10,0],[0,-5],[4,0],[0,3],[19,1],[1,-12],[-5,0],[1,-25],[-12,0],[0,1],[-53,0],[0,-3],[-4,-4],[-4,0],[1,-22],[4,0],[4,-3],[0,-2],[54,1],[0,2],[24,0],[0,-2],[9,0],[4,3],[7,0],[3,-2],[0,-2],[63,1],[4,-3],[1,-8],[4,-3],[0,-8],[-3,-1],[1,-13],[-35,0],[0,3],[-21,0],[-1,13],[-9,-1],[1,-11],[-12,0],[1,-4],[-11,0],[0,2],[-14,0],[-1,15],[-9,0],[1,-16],[-13,-1],[0,-1],[-11,0],[0,6],[-15,0],[0,-5],[-12,-1],[0,1],[-9,0],[0,26],[-10,-1],[1,-26],[-8,0],[0,-1],[-17,-1]],[[67146,82623],[-6,12],[1,12],[-7,0],[1,13],[-3,0],[-1,72],[-8,0],[2,-27],[-7,0],[0,-7],[-8,0],[0,6],[-11,0],[-6,12],[-1,13],[-10,0],[-9,14],[0,7],[91,1],[2,-23],[-5,-1],[0,-5],[-3,0],[0,-5],[4,-3],[1,-5],[-4,-3],[0,-6],[4,-1],[0,-4],[-4,-3],[0,-13],[4,-3],[1,-5],[-4,-1],[0,-5],[4,-3],[0,-4],[-4,-3],[1,-5],[11,1],[0,1],[17,0],[0,-1],[12,0],[0,5],[-3,2],[-1,5],[3,2],[0,5],[-3,2],[0,5],[3,3],[-1,12],[-3,3],[0,4],[4,3],[-1,4],[-3,3],[0,5],[3,2],[0,7],[-3,-1],[0,6],[-5,0],[-1,25],[35,0],[5,-104],[5,0],[1,-25],[-90,-1]],[[75507,52734],[-1,32],[-113,-2],[-2,57],[-10,0],[1,-10],[-23,-1],[-8,216],[23,0],[1,-9],[9,0],[-2,56],[-11,2],[-18,-22],[-17,9],[-9,13],[13,4],[-4,15],[4,13],[4,5],[279,6],[1,-15],[4,0],[0,-10],[-3,0],[0,-15],[87,2],[1,-37],[24,1],[4,-128],[-23,-1],[6,-144],[-74,-1],[1,-33],[-17,0],[0,16],[-16,0],[-1,15],[-79,-1],[0,-17],[-15,0],[0,-16],[-16,0]],[[72489,60977],[10,1]],[[72499,60978],[-4,-33],[8,1],[0,5],[171,3],[0,-6],[16,1],[5,-162],[-6,0],[0,-2],[-23,-1],[-1,3],[-174,-4],[-6,162],[4,32]],[[77502,53913],[5,-13],[13,-45],[6,-46],[1,-23],[-1,-24],[-7,-45],[14,-2],[-13,-49],[-18,-42],[-11,-20],[-27,-40],[-15,-19],[-14,6],[-25,-29],[-17,-16],[-42,-32],[-33,-22],[-32,-17],[-55,-25],[-47,-13],[-26,-6],[-52,-8],[-54,-4],[-452,-8],[-8,21],[-6,1],[-3,8],[-9,0],[-53,127],[-18,-1],[-2,34],[-21,0],[-3,50],[-9,1],[-1,33],[-21,0],[-3,51],[-8,0],[-2,33],[-22,0],[-1,51],[-10,0],[-1,34],[-20,0],[-3,51],[-9,0],[-1,33],[-22,0],[-4,93],[9,3],[-2,4],[46,11],[23,7],[22,8],[38,17],[-1,67],[4,1],[-1,7],[-51,-12],[-3,51],[332,78],[-15,38],[-85,-20],[-87,214],[-31,98],[35,5],[26,-90],[74,-180],[6,-4],[9,-4],[16,1],[6,2],[6,4],[6,6],[3,6],[-366,895],[536,127],[-7,18],[26,5],[409,-999],[365,85],[-251,623],[562,130],[384,-953],[-562,-131],[-124,309],[-366,-85],[171,-420]],[[75338,54432],[18,0],[4,43],[26,-2],[2,30],[254,1],[2,-24],[43,0],[-4,-31],[49,0],[5,16],[23,0],[2,-10],[37,3],[-2,12],[-24,2],[-11,29],[209,3],[33,-3],[23,-15],[-36,-13],[4,-13],[34,7],[56,-133],[11,-265],[-6,-196],[116,-279],[54,1],[4,-143],[-921,-15],[-20,544],[15,2],[0,28],[11,1],[-4,123],[-24,0],[-8,271],[25,3],[0,23]],[[73965,59839],[45,1],[8,-177],[-74,-2],[0,2],[-12,-1],[-1,-3],[-17,-1],[-32,7],[-5,156],[19,1],[-1,15],[70,2]],[[73030,61015],[-3,88],[-16,-1],[-8,199],[98,3],[12,-287],[-83,-2]],[[72753,60374],[-9,203],[114,3],[0,14],[90,2],[10,-216],[-205,-6]],[[73832,61029],[-13,268],[29,1],[-1,5],[100,2],[0,-7],[15,1],[12,-240],[8,1],[1,-27],[-151,-4]],[[73256,61011],[-7,153],[6,0],[-8,144],[67,1],[14,-296],[-72,-2]],[[73846,60690],[-11,296],[142,3],[4,-101],[-21,0],[3,-97],[23,0],[3,-98],[-143,-3]],[[80320,44070],[0,18],[-18,0],[1,-15],[-45,0],[-5,131],[25,0],[0,9],[-20,-1],[-2,46],[339,7],[-2,83],[-8,0],[-1,10],[10,0],[-2,59],[108,2],[9,-286],[-62,-1],[2,-56],[-329,-6]],[[76743,51499],[-17,42],[100,24],[6,21],[107,26],[18,-42],[-105,-25],[10,-23],[-21,-5],[-3,6],[-95,-24]],[[80917,39392],[0,4],[-5,-1],[-28,-1],[0,2],[-8,0],[-1,22],[8,0],[0,4],[28,1],[0,-2],[5,0],[0,7],[-35,0],[0,6],[-2,0],[-1,20],[3,0],[0,6],[33,1],[0,6],[-22,-1],[0,5],[-5,0],[0,7],[-3,0],[0,6],[-6,0],[0,-13],[-8,0],[0,-7],[-8,0],[1,-6],[-6,0],[0,-5],[-15,0],[0,22],[-12,0],[1,-4],[1,0],[0,-12],[-3,0],[0,-6],[-15,0],[0,-3],[-18,1],[-2,43],[6,0],[-1,5],[12,0],[0,-5],[7,0],[0,5],[11,1],[0,-6],[14,0],[0,6],[10,1],[1,-6],[7,0],[0,6],[10,0],[1,-6],[5,0],[0,5],[59,2],[1,-5],[8,0],[0,-9],[-7,0],[0,-10],[7,0],[0,-9],[-7,0],[1,-9],[7,0],[0,-9],[-8,0],[1,-11],[8,0],[0,-9],[-8,0],[0,-10],[8,0],[0,-8],[-7,-1],[0,-6],[8,0],[1,-8],[-8,0],[0,-6],[-24,0]],[[81879,41255],[-2,70],[194,4],[0,-2],[8,0],[0,4],[32,0],[0,-10],[6,0],[6,-4],[0,-5],[-5,-5],[-30,0],[0,-1],[-18,-1],[-9,-1],[-8,0],[-1,1],[-23,-1],[0,2],[-7,0],[-5,-5],[-9,0],[-6,4],[-4,0],[-5,-4],[-8,-1],[-6,4],[-23,0],[-5,-4],[-9,0],[-5,3],[-5,0],[-4,-3],[-8,0],[-4,3],[-7,0],[0,-10],[-3,0],[0,-5],[3,0],[0,-11],[6,0],[0,2],[3,2],[10,0],[5,-2],[0,-2],[4,0],[0,2],[3,2],[11,0],[5,-3],[24,0],[0,2],[2,2],[13,0],[2,-1],[0,-2],[6,0],[2,4],[12,0],[3,-4],[9,0],[0,3],[34,1],[26,0],[0,-2],[23,0],[0,-2],[7,1],[5,-4],[0,-5],[-5,-4],[-7,0],[1,-7],[-234,-5]],[[60892,91498],[3,-75],[-12,-3],[-22,-3],[-26,1],[0,9],[-42,8],[-42,-1],[-25,-6],[1,-15],[-37,1],[-16,4],[-10,-1],[-4,64],[35,0],[6,-11],[51,13],[10,0],[-1,6],[70,1],[0,-13],[19,-4],[6,26],[36,-1]],[[63573,97261],[35,2],[1,-12],[2,-1],[1,-15],[-2,-1],[1,-30],[3,0],[0,-7],[-4,-1],[2,-30],[3,0],[0,-7],[-2,0],[0,-8],[2,0],[4,3],[25,1],[4,-3],[3,0],[-1,8],[-2,0],[0,7],[2,0],[-1,31],[-2,0],[-1,6],[2,1],[-1,30],[-2,0],[0,28],[35,1],[1,-24],[-3,-1],[3,-81],[2,-20],[-101,-3],[-2,20],[1,0],[-3,82],[-4,0],[-1,24]],[[59451,91692],[-1,27],[55,1],[-2,59],[-56,-1],[-1,26],[76,2],[0,-8],[16,0],[4,-96],[-17,0],[1,-8],[-75,-2]],[[16403,88621],[1,222],[46,0],[-8,10],[39,0],[-7,-10],[104,0],[-1,-222],[-174,0]],[[16762,88897],[-57,44],[0,156],[29,0],[0,22],[29,0],[0,21],[29,1],[0,66],[32,0],[57,-43],[0,-92],[-31,0],[-56,-40],[0,-135],[-32,0]],[[16515,89962],[-166,0],[1,267],[166,-1],[-1,-266]],[[17101,88897],[-33,0],[0,134],[-55,42],[-32,0],[0,90],[59,43],[32,1],[0,-65],[28,0],[0,-23],[28,1],[0,-24],[30,0],[0,-156],[-57,-43]],[[24311,89992],[-22,-26],[-27,14],[50,57],[106,-53],[-28,-32],[-79,40]],[[24705,90119],[6,32],[33,32],[42,12],[3,14],[189,6],[11,-219],[-371,-11],[-7,129],[94,5]],[[24397,90553],[42,-64],[51,19],[-10,14],[-31,-11],[-27,41],[85,31],[27,-41],[-13,-5],[43,-64],[12,5],[28,-43],[40,15],[21,-32],[-59,-22],[7,-11],[4,-5],[13,-8],[16,23],[6,-3],[18,21],[-2,5],[1,3],[2,3],[8,3],[-7,4],[0,4],[49,19],[6,-3],[-3,-41],[-7,-3],[-5,2],[-4,-6],[-7,-4],[-5,0],[-17,-19],[5,-3],[-25,-19],[23,-10],[18,-1],[4,51],[48,-3],[-4,-50],[84,-5],[2,13],[84,-5],[-2,-44],[-86,4],[1,23],[-13,0],[0,-20],[-10,1],[0,-6],[-65,3],[-5,-34],[-30,2],[0,5],[-10,0],[1,14],[-44,1],[-9,4],[-10,-11],[17,-10],[-29,-29],[40,-22],[-12,-14],[13,-6],[-2,-38],[-31,-11],[-74,36],[-2,-3],[7,-4],[-28,-34],[-9,4],[-39,-46],[59,-29],[-25,-30],[-59,30],[-8,8],[-50,-55],[-37,18],[19,21],[-20,11],[-6,-8],[-11,6],[-16,-14],[-60,27],[43,49],[56,-24],[-8,-14],[17,20],[-7,4],[3,4],[8,-3],[64,61],[-82,40],[-22,-25],[-14,-2],[-27,-30],[-19,11],[5,6],[-7,4],[-7,-1],[-1,4],[-68,36],[16,18],[-2,8],[10,1],[8,8],[-14,7],[-11,17],[13,31],[-12,20],[-20,-8],[-13,-32],[-14,-6],[-8,-19],[-24,6],[-62,92],[-18,-1],[-2,-4],[-8,-10],[-16,11],[5,10],[-3,13],[-5,5],[15,13],[6,-5],[6,-9],[19,4],[22,49],[26,-6],[6,16],[-114,30],[7,16],[-5,1],[6,13],[5,-2],[10,26],[117,-30],[-8,-17],[9,-3],[-1,-2],[9,-2],[-4,36],[-28,5],[1,3],[15,11],[22,0],[14,3],[17,-10],[1,-4],[-24,-6],[-1,-38],[10,4],[-1,2],[7,2],[-10,17],[134,50],[-9,16],[79,30],[25,-38],[-32,-11],[12,-17],[7,1]],[[24378,90365],[101,-52],[6,8],[13,-6],[37,43],[12,7],[-9,4],[-10,-3],[-44,68],[8,3],[-3,6],[-132,-47],[21,-31]],[[24209,90480],[-21,-8],[-15,4],[-6,-15],[13,-4],[-26,-59],[13,-13],[19,8],[-12,20],[113,41],[10,-17],[9,3],[-32,52],[-60,-20],[-5,8]],[[24329,90370],[53,-29],[9,7],[-20,10],[-24,36],[-119,-45],[12,-20],[-13,-30],[6,-10],[11,-9],[81,92],[4,-2]],[[16601,89006],[-192,83],[191,85],[1,-168]],[[67421,75419],[-1,27],[11,0],[-2,25],[12,0],[1,-22],[9,0],[0,-3],[10,0],[0,4],[9,0],[0,-4],[24,1],[0,3],[9,0],[0,-3],[11,0],[0,5],[9,0],[0,-4],[21,0],[0,3],[9,1],[0,-4],[2,0],[0,-5],[9,1],[0,-5],[11,0],[-1,22],[-6,0],[0,16],[5,0],[-1,20],[-10,0],[0,-5],[-9,0],[0,-4],[-2,0],[0,-4],[-9,-1],[0,5],[-21,-1],[0,-4],[-8,0],[-1,4],[-10,-1],[0,-4],[-10,0],[0,5],[-24,-1],[0,-5],[-8,0],[0,4],[-11,0],[0,-4],[-10,0],[0,4],[-20,0],[-1,26],[92,3],[0,-2],[22,0],[0,1],[45,1],[1,-2],[24,0],[0,-11],[4,0],[0,-2],[5,0],[0,-12],[-5,0],[1,-6],[-3,0],[0,-24],[3,0],[1,-7],[4,0],[0,-8],[-7,-1],[1,-18],[-71,-2],[0,2],[-21,0],[0,-3],[-93,-1]],[[84895,41441],[-1,32],[83,3],[1,-33],[-83,-2]],[[84898,41339],[-1,32],[84,2],[1,-32],[-84,-2]],[[74777,63786],[-6,200],[119,3],[6,-201],[-119,-2]],[[74839,63644],[-3,90],[265,5],[3,-90],[-265,-5]],[[71090,62340],[-9,9],[8,128],[25,149],[10,8],[124,2],[11,-7],[4,-5],[15,0],[10,-267],[-7,0],[0,3],[-9,0],[-1,-10],[-8,-7],[-173,-3]],[[84889,41592],[-1,32],[81,2],[2,-32],[-82,-2]],[[75309,63176],[-5,3],[0,10],[-13,-1],[-4,3],[-4,111],[4,2],[13,1],[0,10],[4,3],[144,3],[5,-3],[0,-10],[13,0],[5,-3],[3,-110],[-4,-3],[-13,0],[0,-10],[-4,-3],[-144,-3]],[[72016,61674],[-196,-5],[-13,290],[217,6],[7,-149]],[[72031,61816],[-15,0],[0,-142]],[[71715,61026],[-21,0],[0,7],[-92,61],[0,11],[-128,-4],[-3,52],[129,3],[-1,10],[85,64],[0,7],[24,1],[0,-16],[-5,-1],[0,-6],[55,1],[5,-178],[-48,-2],[0,-10]],[[74233,61742],[-10,258],[122,2],[0,-4],[40,2],[7,-249],[-38,-1],[0,-6],[-121,-2]],[[73278,62429],[0,-51],[-311,-2],[-2,120],[237,3],[0,-70],[76,0]],[[73387,61699],[-2,136],[287,9],[1,-18],[30,0],[4,-121],[-320,-6]],[[70260,61980],[-4,123],[301,7],[5,-123],[-302,-7]],[[74762,64574],[-13,9],[-1,52],[11,9],[52,1],[-1,32],[-60,-1],[-6,3],[-1,2],[-2,45],[3,3],[288,7],[4,-158],[-274,-4]],[[70547,62521],[6,-149],[-309,-6],[-5,148],[308,7]],[[69978,62571],[68,2],[3,47],[126,2],[12,-283],[-52,33],[-150,-1],[-7,200]],[[72240,60993],[-8,7],[-12,289],[201,5],[12,-290],[-9,-8],[-184,-3]],[[70653,62374],[-10,233],[8,1],[-1,21],[30,0],[0,-5],[158,3],[0,-12],[4,0],[1,-38],[-2,0],[0,-10],[-46,-1],[6,-160],[53,1],[2,-38],[-8,0],[1,-26],[-195,-4],[-1,35]],[[73768,62713],[-11,282],[330,7],[11,-282],[-330,-7]],[[71414,62140],[305,7],[5,-135],[-305,-9],[-5,137]],[[70783,62687],[-10,280],[111,2],[0,-11],[28,0],[1,-34],[-13,-1],[3,-67],[-15,-1],[6,-165],[-111,-3]],[[75687,63079],[2,12],[-27,-1],[-3,80],[40,0],[2,12],[208,4],[2,-10],[42,-1],[1,-79],[-27,-1],[3,-12],[-243,-4]],[[73563,62335],[5,-141],[-210,-4],[-5,141],[210,4]],[[72590,63045],[-34,1],[-11,274],[307,4],[9,-31],[3,-16],[0,-32],[-6,-31],[-11,-30],[-9,-15],[-9,-14],[-23,-27],[-28,-23],[-15,-11],[-34,-18],[-19,-8],[-18,-7],[-40,-9],[-20,-4],[-42,-3]],[[71407,62354],[-4,138],[311,3],[4,-137],[-311,-4]],[[72951,63048],[-1,25],[-12,0],[-1,60],[13,0],[-1,80],[128,1],[1,-91],[-5,0],[0,-34],[6,0],[1,-40],[-129,-1]],[[71432,62159],[-3,67],[27,23],[-1,45],[177,3],[6,-134],[-206,-4]],[[70696,61394],[-5,120],[92,3],[-1,60],[51,0],[0,-59],[68,1],[5,-120],[-210,-5]],[[72594,61848],[-4,101],[131,2],[3,-100],[-130,-3]],[[72551,62976],[304,7],[8,-267],[-301,-3],[-11,263]],[[73391,61369],[-11,268],[110,3],[11,-268],[-110,-3]],[[73500,63575],[5,-82]],[[73505,63493],[-28,0],[0,-26],[-166,-3],[-4,150],[148,2],[1,-41],[44,0]],[[72973,62858],[-5,107],[255,7],[5,-108],[-255,-6]],[[72979,63506],[-50,0],[0,9],[-12,-1],[-3,92],[12,1],[0,9],[146,2],[0,-9],[11,1],[3,-93],[-11,0],[0,-9],[-96,-2]],[[72193,62179],[-3,115],[149,2],[3,-114],[-149,-3]],[[71087,62199],[-2,8],[-5,0],[-2,57],[9,0],[0,8],[8,0],[-1,7],[9,0],[-1,8],[144,4],[0,-9],[10,1],[1,-8],[9,1],[0,-8],[12,0],[2,-58],[-11,0],[0,-7],[-11,-1],[1,-7],[-10,-1],[1,-8],[-148,-3],[-1,9],[-8,0],[0,7],[-6,0]],[[74448,60824],[25,2],[1,-3],[6,0],[0,-3],[64,2],[-1,16]],[[74543,60838],[45,2],[0,-4],[22,1],[8,-125],[-350,-13],[-8,122],[188,3]],[[70617,62685],[-9,281],[149,2],[9,-280],[-149,-3]],[[71467,63371],[7,19],[15,26],[12,15],[17,18],[35,31],[39,23],[18,8],[21,9],[43,14],[1,-96],[-36,-29],[-10,0],[-1,-7],[-36,-29],[-125,-2]],[[71940,62367],[-6,123],[163,4],[3,-48],[-14,0],[1,-9],[-11,0],[1,-11],[-17,0],[0,-11],[-15,0],[1,-11],[-30,-1],[2,-33],[-78,-3]],[[73910,63517],[-3,107],[161,2],[3,-106],[-161,-3]],[[73143,61985],[89,2],[8,-1],[7,-3],[13,-8],[8,-11],[2,-7],[4,-94],[-127,-2],[-4,124]],[[69365,74869],[-18,37],[47,17],[-2,5],[-8,14],[-48,-14],[-17,36],[93,27],[51,-88],[-98,-34]],[[71759,63375],[-10,232],[104,2],[9,-231],[-103,-3]],[[75760,65023],[-6,158],[92,3],[2,-47],[15,0],[27,21],[-2,27],[28,1],[6,-160],[-27,0],[-2,27],[-27,19],[-15,0],[1,-47],[-92,-2]],[[75767,63698],[-119,-1],[-6,178],[119,2],[6,-179]],[[71952,62859],[-161,-1],[-2,107],[200,2],[2,-107],[-39,-1]],[[71169,61488],[-25,100],[155,23],[4,-121],[-134,-2]],[[74742,63404],[-3,74],[205,4],[2,-74],[-204,-4]],[[74929,64330],[-5,142],[112,3],[6,-142],[-113,-3]],[[74448,60824],[-4,100],[105,2],[-1,4],[43,1],[0,4],[19,0],[5,-86],[-72,-1],[0,-10]],[[74460,60946],[-10,-1],[-1,23],[-5,0],[-2,32],[163,6],[4,-64],[-149,-4],[0,8]],[[73350,62389],[-1,117],[314,0],[1,-116],[-314,-1]],[[74415,63063],[-3,92],[0,18],[121,2],[4,-75],[-25,-18],[22,-16],[-119,-3]],[[64760,85933],[-1,12],[2,0],[-1,37],[-2,0],[-1,10],[96,2],[-1,23],[-95,-3],[-1,11],[3,0],[-1,19],[18,0],[0,-2],[35,0],[0,-2],[19,0],[0,3],[38,1],[0,-4],[8,0],[2,-70],[-7,0],[0,-3],[7,0],[2,-31],[-120,-3]],[[74016,65142],[193,2],[6,-156],[-190,-5],[-9,159]],[[80691,25995],[-3,3],[-41,-3],[-23,0],[0,22],[23,2],[0,0],[61,1],[-1,7],[-84,-1],[-3,64],[83,2],[-1,6],[-9,2],[-72,-2],[-2,65],[80,2],[0,3],[27,1],[0,-8],[4,-3],[0,-9],[-4,-3],[-16,1],[-3,-3],[-10,0],[-6,-2],[-7,1],[-1,1],[-9,0],[0,-1],[-7,-1],[-6,1],[-4,-3],[-12,0],[1,-18],[12,0],[3,-1],[11,0],[2,-1],[10,0],[11,2],[2,-2],[12,0],[2,-2],[17,2],[2,-4],[1,-9],[-2,-1],[-1,-18],[3,0],[2,-5],[-1,-10],[-19,0],[-2,-2],[-11,0],[0,-1],[-4,-1],[-9,1],[0,1],[-10,0],[-4,-2],[-4,0],[-5,2],[-5,-4],[-10,1],[1,-19],[9,2],[6,-4],[9,1],[4,-1],[9,0],[7,2],[17,-1],[2,-3],[18,1],[4,-3],[1,-8],[-4,-2],[0,-22],[4,-3],[0,-8],[-21,-4],[0,2],[-14,0],[-3,-2],[-7,-1]],[[72698,62515],[-3,0],[-3,2],[0,3],[-6,121],[3,4],[6,1],[169,3],[7,-3],[3,-6],[4,-118],[-5,-5],[-4,-2],[-171,0]],[[75826,36477],[0,3],[-15,3],[-1,9],[-5,0],[-2,41],[6,0],[-1,8],[15,5],[0,3],[20,0],[0,-3],[14,-3],[1,-9],[5,0],[2,-41],[-6,0],[0,-9],[-14,-4],[0,-3],[-19,0]],[[70190,61835],[-310,1],[-1,89],[310,5],[1,-95]],[[71795,62372],[-3,111],[110,2],[3,-112],[-110,-1]],[[71808,62013],[-5,132],[122,3],[6,-133],[-123,-2]],[[71505,63186],[-109,1],[1,123],[107,1],[1,-125]],[[70709,61695],[-7,197],[132,3],[7,-198],[-132,-2]],[[76537,65911],[7,0],[-3,75],[158,4],[38,-60],[-13,-23],[-187,-4],[0,8]],[[74409,61873],[169,4]],[[74578,61877],[6,-143],[-169,-5],[-6,144]],[[72031,61816],[94,3],[7,-142],[-116,-3]],[[71946,62020],[-4,130],[153,3],[4,-131],[-153,-2]],[[73737,63518],[-4,101],[110,3],[3,-102],[-109,-2]],[[74845,65860],[-3,79],[142,3],[3,-79],[-142,-3]],[[76081,64201],[-92,3],[-233,26],[-7,-1],[-9,0],[-8,3],[-7,5],[-4,6],[-2,7],[3,11],[-28,1],[8,66],[7,15],[7,9],[10,7],[12,6],[20,4],[355,-12],[3,-135],[-7,-10],[-7,-6],[-10,-3],[-11,-2]],[[70696,62036],[-8,197],[130,3],[8,-197],[-130,-3]],[[72721,61196],[-3,87],[207,4],[3,-88],[-207,-3]],[[71395,62697],[-5,129],[140,3],[6,-128],[-141,-4]],[[71135,61665],[-3,97],[127,3],[4,-97],[-128,-3]],[[71428,61664],[-4,141],[83,2],[1,-24],[23,1],[2,-73],[-22,-1],[1,-44],[-84,-2]],[[71272,61098],[-8,53],[-5,-1],[-10,63],[6,0],[-9,51],[65,6],[25,-166],[-64,-6]],[[73293,64086],[-4,103],[300,8],[5,-103],[-301,-8]],[[71389,62843],[-6,130],[105,3],[2,-55],[11,1],[1,-24],[-12,0],[3,-53],[-18,0],[0,3],[-63,-2],[0,-2],[-23,-1]],[[72465,62706],[-86,-2],[-2,39],[35,0],[-2,31],[53,0],[2,-68]],[[73516,63186],[2,-73]],[[73518,63113],[2,-61],[-125,-1],[-5,133],[126,2]],[[74409,64655],[-2,61],[195,5],[3,-61],[-196,-5]],[[74251,61243],[-4,95],[163,4],[3,-95],[-162,-4]],[[72029,61453],[112,2],[3,-121],[-111,-1]],[[72033,61333],[-4,120]],[[74105,62553],[-145,-2],[-3,22],[0,84],[144,2],[4,-106]],[[74461,65737],[-113,-3]],[[74348,65734],[-3,59],[217,6],[2,-60],[-103,-2]],[[69962,61720],[216,3],[5,-84],[-217,-4],[-4,85]],[[74699,63840],[-63,-1]],[[74636,63839],[-7,145],[62,2],[8,-146]],[[76142,65884],[-5,173],[103,2],[1,-56],[6,0],[2,-62],[-4,0],[2,-55],[-105,-2]],[[74590,61527],[7,-130],[-167,-3],[-3,125]],[[74427,61519],[0,5],[58,2],[0,-5],[61,-1],[0,6],[44,1]],[[93080,29449],[6,4],[0,2],[7,5],[4,0],[5,2],[0,4],[8,5],[2,-2],[17,10],[0,4],[7,4],[6,0],[3,2],[0,4],[7,5],[4,-2],[6,4],[5,-5],[2,1],[30,-28],[-1,-1],[5,-5],[-6,-3],[0,-3],[-8,-5],[-5,0],[-5,-3],[0,-5],[-5,-3],[-8,0],[-13,-8],[0,-4],[-6,-4],[-4,1],[-6,-3],[10,-9],[-17,-10],[-25,23],[15,10],[-2,3],[6,4],[3,-3],[35,22],[-1,2],[6,4],[-5,4],[-6,-3],[-2,1],[-36,-22],[3,-3],[-6,-4],[-3,3],[-15,-10],[-17,15]],[[64468,95491],[-34,106],[45,9],[11,-36],[18,3],[-2,8],[1,1],[-9,28],[44,8],[34,-106],[-43,-9],[-7,22],[-2,0],[-3,8],[-16,-3],[2,-9],[-2,0],[7,-22],[-44,-8]],[[71619,62639],[88,1],[1,-57],[-79,-1],[0,-2],[-10,0],[0,59]],[[72398,62983],[5,-132]],[[72403,62851],[-177,-2],[0,32],[-15,-1],[-14,1],[0,8],[-33,0],[-1,92],[235,2]],[[58439,95425],[-7,0],[-1,3],[-94,-2],[-2,72],[42,1],[0,-22],[-3,0],[0,-14],[94,2],[0,14],[-4,0],[-1,21],[42,1],[1,-71],[-67,-1],[0,-4]],[[71802,62508],[0,9],[-13,-1],[-4,115],[12,0],[0,9],[79,2],[1,-10],[12,0],[5,-113],[-11,0],[1,-9],[-82,-2]],[[72316,63160],[135,2],[1,-41],[-25,0],[1,-36],[25,1],[2,-43],[-133,-2],[-6,119]],[[70148,62811],[6,-129],[-147,-1],[0,128],[141,2]],[[69820,63296],[142,3],[9,-172],[-143,-3],[-8,172]],[[72036,62847],[0,22],[-26,0],[-3,103],[17,8],[60,1],[5,-133],[-53,-1]],[[73159,61822],[110,2],[1,9],[32,0],[3,-140],[-143,0]],[[73162,61693],[-3,129]],[[74547,64404],[-12,1],[35,44],[-169,-31],[-4,89],[215,5],[4,-5],[-28,-54],[-41,-49]],[[71586,61828],[-3,123],[150,3],[4,-123],[-151,-3]],[[70080,60953],[0,110],[150,1],[0,-110],[-150,-1]],[[74423,61603],[-5,78],[161,4],[5,-80]],[[74584,61605],[-161,-2]],[[73042,64050],[3,-75]],[[73045,63975],[2,-26],[-126,-1],[-10,162],[128,3],[3,-63]],[[74454,64779],[-3,70],[145,5],[4,-71],[-146,-4]],[[74310,62283],[-95,0],[-2,73],[169,6],[3,-66],[-58,0],[-17,-13]],[[71729,62156],[-66,0],[-4,145],[59,0],[8,-64],[3,-81]],[[74518,61133],[65,1],[0,-8],[22,0],[3,-76],[-164,-3],[0,3],[-5,0],[0,4],[-5,0],[-2,54],[49,1],[1,-14],[37,2],[0,10],[-10,0],[-1,20],[10,0],[0,6]],[[74195,62719],[-1,70],[156,2],[2,-70],[-157,-2]],[[73778,62515],[-3,68],[146,0],[1,-33],[19,2],[18,-1],[2,-34],[-183,-2]],[[74407,62730],[-7,260],[141,2],[7,-260],[-141,-2]],[[73568,62043],[-74,0],[-4,137],[76,3],[2,-140]],[[74401,62592],[-3,68],[155,2],[2,-69],[-154,-1]],[[72956,62515],[-1,132],[77,1],[0,-47],[-24,-1],[1,-45],[26,1],[1,-40],[-80,-1]],[[73782,66427],[-1,54],[53,1],[0,3],[68,2],[9,-155],[-67,-2],[-6,89],[-56,-1],[0,9]],[[71251,63131],[-6,-98],[-67,2],[0,48],[7,49],[66,-1]],[[73820,61465],[140,4],[2,-93],[-140,-2],[-2,91]],[[36703,61999],[0,2],[-15,0],[-1,8],[-6,0],[0,-5],[-107,-3],[-4,86],[108,2],[0,-6],[6,1],[-1,8],[15,0],[0,3],[27,0],[2,-2],[1,-5],[-4,-3],[1,-15],[4,-3],[0,-6],[-3,-2],[-18,-1],[-2,-2],[-8,0],[-2,2],[-23,0],[-3,-3],[-8,0],[-3,2],[-21,0],[-2,-2],[-10,0],[-2,2],[-25,-1],[1,-23],[25,1],[2,2],[10,0],[2,-2],[20,0],[3,3],[9,0],[4,-3],[21,1],[2,3],[9,0],[3,-2],[17,1],[3,-3],[1,-6],[-4,-3],[0,-15],[5,-3],[0,-5],[-3,-2],[-26,-1]],[[74068,63396],[-194,0],[0,102],[194,0],[0,-102]],[[82031,42739],[0,5],[-16,-1],[0,3],[-204,-4],[-3,80],[204,4],[0,2],[16,0],[0,4],[24,1],[1,-32],[-11,0],[0,-1],[-12,0],[0,1],[-192,-4],[1,-30],[192,3],[0,2],[10,0],[0,-2],[13,1],[1,-32],[-24,0]],[[72802,62110],[-4,107],[93,2],[4,-107],[-93,-2]],[[71972,63609],[89,1],[1,-40],[-55,-1],[0,-30],[56,0],[0,-39],[-87,0]],[[71976,63500],[-4,109]],[[70051,61584],[106,2],[12,3],[12,-2],[5,-3],[8,-7],[2,-5],[3,-101],[-147,-3]],[[70052,61468],[-1,116]],[[63114,96170],[-1,29],[23,0],[-2,35],[-11,0],[-2,29],[82,2],[2,-29],[-12,0],[1,-35],[23,1],[1,-29],[-104,-3]],[[80230,40367],[-23,-1]],[[80207,40366],[-2,0],[-1,4],[-237,-5],[-1,36],[239,5],[0,2],[26,2],[1,-6],[-1,-5],[-3,0],[0,-6],[2,0],[1,-10],[-2,-1],[0,-4],[3,0],[0,-2],[1,-6],[-1,-3],[-2,0]],[[70058,77549],[-138,-4],[-3,83],[138,4],[3,-83]],[[67936,79820],[-1,20],[3,0],[-4,74],[3,0],[-1,8],[-2,0],[-1,7],[103,3],[1,-9],[-4,0],[5,-82],[2,0],[1,-19],[-33,0],[-1,16],[-2,0],[0,6],[3,0],[-2,31],[-2,0],[-1,6],[4,0],[-2,31],[-5,0],[0,-5],[-2,-2],[-25,0],[-4,2],[0,4],[-5,0],[2,-30],[2,0],[1,-7],[-3,0],[1,-30],[3,0],[1,-7],[-3,0],[1,-16],[-33,-1]],[[70788,64284],[-51,64],[-32,5],[-54,69],[-23,3],[-188,233],[166,77],[318,-396],[-45,-23],[-6,7],[-85,-39]],[[61656,95242],[7,0],[0,7],[13,1],[0,-7],[10,0],[1,-24],[3,-2],[0,-5],[-3,-2],[1,-16],[4,-3],[22,0],[3,3],[-1,16],[-3,1],[0,7],[1,1],[0,24],[11,1],[0,7],[13,0],[0,-7],[21,0],[0,8],[13,0],[1,-7],[11,0],[0,-25],[3,-2],[0,-5],[-3,-2],[1,-15],[2,-3],[23,1],[3,2],[0,16],[-3,2],[1,5],[0,26],[10,0],[0,8],[14,0],[0,-7],[10,0],[1,-26],[-4,-1],[1,-38],[4,0],[0,-11],[-165,-4],[-26,76]],[[72650,65971],[106,1],[1,-63],[-104,-1],[-3,63]],[[38197,64390],[-31,0],[0,9],[2,0],[0,6],[-19,0],[0,-3],[-53,-1],[0,-2],[-31,-1],[-1,26],[18,1],[0,-3],[82,2],[0,-3],[32,1],[1,-32]],[[75519,65532],[-3,74],[126,3],[3,-74],[-126,-3]],[[39486,62134],[-1,16],[16,1],[0,6],[-16,0],[-1,16],[27,0],[-1,13],[-72,-1],[0,-9],[-23,-1],[-1,38],[120,2],[2,-47],[-7,0],[1,-23],[7,0],[0,-9],[-51,-2]],[[75001,63233],[2,-21],[141,2],[7,-140],[-112,-3],[-4,4],[-1,28],[-166,-2],[6,-3],[-20,-29],[-77,0],[-5,159],[229,5]],[[73579,62713],[-4,149],[-239,-3],[-6,132],[309,3],[14,-279],[-74,-2]],[[70938,76117],[100,3]],[[71038,76120],[217,5],[3,-71],[27,1],[0,-4],[16,0],[2,-44],[-17,0],[1,-3],[-38,-1],[0,3],[-38,-1],[0,-3],[-26,-1],[0,3],[-102,-2],[0,-4],[-38,-1],[0,4],[-17,0],[-2,46],[-84,-2],[-4,72]],[[70101,74032],[-13,21],[-44,-14],[-49,0],[-36,64],[165,56],[57,-89],[-69,-25],[4,-8],[-15,-5]],[[81166,45744],[120,46],[27,-38],[-91,-35],[29,-45],[-31,-11],[-6,-11],[-21,-7],[-50,72],[0,9],[17,8],[6,12]],[[51666,75140],[-2,17],[2,1],[0,9],[4,0],[-2,88],[16,0],[0,-3],[9,0],[4,-111],[-31,-1]],[[71025,76381],[-3,72],[-8,0],[0,4],[-7,0],[1,-19],[-15,0],[1,-39],[-40,-1],[-3,74],[-28,0],[-8,179],[64,2],[0,-20],[6,0],[5,-133],[17,1],[2,-35],[4,0],[-2,40],[-7,-1],[-1,19],[16,0],[-5,125],[113,3],[3,-58],[8,0],[0,-12],[-8,0],[6,-129],[8,0],[0,-13],[-8,0],[3,-56],[-114,-3]],[[70699,75993],[-3,48],[42,1],[-5,115],[124,3],[8,-162],[-166,-5]],[[67147,76964],[-2,38],[44,2],[-1,10],[9,0],[-1,25],[-17,0],[-1,21],[16,1],[0,10],[118,3],[0,-10],[279,6],[1,-32],[-10,0],[0,-2],[-8,0],[1,-27],[19,1],[0,-11],[11,1],[1,-39],[-23,0],[0,-14],[32,1],[1,-27],[-16,0],[-1,19],[-13,0],[1,-32],[13,0],[1,-20],[-161,-4],[0,2],[-46,-1],[-1,18],[-64,-2],[-2,29],[20,1],[-1,25],[-31,-1],[3,-74],[-116,-3],[-1,10],[-16,-1],[-1,21],[17,0],[-1,27],[-9,0],[-1,10],[-43,-1],[0,20]],[[67685,76928],[-1,11],[-22,-1],[-4,92],[209,6],[1,-26],[54,1],[2,-45],[-22,-7],[4,-11],[0,-8],[-5,-10],[-2,-3],[-8,-4],[-12,-2],[-5,1],[2,-25],[-190,-5],[-1,36]],[[45263,79442],[-34,20],[27,25],[-15,9],[98,92],[-56,34],[-5,-5],[-203,123],[4,4],[-44,27],[-128,-121],[-31,19],[-3,-3],[-84,50],[4,4],[-4,2],[26,25],[3,-3],[53,50],[-4,3],[26,25],[8,-6],[10,10],[9,-6],[20,19],[42,-26],[38,35],[61,-37],[-17,-16],[10,-6],[62,59],[23,-14],[5,5],[2,11],[60,1],[0,3],[170,4],[0,-3],[62,1],[8,-250],[-33,-1],[-23,-22],[9,-6],[-32,-30],[26,-16],[-56,-53],[-25,16],[-31,-30],[-9,6],[-29,-28]],[[45367,79713],[9,6],[-3,64],[-50,0],[1,-7],[-40,-1],[-41,26],[-20,-2],[144,-86]],[[38409,85320],[-47,51],[133,62],[-4,4],[5,18],[5,2],[-77,76],[68,34],[123,-139],[-206,-108]],[[50814,64140],[-5,125],[65,2],[4,-109],[27,0],[-4,109],[35,0],[1,-24],[-4,0],[4,-101],[-89,-2],[-4,102],[-10,0],[4,-102],[-24,0]],[[68355,82205],[-2,66],[9,0],[0,10],[-10,0],[-2,67],[83,2],[-4,9],[-9,7],[-13,1],[1,-7],[-146,-5],[0,18],[-8,6],[-22,-1],[-4,110],[21,0],[7,7],[0,16],[146,4],[1,-17],[6,-5],[22,0],[5,-110],[-9,-1],[0,-8],[13,-9],[10,1],[-2,61],[189,4],[5,-143],[61,1],[5,-122],[-159,-2],[-1,43],[-4,1],[-88,-2],[0,6],[-13,0],[1,-7],[-89,-1]],[[65177,84220],[-7,331],[233,3],[7,-331],[-233,-3]],[[66318,83167],[0,7],[-109,-3],[-3,75],[109,3],[0,7],[36,1],[0,-5],[10,1],[1,-26],[-43,-1],[0,-3],[-17,0],[0,4],[-27,-1],[1,-3],[-13,0],[0,3],[-8,0],[0,-4],[-13,0],[-1,4],[-13,-1],[1,-32],[13,1],[-1,3],[15,0],[0,-3],[7,0],[0,4],[14,0],[1,-4],[26,0],[-1,5],[16,1],[0,-4],[45,1],[1,-24],[-11,-1],[1,-4],[-37,-1]],[[66194,85586],[143,2],[4,-183],[-143,-1],[-4,182]],[[67324,82675],[-2,68],[88,2],[3,-68],[-89,-2]],[[71907,65011],[-1,37],[105,0],[0,-39],[3,-68],[-106,-2],[-1,72]],[[60481,84083],[-1,31],[-27,-1],[-2,64],[13,1],[-2,51],[4,0],[0,10],[-17,-1],[-4,112],[-16,0],[0,8],[15,0],[-1,18],[-91,-2],[2,-40],[-63,-1],[-1,40],[-32,-1],[-11,9],[-11,0],[0,14],[-38,-1],[0,-7],[-48,-1],[-1,26],[-95,-1],[-2,48],[143,4],[3,-64],[38,1],[-2,36],[11,0],[11,9],[124,2],[12,-8],[49,1],[-1,48],[145,3],[3,-74],[-44,-1],[0,-5],[45,1],[2,-53],[-26,0],[1,-19],[9,1],[0,-21],[7,0],[7,-5],[0,-6],[3,0],[1,-29],[-17,0],[0,-2],[-13,-1],[0,2],[-10,0],[2,-36],[32,1],[1,-32],[6,0],[1,-32],[3,0],[3,-63],[-25,0],[1,-32],[-96,-2]],[[56970,78987],[-24,0],[1,63],[-2,0],[0,18],[-29,-1],[-1,78],[50,1],[0,16],[-123,-2],[0,-21],[47,-1],[2,-113],[-18,0],[0,-3],[-24,0],[-3,-2],[-17,-1],[-3,2],[-24,1],[0,1],[-69,0],[0,15],[-18,0],[0,17],[-3,5],[-1,9],[4,3],[-1,19],[17,0],[0,15],[54,1],[0,-16],[15,0],[0,25],[-20,0],[-1,66],[19,0],[0,9],[-5,4],[0,12],[5,2],[0,9],[-19,0],[-1,39],[-10,0],[0,-50],[-66,-1],[-1,68],[15,0],[0,44],[-3,2],[-1,14],[3,2],[-1,85],[-2,0],[0,13],[3,0],[0,3],[99,0],[0,-2],[4,0],[0,-13],[-2,0],[0,-49],[5,2],[15,0],[3,-4],[104,1],[0,6],[-4,3],[0,6],[4,3],[6,0],[5,-4],[65,2],[3,3],[7,0],[5,-4],[0,-5],[-5,-3],[0,-6],[104,0],[0,5],[3,1],[19,0],[-1,60],[11,0],[0,3],[18,0],[0,-2],[46,1],[0,2],[18,0],[0,-3],[10,0],[1,-126],[-78,-1],[1,-100],[11,0],[4,-3],[0,-9],[-4,-3],[-10,0],[1,-102],[87,1],[0,-19],[2,-2],[1,-12],[-4,-3],[0,-17],[-16,-1],[0,-15],[-68,0],[0,-2],[-20,0],[-3,-2],[-20,-1],[-5,2],[-23,0],[0,2],[-21,0],[-1,113],[20,0],[-1,2],[28,0],[-1,21],[-122,-1],[1,-15],[51,0],[0,-79],[-17,0],[0,1],[-10,0],[0,-18],[-2,0],[1,-45],[2,0],[0,-18],[-24,0],[0,1],[-48,0],[0,-2]],[[56868,79228],[242,3],[-2,88],[-57,0],[0,-3],[-16,-1],[0,4],[-96,-1],[0,-4],[-14,0],[0,4],[-59,-1],[2,-89]],[[62804,81668],[0,1],[-31,-1],[-5,3],[0,3],[-25,0],[0,23],[-6,0],[-1,29],[5,0],[-2,55],[-2,3],[-1,3],[3,2],[-1,16],[-3,2],[0,3],[2,2],[-2,56],[-3,0],[-2,48],[-9,0],[-5,4],[-3,52],[100,2],[0,11],[-100,-2],[-5,115],[138,3],[4,-107],[25,1],[1,-14],[-25,-1],[5,-145],[7,0],[3,-66],[-5,0],[4,-94],[-18,-1],[0,-5],[-43,-1]],[[56430,80356],[-1,19],[-3,0],[-1,35],[-9,0],[0,15],[-185,-2],[0,-8],[-49,0],[-1,7],[-72,0],[-4,239],[154,1],[0,9],[19,0],[0,-9],[436,5],[-1,9],[21,0],[0,-9],[94,1],[14,11],[-1,64],[40,0],[2,-135],[4,0],[3,-215],[-40,0],[-1,37],[-110,-1],[0,-5],[16,0],[1,-17],[-30,0],[1,-48],[-297,-3]],[[18458,83783],[-60,0],[0,112],[60,1],[0,-113]],[[62390,70644],[-3,2],[-4,120],[2,2],[42,1],[4,-2],[4,-119],[-4,-3],[-41,-1]],[[65444,93554],[0,-17],[69,13],[130,2],[4,-96],[-69,-3],[-29,-7],[-30,0],[-18,2],[-13,5],[-10,7],[0,5],[-32,-1],[0,-9],[-116,-2],[-1,23],[-13,0],[-1,26],[13,1],[0,3],[32,1],[-1,45],[85,2]],[[63091,90698],[-4,92],[-11,-1],[0,3],[-18,0],[-1,26],[4,0],[-5,94],[-2,0],[-2,24],[4,0],[-4,93],[-4,0],[-1,26],[81,3],[0,23],[-26,-1],[1,-17],[-82,-2],[-3,65],[229,6],[1,-6],[198,6],[0,-11],[3,0],[0,-2],[5,1],[1,-28],[-5,0],[0,-3],[-2,0],[0,-10],[-171,-5],[1,-12],[14,0],[0,-2],[3,0],[1,-27],[-2,0],[0,-2],[-4,0],[3,-70],[13,0],[3,-63],[-16,-1],[4,-69],[5,0],[0,-2],[2,0],[1,-27],[-3,0],[1,-2],[-17,-1],[0,-14],[174,5],[1,-13],[6,1],[2,-29],[-8,0],[0,-12],[-198,-5],[2,-26],[-174,-5]],[[73036,65686],[3,-81],[-77,-2],[0,13],[-7,0],[-1,44],[6,0],[-1,23],[77,3]],[[81481,38225],[-1,8],[-4,-1],[-1,8],[5,0],[0,3],[-13,0],[0,11],[-14,-1],[0,7],[-5,0],[0,22],[-10,0],[0,10],[-3,0],[0,7],[5,0],[0,3],[-5,0],[0,7],[4,0],[0,2],[-4,0],[-1,7],[3,0],[0,23],[-71,-1],[1,-12],[-13,0],[1,-27],[-60,-2],[1,-19],[-59,-2],[1,-20],[-61,-1],[-1,46],[-5,0],[0,14],[5,0],[-3,85],[-5,0],[0,14],[5,0],[-1,26],[59,1],[-2,39],[59,2],[-1,39],[59,2],[2,-48],[12,1],[1,-12],[73,1],[-1,12],[13,0],[0,7],[23,1],[1,19],[12,0],[0,3],[10,0],[0,-2],[10,0],[0,-9],[2,0],[0,-19],[1,0],[0,-8],[-2,0],[1,-12],[2,0],[0,-7],[-2,0],[0,-13],[3,0],[0,-8],[-3,0],[1,-12],[3,0],[0,-8],[-3,0],[0,-12],[4,0],[0,-8],[-2,0],[0,-7],[-12,-1],[0,-1],[-9,0],[0,1],[-3,0],[0,-12],[-2,0],[0,-7],[-8,-1],[1,-25],[9,0],[0,-9],[5,0],[0,-1],[8,0],[0,-8],[4,0],[0,-7],[-4,0],[0,-3],[5,0],[0,-7],[-5,0],[0,-3],[5,1],[0,-7],[-4,-1],[0,-3],[5,0],[0,-7],[-5,0],[1,-2],[3,0],[1,-7],[-4,0],[0,-3],[4,0],[0,-8],[-4,0],[0,-3],[4,1],[0,-7],[-4,0],[0,-3],[5,0],[0,-8],[-5,0],[0,-2],[5,0],[0,-7],[-5,0],[0,-8],[-17,-1]],[[82347,37459],[0,216],[312,6],[7,-243],[-7,1],[2,-51],[-35,-2],[-3,-28],[-68,-2],[-11,107],[-197,-4]],[[82957,37254],[-5,0],[-3,4],[-32,-1],[-2,-2],[-4,-1],[-5,2],[1,8],[-114,-2],[0,-7],[-29,-1],[-2,73],[25,1],[0,10],[-34,0],[-1,36],[33,0],[0,9],[-26,0],[-7,192],[39,0],[1,-11],[258,6],[0,11],[41,1],[2,-73],[5,0],[2,-65],[4,0],[1,-25],[-3,-1],[0,-30],[-13,-1],[0,-8],[13,0],[2,-37],[-4,0],[3,-82],[-30,0],[0,8],[-113,-2],[1,-9],[-4,-3]],[[82902,37291],[0,12],[13,0],[0,-2],[32,1],[0,2],[11,0],[1,-12],[10,0],[-1,3],[78,2],[0,8],[6,4],[6,0],[3,-2],[-3,90],[-21,0],[0,-5],[-2,0],[0,-4],[-142,-2],[0,2],[-4,1],[0,3],[-22,-1],[0,16],[-53,-1],[0,-23],[-17,0],[1,-8],[1,0],[1,-74],[4,4],[8,1],[3,-3],[1,-11],[80,2],[0,-3],[6,0]],[[82811,37445],[54,1],[-1,17],[22,1],[0,2],[4,0],[0,3],[142,3],[1,-3],[2,0],[1,-5],[19,1],[-2,44],[2,0],[-1,7],[-242,-5],[1,-11],[-3,0],[1,-55]],[[85785,37827],[-1,11],[-27,-1],[-1,14],[-163,-3],[0,79],[-34,-1],[-3,77],[34,1],[-4,51],[-88,-4],[0,-5],[-5,-5],[-5,-2],[-9,0],[-6,3],[-2,7],[-6,-1],[0,4],[-7,1],[-4,3],[-2,4],[0,5],[2,4],[4,3],[7,1],[-1,34],[-12,0],[0,-20],[-18,0],[0,19],[-17,0],[1,-11],[-52,-1],[-1,10],[-81,-1],[-2,38],[-9,0],[0,22],[12,0],[-2,38],[79,1],[0,9],[52,1],[0,-8],[83,1],[1,-38],[10,0],[1,-22],[-13,0],[3,-68],[86,1],[0,4],[164,3],[0,17],[27,0],[0,10],[102,2],[1,-12],[26,1],[0,-14],[116,1],[0,2],[49,0],[1,-6],[83,1],[-1,74],[-12,0],[-1,17],[12,0],[-3,40],[32,1],[1,-2],[49,1],[0,9],[53,1],[0,-8],[82,1],[1,-26],[-2,0],[0,-12],[11,0],[1,-22],[-11,0],[0,-14],[2,0],[0,-27],[-29,0],[-4,1],[-50,1],[1,-10],[-51,-1],[0,10],[-47,-1],[1,-34],[5,-1],[5,-3],[3,-4],[0,-4],[-4,-6],[-7,-2],[0,-4],[-5,0],[-1,-5],[-4,-3],[-8,-2],[-6,0],[-5,5],[-1,4],[-90,0],[0,-48],[34,1],[0,-78],[-33,0],[4,-81],[-164,0],[1,-15],[-29,-1],[1,-10],[-100,-2]],[[69482,79402],[-73,116],[35,13],[13,-21],[-2,-2],[40,-62],[24,9],[-39,64],[-3,-1],[-13,21],[36,13],[10,-17],[-9,-3],[2,-3],[6,2],[42,-67],[-9,-3],[3,-6],[12,4],[15,-24],[-90,-33]],[[68803,80319],[26,-39],[-75,-27],[-8,13],[-7,-3],[-12,21],[6,2],[-4,7],[74,26]],[[90193,20790],[-1,41],[-21,-1],[1,-21],[-14,-1],[0,24],[-54,-2],[1,-12],[-72,-1],[-1,22],[3,0],[-6,117],[-3,50],[339,6],[0,-8],[63,2],[0,5],[102,2],[2,-70],[-130,-2],[2,-70],[46,1],[0,-21],[-71,-2],[-7,1],[-2,2],[-3,78],[-9,0],[3,-94],[-107,-2],[0,11],[-39,-1],[1,-12],[-13,-1],[1,-41]],[[90204,20790],[-11,0]],[[83646,16665],[0,8],[-37,-1],[-5,110],[37,1],[0,7],[19,1],[0,-8],[60,2],[-1,29],[37,1],[0,8],[19,0],[0,-7],[37,1],[5,-111],[-37,-1],[0,-7],[-19,-1],[0,8],[-60,-2],[1,-29],[-37,-1],[0,-7],[-19,-1]],[[67439,84795],[-1,33],[31,1],[0,22],[-32,0],[-1,34],[78,2],[2,-91],[-77,-1]],[[52821,72393],[-1,10],[-7,0],[-1,25],[7,0],[-1,19],[-6,0],[-1,24],[6,0],[-1,20],[-7,0],[-1,25],[7,0],[-1,24],[60,1],[1,-20],[4,0],[2,-25],[-4,0],[2,-41],[4,0],[1,-24],[-5,0],[0,-14],[41,1],[-1,14],[-6,0],[0,10],[5,0],[0,4],[-6,0],[0,11],[5,0],[-2,39],[-5,0],[0,11],[5,0],[0,4],[-5,0],[-1,11],[5,0],[-1,19],[26,0],[6,-128],[-19,0],[1,-17],[-57,-2],[-1,17],[-15,0],[-5,120],[-10,0],[6,-137],[-24,-1]],[[61339,98430],[4,4],[2,28],[-5,3],[4,2],[0,3],[-4,4],[3,2],[0,13],[3,0],[1,10],[-4,0],[1,13],[-5,3],[4,1],[0,4],[-4,3],[4,2],[1,19],[-4,4],[3,3],[9,0],[0,7],[38,0],[0,-7],[13,2],[0,-3],[2,-3],[-4,-2],[-1,-20],[4,-3],[-4,-2],[0,-3],[3,-4],[-3,-1],[3,-86],[-7,0],[0,2],[-46,0],[-7,-2],[-4,4]],[[68597,80888],[-63,103],[22,8],[1,-2],[20,8],[1,-2],[19,7],[2,-2],[20,7],[19,-31],[-14,-4],[18,-30],[-3,0],[5,-8],[16,6],[19,-30],[-82,-30]],[[78188,18185],[-53,-2],[-1,14],[53,2],[1,-14]],[[78139,18269],[-1,14],[-7,0],[-11,7],[-2,42],[11,8],[54,2],[13,-9],[14,1],[10,8],[54,1],[12,-8],[2,-40],[-11,-8],[-54,-2],[1,-15],[-20,-1],[1,-6],[-10,0],[3,-40],[-12,-9],[-53,-1],[-10,8],[-3,40],[10,8],[9,0]],[[78314,18413],[0,15],[-4,0],[-10,7],[-2,41],[11,8],[53,2],[12,-10],[15,0],[12,11],[54,0],[10,-7],[2,-41],[-9,-8],[-63,-2],[0,-14],[-10,0],[0,-7],[-9,0],[1,-42],[-11,-7],[-53,-2],[-10,8],[-2,41],[10,8],[3,-1]],[[78491,18559],[4,0],[-1,15],[-4,0],[-9,6],[-2,42],[11,8],[54,1],[10,-10],[19,0],[0,3],[9,8],[54,1],[10,-8],[2,-41],[-10,-8],[-63,-1],[0,-15],[-20,0],[2,-49],[-10,-8],[-52,0],[-12,8],[-1,41],[9,7]],[[79007,18641],[0,6],[8,0],[0,8],[12,1],[1,5],[6,0],[-1,42],[10,9],[53,1],[11,-9],[2,-40],[-13,-11],[1,-10],[13,-9],[2,-41],[-11,-7],[-53,-2],[-14,11],[-15,-1],[0,-3],[-10,-7],[-53,-2],[-12,10],[-1,39],[10,8],[54,2]],[[78676,18704],[-1,13],[-4,0],[-10,8],[-2,42],[11,7],[55,1],[13,-10],[15,0],[0,4],[10,7],[53,2],[13,-10],[17,1],[0,3],[9,6],[54,1],[10,-8],[3,-41],[-14,-8],[1,-14],[13,-7],[2,-41],[-11,-8],[-53,-1],[-11,8],[-2,40],[-7,0],[0,8],[-20,-1],[0,-17],[-16,-14],[-23,0],[-16,13],[-1,10],[-27,-1],[1,-40],[-10,-9],[-53,-1],[-12,8],[-1,41],[10,8],[4,0]],[[78573,18857],[-10,7],[-18,0],[-9,-8],[-55,-1],[-11,7],[-4,112],[11,8],[81,1],[-2,63],[11,9],[146,2],[11,-7],[1,-42],[-11,-7],[1,-14],[11,-8],[2,-41],[-11,-8],[-10,0],[1,-14],[9,1],[12,-9],[2,-40],[-11,-8],[-53,-1],[-4,2],[-15,-12],[-17,11],[-4,-2],[-54,-1]],[[79573,18246],[48,37],[219,-158],[-83,-67],[-256,185],[36,29],[36,-26]],[[79146,18462],[-4,102],[136,3],[0,-9],[21,0],[0,9],[137,3],[4,-104],[-138,-2],[0,-15],[-19,-1],[5,-104],[-137,-3],[-4,105],[12,0],[-1,16],[-12,0]],[[79427,18620],[-5,7],[-15,0],[-3,57],[16,0],[0,2],[6,0],[-2,45],[16,1],[0,12],[-16,12],[7,5],[16,-11],[16,0],[0,12],[61,2],[0,16],[76,2],[0,-12],[6,-1],[6,-3],[3,-7],[16,1],[2,-57],[-23,0],[3,-56],[-19,0],[-11,-7],[1,-16],[-71,-2],[1,-4],[-2,0],[0,-12],[-75,-1],[-1,12],[-3,0],[-6,3]],[[79096,18834],[-13,7],[-8,9],[-3,6],[0,11],[-46,-1],[-3,57],[3,0],[0,14],[-3,0],[-2,57],[74,1],[3,-57],[-4,0],[1,-14],[3,1],[2,-37],[15,2],[15,-2],[6,-3],[6,-4],[9,-10],[1,-6],[0,-10],[42,2],[0,-3],[18,1],[0,2],[47,1],[-2,14],[-22,16],[27,22],[28,-21],[-22,-17],[2,-14],[95,2],[0,-8],[11,1],[0,-6],[5,0],[2,-31],[-7,0],[1,-7],[-8,0],[0,-7],[-155,-3],[0,3],[-19,0],[0,-3],[-74,-1],[-1,35],[-8,-1],[-16,2]],[[79309,19117],[-4,121],[326,7],[4,-121],[-326,-7]],[[80273,43208],[-1,29],[11,1],[0,2],[11,0],[0,-1],[24,0],[0,1],[94,1],[0,1],[43,1],[-1,30],[-41,-1],[0,3],[-61,-2],[0,-2],[-36,0],[0,1],[-23,0],[0,-2],[-10,-1],[0,3],[-14,0],[-1,29],[24,1],[0,-3],[17,0],[0,-2],[177,3],[2,-82],[-77,-1],[0,-2],[-99,-1],[0,-2],[-14,0],[-3,-4],[-22,0]],[[70671,65343],[-146,-4],[-3,73],[147,3]],[[70669,65415],[2,-72]],[[75317,27048],[-21,0],[0,2],[-18,0],[0,2],[-53,-1],[0,-4],[-22,-1],[0,6],[-4,0],[0,-6],[-13,0],[-5,138],[40,1],[0,-5],[52,1],[0,5],[43,1],[0,-7],[5,0],[1,-20],[-7,0],[0,-9],[-23,0],[0,7],[-31,-1],[-3,-5],[-20,0],[-5,5],[-16,-1],[-3,-5],[-12,0],[1,-22],[55,1],[0,4],[37,1],[0,-8],[5,0],[1,-22],[-4,0],[0,-6],[-38,0],[0,3],[-54,-1],[1,-22],[10,0],[4,-3],[0,-3],[17,1],[0,3],[4,2],[19,1],[4,-3],[1,-3],[31,0],[0,8],[9,-1],[0,4],[14,0],[1,-10],[5,1],[0,-22],[-6,0],[0,-5],[-2,-1]],[[34783,87875],[64,63],[2,-2],[16,16],[20,-10],[2,1],[7,-4],[1,1],[43,-25],[-11,-9],[15,-8],[-8,-7],[6,-4],[-16,-16],[-49,28],[-48,-49],[-44,25]],[[72115,68494],[-4,97],[-2,0],[-3,97],[47,1],[0,-8],[16,1],[2,-58],[62,2],[5,-129],[-123,-3]],[[74169,68614],[-184,0],[-6,92],[186,4],[4,-96]],[[49872,65457],[0,-30],[-4,2],[0,-30],[103,0],[0,-43],[-124,0],[0,8],[-24,0],[-1,19],[-9,0],[-2,80],[34,0],[0,-6],[27,0]],[[84229,40083],[-1,30],[22,1],[3,-1],[24,0],[4,3],[4,0],[4,-2],[26,1],[2,3],[6,0],[3,-3],[8,1],[5,2],[5,0],[0,27],[-119,-2],[-1,68],[47,1],[5,4],[6,0],[2,-2],[17,0],[2,2],[5,0],[3,-2],[14,0],[4,3],[4,0],[3,-3],[4,0],[-1,27],[-5,0],[-4,2],[-11,0],[-3,-2],[-3,0],[-3,2],[-30,-2],[-6,0],[-2,2],[-25,-1],[-6,-1],[-2,1],[-16,0],[-1,29],[43,1],[0,-6],[22,1],[0,5],[18,0],[0,-4],[54,1],[0,-10],[4,0],[0,-7],[4,0],[2,-60],[-34,-1],[0,-6],[-19,0],[0,4],[-46,0],[0,-6],[-7,-1],[0,-10],[7,1],[0,-5],[47,0],[0,5],[19,0],[0,-5],[35,1],[2,-62],[-8,0],[0,-16],[-53,-2],[0,-4],[-19,0],[-1,5],[-22,-1],[0,-5],[-41,-1]],[[65655,92190],[-21,0],[-2,59],[21,0],[1,-11],[56,2],[1,-39],[-57,0],[1,-11]],[[59260,41821],[61,1],[6,-174],[-60,-2],[-7,175]],[[60343,87116],[-5,110],[28,0],[4,-93],[3,0],[0,2],[19,1],[-3,67],[8,0],[0,19],[77,1],[1,-19],[11,0],[3,-85],[-30,0],[-4,85],[-39,-1],[4,-85],[-77,-2]],[[62502,84169],[-3,3],[-115,-3],[-3,74],[116,2],[4,3],[27,1],[1,-29],[-123,-2],[1,-23],[122,3],[1,-28],[-28,-1]],[[97423,136],[91,-30],[0,-5],[23,-9],[-9,-16],[7,-3],[-41,-73],[-43,14],[2,6],[-6,3],[32,52],[-83,27],[17,32],[7,-3],[3,5]],[[79721,39820],[-3,90],[74,1],[3,-90],[-74,-1]],[[66226,22037],[-6,126],[57,0],[3,-125],[-54,-1]],[[84589,37867],[0,2],[-17,0],[0,18],[14,0],[-1,13],[-5,-1],[-1,11],[6,1],[-1,25],[9,0],[1,2],[23,1],[0,-2],[151,3],[7,2],[22,1],[0,-23],[-184,-4],[0,-22],[185,4],[1,-26],[-210,-5]],[[85684,27276],[-49,34],[64,54],[50,-35],[-65,-53]],[[80786,46056],[-2,3],[-14,-1],[-6,9],[-5,-2],[-22,38],[4,1],[-4,7],[12,8],[-2,3],[17,6],[1,-2],[17,2],[5,-9],[4,1],[22,-37],[-5,-2],[5,-9],[-11,-7],[2,-3],[-18,-6]],[[67494,79168],[-1,9],[2,0],[-1,18],[-3,0],[-1,5],[-5,0],[-1,26],[2,0],[-1,18],[-2,0],[1,16],[-5,0],[-1,9],[5,0],[0,3],[37,1],[0,-4],[5,0],[2,-2],[1,-4],[-2,-2],[-6,0],[1,-15],[4,0],[4,-2],[0,-4],[-2,-2],[-6,0],[1,-7],[4,0],[3,-3],[0,-3],[-3,-3],[-4,0],[0,-13],[3,-2],[1,-7],[3,-2],[0,-5],[-3,-4],[0,-3],[17,2],[0,-2],[16,2],[0,-2],[6,0],[0,4],[-3,2],[-1,6],[4,2],[0,8],[3,2],[-1,12],[-4,0],[-3,2],[0,4],[2,3],[5,0],[-1,7],[-3,0],[-3,2],[-1,4],[3,3],[4,0],[-1,14],[-4,0],[-2,3],[-1,4],[2,2],[5,0],[0,4],[37,1],[1,-3],[4,0],[1,-9],[-5,-1],[2,-58],[-5,-1],[1,-5],[-4,0],[1,-27],[-104,-3]],[[72236,67370],[-3,2],[-1,17],[-3,2],[0,2],[2,1],[0,12],[-2,5],[2,1],[-1,5],[-2,2],[0,2],[2,1],[0,12],[-2,2],[0,2],[1,2],[-1,8],[-1,7],[-2,0],[0,8],[1,1],[0,5],[2,2],[-2,10],[1,4],[-1,11],[-1,2],[1,4],[0,5],[-1,1],[1,3],[-1,13],[-1,1],[1,4],[-1,17],[4,4],[48,1],[3,-3],[1,-17],[3,-4],[-2,-2],[1,-12],[2,-1],[0,-2],[-3,-3],[3,-8],[-2,-2],[1,-19],[2,-1],[-2,-5],[2,-8],[-2,-2],[1,-3],[1,-2],[-1,-4],[2,-5],[-2,-5],[1,-20],[2,-1],[-2,-7],[2,-2],[0,-3],[-2,-2],[1,-11],[2,-2],[0,-3],[-2,-2],[1,-16],[-3,-3],[-48,-1]],[[91578,30952],[-37,40],[50,26],[-10,11],[37,20],[13,-15],[3,2],[29,-32],[-3,-2],[13,-14],[-37,-19],[-9,9],[-49,-26]],[[75135,51326],[-1,4],[-7,0],[0,13],[-5,0],[-1,18],[5,0],[0,14],[7,0],[0,4],[175,4],[1,-5],[7,0],[0,-12],[5,0],[1,-18],[-5,-1],[0,-13],[-7,0],[0,-4],[-175,-4]],[[73006,69054],[-51,-1],[-2,53],[52,2],[3,-54],[-2,0]],[[77181,6523],[-1,41],[48,0],[0,4],[115,2],[0,-4],[49,2],[2,-40],[-213,-5]],[[73229,65694],[-3,74],[28,1],[0,-4],[70,2],[0,3],[57,2],[0,-4],[70,1],[0,3],[28,1],[0,-4],[11,0],[3,-69],[-264,-6]],[[70573,68958],[27,0],[0,-7],[10,0],[0,2],[21,0],[1,-1],[10,0],[-1,8],[115,2],[0,-7],[11,0],[0,1],[21,1],[0,-1],[10,0],[0,7],[27,1],[1,-46],[-30,-1],[0,11],[1,0],[0,8],[-39,-1],[0,-8],[2,0],[1,-11],[-37,0],[0,13],[7,0],[0,13],[-15,0],[0,-3],[-35,0],[0,2],[-13,-1],[0,-12],[8,0],[0,-14],[-36,0],[0,10],[2,0],[0,9],[-40,-1],[0,-10],[3,0],[0,-10],[-31,-1],[-1,47]],[[70725,69022],[18,1],[0,-7],[18,0],[-1,14],[-2,0],[-1,24],[3,0],[-1,15],[-18,0],[0,-7],[-17,-1],[-2,46],[32,1],[1,-25],[33,1],[-1,25],[31,1],[2,-46],[-16,-1],[-1,6],[-18,0],[0,-12],[3,0],[1,-27],[-3,0],[1,-13],[18,1],[-1,6],[18,1],[2,-47],[-32,-1],[1,8],[-1,17],[-34,-1],[2,-25],[-33,0],[-2,46]],[[75198,67381],[22,1],[0,-3],[27,1],[3,2],[6,1],[7,-3],[27,1]],[[75290,67381],[5,-51]],[[75295,67330],[0,-9],[-25,-3],[0,-5],[-18,0],[0,-7],[20,0],[1,-38],[-60,-2],[-2,43],[-11,0]],[[75200,67309],[-2,72]],[[70296,68908],[-1,8],[-10,0],[-2,52],[10,0],[0,7],[67,2],[0,-8],[11,1],[2,-52],[-11,0],[1,-8],[-67,-2]],[[75413,65443],[0,10],[4,0],[0,5],[-52,-1],[-2,45],[43,1],[-1,23],[39,1],[4,-83],[-35,-1]],[[73835,67783],[0,4],[118,3],[0,-4],[5,0],[2,-49],[-125,-2],[0,48]],[[93985,28853],[-59,57],[28,17],[12,-13],[9,6],[-2,1],[31,19],[1,-2],[9,5],[-13,13],[30,18],[59,-57],[-28,-17],[-13,12],[-11,-6],[2,-2],[-37,-22],[11,-11],[-29,-18]],[[93129,29353],[35,23],[16,-15],[-6,-4],[11,-10],[-32,-16],[-24,22]],[[87714,30608],[-1,34],[121,2],[0,23],[-121,-2],[-2,37],[149,2],[2,-87],[-22,-1],[0,-2],[-92,-2],[0,-4],[-34,0]],[[92729,30046],[-4,5],[-2,-1],[-22,24],[2,1],[-30,33],[32,17],[26,-29],[19,10],[-26,29],[31,16],[27,-29],[19,10],[-27,29],[32,16],[56,-61],[-51,-26],[2,-1],[-33,-18],[-1,2],[-50,-27]],[[83019,34322],[-4,110],[21,0],[0,-5],[23,0],[4,-3],[73,2],[0,2],[25,1],[-1,-10],[3,-29],[-3,-1],[0,-7],[7,0],[1,-7],[-8,0],[0,-7],[3,0],[0,-10],[-2,0],[3,-30],[-27,0],[0,2],[-72,-1],[-3,-1],[-23,-1],[0,-5],[-20,0]],[[83062,34362],[68,3],[-1,25],[-53,-1],[0,1],[-15,0],[1,-4],[5,0],[1,-18],[-6,-1],[0,-5]],[[85236,33139],[0,3],[-15,-1],[-2,125],[11,0],[0,3],[22,1],[0,-4],[18,0],[2,-124],[-15,0],[0,-3],[-21,0]],[[75579,35699],[-2,31],[-2,0],[-1,34],[2,0],[0,32],[56,1],[3,-34],[-2,0],[1,-30],[2,0],[1,-18],[-2,0],[0,-15],[-56,-1]],[[75380,64430],[-7,186],[217,6],[1,-11],[27,1],[0,-15],[4,0],[0,-6],[3,0],[1,-26],[-3,0],[1,-6],[-4,0],[1,-15],[-26,-1],[0,-22],[14,0],[1,-23],[5,-4],[0,-18],[-4,-4],[1,-24],[-14,0],[0,-13],[-218,-5]],[[72656,61184],[10,-158]],[[72666,61026],[1,-8],[-25,-1],[1,-7],[-132,-4],[0,9],[-8,0],[-4,-37]],[[72489,60977],[5,37],[-6,0],[-1,10],[-11,0],[-5,121],[18,0],[-6,146],[167,4],[6,-111]],[[70055,61416],[149,3],[5,-119],[-151,-3],[-3,119]],[[72309,62520],[-1,111],[162,0],[1,-110],[-162,-1]],[[72145,63501],[-1,110],[288,1],[1,-110],[-288,-1]],[[72402,62175],[-4,0],[-1,14],[-11,0],[0,16],[-9,0],[-1,28],[-8,0],[-1,18],[7,0],[-1,30],[10,0],[-1,15],[8,0],[-1,14],[107,3],[5,-136],[-99,-2]],[[72460,61835],[0,14],[-128,-3],[-7,126],[183,3],[6,-139],[-54,-1]],[[72402,61681],[-3,0],[-5,134],[117,3],[5,-135],[-114,-2]],[[70368,61797],[-3,66],[-86,-1],[-3,67],[205,4],[2,-66],[87,1],[2,-67],[-204,-4]],[[73960,64925],[7,-141],[-71,1],[-75,50],[-116,1],[-30,-20],[-6,103],[291,6]],[[71500,61456],[1,140],[235,4],[2,-177],[-238,-7],[0,40]],[[72797,61507],[-1,40],[16,0],[-2,51],[-17,0],[-1,39],[120,2],[5,-130],[-120,-2]],[[75350,66089],[-279,-8],[-3,91],[99,4],[-3,110],[161,0],[4,-108],[16,-1],[5,-88]],[[75400,66283],[156,3],[1,2],[4,-1],[38,10],[25,-65],[1,-8],[5,-21],[5,-46],[-2,-58],[-15,2],[0,-8],[-212,-5],[-6,195]],[[74016,60540],[-5,104],[160,5],[5,-105],[-160,-4]],[[67909,69909],[8,-255],[-212,-4],[-6,132],[-141,0],[-3,120],[354,7]],[[73200,64321],[-26,0],[2,-6],[-35,-2],[-5,165],[57,2],[1,-25],[4,-9],[3,-18],[0,-10],[-5,-12],[4,-85]],[[67033,63610],[-6,5],[-8,217],[243,5],[8,-220],[-223,-5],[0,-1],[-14,-1]],[[62101,59735],[-3,73],[-23,0],[0,3],[-11,0],[-3,103],[100,1],[1,25],[-8,3],[0,11],[3,1],[-2,22],[-64,-3],[0,-20],[3,0],[0,-12],[-7,-6],[-22,-1],[-8,5],[-1,13],[4,0],[-2,60],[-7,0],[0,7],[-13,0],[-2,21],[-6,0],[2,-39],[8,0],[0,-26],[-5,0],[0,-18],[-13,-1],[0,-13],[18,1],[1,-18],[-196,-5],[-1,18],[18,0],[0,13],[-12,-1],[-1,9],[-6,-1],[-3,61],[8,0],[-1,6],[-22,-2],[0,-76],[4,-1],[0,-12],[-8,-6],[-23,0],[-7,5],[-1,12],[4,0],[0,14],[-68,-1],[1,-14],[3,0],[1,-12],[-8,-6],[-21,-1],[-11,6],[-31,0],[-3,60],[37,2],[0,10],[-5,-1],[-1,30],[-4,3],[-1,11],[4,3],[0,30],[-19,-10],[0,-14],[-2,-1],[-30,-2],[0,-7],[-20,0],[0,7],[-11,0],[1,-81],[-24,0],[0,-12],[21,1],[1,-13],[-22,0],[1,-13],[-119,-4],[0,6],[-11,7],[10,8],[0,15],[-67,-5],[0,6],[-24,-1],[-1,23],[17,0],[-2,54],[7,1],[-3,70],[23,1],[0,20],[45,1],[0,-21],[96,2],[0,23],[43,1],[5,-4],[2,-74],[12,0],[25,35],[-8,4],[11,16],[9,-4],[4,7],[-1,2],[-2,1],[-2,10],[1,7],[50,1],[3,-18],[401,12],[33,15],[2,-2],[14,0],[4,-3],[3,3],[4,0],[11,-15],[23,0],[2,-43],[-14,-1],[1,-29],[4,-3],[0,-11],[-3,-5],[0,-29],[-4,-1],[2,-58],[4,0],[1,-12],[-9,-6],[-12,-1],[-1,-22],[9,0],[1,-13],[8,0],[5,-148],[14,1],[1,-15],[-109,-5]],[[75578,65821],[0,-3],[10,0],[0,-3],[20,0],[1,-12],[12,0],[3,-121],[-10,0],[1,-11],[-20,-1],[0,-5],[-10,0],[0,-2],[-157,-3],[0,3],[-11,0],[0,-6],[-78,-1],[0,10],[-90,-2],[0,-2],[-5,0],[0,-2],[-2,0],[0,-2],[-5,0],[0,-2],[-9,0],[0,-2],[-47,-1],[0,5],[-10,0],[0,-5],[-13,0],[0,5],[-10,0],[0,-5],[-46,-1],[0,1],[-11,0],[0,5],[-11,0],[-1,7],[-3,0],[-1,12],[4,0],[0,8],[-4,0],[0,12],[3,0],[0,8],[-4,-1],[0,12],[3,1],[0,7],[-4,0],[0,12],[3,0],[0,20],[-5,0],[-1,17],[4,0],[0,20],[5,0],[0,4],[4,0],[0,4],[2,1],[0,2],[12,0],[0,4],[11,0],[0,3],[34,1],[0,-9],[10,0],[0,7],[12,0],[1,-7],[10,1],[-1,9],[34,0],[0,-3],[13,0],[0,-3],[11,0],[0,-3],[3,0],[0,-3],[4,0],[0,-4],[4,0],[0,-4],[82,1],[-1,15],[19,0],[0,3],[9,1],[0,3],[58,1],[0,-3],[9,0],[0,-3],[3,0],[0,-3],[17,0],[0,4],[9,1],[0,6],[34,1],[0,-7],[9,0],[1,-3],[16,0],[2,6],[10,1],[0,3],[58,1]],[[74045,61244],[-60,-1],[0,27],[6,0],[-1,27],[-6,0],[-1,30],[59,2],[3,-85]],[[76567,57961],[-2,46],[-33,-1],[-2,35],[-192,-4],[0,-9],[-59,-1],[-9,240],[58,1],[0,-6],[194,4],[-1,34],[33,1],[0,14],[113,2],[1,-14],[33,1],[1,-34],[191,4],[0,6],[58,1],[10,-241],[-57,-2],[-1,11],[-194,-5],[2,-34],[-35,-1],[2,-45],[-111,-3]],[[72553,63504],[-5,107],[134,4],[1,-16],[3,0],[4,-77],[-85,-2],[0,-15],[-52,-1]],[[72678,62375],[-102,-2],[-1,35],[9,0],[-1,56],[-10,0],[-1,35],[102,2],[4,-126]],[[72572,62516],[-5,130],[86,1],[6,-129],[-87,-2]],[[72329,63189],[-2,131],[114,1],[2,-130],[-114,-2]],[[72278,63379],[0,30],[-10,0],[0,29],[-10,0],[-1,50],[177,2],[1,-35],[-9,0],[0,-30],[-10,0],[1,-29],[-39,-1],[0,-8],[-38,0],[0,-7],[-62,-1]],[[72845,63412],[0,-28],[-290,-3],[-2,110],[290,4],[2,-83]],[[72599,61684],[-1,49],[45,0],[-1,41],[-46,-1],[-1,49],[309,5],[2,-50],[-46,-1],[1,-37],[48,0],[1,-50],[-311,-5]],[[72506,60689],[-10,8],[-3,71],[11,9],[180,3],[11,-8],[4,-70],[-13,-11],[-180,-2]],[[71323,64024],[36,-52],[-469,-10],[-11,245],[382,10],[4,-111],[39,-55],[14,1],[11,-6],[1,-11],[-9,-9],[2,-2]],[[83643,37443],[-1,13],[-29,0],[-1,16],[25,1],[-1,8],[-15,0],[-1,32],[16,1],[0,10],[-25,-1],[0,16],[28,0],[0,13],[25,1],[1,-11],[23,0],[0,12],[23,0],[3,-61],[15,0],[0,-12],[-15,-1],[1,-35],[-18,0],[-1,12],[-30,-1],[0,-12],[-23,-1]],[[71442,64056],[-77,107],[-4,1],[-14,10],[0,16],[13,11],[20,1],[12,-8],[602,13],[8,8],[20,0],[15,-10],[1,-16],[-5,-5],[6,-171],[4,-4],[1,-15],[-14,-12],[-22,0],[-7,5],[-191,-4],[-15,-9],[-70,-1],[-16,11],[-181,-4],[-10,-9],[-20,0],[-12,10],[-1,16],[-43,59]],[[74476,67207],[-5,77],[-95,-2]],[[74376,67282],[-4,80],[181,4],[29,-22],[5,-134],[-111,-3]],[[72435,62158],[66,2],[7,-134],[-68,-3],[-5,135]],[[70900,60973],[-5,125],[-7,18],[-5,8],[-14,14],[-9,6],[-10,4],[-5,111],[131,3],[6,-126],[6,-17],[13,-15],[16,-12],[10,-4],[4,-111],[-131,-4]],[[64814,93606],[-6,118],[20,1],[-1,17],[-19,0],[-6,120],[39,1],[1,-16],[20,0],[1,-34],[24,1],[5,-87],[34,0],[0,-12],[32,1],[9,-19],[4,-23],[3,-63],[-160,-5]],[[80612,43233],[-1,6],[-22,0],[-1,28],[23,1],[0,6],[56,1],[0,-3],[16,0],[0,3],[57,1],[0,-6],[23,0],[1,-28],[-23,0],[0,-8],[-57,-1],[0,4],[-16,-1],[0,-3],[-56,0]],[[74860,65647],[-7,156],[120,3],[6,-157],[-119,-2]],[[73778,62515],[182,2],[2,-102],[-38,-2],[0,-3],[-142,-4],[-4,109]],[[73935,62335],[1,-46]],[[73936,62289],[8,-145],[-146,-1],[-10,192],[147,0]],[[74255,61047],[-3,167],[125,1],[4,-167],[-126,-1]],[[71418,61952],[157,3],[4,-141],[-157,-4],[-4,142]],[[73579,62713],[-238,-1],[-4,90],[78,1],[0,42],[160,3],[4,-135]],[[73119,62519],[0,38],[11,0],[0,5],[-42,0],[-1,87],[182,-2],[4,-82],[-34,-2],[1,-6],[11,0],[0,-38],[-132,0]],[[73162,61693],[0,-14],[-172,-2],[0,155],[169,0],[0,-10]],[[72345,62367],[-3,130],[150,3],[5,-130],[-152,-3]],[[74720,66564],[-5,158],[511,11],[6,-158],[-512,-11]],[[74128,61977],[5,-158],[-322,0],[-6,189],[235,3]],[[74040,62011],[1,-37],[87,3]],[[72606,61504],[-5,131],[162,3],[5,-130],[-162,-4]],[[64857,86845],[-4,97],[10,0],[-4,114],[139,4],[8,-212],[-149,-3]],[[67342,74009],[145,4],[1,-45],[-144,-4],[-2,45]],[[17297,89244],[110,1],[0,-7],[18,-1],[4,-36],[62,2],[1,-2],[15,0],[2,-68],[-31,-3],[7,-106],[-29,-1],[0,-6],[21,0],[9,-167],[-43,1],[0,-17],[50,1],[1,-70],[26,0],[2,-43],[-27,0],[3,-74],[-195,0],[-5,186],[82,0],[0,15],[-91,-2],[-5,168],[104,1],[-1,5],[-34,-2],[-4,94],[-32,0],[-1,15],[-9,0],[-3,44],[-3,1],[-4,71]],[[80335,42292],[0,4],[-15,4],[0,8],[-5,0],[-2,41],[6,1],[-1,9],[14,3],[0,4],[20,1],[0,-5],[16,-2],[0,-10],[5,0],[1,-41],[-5,0],[1,-9],[-15,-4],[0,-3],[-20,-1]],[[72809,62377],[-4,111],[77,2],[4,-112],[-77,-1]],[[73457,62653],[1,-96],[-19,-1],[2,-36],[-82,0],[0,131],[98,2]],[[74097,67140],[20,1],[0,3],[470,12],[7,-158],[-402,-10],[-18,37],[43,1],[0,-2],[125,4],[0,13],[-175,-5],[-18,-5],[-52,109]],[[75586,65880],[-200,-5],[-7,149],[219,6],[7,-149],[-19,-1]],[[70194,61120],[-104,37],[-19,-1],[-5,91],[148,3],[5,-128],[-25,-2]],[[73507,64410],[2,-84],[-225,-4],[-1,83],[224,5]],[[72633,62219],[-53,-1]],[[72580,62218],[-4,97],[95,2],[1,-43],[-41,-1],[2,-54]],[[72656,61184],[272,7],[9,-181],[-208,-5],[-1,23],[-62,-2]],[[67681,84874],[-1,8],[-14,0],[-1,30],[11,1],[-4,15],[4,1],[-4,15],[57,10],[-15,45],[-39,0],[-1,10],[-5,0],[-1,48],[-14,0],[0,44],[9,0],[-1,35],[153,1],[1,-16],[5,0],[2,-22],[6,0],[4,-68],[23,-78],[-43,-7],[5,-16],[-5,-1],[7,-15],[3,-6],[9,2],[8,-26],[-26,-4],[-8,24],[-118,-21],[1,-8],[-8,-1]],[[74719,65300],[-3,72],[134,3],[1,-29],[24,1],[1,-30],[-24,0],[1,-14],[-134,-3]],[[74694,65935],[136,0],[3,-77],[-136,-3],[-3,80]],[[74837,48758],[0,11],[-236,-4],[-5,150],[248,4],[1,-47],[40,-19],[57,1],[-3,85],[-127,-2],[-2,60],[141,2],[0,15],[-14,0],[0,24],[13,0],[0,3],[59,1],[2,-67],[4,0],[1,-28],[-5,0],[0,-3],[-11,0],[4,-113],[21,0],[2,-69],[-190,-4]],[[73962,66548],[-6,157],[86,2],[74,-154],[-2,-2],[-152,-3]],[[73479,63332],[149,3],[5,-132],[-146,-3],[-8,132]],[[70731,66050],[82,2],[2,-65],[-82,-2],[-2,65]],[[69718,60950],[-2,71],[30,0],[-1,20],[-51,-1],[-3,73],[141,3],[4,-164],[-118,-2]],[[73736,64031],[-11,201],[118,4],[12,-201],[-119,-4]],[[75028,56244],[-2,44],[158,3],[2,-43],[-158,-4]],[[69566,77633],[-3,25],[2,0],[-1,12],[-1,0],[-1,16],[2,0],[0,11],[-3,0],[-1,15],[2,0],[0,12],[25,0],[0,-5],[30,1],[-1,4],[27,1],[4,-90],[-27,-1],[0,3],[-28,-1],[0,-3],[-26,0]],[[69500,76105],[-4,123],[41,1],[0,-9],[18,0],[-1,9],[41,1],[6,-122],[-42,-1],[1,9],[-18,-1],[0,-9],[-42,-1]],[[69914,76821],[-1,29],[31,1],[0,17],[-32,0],[-1,28],[13,0],[0,3],[18,0],[1,-2],[57,1],[0,3],[18,0],[0,-3],[14,0],[2,-27],[-33,-1],[1,-17],[31,0],[1,-29],[-120,-3]],[[70193,76706],[-2,31],[21,0],[-1,17],[-21,0],[-1,29],[90,2],[1,-29],[-20,-1],[0,-17],[21,1],[1,-31],[-89,-2]],[[43439,75530],[-1,29],[-6,0],[-3,60],[6,1],[-2,56],[-7,0],[-3,46],[7,0],[-3,72],[-7,0],[-3,60],[7,0],[-3,71],[-7,0],[-2,46],[6,0],[-3,73],[-7,0],[-3,58],[8,1],[-2,29],[64,2],[26,-602],[-62,-2]],[[68005,82552],[-2,40],[46,1],[7,2],[8,1],[16,-2],[89,2],[16,3],[14,-2],[46,1],[1,-40],[-241,-6]],[[68607,81347],[-2,41],[22,1],[0,14],[-22,0],[-2,28],[95,3],[1,-29],[-12,0],[2,-25],[11,0],[1,-25],[-94,-8]],[[64466,84134],[0,5],[-3,4],[2,4],[0,15],[-3,3],[2,3],[0,11],[-2,3],[2,5],[-1,7],[-2,3],[0,3],[2,2],[0,11],[-2,2],[1,4],[0,8],[-2,5],[2,2],[-1,11],[-2,3],[2,5],[0,13],[-3,3],[2,5],[0,6],[19,1],[0,-5],[9,0],[0,3],[27,1],[1,-8],[8,0],[-1,7],[29,1],[0,1],[26,1],[5,-146],[-43,-1],[0,7],[-2,3],[2,4],[-1,14],[-2,2],[0,3],[2,2],[0,11],[-2,2],[1,9],[-11,0],[-7,-1],[-4,1],[-10,-1],[2,-8],[-2,-3],[2,-15],[0,-17],[1,-5],[-1,-8],[-42,-1]],[[64526,84225],[11,0],[0,5],[-3,2],[2,4],[0,11],[-2,2],[2,9],[-10,0],[0,-4],[-14,0],[0,2],[-9,0],[2,-7],[-1,-13],[2,-5],[-1,-6],[17,1],[4,-1]],[[68921,79494],[158,56]],[[69079,79550],[7,-11],[2,1],[7,-12],[-2,-1],[5,-8],[2,0],[7,-11],[-2,-1],[11,-18],[-13,-5],[1,-2],[-15,-6],[-1,2],[-43,-15],[1,-1],[-15,-6],[-2,2],[-41,-15],[1,-1],[-16,-6],[-1,2],[-13,-5],[-38,61]],[[68863,80072],[45,16],[14,-24],[13,4],[-4,6],[43,15],[3,-6],[12,5],[-14,23],[46,16],[36,-61],[-14,-5],[1,-2],[-16,-6],[-1,2],[-39,-14],[1,-1],[-16,-6],[-1,2],[-43,-15],[1,-2],[-15,-5],[-2,2],[-13,-5],[-11,17],[-2,-1],[-7,11],[3,1],[-7,11],[-3,-1],[-7,12],[3,1],[-6,10]],[[68921,79494],[-40,66],[46,16],[16,-27],[15,5],[-17,28],[37,13],[17,-28],[15,5],[-17,28],[49,17],[3,-5],[-2,-1],[2,-4],[2,1],[3,-6],[-2,0],[2,-3],[2,0],[3,-5],[-2,0],[2,-3],[3,1],[3,-7],[-3,0],[2,-3],[3,1],[2,-4],[-2,-2],[2,-3],[3,1],[3,-5],[-3,-1],[2,-4],[3,1],[3,-5],[-3,-2],[2,-3],[2,2],[4,-7],[-2,-1]],[[69373,79703],[-51,83],[-1,0],[-9,11],[37,12],[42,-76],[26,9],[-27,49],[-2,-1],[-16,28],[37,13],[9,-15],[-2,-1],[4,-7],[-2,-1],[41,-74],[-86,-30]],[[69305,78190],[-2,59],[37,0],[-1,31],[75,2],[1,-39],[-22,-1],[0,5],[-10,0],[0,-22],[5,0],[0,2],[29,1],[1,-36],[-113,-2]],[[69747,77909],[-12,109],[55,2],[1,-5],[4,1],[21,-103],[-69,-4]],[[69763,78201],[-1,30],[32,0],[-1,29],[-32,-1],[0,29],[223,5],[2,-34],[-21,0],[0,-19],[22,-1],[1,-34],[-225,-4]],[[69847,78232],[22,1],[0,5],[43,2],[-1,16],[-32,0],[0,1],[-11,0],[0,5],[-22,-1],[1,-29]],[[66681,82508],[-2,6],[-21,-3],[-4,32],[10,1],[8,11],[-1,6],[-9,-2],[-11,42],[17,4],[2,3],[0,3],[5,1],[0,3],[82,18],[1,-4],[6,2],[8,-3],[15,4],[21,-40],[-6,-2],[7,-13],[20,6],[17,-28],[-20,-7],[4,-6],[-12,-4],[-3,6],[-16,-5],[4,-7],[-13,-3],[-24,46],[-9,-3],[-4,9],[8,2],[-7,12],[-8,-2],[-5,9],[10,3],[-5,7],[-7,-2],[1,-2],[-11,-3],[0,2],[-9,-2],[0,-2],[-12,-2],[-1,1],[-7,-2],[1,-7],[10,1],[2,-8],[-8,-2],[4,-13],[7,2],[3,-10],[-8,-1],[12,-42],[-2,-1],[2,-6],[-13,-2],[-1,7],[-16,-2],[1,-6],[-13,-2]],[[69922,78725],[0,-17]],[[69922,78708],[0,-16],[-16,0],[0,-11],[3,-3],[0,-9],[8,0],[0,-35],[6,0],[0,-21],[-45,0],[0,6],[-2,0],[-4,106],[50,0]],[[69543,78488],[-94,-2],[-1,29],[20,1],[-1,30],[-21,0],[-1,28],[96,2],[2,-88]],[[69690,78492],[-1,35],[10,0],[0,16],[-12,0],[-1,36],[151,3],[1,-36],[-10,0],[0,-17],[11,0],[1,-35],[-150,-2]],[[69800,78782],[-5,77],[49,2],[1,-28],[-14,-1],[1,-25],[13,-1],[2,-24],[-47,0]],[[64015,85101],[-1,2],[-15,-2],[0,4],[-5,0],[-3,1],[-1,6],[2,2],[5,1],[-1,9],[-5,-1],[-4,3],[0,4],[2,3],[5,0],[-2,8],[-5,-1],[-3,2],[0,5],[2,3],[5,1],[-2,4],[22,2],[1,-5],[95,10],[10,-56],[-39,-4],[-5,28],[-18,-1],[-2,-4],[-7,0],[-3,2],[-11,-1],[5,-23],[-22,-2]],[[66005,91477],[-3,73],[38,1],[0,-16],[25,0],[-1,17],[38,1],[3,-73],[-37,-1],[-1,16],[-25,-1],[1,-16],[-38,-1]],[[65828,91548],[-3,71],[38,1],[1,-17],[25,0],[-1,18],[38,0],[2,-72],[-37,-1],[-1,18],[-24,-1],[0,-16],[-38,-1]],[[65894,91439],[0,18],[-25,-1],[1,-13],[-38,-1],[-3,67],[38,1],[1,-19],[25,0],[-1,20],[37,0],[3,-71],[-38,-1]],[[64523,92291],[-1,19],[8,0],[-1,10],[4,3],[-1,16],[-3,1],[0,10],[2,1],[0,11],[-3,3],[0,4],[3,3],[-1,10],[66,2],[1,-11],[2,-2],[1,-4],[-4,-3],[2,-11],[2,-2],[1,-9],[-4,-3],[1,-15],[3,-2],[0,-11],[24,1],[-1,11],[3,2],[0,15],[-4,2],[-1,9],[3,3],[0,10],[-3,3],[0,5],[3,2],[-1,10],[28,0],[5,-89],[-87,-3],[-4,68],[-9,0],[4,-67],[-38,-2]],[[64720,91323],[-1,3],[-6,0],[-3,92],[120,2],[3,-95],[-113,-2]],[[65666,90035],[-3,76],[137,3],[3,-76],[-137,-3]],[[66512,85654],[-1,17],[-5,-1],[0,7],[5,0],[-1,17],[40,0],[-1,20],[48,1],[-1,23],[85,1],[1,-36],[22,0],[1,-40],[-85,-1],[0,-6],[-108,-2]],[[60040,95283],[-1,32],[6,0],[0,7],[12,0],[0,-3],[4,0],[0,-4],[30,-1],[0,3],[17,0],[0,-5],[27,0],[0,3],[-7,0],[0,6],[7,1],[0,3],[-14,-1],[0,-3],[-25,0],[0,3],[-47,-1],[0,4],[-12,0],[-2,83],[76,1],[0,-5],[8,0],[0,5],[45,1],[1,-36],[-17,0],[0,-2],[-24,0],[0,1],[-10,0],[0,-1],[-25,-1],[-1,1],[-10,0],[0,-1],[-13,0],[1,-20],[101,0],[2,-65],[-1,-3],[-17,0],[0,2],[-16,0],[0,-3],[-25,0],[0,2],[-17,0],[0,-3],[-26,0],[0,2],[-11,0],[0,-2],[-16,0]],[[42958,77362],[88,1],[0,3],[24,1],[0,-3],[87,2],[1,-45],[-86,0],[-2,-3],[-22,-1],[-1,3],[-88,-2],[-1,44]],[[52415,74289],[-1,10],[-34,0],[-1,37],[-5,0],[0,6],[4,0],[-1,36],[35,1],[0,11],[117,1],[0,-8],[9,0],[0,-11],[-9,0],[0,-8],[-26,-1],[0,4],[-7,-1],[0,-3],[-15,-1],[0,4],[-22,0],[0,-4],[-14,0],[0,4],[-8,0],[0,-4],[-14,0],[0,3],[-16,0],[0,-10],[7,0],[0,-32],[-5,0],[1,-10],[16,1],[-1,3],[15,0],[0,-3],[7,0],[0,4],[15,0],[0,-4],[21,0],[0,4],[15,0],[0,-4],[7,1],[0,3],[26,1],[1,-8],[9,0],[0,-11],[-9,0],[0,-10],[-117,-1]],[[70827,73768],[28,0]],[[70855,73768],[3,-41],[-2,0],[0,-18],[-24,0],[-1,6],[-170,-4],[-1,47],[168,3],[-1,7]],[[69602,77107],[-1,34],[22,1],[-1,19],[-22,-1],[-2,34],[114,3],[1,-34],[-36,-2],[1,-17],[36,-1],[1,-34],[-113,-2]],[[69897,77202],[141,4],[1,-89],[-138,-3],[-4,88]],[[70132,77208],[1,-1],[145,3],[1,-35],[-11,0],[1,-17],[12,0],[1,-36],[-145,-3],[-5,89]],[[68954,74984],[-7,36],[14,1],[-6,37],[-10,-1],[-6,35],[72,8],[5,-29],[-11,-1],[10,-50],[13,1],[5,-28],[-79,-9]],[[70114,74973],[-55,95],[47,16],[56,-95],[-48,-16]],[[60212,84544],[-5,135],[94,2],[5,-114],[10,0],[4,1],[-4,117],[28,1],[5,-139],[-71,-2],[-4,109],[-34,-1],[4,-108],[-32,-1]],[[65907,89237],[-1,20],[52,1],[5,1],[19,-1],[4,2],[9,-1],[18,0],[-1,18],[-12,0],[-6,-1],[-6,1],[-14,0],[-5,-2],[-8,2],[-10,-1],[-4,-1],[-9,1],[-32,-1],[-1,32],[32,0],[5,2],[8,-1],[15,1],[7,-1],[14,0],[7,2],[18,-1],[-1,19],[-18,-1],[-2,-1],[-4,-1],[-7,2],[-9,-1],[-6,-1],[-8,1],[-52,-1],[-1,21],[27,0],[0,-2],[86,1],[0,2],[30,1],[4,-108],[-30,-1],[0,2],[-85,-2],[0,-2],[-28,0]],[[65934,88839],[0,9],[2,1],[-1,25],[-3,1],[0,8],[2,1],[28,1],[0,-8],[70,2],[0,-6],[8,0],[-1,13],[24,1],[2,-44],[-26,-1],[0,7],[-75,-2],[0,-7],[-30,-1]],[[65942,88674],[19,1],[0,-2],[19,1],[1,-34],[25,1],[-1,34],[38,0],[4,-109],[-39,-1],[-1,32],[-24,-1],[1,-32],[-38,-1],[-4,111]],[[67006,86901],[-1,46],[36,-1],[-2,37],[174,3],[1,-42],[34,-45],[-144,-2],[-1,5],[-97,-1]],[[59265,95611],[121,3],[1,-25],[-121,-3],[-1,25]],[[59151,95632],[-111,-30],[-15,33],[133,36],[2,-5],[21,6],[31,-66],[-44,-12],[-17,38]],[[63426,99258],[21,1],[0,-2],[63,2],[7,2],[26,0],[3,-8],[15,0],[0,-9],[-13,-1],[3,-6],[-22,-1],[1,-3],[-11,0],[0,3],[-10,-1],[0,-2],[-11,0],[0,2],[-8,0],[0,-2],[-12,0],[0,2],[-17,0],[1,-4],[2,-1],[5,-12],[-1,-2],[1,-3],[18,1],[-1,2],[13,1],[0,-3],[7,0],[0,3],[13,0],[0,-2],[9,0],[0,3],[11,0],[0,-3],[17,1],[3,-7],[16,0],[0,-10],[-13,0],[4,-9],[-30,0],[-4,2],[-62,-1],[-4,-3],[-18,0],[-22,70]],[[65503,94124],[-24,-1],[0,4],[-91,-2],[0,17],[6,0],[-3,13],[110,4],[0,11],[36,1],[-1,12],[22,0],[0,-11],[4,0],[3,-63],[-61,-2],[-1,17]],[[65817,94186],[-12,8],[-9,-6],[-12,9],[7,7],[-11,9],[-20,-16],[-21,0],[-1,16],[-20,0],[0,15],[-21,-1],[-1,33],[189,3],[2,-48],[-12,0],[1,-52],[34,-23],[-5,-5],[-46,0],[-42,30],[0,21]],[[65592,94197],[-6,69],[50,2],[1,-21],[-3,-1],[1,-7],[-3,0],[4,-42],[14,1],[2,-19],[-9,0],[-1,2],[-54,-2],[0,-1],[-10,-1],[-1,20],[15,0]],[[62200,99856],[-8,1],[-3,2],[0,5],[-9,0],[1,123],[-11,0],[0,-15],[-2,-2],[-13,0],[-3,2],[0,16],[-10,0],[0,-125],[-17,0],[0,-5],[-3,-2],[-15,0],[-4,3],[0,5],[-17,0],[0,44],[-5,1],[0,13],[3,2],[2,0],[1,65],[-11,0],[0,-13],[-3,-3],[-15,1],[-3,2],[0,23],[155,0],[0,-44],[-3,0],[0,-63],[3,0],[0,-29],[-8,0],[0,-5],[-2,-2]],[[64662,95557],[-33,99],[40,0],[11,-32],[34,7],[-9,26],[39,1],[32,-98],[-38,-1],[-11,32],[-35,-7],[9,-26],[-39,-1]],[[62308,98029],[-2,30],[11,1],[0,15],[-11,0],[-2,31],[134,3],[1,-18],[18,0],[2,-59],[-151,-3]],[[64035,96794],[-1,17],[-4,0],[-1,18],[108,2],[1,-17],[5,0],[1,-17],[-43,-1],[0,9],[-24,-1],[0,-9],[-42,-1]],[[63691,96811],[-1,19],[3,2],[9,1],[0,10],[2,0],[-3,64],[-2,0],[-2,24],[11,0],[2,1],[36,0],[0,-2],[3,-1],[0,-9],[-4,-1],[3,-75],[3,0],[6,-5],[0,-2],[36,1],[0,2],[7,5],[3,0],[-1,17],[-3,-1],[-2,57],[-4,2],[1,11],[3,3],[76,2],[2,-30],[1,0],[2,-9],[3,-65],[6,0],[0,4],[25,0],[0,-4],[8,1],[-2,42],[-3,0],[0,13],[-2,0],[-1,9],[-2,0],[-2,31],[2,0],[0,9],[30,1],[3,-62],[17,0],[3,-60],[-113,-2],[-4,105],[-9,0],[0,-14],[-6,0],[4,-91],[-144,-3]],[[78790,48721],[-2,42],[207,5],[2,-42],[-207,-5]],[[93704,21980],[-1,39],[6,0],[-2,63],[71,2],[3,-63],[33,1],[-1,29],[74,2],[0,-4],[13,0],[0,6],[-17,0],[-1,24],[-2,0],[-5,131],[-98,-2],[-3,80],[87,2],[0,-3],[82,1],[2,-53],[4,1],[5,-143],[-2,0],[2,-60],[-8,-1],[2,-29],[-139,-3],[1,-17],[-106,-3]],[[79670,41148],[-2,39],[71,1],[2,-6],[23,0],[0,7],[70,1],[3,-19],[-1,-20],[-25,0],[0,12],[-117,-2],[0,-12],[-24,-1]],[[18276,87169],[-33,23],[1,1],[-1,2],[18,14],[-1,4],[-17,0],[-4,123],[57,1],[4,-119],[7,-4],[156,4],[1,-44],[-160,-4],[-1,13],[-6,0],[-17,-14],[-2,2],[-2,-2]],[[69463,74630],[80,16],[10,-26],[-17,-5],[9,-26],[24,3],[9,-26],[-23,-5],[11,-31],[29,4],[10,-26],[-94,-19],[-8,27],[19,5],[-12,31],[-19,-3],[-9,27],[19,5],[-9,25],[-20,-2],[-9,26]],[[37381,62773],[-4,108],[174,5],[2,-36],[-147,-4],[0,-6],[4,0],[1,-24],[-4,0],[0,-7],[147,4],[2,-35],[-175,-5]],[[75585,35247],[144,3],[1,-53],[-143,-2],[-2,52]],[[71613,54099],[30,15],[-16,19],[10,5],[16,-19],[140,70],[-8,10],[-40,-20],[-16,20],[80,40],[9,-9],[-30,-15],[17,-20],[30,15],[15,-17],[-222,-112],[-15,18]],[[71684,54272],[30,15],[-10,11],[-11,-5],[-6,8],[22,11],[17,-19],[138,69],[-7,9],[-40,-19],[-17,20],[51,25],[25,-30],[31,16],[15,-18],[-222,-111],[-16,18]],[[69700,74331],[-1,36],[21,1],[0,-2],[12,0],[-1,10],[-2,0],[-26,44],[-2,39],[23,1],[71,-118],[0,-8],[-95,-3]],[[66041,90569],[-3,88],[37,1],[1,-15],[17,0],[0,-6],[46,1],[1,-45],[-46,-1],[1,-7],[-17,0],[0,-15],[-37,-1]],[[65567,92676],[-3,69],[24,1],[1,-15],[78,1],[0,5],[25,0],[1,-24],[23,0],[1,-12],[-24,0],[1,-13],[-25,0],[-1,4],[-77,-1],[0,-15],[-24,0]],[[66129,87589],[-1,40],[3,0],[-5,116],[140,3],[1,-31],[-102,-2],[1,-31],[102,2],[2,-31],[-102,-2],[1,-32],[102,3],[1,-31],[-143,-4]],[[65880,87730],[-18,1],[0,7],[-76,-2],[1,-7],[-27,-1],[-2,41],[26,1],[0,-6],[76,2],[0,7],[27,1],[2,-43],[-9,-1]],[[66086,89557],[-1,10],[-12,0],[-1,40],[11,0],[0,11],[24,0],[1,-10],[69,1],[2,-40],[-69,-1],[0,-10],[-24,-1]],[[65810,89686],[-101,-2],[-3,73],[38,0],[1,-17],[25,0],[-1,18],[38,0],[3,-72]],[[89133,32354],[-3,81],[155,3],[1,-12],[6,1],[0,-13],[-6,0],[0,-22],[6,1],[1,-22],[-6,-1],[1,-12],[-155,-4]],[[65319,92703],[-73,-3],[1,-23],[73,2],[2,-35],[-74,-3],[0,-8],[-25,-1],[-7,142],[100,2],[1,-18],[-79,-2],[0,-16],[79,2],[2,-39]],[[84867,39315],[0,14],[95,1],[-1,29],[-88,-1],[3,28],[84,1],[-1,29],[-76,0],[-1,16],[90,1],[0,-5],[101,1],[0,2],[27,0],[1,-50],[8,0],[0,-7],[-8,0],[1,-51],[-125,-1],[0,-7],[-110,0]],[[68439,75930],[-2,25],[16,1],[-2,51],[-15,0],[-1,22],[22,1],[0,-8],[7,0],[-1,8],[28,0],[3,-73],[16,1],[1,-26],[-72,-2]],[[70106,75815],[-53,90],[0,3],[3,3],[6,0],[-1,6],[26,1],[0,-6],[28,1],[0,5],[24,1],[3,-49],[-25,0],[-8,-4],[7,-12],[25,1],[2,-39],[-37,-1]],[[69581,75566],[-4,7],[-7,-3],[-40,67],[7,2],[-5,8],[18,6],[3,-4],[133,46],[-2,3],[25,9],[-2,2],[11,4],[3,-6],[4,2],[4,-2],[2,-4],[-2,-3],[2,-4],[5,-1],[2,-4],[-2,-3],[-2,-1],[3,-5],[-36,-13],[-1,2],[-127,-43],[16,-27],[126,44],[-1,3],[35,12],[3,-5],[4,1],[4,-1],[2,-4],[-2,-4],[2,-3],[5,-1],[2,-4],[-2,-3],[-3,-1],[3,-4],[-35,-12],[-3,3],[-131,-46],[0,-4],[-17,-6]],[[69728,74155],[-1,105],[2,0],[-1,5],[-13,-1],[-1,19],[11,1],[0,-2],[60,1],[0,2],[11,0],[1,-36],[-10,0],[0,2],[-17,0],[2,-63],[63,2],[-2,4],[10,3],[0,-1],[22,8],[-1,1],[10,3],[25,-42],[0,-7],[-171,-4]],[[69638,77393],[-1,23],[15,0],[0,12],[-3,0],[-1,7],[3,0],[-1,15],[-2,0],[-1,6],[3,0],[-1,27],[3,0],[0,2],[8,0],[0,-2],[18,0],[0,3],[10,0],[0,-2],[2,0],[2,-30],[3,0],[0,-7],[-4,0],[1,-14],[3,0],[1,-7],[-4,0],[1,-10],[16,1],[1,-22],[-72,-2]],[[70133,77538],[-1,26],[12,1],[-2,46],[-11,0],[-1,21],[76,2],[2,-32],[-19,0],[1,-34],[5,0],[1,-28],[-63,-2]],[[70221,76360],[0,2],[-19,0],[-1,22],[8,1],[-5,113],[32,1],[0,5],[25,0],[6,-118],[5,0],[1,-22],[-18,-1],[0,-2],[-34,-1]],[[70051,76498],[-5,132],[48,1],[4,-132],[-47,-1]],[[69443,76794],[0,20],[7,0],[-1,6],[-2,0],[-1,16],[25,1],[0,-9],[6,0],[3,-3],[0,-4],[7,0],[-1,8],[-2,2],[-2,40],[-15,-1],[-1,27],[27,0],[1,-3],[12,0],[0,4],[28,1],[1,-28],[-11,0],[2,-47],[-3,-2],[0,-7],[10,1],[3,4],[8,1],[2,-3],[10,1],[2,2],[8,0],[3,-2],[-1,-3],[11,0],[-1,8],[-3,2],[-2,46],[-11,0],[-2,27],[28,1],[1,-4],[12,1],[0,3],[28,1],[1,-27],[-14,0],[1,-40],[-2,-2],[0,-7],[7,0],[0,4],[3,2],[5,1],[0,8],[24,1],[1,-16],[-3,0],[1,-6],[7,0],[0,-20],[-217,-5]],[[78023,49975],[0,3],[-58,-1],[-2,49],[216,4],[2,-48],[-58,-1],[0,-4],[-33,0],[0,3],[-33,-1],[0,-3],[-34,-1]],[[70532,60331],[-9,200],[53,1],[7,-200],[-51,-1]],[[73080,67607],[-140,-3]],[[72940,67604],[-5,0],[-1,37],[144,3],[2,-37]],[[73080,67607],[1,-38],[-42,-1],[0,15],[-60,-1],[1,-15],[-39,0],[-1,37]],[[74301,66910],[25,-51],[-17,-6],[-27,55],[-13,-3],[3,-8],[3,1],[4,-10],[-16,-6],[-12,1],[-8,17],[-29,-2],[9,-19],[-30,-1],[-23,45],[3,5],[7,2],[111,2],[1,-3]],[[74292,66929],[9,-19]],[[90034,31887],[-2,62],[53,1],[0,-11],[-10,0],[1,-14],[10,0],[0,2],[26,0],[0,-6],[12,0],[0,14],[-6,-1],[-1,16],[53,2],[2,-62],[-39,-1],[-1,8],[-67,-1],[0,-8],[-31,-1]],[[84945,39965],[-1,48],[34,0],[0,-8],[63,2],[0,7],[33,1],[2,-1],[0,-5],[-2,-2],[0,-9],[3,0],[0,-11],[-3,0],[0,-9],[4,-2],[0,-5],[-2,-3],[-34,0],[0,8],[-61,-1],[0,-10],[-36,0]],[[75374,66726],[-1,9],[56,2],[1,-22],[-5,0],[2,-49],[-40,-1],[-2,50],[-11,-1]],[[75374,66714],[0,12]],[[67541,85553],[-1,42],[-17,0],[0,17],[59,0],[1,-59],[-42,0]],[[85490,38958],[-44,-1],[0,6],[-41,0],[0,-6],[-32,0]],[[85373,38957],[-1,42],[30,1],[1,-9],[55,1],[0,10],[31,0],[1,-44]],[[66215,83044],[-5,110],[144,4],[0,-2],[10,0],[0,-9],[-10,0],[1,-9],[10,0],[0,-10],[-10,-1],[-123,-3],[-4,-5],[0,-7],[6,0],[1,-22],[-5,0],[1,-6],[4,-4],[122,3],[0,-2],[9,0],[1,-9],[-10,-1],[1,-13],[9,1],[1,-11],[-9,0],[0,-1],[-144,-3]],[[66146,87096],[-2,72],[136,4],[3,-73],[-137,-3]],[[70329,76013],[1,-22]],[[70330,75991],[1,-12],[-98,-2],[-1,34],[25,1],[-1,44],[-24,-1],[-1,11],[6,0],[0,18],[82,2],[1,-19],[6,0],[0,-10],[-22,0],[2,-45],[23,1]],[[69390,77524],[-1,19],[5,0],[0,6],[5,0],[-1,30],[-8,0],[-1,39],[116,2],[3,-94],[-49,-1],[0,9],[-32,0],[0,-10],[-37,0]],[[44220,29108],[-7,177],[-53,-22],[-14,18],[20,8],[-1,22],[-5,0],[-2,44],[4,0],[0,14],[117,3],[2,-40],[15,1],[2,-50],[-24,-1],[7,-172],[-61,-2]],[[91165,31384],[-27,28],[28,16],[-20,20],[-26,0],[0,-14],[-22,-1],[-8,8],[-15,-9],[5,-5],[-21,-12],[-42,43],[28,16],[2,14],[142,2],[11,-4],[52,-53],[-87,-49]],[[69540,74331],[-1,20],[9,1],[-2,77],[-9,0],[0,16],[52,1],[1,-17],[-8,0],[2,-76],[11,0],[0,-21],[-55,-1]],[[64132,95382],[-2,39],[15,0],[-4,78],[33,0],[1,-17],[-12,-1],[4,-78],[11,1],[1,-21],[-47,-1]],[[73328,68076],[0,-31]],[[73328,68045],[-75,-2],[-2,32],[11,0],[0,4],[3,3],[-3,2],[0,4],[2,2],[-1,17],[-2,2],[-1,3],[4,3],[49,0],[3,-5],[-3,-2],[1,-17],[2,-3],[1,-3],[-3,-2],[3,-3],[1,-4],[10,0]],[[84518,40410],[-100,-1],[-8,212],[104,1],[4,-212]],[[72960,69001],[44,1]],[[73004,69002],[0,-12],[5,0],[2,-28],[-6,0],[0,-11],[-54,-1],[-2,51],[11,0]],[[87485,31633],[-4,132],[113,2],[0,-11],[-2,0],[0,-10],[3,0],[0,-11],[-37,-1],[1,-3],[-21,0],[1,-21],[10,1],[0,5],[28,1],[0,-32],[-26,0],[-1,5],[-11,-1],[1,-19],[19,0],[0,-2],[36,1],[1,-11],[-2,0],[1,-10],[1,0],[0,-13],[-111,-2]],[[37869,62109],[-4,90],[61,1],[1,-23],[-19,0],[1,-35],[68,1],[-1,36],[-18,0],[-1,22],[59,1],[4,-89],[-151,-4]],[[74835,65505],[167,3],[4,-73],[-168,-3]],[[74838,65432],[-3,50],[0,23]],[[63599,62290],[-1,34],[21,1],[-1,13],[-21,0],[-1,36],[77,2],[1,-37],[-23,-1],[0,-13],[22,0],[1,-34],[-75,-1]],[[75371,66954],[44,1],[1,-22],[-14,0],[2,-27],[11,0],[1,-21],[-35,0],[-2,32],[-8,0]],[[75371,66917],[0,37]],[[89989,32391],[-1,49],[16,0],[0,-3],[48,1],[0,5],[64,0],[0,3],[23,1],[0,-7],[6,0],[1,-28],[-6,0],[0,-7],[-24,0],[0,4],[-32,-1],[0,-5],[-43,-1],[0,-5],[-20,0],[1,-6],[-33,0]],[[73866,65489],[-25,0],[0,36],[21,0],[0,-7],[34,0],[0,5],[26,0],[2,-33],[-25,0],[0,7],[-33,0],[0,-8]],[[69711,77847],[48,2],[0,-25],[-8,0],[2,-60],[6,0],[0,-24],[-19,0],[0,9],[-7,0],[0,-9],[-17,-1],[-1,20],[8,1],[-3,69],[-8,0],[-1,18]],[[70081,77409],[-1,25],[13,1],[-3,55],[49,1],[0,-2],[4,-4],[-1,-3],[-3,-3],[2,-43],[12,0],[1,-25],[-73,-2]],[[72411,68378],[3,-66],[-44,-1],[-3,65],[44,2]],[[74916,65218],[-1,36],[17,1],[0,2],[29,1],[-1,29],[2,0],[0,4],[48,2],[2,-73],[-96,-2]],[[65199,92561],[-2,41],[15,0],[0,-5],[90,3],[-1,5],[29,1],[2,-44],[-26,0],[0,2],[-10,0],[0,4],[-82,-2],[0,-5],[-15,0]],[[83135,43223],[-29,24],[17,11],[0,4],[3,3],[6,0],[7,5],[-18,16],[-9,-6],[0,-3],[-4,-2],[-5,0],[-16,-12],[-30,25],[174,119],[7,-6],[-2,-2],[9,-7],[-4,-3],[13,-11],[-32,-22],[0,-3],[-4,-3],[-5,0],[-7,-5],[0,-3],[-3,-3],[-6,0],[-7,-4],[0,-4],[-3,-2],[-6,0],[-3,-2],[0,-4],[-3,-2],[-5,0],[-8,-6],[0,-3],[-3,-3],[-6,0],[-3,-2],[19,-16],[4,3],[0,3],[4,3],[4,0],[8,5],[0,3],[3,3],[4,0],[4,2],[0,4],[3,2],[7,0],[6,4],[0,4],[3,3],[6,0],[6,4],[0,4],[3,2],[6,1],[25,17],[9,-7],[-2,-2],[8,-7],[-3,-2],[13,-11],[-155,-106]],[[70163,75282],[-8,14]],[[70155,75296],[10,3],[-30,50],[-9,-3],[-14,23],[58,20],[13,-23],[-11,-4],[31,-51],[9,4],[8,-14],[-57,-19]],[[75208,67274],[6,-53],[-129,-2],[-3,53]],[[75082,67272],[126,2]],[[68296,82531],[-2,62],[58,2],[0,-4],[221,6],[3,-2],[10,0],[2,-38],[-10,0],[1,-19],[-283,-7]],[[73328,68076],[0,5],[30,1],[-2,35],[53,1],[3,-71],[-84,-2]],[[73260,67808],[-1,8],[-82,-1],[0,-4],[-28,0],[-2,46],[27,0],[1,-2],[82,2],[0,8],[35,1],[1,-57],[-33,-1]],[[68025,82063],[-1,24],[12,1],[-1,13],[-4,0],[-1,24],[10,0],[3,2],[7,1],[2,-3],[3,2],[6,1],[4,-2],[9,0],[1,-21],[-4,0],[0,-18],[12,0],[1,-22],[-59,-2]],[[67917,81132],[-1,19],[8,1],[0,5],[15,0],[-24,15],[-1,39],[24,0],[2,-36],[6,0],[5,-3],[1,-6],[23,1],[0,5],[5,4],[6,0],[-2,36],[25,1],[2,-37],[-10,-6],[1,-5],[2,0],[1,-11],[6,0],[1,-19],[-95,-3]],[[69906,78930],[41,4]],[[69947,78934],[5,-30],[96,8],[28,9],[36,-66],[-45,-2],[-13,24],[2,0],[-2,3],[-7,0],[0,-2],[-133,-11],[-8,63]],[[69845,76089],[-5,3],[-5,103],[29,1],[0,-7],[110,4],[5,-4],[1,-28],[-4,-3],[-92,-2],[2,-32],[89,3],[7,-4],[1,-29],[-4,-2],[-134,-3]],[[70573,76708],[-4,63],[138,5],[2,-22],[-12,0],[3,-41],[-127,-5]],[[65900,89762],[-1,36],[31,0],[0,-5],[64,1],[0,5],[33,1],[1,-35],[-35,0],[0,5],[-62,-2],[1,-5],[-32,-1]],[[66094,89277],[-5,110],[39,0],[0,-10],[39,0],[0,11],[39,1],[2,-45],[-77,-2],[1,-19],[76,2],[2,-46],[-39,0],[0,11],[-40,-1],[1,-11],[-38,-1]],[[72199,67677],[-3,76],[28,1],[1,-8],[33,1],[0,8],[27,0],[1,-27],[-46,-1],[0,-18],[47,1],[1,-32],[-89,-1]],[[72530,68109],[-2,75],[139,3],[5,-4],[2,-54],[-98,-2],[1,-12],[-20,0],[0,-5],[-27,-1]],[[48719,39347],[0,1],[-26,0],[-7,159],[-13,0],[6,-159],[-27,-1],[-8,190],[7,0],[0,5],[14,1],[0,-6],[6,0],[1,-19],[13,0],[0,19],[6,1],[0,5],[14,0],[0,-5],[7,0],[0,3],[41,1],[9,-194],[-43,-1]],[[64550,84283],[0,7],[-91,-3],[-2,24],[90,3],[0,5],[25,1],[2,-36],[-24,-1]],[[39167,39940],[-1,32],[16,0],[-4,94],[-4,3],[-1,12],[6,8],[-3,90],[-18,0],[-1,32],[87,2],[3,-62],[-20,-1],[1,-5],[19,0],[5,-134],[30,-1],[-3,25],[25,1],[-1,9],[92,1],[14,-251],[-82,2],[-8,157],[-47,-1],[0,4],[-19,1],[1,-16],[-87,-2]],[[72020,62511],[-112,-1],[-3,130],[150,0],[1,-71],[-38,0],[2,-58]],[[83934,41186],[0,9],[-70,-2],[-3,90],[39,1],[0,13],[-3,0],[-1,26],[3,0],[0,13],[-39,-1],[-4,121],[39,1],[-1,12],[-4,0],[-1,27],[4,0],[0,14],[-76,-2],[-2,73],[88,1],[0,8],[118,3],[0,-9],[89,1],[2,-71],[-76,-1],[0,-14],[4,0],[1,-27],[-4,0],[1,-12],[40,0],[0,-7],[53,1],[-1,10],[96,2],[5,-126],[-96,-1],[-1,9],[-53,-1],[0,-7],[-40,0],[1,-13],[3,0],[1,-27],[-3,0],[0,-13],[41,1],[3,-91],[-70,-1],[0,-9],[-83,-1]],[[83908,41456],[117,3],[-1,12],[-4,-1],[0,28],[3,1],[0,13],[-117,-2],[0,-13],[4,0],[1,-27],[-4,0],[1,-14]],[[83913,41285],[118,1],[0,14],[-4,0],[0,26],[4,0],[-1,13],[-118,-2],[1,-12],[4,0],[0,-28],[-4,0],[0,-12]],[[71594,61775],[4,0],[0,12],[91,1],[0,10],[31,0],[1,-12],[16,0],[3,-105],[-15,0],[1,-15],[-124,-2],[0,-7],[-7,0]],[[71595,61657],[-1,118]],[[65778,87052],[-2,71],[38,1],[1,-19],[9,0],[0,4],[45,1],[0,-3],[13,0],[-1,19],[38,1],[2,-72],[-37,-1],[0,21],[-15,-1],[0,-3],[-42,-1],[0,6],[-11,0],[1,-23],[-39,-1]],[[73798,42714],[-3,87],[7,0],[-1,34],[93,2],[0,8],[24,0],[0,-8],[72,1],[0,9],[24,0],[0,-8],[48,1],[1,-51],[-150,-3],[2,-31],[-11,0],[1,-37],[-36,0],[0,-2],[-71,-2]],[[59772,75442],[-2,35],[48,1],[4,3],[-2,57],[-6,5],[-55,-2],[-1,36],[-21,-1],[-1,21],[22,0],[-3,68],[-11,0],[-1,20],[147,3],[2,-45],[5,-2],[12,0],[1,-21],[-45,-1],[-2,48],[-81,-2],[5,-103],[60,2],[1,-43],[17,0],[1,-21],[-18,0],[2,-42],[-51,-1],[0,-14],[-27,-1]],[[65898,89540],[-2,51],[-3,0],[-1,23],[26,1],[-1,23],[16,0],[0,4],[58,2],[1,-24],[-8,0],[1,-15],[13,0],[-1,12],[40,1],[3,-74],[-32,-1],[0,6],[-63,-2],[0,-2],[-16,-1],[0,-2],[-31,-2]],[[39168,84032],[-1,1],[-3,-1],[-6,8],[2,2],[-9,9],[-4,-2],[-7,10],[4,0],[-9,11],[-4,-1],[-6,8],[3,1],[-10,10],[-2,-1],[-7,8],[3,1],[-9,11],[-3,-1],[-6,7],[2,2],[-9,12],[23,12],[16,1],[18,-21],[7,0],[1,6],[13,0],[2,15],[16,0],[0,3],[11,0],[0,-3],[13,0],[0,4],[12,0],[0,-3],[14,0],[0,4],[12,0],[0,-4],[16,0],[0,4],[13,0],[0,-3],[2,-1],[0,-20],[8,0],[0,-12],[-129,-3],[38,-44],[7,3],[10,-12],[-42,-21]],[[17318,87350],[-1,29],[57,1],[0,3],[57,1],[0,-2],[8,0],[-1,3],[40,1],[0,-2],[22,0],[0,3],[34,1],[-1,20],[-33,-1],[-1,4],[-22,0],[1,-4],[-40,0],[0,3],[-8,0],[0,-3],[-57,-1],[0,2],[-57,-1],[-1,30],[243,5],[3,-87],[-243,-5]],[[17660,87374],[-5,184],[37,1],[2,-43],[4,0],[1,-43],[-2,0],[0,-7],[4,0],[1,-30],[-3,0],[0,-16],[4,0],[1,-26],[26,1],[-1,26],[5,0],[0,15],[-4,0],[-1,31],[3,0],[0,6],[-3,0],[-1,44],[4,0],[-1,43],[38,0],[5,-184],[-114,-2]],[[36796,85315],[-1,29],[17,1],[0,2],[14,1],[1,-3],[7,0],[0,3],[15,0],[0,-2],[30,0],[0,2],[14,1],[1,-3],[7,1],[0,2],[15,1],[0,-3],[7,0],[0,3],[14,0],[0,13],[-14,0],[0,2],[-8,0],[0,-2],[-15,-1],[0,3],[-7,0],[0,-3],[-14,0],[0,3],[-31,-1],[0,-2],[-15,-1],[0,3],[-7,0],[0,-3],[-15,0],[0,3],[-16,-1],[-2,29],[183,4],[3,-77],[-183,-4]],[[69322,76339],[-4,3],[-13,0],[-5,3],[0,4],[4,3],[-1,7],[7,0],[0,8],[-7,-1],[0,7],[-3,2],[-1,5],[4,4],[22,0],[-1,7],[-22,0],[-4,4],[0,3],[3,3],[0,2],[-3,3],[0,5],[5,3],[13,0],[-1,12],[-14,0],[-5,4],[0,4],[4,2],[0,3],[-4,2],[0,5],[3,4],[23,0],[0,7],[-23,-1],[-1,19],[101,3],[4,2],[6,0],[3,-2],[35,1],[4,3],[5,0],[4,-3],[13,0],[4,-2],[0,-5],[-3,-3],[0,-8],[-23,-1],[1,-7],[21,1],[4,-3],[1,-4],[-3,-3],[0,-3],[3,-2],[1,-4],[-4,-4],[-15,0],[0,-13],[15,1],[4,-3],[1,-5],[-3,-2],[0,-3],[3,-3],[0,-3],[-3,-5],[-23,0],[1,-7],[21,0],[5,-3],[0,-4],[-3,-3],[0,-7],[-7,0],[1,-8],[6,0],[0,-6],[4,-3],[1,-4],[-4,-4],[-12,0],[-3,-3],[-6,0],[-6,2],[0,3],[-9,0],[0,-3],[-4,-2],[-6,-1],[-4,3],[-13,-1],[-4,3],[0,4],[4,4],[0,7],[6,0],[0,7],[-7,0],[0,7],[-4,3],[1,4],[2,3],[23,1],[0,7],[-22,-1],[-3,4],[-1,4],[3,3],[-3,5],[0,4],[2,3],[0,2],[15,0],[-1,10],[-14,0],[-3,4],[0,4],[2,3],[0,6],[-10,-1],[0,-3],[-30,-1],[0,3],[-9,0],[0,-5],[4,-2],[0,-4],[-4,-5],[-15,0],[0,-11],[16,1],[0,-2],[4,-2],[0,-5],[-3,-2],[0,-3],[3,-2],[1,-5],[-3,-4],[-24,0],[0,-7],[23,0],[4,-4],[-1,-3],[-2,-3],[0,-7],[-7,0],[0,-8],[7,0],[1,-5],[2,-3],[0,-5],[-2,-3],[-13,-1],[-2,-2],[-6,-1],[-4,3],[-3,-1],[0,4],[-8,-1],[0,-3],[-4,-2],[-5,-1]],[[84806,41785],[-43,0],[-3,70],[43,1],[3,-71]],[[63528,96155],[-3,2],[-4,120],[10,0],[0,7],[20,0],[0,-3],[3,2],[11,1],[4,-4],[1,-11],[-5,-3],[1,-10],[3,0],[5,-3],[-1,-8],[-4,-4],[-6,0],[0,-7],[4,1],[1,-15],[-6,0],[0,-9],[5,-4],[0,-9],[-4,-2],[-4,0],[1,-6],[5,-3],[40,1],[6,4],[0,5],[-2,0],[-4,3],[0,8],[3,2],[0,11],[-6,0],[-1,14],[3,0],[0,7],[-4,0],[-4,3],[0,8],[7,3],[0,11],[-6,4],[0,10],[4,3],[11,1],[4,-3],[0,4],[21,0],[1,-8],[9,0],[1,-18],[-4,0],[1,-43],[3,0],[1,-14],[-4,0],[1,-13],[4,0],[0,-10],[-3,0],[1,-22],[-120,-3]],[[64042,96166],[0,8],[-5,0],[0,6],[4,0],[-1,34],[-5,0],[0,6],[4,0],[-1,30],[-4,0],[-1,34],[12,0],[-1,5],[4,3],[8,0],[3,-2],[1,-6],[9,0],[0,3],[3,3],[8,0],[3,-3],[1,-7],[-4,-3],[-2,0],[0,-14],[3,0],[3,-3],[1,-5],[-3,-3],[1,-27],[3,0],[4,-3],[0,-4],[-3,-4],[-3,0],[0,-8],[3,0],[3,-3],[0,-7],[3,-3],[41,1],[4,3],[-1,8],[4,2],[2,0],[-1,9],[-7,0],[-3,2],[0,6],[2,2],[3,0],[0,11],[-7,0],[-4,2],[0,14],[-8,-1],[-3,3],[0,5],[3,3],[2,0],[0,15],[-7,2],[0,8],[4,2],[8,0],[3,-1],[0,-4],[5,0],[0,6],[4,3],[8,0],[3,-2],[0,-4],[8,0],[40,-119],[-154,-3]],[[58497,97890],[-16,0],[0,3],[-260,1],[0,16],[-6,0],[0,18],[7,0],[0,47],[-7,0],[0,17],[7,0],[0,17],[218,0],[0,-13],[7,0],[0,13],[30,-1],[-1,-46],[-29,1],[-3,2],[-9,1],[-2,-3],[-36,1],[-3,3],[-7,0],[-3,-3],[-34,0],[-2,2],[-9,1],[-4,-3],[-34,0],[-2,3],[-9,0],[-2,-3],[-34,0],[0,-29],[34,0],[2,-3],[6,-1],[6,3],[34,0],[4,-4],[7,1],[3,2],[33,1],[4,-3],[7,0],[4,3],[35,-1],[1,-2],[9,0],[4,3],[43,0],[0,-34],[7,0],[0,-10]],[[58696,97139],[-23,0],[0,2],[-23,0],[2,58],[-14,1],[1,21],[12,0],[2,59],[70,-1],[-1,-11],[-3,0],[-1,-36],[4,0],[-1,-11],[6,0],[-1,-21],[-4,0],[-1,-12],[-3,0],[-1,-35],[3,0],[0,-13],[-24,1],[0,-2]],[[55809,51994],[111,1],[3,-66],[19,0],[1,-29],[37,0],[3,-69],[-39,-1],[1,-29],[-90,-2],[-2,29],[-37,-1],[-3,69],[37,1],[-1,21],[-85,-3],[0,15],[47,2],[-2,52],[-29,0],[0,10],[29,0]],[[82157,39378],[0,8],[-17,0],[0,-2],[-22,0],[0,1],[-38,-1],[0,-2],[-10,-1],[-7,0],[0,4],[-28,0],[0,13],[-5,2],[-3,58],[6,4],[0,12],[26,1],[0,3],[17,0],[1,-3],[36,1],[0,3],[24,1],[0,-4],[16,0],[-1,10],[28,1],[1,-38],[-12,-1],[0,2],[-84,-2],[0,-1],[-27,-1],[1,-8],[4,0],[2,-3],[0,-11],[-2,-3],[-4,-1],[1,-6],[24,0],[0,-2],[88,2],[0,2],[12,0],[1,-38],[-28,0]],[[63144,33604],[-172,-3],[0,-10],[-71,0],[-2,59],[28,2],[0,13],[-28,0],[-6,163],[26,0],[0,8],[73,2],[3,-65],[60,1],[2,-10],[16,0],[1,-10],[4,-3],[0,-7],[-5,-4],[0,-8],[-17,0],[1,-11],[-60,-3],[3,-65],[137,2],[1,-41],[5,-1],[1,-9]],[[72615,66029],[-42,-1],[-8,10],[-4,23],[0,18],[4,18],[6,15],[11,-1],[1,-14],[28,0],[6,-9],[7,-20],[-3,-30],[-4,-8],[-2,-1]],[[73166,67398],[38,6],[13,0],[27,0],[50,-5],[0,-16],[-8,-1],[1,-2],[23,-6],[0,-11],[-30,-7],[-28,-3],[-50,1],[-14,1],[-12,3],[-9,5],[-1,11],[3,4],[10,1],[0,5],[-12,1],[-1,13]],[[80393,37840],[-13,289],[428,4],[13,-131],[-34,-2],[-112,65],[-188,-1],[4,-223],[-98,-1]],[[69527,66777],[0,12],[30,15],[10,0],[0,4],[75,1],[1,-11],[5,0],[1,-10],[-5,0],[0,-9],[5,0],[0,-9],[-4,-1],[1,-9],[4,0],[0,-11],[-4,0],[0,-8],[4,0],[1,-11],[-4,0],[0,-9],[5,0],[1,-18],[-5,-1],[0,-9],[4,-1],[0,-17],[-3,0],[0,-10],[4,1],[0,-11],[-4,1],[0,-9],[4,0],[1,-21],[-4,0],[2,-34],[-4,0],[-38,44],[12,5],[-16,17],[-12,-5],[-17,21],[5,0],[0,10],[-4,0],[-1,9],[5,0],[-1,10],[-5,0],[0,10],[4,0],[0,9],[-4,0],[-1,10],[5,0],[-1,9],[-4,2],[-1,9],[5,0],[-1,9],[-5,1],[-1,15],[-45,0]],[[56655,81612],[236,3],[2,-52],[-237,-3],[-1,52]],[[55517,71772],[-3,131],[107,2],[4,-131],[-108,-2]],[[76958,65424],[126,3],[16,-25],[9,0],[1,-7],[3,0],[1,-21],[10,-13],[-8,-2],[0,-4],[-50,-2],[27,-32],[55,1],[38,-61],[-176,-3],[-1,8],[-46,0],[-5,158]],[[74157,48685],[5,-111],[-60,-1],[-4,66],[-43,-1],[-2,45],[104,2]],[[47461,77455],[247,5],[3,-89],[-52,0],[0,-11],[-195,-2],[-3,97]],[[65411,61975],[-4,94],[111,3],[4,-94],[-111,-3]],[[65129,62515],[172,4],[3,-50],[-173,-5],[-2,51]],[[67485,65595],[-44,52],[-5,135],[77,2],[1,-39],[9,0],[1,-14],[-9,0],[3,-101],[8,1],[1,-36],[-42,0]],[[70963,73778],[-26,0],[-1,29],[59,2],[3,2],[10,0],[4,-2],[0,-3],[36,1],[-1,29],[-37,-1],[0,-4],[-4,-2],[-7,-1],[-4,4],[-22,-1],[0,-1],[-37,-1],[-1,29],[150,3],[3,-77],[-76,-2],[0,-4],[-24,0],[-1,4],[-24,0],[0,-4]],[[71215,73665],[-102,-1],[-2,44],[79,1],[0,-16],[18,0],[0,6],[6,0],[0,10],[57,2],[0,-2],[4,0],[0,-11],[-4,0],[1,-18],[3,0],[0,-11],[-3,0],[0,-1],[-14,-2]],[[71258,73666],[3,-42],[-96,-3],[1,-28],[95,2],[2,-41],[-145,-4],[-5,112],[48,2],[1,-10],[54,2],[-1,9]],[[70365,70481],[4,0],[0,11],[7,0],[-2,59],[-8,0],[0,18],[73,2],[9,-235],[-30,-1],[-36,3],[-4,84],[-10,0],[-3,59]],[[71195,70207],[0,2],[-51,-2],[-3,38],[52,3],[0,2],[29,2],[1,-4],[49,2],[3,-38],[-52,-3],[0,-1],[-28,-1]],[[71264,72799],[-15,0],[0,9],[-5,0],[0,2],[-44,-1],[0,5],[-10,0],[0,16],[36,1],[0,-3],[16,0],[0,3],[5,0],[0,10],[16,0],[0,-5],[20,1],[0,3],[23,0],[1,-13],[-6,0],[0,-13],[6,0],[0,-13],[-23,0],[0,5],[-20,-1],[0,-6]],[[71307,72717],[-35,0],[0,10],[-18,0],[-10,7],[0,29],[63,0],[-1,-15],[14,0],[0,-18],[-12,0],[1,-11],[-2,0],[0,-2]],[[70606,73866],[-1,60],[17,0],[0,10],[-21,-1],[-1,34],[16,0],[0,3],[15,0],[0,-2],[20,0],[0,3],[15,0],[0,-3],[17,0],[1,-32],[-20,-1],[0,-10],[11,1],[1,-61],[-70,-1]],[[71026,76870],[-1,23],[-45,-1],[-1,36],[117,2],[2,-40],[-39,-1],[1,-19],[-34,0]],[[66214,71049],[-91,85],[86,53],[22,-21],[-63,-38],[30,-26],[61,33],[62,51],[43,-30],[-67,-56],[-83,-51]],[[70413,75068],[-14,24],[10,3],[-38,65],[39,14],[9,-17],[47,16],[19,-33],[21,7],[-33,57],[20,7],[3,-6],[16,5],[-4,6],[24,8],[12,-21],[-13,-4],[13,-22],[-15,-6],[18,-29],[-13,-4],[14,-23],[-51,-17],[-25,42],[-35,-13],[25,-42],[-49,-17]],[[70523,74387],[-3,47],[-17,-5],[-12,19],[62,22],[25,1],[5,-82],[-60,-2]],[[65944,62698],[-1,21],[-49,-1],[-5,135],[206,4],[5,-135],[-127,-2],[1,-21],[-30,-1]],[[65448,72457],[-5,130],[26,0],[-1,9],[14,0],[1,-9],[81,2],[6,-129],[-122,-3]],[[69990,75966],[-5,0],[-5,2],[-45,-1],[-2,17],[4,3],[-3,3],[-1,9],[5,1],[0,9],[-4,0],[-1,8],[4,3],[-4,2],[-1,21],[5,0],[-1,15],[-4,0],[-2,22],[46,2],[4,1],[7,-1],[2,-4],[-2,-4],[3,-97],[3,-7],[-3,-4]],[[70817,76587],[41,2]],[[70858,76589],[1,-63],[-94,-2],[-1,46],[14,0],[0,4],[40,0],[0,2],[-4,2],[0,4],[3,3],[0,2]],[[70024,77006],[12,0],[-3,64],[48,1],[3,-64],[12,0],[2,-35],[-16,0],[0,-1],[-41,-1],[0,2],[-16,-1],[-1,35]],[[31165,81529],[0,5],[-59,-1],[0,9],[-7,0],[0,25],[6,0],[-1,26],[-6,0],[0,25],[5,0],[0,14],[61,0],[0,-13],[7,0],[0,-25],[-5,0],[0,-14],[27,1],[-1,4],[25,0],[0,-3],[34,0],[0,-11],[7,0],[0,-25],[-5,0],[0,-11],[-56,-1],[0,-4],[-32,-1]],[[31603,81538],[0,6],[-58,-1],[0,9],[-6,0],[-1,24],[6,0],[-1,28],[-6,0],[-1,24],[6,0],[0,13],[60,2],[1,-13],[6,0],[1,-25],[-7,0],[1,-14],[26,1],[0,4],[26,1],[0,-5],[33,1],[1,-11],[5,0],[1,-25],[-6,0],[1,-11],[-56,-2],[1,-5],[-33,-1]],[[18668,88525],[10,0],[0,5],[17,-1],[0,-4],[33,0],[-2,5],[32,0],[1,-5],[20,0],[-1,7],[32,1],[1,-6],[18,0],[0,4],[33,1],[0,-3],[32,1],[0,4],[15,0],[1,-4],[8,0],[2,-8],[1,0],[0,-46],[-10,0],[1,-5],[-15,0],[-1,4],[-33,0],[0,-4],[-31,-1],[0,5],[-22,-1],[0,-4],[-17,0],[0,4],[-22,0],[0,-4],[-15,-1],[-1,4],[-33,-1],[0,-4],[-32,0],[-1,4],[-18,0],[-3,53]],[[69753,79361],[72,26],[16,-22],[8,-22],[-67,-25],[-29,43]],[[68704,80524],[-10,17],[3,1],[-67,109],[65,22],[66,-107],[6,2],[-55,90],[1,1],[-11,17],[63,22],[10,-16],[2,0],[54,-89],[4,2],[7,-10],[-6,-3],[5,-7],[-21,-7],[-11,18],[-3,-1],[-3,6],[2,1],[-22,36],[-1,-1],[-4,5],[2,1],[-22,36],[-2,-1],[-4,6],[-16,-6],[3,-6],[-2,-1],[22,-35],[1,1],[4,-6],[-3,-1],[22,-36],[2,1],[4,-6],[-2,-1],[12,-20],[-49,-17],[-12,20],[-2,-1],[-4,6],[2,1],[-22,35],[-2,-1],[-4,6],[3,1],[-22,35],[-2,0],[-4,5],[-17,-6],[4,-5],[-3,-1],[22,-36],[2,2],[4,-7],[-2,0],[21,-36],[2,1],[4,-6],[-2,-1],[12,-20],[-24,-9]],[[76001,51068],[-1,29],[70,2],[1,-38],[-69,-2],[-1,9]],[[76112,51068],[0,15],[30,1],[-2,41],[-34,0],[-1,53],[251,5],[-2,33],[-46,-1],[-4,124],[46,1],[-1,33],[-45,-1],[-3,89],[44,1],[-1,17],[-32,-1],[-3,77],[27,0],[-1,35],[59,1],[0,3],[89,2],[5,-132],[-11,0],[5,-133],[-3,0],[1,-32],[11,0],[4,-124],[-22,-1],[2,-40],[-136,-3],[2,-43],[29,1],[8,-197],[-259,-5],[-7,181]],[[17318,87116],[-1,29],[57,1],[-1,3],[58,2],[0,-2],[8,0],[0,3],[40,1],[0,-3],[21,1],[-1,3],[34,0],[0,20],[-35,0],[0,4],[-21,-1],[0,-3],[-39,-2],[0,4],[-8,0],[0,-2],[-57,-1],[-1,2],[-56,-1],[-1,29],[243,5],[3,-87],[-243,-5]],[[65840,91253],[-2,51],[100,2],[1,-25],[24,0],[1,-26],[-124,-2]],[[68714,79938],[-41,63],[118,44],[16,-23],[-18,-7],[-2,2],[-38,-15],[0,-1],[-7,-3],[-1,2],[-20,-8],[-3,2],[-3,3],[-6,-3],[6,-9],[1,0],[3,0],[5,-9],[-2,-3],[5,-9],[6,2],[-2,3],[2,2],[84,32],[14,-21],[-117,-44]],[[70105,78344],[-1,25],[17,1],[-1,36],[-4,0],[-1,32],[57,1],[2,-31],[-3,-1],[1,-36],[17,0],[0,-25],[-23,-1],[-2,6],[-34,-1],[-1,-6],[-24,0]],[[70233,78563],[37,0]],[[70270,78563],[1,0],[33,-61],[-4,0],[1,-3],[-1,-4],[-3,-1],[-6,0],[-2,-3],[-131,-2],[1,49],[9,0],[1,5],[27,0],[-1,-23],[53,0],[-10,20],[-11,-3],[-10,1],[-1,24],[17,1]],[[65379,73777],[-438,-10],[-3,82],[439,10],[2,-82]],[[67433,83130],[49,0],[0,-1],[28,1],[12,0],[9,1],[6,-1],[23,1],[8,1],[15,-1],[6,1],[21,-1],[8,1],[15,-1],[0,2],[38,1],[1,-8],[4,0],[0,-13],[-4,0],[0,-8],[-25,-1],[0,2],[-189,-3],[0,-2],[-24,-1],[-1,30]],[[67431,83172],[24,1],[0,-2],[113,2],[76,2],[0,2],[25,0],[0,-8],[4,0],[1,-13],[-4,0],[1,-7],[-38,-1],[0,1],[-15,-1],[-25,0],[-4,-1],[-16,1],[-5,-1],[-34,0],[-4,-1],[-7,1],[-14,-1],[-7,1],[-21,-1],[0,-1],[-49,-1],[-1,28]],[[65976,91942],[-3,84],[33,1],[0,-10],[-4,0],[1,-10],[57,1],[-1,5],[25,0],[2,-54],[-15,-1],[0,-14],[-95,-2]],[[65754,91081],[-39,-1],[-1,16],[-24,-1],[1,-15],[-39,-2],[-5,121],[39,1],[0,-15],[25,0],[-1,16],[39,1],[5,-121]],[[59318,58245],[-3,6],[-10,-1],[-1,26],[14,1],[-3,61],[122,3],[-1,31],[41,1],[1,-25],[41,2],[0,4],[97,85],[-6,153],[285,7],[6,-156],[6,0],[1,-28],[-6,0],[0,-5],[6,-151],[-285,-7],[-6,140],[-19,-18],[3,-3],[0,-3],[-1,-5],[-3,-3],[-6,-3],[-10,3],[-20,-16],[53,1],[2,-88],[-9,0],[-3,-5],[-286,-7]],[[65943,92951],[-1,20],[9,0],[-3,104],[-8,0],[-1,21],[100,2],[1,-36],[-18,0],[0,5],[-29,-1],[0,-29],[14,1],[1,-28],[-14,0],[1,-28],[30,0],[0,5],[17,0],[1,-35],[-100,-1]],[[66150,92799],[0,8],[4,0],[-1,17],[-4,0],[-1,8],[21,0],[4,3],[6,0],[3,-2],[15,0],[3,3],[6,0],[3,-3],[42,1],[2,3],[7,0],[3,-3],[0,-2],[8,0],[4,1],[0,4],[-3,0],[-2,31],[4,0],[0,4],[-5,1],[-7,0],[0,-2],[-4,-3],[-5,0],[-5,4],[-39,-2],[-4,-2],[-6,-1],[-4,3],[-14,0],[-4,-3],[-6,0],[-3,3],[-21,-1],[-1,8],[5,0],[-1,17],[-4,0],[0,8],[167,3],[0,-10],[-4,0],[1,-23],[4,0],[1,-10],[-4,0],[0,-17],[4,0],[1,-10],[-5,0],[1,-23],[5,0],[0,-10],[-167,-3]],[[60134,91878],[33,0],[0,-13],[2,-7],[-2,-1],[-1,-7],[3,-9],[-1,-1],[0,-11],[-32,-1],[-2,50]],[[60210,91844],[-3,9],[3,1],[0,6],[-3,9],[2,1],[-1,23],[-3,9],[3,2],[0,5],[-4,10],[3,2],[0,8],[30,0],[3,-93],[-30,-1],[0,9]],[[56621,96402],[0,9],[-3,0],[-1,15],[-2,2],[-1,4],[4,3],[3,1],[5,-1],[2,-3],[12,0],[0,3],[30,0],[1,-8],[30,0],[0,4],[3,3],[7,0],[3,-2],[12,0],[2,2],[8,0],[2,0],[1,-5],[22,0],[0,9],[9,0],[-1,26],[-9,0],[0,9],[-23,0],[1,-3],[-2,-1],[-9,-2],[-3,3],[-11,0],[-3,-3],[-8,0],[-3,2],[0,5],[-36,-1],[0,5],[-24,0],[0,10],[-5,0],[-1,21],[5,0],[0,12],[23,0],[0,7],[34,1],[0,3],[4,3],[8,0],[4,-2],[10,0],[3,2],[7,1],[4,-2],[0,-2],[23,0],[0,8],[9,1],[-1,27],[-10,0],[0,9],[-22,-1],[-2,-7],[-9,0],[-4,3],[-8,-1],[-3,-2],[-9,-1],[-3,3],[0,4],[-29,0],[0,-11],[-30,-1],[0,3],[-14,0],[-1,-2],[-7,-1],[-3,3],[-1,3],[2,3],[0,14],[4,0],[-1,10],[179,4],[4,-90],[-100,-1],[1,-15],[99,2],[3,-90],[-181,-4]],[[54400,95187],[-48,1],[0,3],[-51,0],[0,-3],[-14,0],[0,1],[-34,0],[1,28],[5,0],[0,5],[34,0],[0,56],[-4,0],[0,17],[-4,0],[0,13],[8,0],[0,86],[-33,0],[0,4],[-5,0],[1,29],[46,0],[0,-3],[50,0],[0,3],[49,0],[0,-29],[-4,0],[0,-5],[-34,0],[-1,-82],[24,0],[0,-36],[-24,0],[-1,-54],[34,0],[0,-4],[5,0],[0,-30]],[[66350,88186],[-7,6],[-10,277],[7,7],[93,2],[76,-56],[23,-2],[76,-56],[2,-22],[-77,-64],[-21,0],[-43,-35],[0,-19],[-46,-37],[-73,-1]],[[66411,88321],[12,1],[9,3],[8,6],[6,6],[-8,6],[-1,9],[1,4],[7,7],[-14,11],[-9,2],[-14,1],[-9,-2],[-8,-4],[-7,-6],[-6,-8],[0,-14],[6,-12],[10,-6],[11,-4],[6,0]],[[66069,90271],[-2,58],[51,1],[1,-9],[35,1],[1,-40],[-35,-1],[1,-9],[-52,-1]],[[65554,89154],[0,12],[-2,0],[-1,19],[2,0],[-1,14],[-2,-1],[-1,20],[3,0],[-1,14],[-2,0],[-1,19],[2,0],[0,12],[38,1],[2,-33],[24,0],[-1,34],[65,2],[1,-45],[-26,-1],[1,-20],[26,1],[2,-45],[-64,-2],[-2,34],[-25,-1],[1,-33],[-38,-1]],[[62602,95832],[-2,41],[35,1],[-1,19],[-35,0],[-2,41],[116,2],[2,-41],[-36,-1],[1,-23],[35,0],[1,-36],[-114,-3]],[[74096,55407],[2,-71],[4,0],[1,-54],[-71,-1],[-2,125],[1,0],[0,94],[-1,35],[61,1],[5,-129]],[[67334,62117],[-82,0],[0,28],[-129,0],[-1,60],[187,1],[25,-22],[0,-67]],[[75200,45688],[-3,108],[153,3],[4,-108],[-51,-1],[0,2],[-49,0],[0,-2],[-54,-2]],[[76301,55193],[-6,13],[-157,-3],[-3,73],[142,2],[32,-73],[-1,0],[4,-9],[-11,-3]],[[73729,68303],[-2,42],[21,0],[0,2],[73,2],[4,-78],[-77,-2],[0,32],[-19,2]],[[74360,55016],[-163,-2],[-4,109],[163,4],[4,-111]],[[66261,90611],[-1,13],[-2,0],[-2,33],[-14,0],[-1,32],[14,1],[-1,32],[2,0],[0,13],[98,3],[2,-37],[-53,-1],[1,-18],[3,0],[1,-16],[-3,0],[1,-17],[52,1],[2,-37],[-99,-2]],[[31456,81713],[-62,0],[0,13],[-5,0],[0,24],[4,0],[0,15],[-26,0],[0,-5],[-25,0],[0,4],[-34,0],[0,10],[-6,0],[0,25],[5,0],[0,11],[55,0],[0,5],[33,0],[0,-3],[58,0],[0,-9],[6,0],[0,-25],[-5,0],[0,-27],[6,0],[0,-24],[-4,0],[0,-14]],[[73614,58761],[-4,147],[59,1],[3,-102],[135,2],[1,-45],[-194,-3]],[[73304,59940],[62,1],[5,-95],[-62,-2],[-5,96]],[[68704,64993],[2,-58],[-87,-1],[-3,45],[-15,-1],[2,-46],[5,0],[0,-5],[-6,0],[0,-8],[-87,-2],[-3,65],[73,1],[-1,8],[-7,0],[-1,13],[3,5],[-1,11],[-2,5],[-1,24],[42,1],[2,-59],[85,2]],[[72869,69222],[-2,28],[138,4],[2,-28],[-138,-4]],[[73006,69054],[3,-52],[-5,0]],[[72960,69001],[-13,0],[-2,51],[61,2]],[[73110,69085],[123,2],[1,-66],[-113,0],[0,16],[-21,1],[-1,16],[19,0],[-1,15],[-18,1],[1,15],[10,0]],[[72051,69943],[72,4],[0,-6],[50,1],[3,-14],[7,1],[2,-47],[-7,0],[-2,-15],[-119,-5],[-6,81]],[[72135,68884],[-1,5],[-5,0],[-1,7],[20,1],[-1,6],[-50,-1],[-4,86],[19,1],[2,-27],[9,0],[0,16],[7,0],[0,11],[82,3],[1,-13],[-14,-1],[1,-6],[21,1],[4,-74],[-9,-1],[0,-11],[-81,-3]],[[73467,69201],[-1,32],[170,3],[1,-31],[-170,-4]],[[73565,69643],[0,31],[13,0],[0,7],[72,1],[1,-6],[13,0],[1,-32],[-100,-1]],[[73888,68844],[-4,3],[-5,78],[4,3],[9,0],[4,-3],[35,2],[5,-3],[0,-8],[-3,-2],[3,-53],[4,-2],[0,-8],[-4,-3],[-35,-1],[-3,-3],[-10,0]],[[73941,70001],[0,10],[-81,-3],[-2,33],[101,4],[-1,9],[29,1],[3,-52],[-49,-2]],[[74258,68515],[-2,55],[56,2],[1,-23],[14,0],[1,-21],[-14,-1],[1,-10],[-57,-2]],[[74219,68326],[107,1]],[[74326,68327],[7,0],[0,-21],[5,-2],[2,-3],[-2,-4],[-4,-3],[1,-21],[-113,-3],[-3,56]],[[73770,69015],[-16,63],[44,3],[6,-25],[45,6],[10,-39],[-40,-6],[-1,3],[-32,-5],[0,2],[-16,-2]],[[73682,68758],[-2,43],[57,2],[2,-44],[-57,-1]],[[73975,68325],[-40,-2],[-19,77],[41,1],[6,-23],[27,4],[8,-28],[-15,-2],[0,-4],[-13,-2],[5,-21]],[[73984,69397],[-1,31],[39,1],[0,-4],[24,0],[7,-7],[1,-5],[11,0],[0,-7],[-3,-5],[0,-2],[-78,-2]],[[71733,69246],[-1,28],[-3,0],[-6,159],[97,3],[3,-69],[-6,0],[0,-7],[7,0],[1,-22],[-7,-1],[0,-6],[5,0],[3,-67],[-2,-2],[0,-3],[-20,0],[0,-12],[-71,-1]],[[74270,68073],[-2,28],[78,3],[0,5],[48,2],[3,-4],[1,-18],[1,0],[5,-3],[-1,-7],[-3,-3],[-130,-3]],[[75639,67100],[0,7],[-57,0],[-1,55],[61,0],[1,-9],[15,0],[1,-53],[-20,0]],[[75556,67392],[91,2],[0,-3],[8,1],[0,1],[9,0]],[[75664,67393],[2,-58]],[[75666,67335],[-10,13],[-19,0],[1,-39],[-59,-1],[-2,39],[-20,-1]],[[75557,67346],[-1,46]],[[75422,67387],[134,5]],[[75557,67346],[-11,0],[0,-32],[-108,-2],[-1,30],[-12,1]],[[75425,67343],[-3,44]],[[75448,67166],[55,1],[2,-70]],[[75505,67097],[-53,-1]],[[75452,67096],[-4,70]],[[74306,67915],[3,-55]],[[74309,67860],[0,-4],[-77,-2],[-4,59],[78,2]],[[73843,67891],[-46,-1],[1,-18],[7,0],[1,-26],[-55,-1],[-1,26],[9,1],[-1,17],[-46,-1],[-2,39],[21,1],[0,-2],[89,2],[0,2],[21,1],[2,-40]],[[75298,65542],[-1,27],[-3,0],[-1,17],[3,1],[0,13],[122,4],[1,-15],[3,0],[1,-16],[-3,0],[1,-28],[-123,-3]],[[75511,66957],[145,3],[2,-66],[-47,-1],[0,10],[3,0],[-1,12],[3,0],[-1,12],[-11,-1],[0,-1],[-43,-1],[1,-20],[2,-12],[-39,-1],[-1,32],[-13,0],[0,34]],[[70767,64701],[-48,71],[522,11],[3,-72],[-477,-10]],[[73319,70050],[0,-50]],[[73319,70000],[-115,-6]],[[73204,69994],[-2,57]],[[73202,70051],[117,-1]],[[73319,70000],[1,-42],[-114,-2],[-2,38]],[[73301,68435],[-2,54],[73,1],[2,-54],[-73,-1]],[[73177,70109],[-110,0],[0,32],[110,0],[0,-32]],[[89397,32155],[0,9],[-5,4],[0,10],[4,4],[0,4],[81,1],[-1,30],[-24,-1],[-5,-3],[-7,0],[-5,4],[-43,0],[0,6],[-6,5],[0,8],[7,4],[-1,9],[83,0],[1,-10],[30,1],[0,-14],[9,1],[0,17],[33,1],[1,-83],[-32,0],[0,17],[-10,0],[0,-12],[-28,-1],[1,-10],[-83,-1]],[[67142,86550],[0,12],[-4,0],[0,21],[-26,-1],[0,2],[-17,0],[-1,24],[16,0],[0,3],[30,0],[-1,55],[-30,-1],[-1,2],[-15,0],[-1,24],[15,0],[0,2],[27,1],[-1,20],[4,0],[-1,12],[31,0],[0,-11],[4,0],[1,-22],[73,1],[-1,35],[32,1],[1,-34],[30,0],[0,-2],[16,0],[1,-24],[-16,0],[0,-3],[-31,-1],[0,-4],[-31,-1],[0,8],[-74,-2],[2,-56],[73,1],[0,8],[31,0],[1,-4],[31,1],[0,-3],[40,1],[0,-25],[-39,0],[1,-3],[-30,0],[1,-35],[-33,-1],[-1,36],[-74,-1],[1,-23],[-3,0],[0,-13],[-31,0]],[[73621,58553],[-5,148],[60,1],[3,-103],[135,3],[1,-45],[-194,-4]],[[74728,57387],[2,-57],[-96,-1],[0,-30],[97,2],[1,-61],[-147,0],[-3,144],[146,3]],[[75424,67254],[0,20],[38,1],[-2,7],[0,13],[34,0],[8,-11],[1,-9],[35,2],[1,-49],[-109,-4],[-6,30]],[[73202,70051],[-1,22],[31,1],[-3,59],[-14,0],[-1,13],[11,0],[0,2],[87,2],[9,-6],[1,-5],[-2,-3],[-3,-1],[0,-43],[7,-5],[0,-5],[-6,-4],[1,-28]],[[73327,68864],[-1,9],[-49,-2],[-1,28],[39,1],[-1,18],[-38,-1],[-1,28],[47,1],[0,8],[34,1],[4,-91],[-33,0]],[[73115,69347],[-1,17],[-4,0],[0,36],[70,2],[2,-37],[-3,0],[1,-17],[-65,-1]],[[73750,69835],[-3,85],[44,1],[4,-85],[-45,-1]],[[73556,69111],[-9,74],[65,3],[3,-14],[14,2],[0,-1],[19,2],[13,-49],[-34,-5],[2,-10],[-73,-2]],[[73820,68761],[0,15],[-5,0],[-9,34],[38,1],[2,-7],[22,1],[1,-27],[3,0],[0,-16],[-52,-1]],[[68056,60915],[-2,71],[59,1],[0,-7],[18,5],[4,-7],[-22,-5],[1,-19],[35,0],[-1,27],[19,1],[3,-65],[-114,-2]],[[69507,74902],[-62,109],[58,19],[7,-12],[29,10],[40,-70],[-30,-9],[16,-29],[-58,-18]],[[70244,77936],[-13,1],[-17,0],[0,4],[-14,0],[-2,50],[-6,-1],[-2,42],[-11,0],[-1,42],[114,2],[4,-95],[-8,0],[1,-37],[-13,-1],[0,-5],[-11,0],[-10,-2],[-11,0]],[[70865,76450],[-96,-3],[-2,64],[96,1],[2,-62]],[[31377,81533],[0,6],[-55,-2],[0,9],[-5,0],[-1,27],[6,0],[-1,11],[34,1],[-1,4],[25,1],[0,-4],[26,0],[-1,14],[-5,0],[-1,25],[6,0],[-1,13],[61,2],[1,-13],[6,0],[1,-25],[-7,0],[2,-27],[6,1],[1,-26],[-7,0],[0,-9],[-56,-2],[0,-5],[-34,-1]],[[66191,93099],[-1,14],[-44,0],[0,26],[44,1],[0,14],[60,1],[1,-15],[56,1],[1,-25],[-57,-1],[1,-15],[-61,-1]],[[73873,68835],[5,-22],[-67,-1],[-24,96],[-4,1],[-1,1],[0,12],[-2,0],[-7,27],[13,1],[0,2],[3,0],[-4,4],[-1,3],[4,7],[150,3],[3,-31],[-73,-2],[5,-101]],[[89826,32342],[0,62],[-3,0],[0,19],[8,0],[0,4],[53,0],[0,5],[28,2],[0,6],[13,0],[0,5],[43,1],[0,-25],[-14,0],[1,-30],[13,0],[1,-48],[-143,-1]],[[86128,39083],[-2,63],[-6,0],[0,9],[6,0],[0,7],[8,0],[0,7],[-9,0],[-1,37],[43,1],[2,-42],[4,-2],[2,-4],[35,0],[1,4],[6,2],[-2,43],[44,1],[3,-80],[-21,0],[0,7],[-7,0],[0,-7],[-40,-1],[-1,4],[-17,0],[-2,-4],[-4,-2],[1,-43],[-43,0]],[[82735,38744],[-25,-1],[-1,9],[4,0],[0,17],[-5,0],[0,10],[19,0],[0,3],[34,1],[0,-4],[11,0],[0,4],[13,0],[0,-2],[10,0],[0,2],[14,1],[0,-3],[11,0],[3,2],[5,1],[-1,28],[-4,0],[-7,4],[-9,0],[0,-4],[-14,0],[0,4],[-10,0],[0,-4],[-12,0],[0,3],[-12,0],[0,-3],[-33,-1],[0,2],[-19,0],[0,10],[3,0],[0,17],[-4,0],[-1,10],[27,1],[0,-4],[15,1],[0,-12],[7,0],[0,5],[8,0],[0,-4],[8,0],[0,4],[96,1],[2,-86],[-95,-2],[0,3],[-8,0],[0,-4],[-9,0],[0,5],[-6,-1],[0,-11],[-15,0],[0,-2]],[[81177,42800],[-1,42],[11,0],[0,-12],[8,0],[-1,11],[23,1],[0,6],[17,1],[-1,20],[46,1],[1,-21],[33,0],[-1,21],[46,0],[1,-19],[34,1],[-1,15],[-9,0],[-1,6],[50,1],[0,-13],[-3,0],[0,-18],[7,0],[0,-12],[-5,0],[0,-3],[-4,0],[0,-6],[-16,0],[0,5],[-51,0],[0,-5],[-14,-1],[-1,6],[-14,0],[0,-6],[-15,0],[0,5],[-34,-1],[0,-5],[-16,0],[-1,5],[-15,0],[0,-6],[-14,0],[-1,6],[-14,0],[0,-14],[8,0],[0,-11],[-52,0]],[[82014,41140],[-1,12],[3,0],[-1,13],[10,0],[0,2],[48,1],[0,7],[-54,-2],[-1,22],[47,1],[4,4],[-4,3],[-22,-1],[0,2],[-24,-1],[-1,21],[56,2],[0,5],[-60,-1],[-1,23],[55,1],[5,2],[44,1],[1,-8],[7,0],[1,-15],[-8,0],[0,-14],[8,1],[1,-12],[-9,0],[1,-15],[8,0],[1,-12],[-8,0],[0,-13],[8,0],[1,-17],[-10,0],[1,-9],[-106,-3]],[[85615,39426],[0,3],[-20,-1],[-3,50],[121,4],[3,-44],[-48,-2],[0,-6],[-10,0],[0,6],[-15,-1],[0,-8],[-28,-1]],[[85595,39921],[0,11],[-17,0],[-1,46],[121,1],[1,-45],[-25,0],[1,-12],[-80,-1]],[[84774,41034],[-21,52],[5,1],[-11,26],[9,2],[-1,3],[22,5],[1,-4],[10,2],[31,-77],[-45,-10]],[[85248,41692],[0,18],[3,0],[0,8],[-4,0],[0,14],[15,0],[0,-1],[11,0],[-1,22],[-14,0],[0,5],[6,0],[-1,11],[55,3],[1,-14],[-8,-3],[-9,0],[1,-28],[8,0],[0,-25],[-2,0],[0,-9],[-61,-1]],[[85026,41779],[0,25],[4,1],[-17,17],[-17,-12],[-14,11],[0,8],[16,11],[-15,13],[25,17],[75,-63],[1,-28],[-58,0]],[[80048,41994],[-3,25],[49,1],[2,-2],[2,0],[0,-9],[-3,-2],[0,-16],[3,-2],[0,-29],[-1,0],[1,-18],[1,-1],[1,-10],[-21,-1],[0,-2],[-10,-1],[0,2],[-41,-1],[-2,-2],[-11,0],[-2,1],[-55,-1],[0,-11],[-3,-2],[3,-1],[0,-11],[56,1],[1,2],[11,0],[3,-2],[39,0],[1,2],[13,0],[0,-2],[16,1],[3,-2],[1,-9],[-3,-2],[0,-16],[-28,0],[0,2],[-112,-2],[0,-2],[-32,0],[-3,83],[32,1],[0,-3],[97,2],[0,-2],[6,0],[0,12],[-27,0],[-1,17],[14,0],[0,5],[14,0],[-1,10],[-9,-1],[0,-2],[-1,0]],[[62276,82700],[-1,11],[-2,2],[0,8],[2,3],[0,20],[57,2],[0,-6],[11,0],[6,3],[7,-1],[4,-2],[4,0],[3,4],[6,0],[5,-3],[0,-13],[10,1],[0,13],[-4,3],[-1,5],[3,5],[6,0],[0,6],[-6,0],[-3,3],[-1,6],[4,5],[0,14],[-10,-1],[1,-12],[-4,-2],[-7,-1],[-7,2],[-4,-2],[-8,-1],[-5,3],[-11,0],[0,-6],[-56,-1],[-1,21],[-4,2],[0,7],[2,3],[0,10],[28,1],[0,-3],[18,0],[0,-10],[11,1],[0,9],[86,2],[4,-103],[-86,-2],[-1,8],[-9,0],[0,-9],[-19,-1],[0,-3],[-28,-1]],[[68485,82832],[0,7],[-89,-2],[-1,47],[89,1],[0,6],[27,1],[1,-31],[8,1],[1,-29],[-36,-1]],[[68281,82069],[0,14],[2,0],[-1,43],[35,0],[1,-15],[5,0],[1,-8],[75,2],[-1,9],[7,0],[-1,15],[36,0],[1,-44],[2,0],[0,-12],[-20,0],[0,1],[-122,-3],[0,-2],[-20,0]],[[68284,81117],[-1,35],[-3,0],[-2,55],[2,0],[-1,35],[90,2],[0,-4],[7,0],[0,11],[18,0],[0,-10],[12,0],[1,-51],[-26,0],[0,13],[-10,0],[-1,12],[-35,0],[1,-15],[34,1],[2,-39],[-35,-1],[0,-14],[74,1],[1,-29],[-128,-2]],[[64119,97864],[0,-23],[-12,0],[0,-11],[4,0],[1,-20],[-4,0],[1,-14],[12,0],[1,-23],[-64,-2],[-1,24],[13,0],[-1,14],[-13,0],[-3,54],[66,1]],[[64124,97802],[10,0],[-1,37],[-11,-1],[-1,31],[112,2],[2,-36],[2,-5],[2,-11],[-4,-10],[1,-34],[-110,-3],[-2,30]],[[66004,90925],[-1,4],[-4,0],[-1,16],[20,1],[-3,34],[24,1],[1,-9],[68,4],[1,-2],[16,1],[4,-33],[-36,-3],[0,-9],[-89,-5]],[[67267,86196],[0,30],[18,0],[-1,40],[181,2],[4,-1],[12,-33],[-3,-3],[11,-32],[-222,-3]],[[47164,89445],[0,14],[-9,0],[-1,29],[9,0],[-1,28],[-8,0],[-1,29],[8,0],[-1,13],[-8,0],[-1,15],[9,0],[-1,16],[66,1],[0,-14],[9,0],[1,-29],[-9,-1],[1,-14],[10,1],[0,-7],[9,1],[0,-17],[-8,0],[0,-7],[-10,0],[0,-14],[9,1],[1,-30],[-8,0],[0,-14],[-66,-1]],[[84237,35529],[111,1],[0,-29],[-111,-1],[0,29]],[[84438,35503],[-12,0],[0,43],[-2,1],[-4,0],[-1,15],[3,0],[2,2],[0,44],[8,0],[0,7],[21,0],[9,-7],[16,0],[0,-41],[4,-2],[3,0],[0,-18],[-2,0],[-3,-2],[1,-42],[-16,0],[-9,-8],[-18,0],[0,8]],[[77454,45985],[-13,10],[-1,4],[-15,11],[-7,0],[-12,9],[0,14],[13,11],[4,0],[15,11],[0,4],[14,11],[17,0],[13,-9],[0,-5],[15,-11],[6,0],[14,-9],[1,-14],[-14,-11],[-4,0],[-15,-12],[0,-3],[-13,-10],[-18,-1]],[[63959,60831],[0,2],[-5,0],[-1,11],[-8,-1],[1,-7],[-6,0],[0,-2],[-13,0],[0,1],[-7,0],[0,-1],[-13,-1],[-1,2],[-11,-1],[1,-1],[-14,0],[0,1],[-7,0],[0,-1],[-13,-1],[0,2],[-5,0],[-2,34],[7,0],[0,5],[6,0],[-1,2],[11,1],[0,-2],[6,0],[0,2],[9,0],[0,-2],[21,2],[0,-1],[15,2],[1,-2],[20,2],[0,-1],[4,0],[4,-4],[-1,2],[14,1],[0,-2],[6,0],[0,1],[15,1],[0,-2],[10,1],[0,1],[14,1],[1,-2],[5,0],[0,2],[14,0],[0,-2],[6,0],[0,5],[-2,0],[-1,10],[2,0],[-3,15],[3,0],[0,9],[-2,0],[-1,10],[3,0],[-1,5],[-2,0],[-1,10],[3,0],[0,2],[44,2],[1,-6],[6,0],[0,-2],[3,0],[0,-10],[-2,-1],[0,-4],[2,0],[1,-10],[-3,0],[1,-9],[2,0],[1,-10],[-2,0],[0,-5],[2,0],[1,-11],[-3,0],[1,-7],[2,0],[0,-11],[-2,0],[0,-5],[2,0],[1,-10],[-3,0],[0,-4],[-34,-1],[0,-2],[-12,-1],[0,2],[-12,-1],[0,-1],[-13,0],[0,1],[-20,-1],[0,1],[-11,0],[0,-2],[-14,0],[0,2],[-6,-1],[0,-1],[-14,-1]],[[88919,33156],[-1,23],[116,3],[0,6],[-7,0],[-3,2],[0,8],[4,4],[4,0],[0,7],[-116,-2],[-1,49],[116,2],[0,7],[-6,0],[-3,2],[0,9],[3,3],[6,0],[0,7],[-117,-2],[0,24],[132,3],[2,-74],[-104,-1],[0,-9],[103,2],[2,-71],[-130,-2]],[[62760,98589],[-4,88],[8,0],[-1,7],[12,0],[0,-7],[22,1],[-1,7],[16,0],[0,-7],[23,1],[0,6],[10,1],[0,-7],[6,0],[0,-14],[-7,0],[0,-5],[8,0],[0,-13],[-56,-1],[1,-23],[55,2],[1,-13],[-8,-1],[1,-3],[31,1],[1,-16],[-118,-4]],[[57548,72178],[-4,0],[-2,2],[-17,0],[-3,2],[-1,28],[-3,1],[0,9],[3,1],[-1,23],[-2,2],[-1,8],[4,3],[-2,2],[-5,0],[-2,1],[-2,16],[3,1],[5,0],[0,3],[-2,1],[-1,9],[3,2],[-1,23],[-2,2],[-1,9],[2,1],[-1,28],[2,1],[17,1],[3,2],[5,0],[2,-2],[16,1],[2,-2],[1,-29],[2,-1],[1,-8],[-3,-2],[1,-23],[3,-2],[0,-4],[14,0],[2,2],[11,1],[2,-2],[14,0],[2,-2],[1,-13],[2,-1],[1,-4],[-3,-1],[1,-13],[-2,-2],[-14,0],[-2,-2],[-11,0],[-2,2],[-14,-1],[0,-4],[-2,-2],[0,-23],[4,-1],[0,-9],[-3,-1],[2,-28],[-2,-2],[-18,-1],[-2,-2]],[[72386,59734],[-6,154],[98,2],[7,-154],[-99,-2]],[[69875,76197],[0,6],[-41,-1],[-5,81],[-11,0],[-1,24],[61,2],[1,-44],[39,1],[-2,44],[62,2],[5,-99],[-6,0],[1,-13],[-103,-3]],[[62429,57938],[139,4],[0,-6],[8,-1],[0,-16],[-8,-2],[0,-15],[-101,-2],[0,-22],[6,0],[4,-11],[-3,-10],[-4,0],[2,-21],[98,3],[2,-18],[9,0],[0,-13],[-10,0],[1,-9],[-139,-3],[-4,142]],[[47730,89375],[-1,14],[-9,-1],[-1,30],[9,0],[0,14],[-10,0],[0,6],[-9,0],[0,17],[8,0],[0,5],[10,0],[-1,14],[-9,0],[-1,30],[8,0],[0,14],[67,2],[0,-15],[8,1],[1,-30],[-8,0],[1,-28],[8,0],[1,-29],[-8,0],[1,-12],[8,0],[1,-17],[-9,0],[1,-14],[-66,-1]],[[67528,84306],[-3,54],[-4,0],[0,14],[53,1],[1,-16],[11,1],[-1,15],[42,1],[4,-67],[-19,-1],[0,3],[-23,-1],[-2,47],[-13,0],[0,-6],[-12,0],[3,-44],[-37,-1]],[[73647,60122],[4,-75],[-96,-1],[-3,73]],[[73552,60119],[95,3]],[[69912,78038],[-2,27],[15,0],[-1,35],[-17,0],[-2,30],[83,3],[2,-31],[-18,-1],[1,-34],[18,0],[1,-27],[-35,-1],[-2,12],[-8,-1],[0,-11],[-35,-1]],[[77526,42627],[-3,65],[3,0],[0,12],[-4,0],[-2,31],[-27,0],[0,-13],[-103,-2],[0,15],[-14,0],[0,6],[14,0],[-1,16],[103,2],[1,-12],[16,0],[0,6],[11,0],[-1,24],[4,0],[-1,13],[-3,0],[-3,65],[45,1],[2,-65],[-4,0],[1,-14],[7,1],[3,-72],[-7,0],[1,-14],[3,0],[2,-64],[-43,-1]],[[47419,70411],[-2,2],[-7,178],[2,3],[47,1],[3,-3],[0,-16],[1,-1],[2,-52],[118,2],[4,-2],[1,-35],[-4,-2],[-117,-3],[2,-51],[-1,-2],[2,-17],[-3,-2],[-48,0]],[[72266,68276],[-84,-3],[0,2],[-15,0],[1,-49],[-218,-5],[-4,121],[164,3],[0,-7],[59,1],[1,-8],[94,2],[2,-57]],[[68718,19444],[-38,0],[0,3],[-73,0],[0,23],[8,0],[0,17],[12,0],[0,25],[49,0],[-1,71],[13,0],[0,7],[39,1],[0,-7],[8,0],[1,-20],[-6,0],[1,-37],[9,0],[1,-14],[56,1],[1,-48],[-5,0],[1,-17],[-64,0],[0,-4],[-12,0],[0,-1]],[[53548,36651],[-1,19],[-9,0],[0,13],[8,0],[0,10],[69,1],[0,-1],[23,1],[0,1],[68,1],[0,-10],[8,1],[1,-14],[-8,0],[1,-18],[-69,-1],[0,3],[-24,0],[0,-5],[-67,-1]],[[71543,54776],[-18,19],[-15,11],[39,29],[11,8],[71,34],[31,-34],[-32,-17],[-25,-18],[-10,-6],[-52,-26]],[[74237,31783],[-13,3],[-1,-1],[-44,11],[0,1],[-12,4],[7,16],[5,-2],[28,62],[-4,1],[7,17],[13,-3],[0,1],[45,-12],[-1,-1],[12,-3],[-7,-16],[-5,2],[-29,-63],[6,-1],[-7,-16]],[[68800,35582],[-14,9],[-4,-3],[-37,26],[5,4],[-13,9],[16,14],[5,-4],[17,14],[-5,3],[16,13],[13,-9],[5,4],[39,-27],[-6,-4],[13,-9],[-17,-14],[-5,4],[-16,-13],[4,-4],[-16,-13]],[[89776,33374],[0,17],[3,2],[0,3],[-4,2],[-1,23],[34,0],[0,-5],[34,0],[0,-2],[24,1],[2,2],[32,1],[0,5],[33,1],[1,-47],[-65,-1],[0,1],[-25,0],[0,-2],[-68,-1]],[[76986,45729],[45,-30],[0,-4],[-19,-13],[-12,5],[-41,-34],[-7,-1],[-19,12],[1,4],[7,7],[-45,31],[0,4],[16,14],[6,-1],[9,-4],[41,33],[5,1],[20,-14],[0,-5],[-7,-5]],[[76451,45698],[0,17],[-4,0],[-2,68],[3,0],[0,16],[52,1],[0,-16],[4,0],[2,-69],[-3,0],[0,-17],[-52,0]],[[80213,45303],[-12,88],[57,4],[5,-44],[43,3],[6,-44],[-99,-7]],[[80299,46304],[35,12],[2,-3],[26,10],[2,-4],[90,33],[33,-51],[-7,-3],[3,-4],[-37,-14],[4,-5],[-19,-7],[-3,5],[-35,-13],[4,-6],[-32,-12],[-1,2],[-22,-8],[-1,2],[-7,-3],[-9,14],[7,3],[-4,6],[24,9],[1,-2],[7,3],[-2,2],[31,12],[2,-3],[6,3],[-1,2],[37,14],[2,-3],[6,2],[-2,3],[15,6],[-4,7],[-3,-1],[-3,5],[3,1],[-5,7],[-95,-36],[-2,4],[-7,-3],[1,-1],[-24,-10],[-3,5],[-7,-3],[-10,14],[8,3],[-4,6]],[[76431,46390],[0,3],[-18,-1],[-5,109],[19,0],[0,3],[9,0],[0,-3],[19,1],[4,-108],[-20,-1],[1,-2],[-9,-1]],[[74771,48153],[-1,45],[210,3],[1,-45],[-210,-3]],[[77751,49277],[-3,46],[57,1],[-1,14],[27,1],[0,-14],[57,1],[2,-46],[-13,0],[-1,4],[-112,-3],[0,-4],[-13,0]],[[74268,57770],[-138,-2],[-3,65],[140,3],[1,-66]],[[74409,56858],[111,2],[0,-29],[-29,0],[-10,-2],[-29,-2],[-2,-2],[-21,0],[-6,-2],[1,-13],[5,-2],[19,1],[3,-2],[9,1],[3,-2],[13,0],[4,-1],[8,1],[3,-1],[30,0],[1,-29],[-40,-1],[-1,2],[-29,-1],[-2,2],[-49,-2],[-3,79],[11,0],[0,3]],[[74431,55879],[159,3],[1,-34],[-111,-2],[1,-47],[-43,0],[-2,62],[-5,0],[0,18]],[[75025,55703],[-149,-4],[-6,107],[151,4],[4,-107]],[[75086,57452],[-1,27],[3,0],[-1,33],[-66,-1],[0,-2],[-34,-1],[-1,37],[8,0],[0,4],[109,2],[0,-13],[7,6],[8,0],[8,-6],[1,-6],[-6,-6],[16,0],[2,-66],[-6,0],[0,-7],[-47,-1]],[[52382,62701],[-1,38],[-24,0],[-1,20],[200,4],[2,-58],[-176,-4]],[[52788,62701],[-1,30],[141,3],[1,-30],[-141,-3]],[[52066,62578],[-1,40],[20,1],[1,-40],[-20,-1]],[[54899,67470],[52,1],[0,-15],[-52,-1],[0,15]],[[67980,65584],[-5,123],[64,1],[3,-74],[72,2],[3,-48],[-137,-4]],[[49241,71693],[-2,45],[140,3],[2,-45],[-140,-3]],[[86919,19485],[-7,0],[-85,63],[0,13],[173,4],[0,-15],[-81,-65]],[[34353,72439],[-67,13],[0,1],[-22,4],[0,-2],[-68,13],[4,10],[-8,1],[5,14],[7,-2],[6,18],[67,-12],[-1,-2],[22,-4],[1,2],[68,-12],[-6,-18],[8,-1],[-5,-15],[-8,2],[-3,-10]],[[60585,71043],[-4,84],[51,2],[1,-40],[-6,0],[1,-13],[56,1],[-1,13],[-4,0],[-2,40],[50,2],[2,-41],[-5,0],[0,-14],[57,2],[0,12],[-7,0],[-1,40],[50,2],[3,-84],[-241,-6]],[[69543,74651],[68,15],[93,-170],[-88,-5],[-14,35],[31,8],[-4,10],[-20,-4],[-10,24],[6,3],[-4,11],[-23,-5],[-12,30],[20,3],[-5,11],[-21,-5],[-17,39]],[[61572,81482],[-4,93],[132,3],[4,-93],[-132,-3]],[[47505,87011],[0,2],[-30,0],[0,6],[-30,0],[-2,51],[-16,0],[-1,40],[32,0],[-1,21],[42,1],[0,-14],[24,1],[0,-9],[80,2],[1,-39],[-57,-1],[2,-56],[-23,0],[0,-5],[-21,0]],[[52164,85634],[0,7],[-25,-1],[-1,48],[-32,0],[-1,48],[38,1],[-1,49],[25,0],[-1,7],[19,0],[1,-6],[9,0],[4,-81],[-8,0],[1,-32],[29,1],[1,-18],[-29,0],[0,-16],[-10,0],[0,-7],[-19,0]],[[44015,85258],[-48,30],[5,5],[-6,4],[13,13],[7,-4],[14,13],[-7,4],[19,18],[6,-4],[21,20],[-8,4],[19,18],[8,-4],[14,13],[-8,4],[13,13],[7,-5],[6,6],[49,-30],[-5,-4],[7,-5],[-22,-20],[-7,4],[-16,-15],[5,-3],[-39,-37],[-4,2],[-17,-15],[7,-4],[-21,-20],[-7,4],[-5,-5]],[[70216,78611],[-134,-2],[-1,3],[-20,0],[-4,67],[22,-1],[1,4],[124,1],[10,-20],[-103,-2],[1,-30],[121,2],[11,-21],[-28,-1]],[[66354,82005],[-3,85],[78,1],[3,-85],[-78,-1]],[[66552,82908],[-7,0],[-3,2],[-24,0],[0,-2],[-10,0],[0,6],[-3,0],[-1,6],[-5,0],[0,11],[8,0],[0,3],[6,0],[0,-2],[74,2],[0,-1],[8,0],[1,-21],[-9,0],[0,-1],[-31,-1],[-4,-2]],[[80578,43071],[0,8],[-11,0],[-1,51],[9,0],[0,7],[68,1],[0,-7],[9,1],[2,-52],[-9,0],[1,-8],[-68,-1]],[[54707,83475],[-1,49],[73,1],[1,-3],[23,0],[0,3],[72,1],[2,-49],[-35,-1],[0,7],[-38,-1],[-1,3],[-24,0],[1,-3],[-40,-1],[0,-5],[-33,-1]],[[66018,92028],[-2,31],[-33,0],[-2,32],[-16,0],[-1,16],[44,1],[0,-3],[7,0],[-2,49],[-64,-2],[-1,35],[25,1],[0,14],[9,0],[1,-14],[94,2],[6,-160],[-65,-2]],[[36625,85376],[0,5],[-16,0],[-1,43],[-7,0],[-1,26],[7,0],[-1,26],[-7,0],[-1,25],[6,0],[-1,42],[17,1],[-1,5],[34,0],[0,-4],[15,0],[1,-26],[9,0],[2,-81],[-7,0],[1,-15],[7,0],[0,-14],[-7,0],[1,-26],[-16,0],[0,-7],[-34,0]],[[61145,91112],[5,0],[-2,32],[-3,0],[0,7],[3,0],[0,17],[2,0],[0,10],[-3,0],[-1,16],[-3,0],[0,7],[4,1],[-2,31],[-3,0],[-1,31],[19,1],[1,-4],[23,0],[0,4],[20,0],[1,-31],[-4,0],[1,-31],[4,0],[0,-7],[-4,0],[2,-44],[4,0],[0,-7],[-4,0],[1,-31],[3,0],[2,-31],[-20,-1],[0,4],[-24,-1],[0,-3],[-19,-1],[-2,31]],[[61144,91287],[-1,8],[-2,2],[0,6],[-9,0],[-3,2],[-1,14],[3,2],[8,1],[0,6],[3,2],[-1,8],[3,2],[20,1],[3,-2],[0,-2],[48,1],[2,4],[21,0],[3,-1],[0,-9],[4,-2],[0,-31],[-3,-1],[1,-7],[-3,-2],[-21,-1],[-2,1],[0,2],[-47,0],[0,-3],[-3,-1],[-20,-2],[-3,2]],[[83070,40871],[0,7],[-4,3],[0,4],[3,3],[0,8],[-3,2],[-1,5],[4,2],[-1,7],[21,0],[0,-6],[101,2],[0,6],[23,0],[1,-40],[-20,0],[-1,6],[-103,-2],[1,-7],[-21,0]],[[30738,81136],[-7,0],[-1,27],[7,0],[0,14],[-8,0],[0,9],[-7,0],[-1,12],[6,0],[0,9],[6,0],[0,13],[-5,0],[-1,28],[6,0],[0,14],[62,1],[1,-14],[7,0],[1,-27],[-7,0],[1,-22],[7,1],[1,-14],[-7,0],[1,-23],[6,0],[1,-27],[-8,0],[1,-13],[-62,-2],[0,14]],[[30844,81293],[0,6],[-12,0],[0,7],[-21,1],[0,-5],[-34,1],[0,5],[-18,1],[3,47],[19,-1],[1,6],[33,-2],[0,-6],[30,-1],[1,6],[16,-1],[-1,-5],[32,-2],[0,6],[34,-2],[0,-6],[18,-1],[-4,-46],[-18,1],[0,-7],[-34,2],[1,6],[-22,1],[0,-6],[-10,0],[0,-5],[-14,0]],[[60739,61192],[-7,10],[-6,0],[-11,15],[1,3],[-8,10],[17,7],[1,5],[24,11],[6,-3],[10,4],[28,-35],[-10,-5],[0,-4],[-23,-11],[-5,1],[-17,-8]],[[63771,58464],[0,6],[-22,0],[-2,55],[-17,-1],[-3,93],[21,0],[0,7],[10,0],[0,-6],[23,0],[2,-55],[16,0],[3,-92],[-22,0],[0,-6],[-9,-1]],[[84238,39511],[53,1],[-2,43],[101,2],[5,-203],[11,-9],[119,2],[1,-27],[-3,0],[2,-78],[-140,-2],[-2,87],[-13,9],[-45,0],[2,-98],[-82,-1],[-7,274]],[[84355,39362],[-66,-1],[1,-18],[92,2],[0,18],[-27,-1]],[[72834,32491],[-158,0],[-4,199],[-7,0],[-2,50],[205,3],[2,-47],[-78,0],[2,-48],[44,0],[0,-53],[-48,-1],[4,-47],[38,2],[2,-58]],[[82978,36586],[0,6],[-190,-4],[-5,124],[138,3],[1,-13],[63,2],[0,10],[131,2],[5,-121],[-121,-3],[0,-5],[-22,-1]],[[74290,39260],[-1,37],[-11,0],[-4,116],[10,1],[0,13],[178,4],[5,-126],[-6,0],[1,-16],[-93,-2],[1,-26],[-80,-1]],[[74327,39318],[95,2],[-1,54],[-97,-4],[3,-52]],[[64926,91419],[-6,164],[208,5],[0,-10],[18,1],[6,-143],[-14,-12],[-212,-5]],[[47476,77018],[-7,183],[31,0],[0,-11],[69,2],[0,11],[19,1],[7,-183],[-119,-3]],[[40456,60787],[-1,40],[-9,5],[-1,35],[-21,16],[-1,46],[-5,3],[0,5],[11,0],[-1,15],[63,1],[5,3],[4,0],[4,-3],[111,2],[0,-15],[8,0],[1,-29],[3,-2],[0,-3],[-10,0],[0,-13],[7,0],[4,-2],[1,-20],[-8,-7],[-9,0],[1,-37],[4,-2],[1,-3],[-4,-3],[1,-27],[-63,-2],[-2,55],[-12,0],[-4,-3],[-4,0],[-2,3],[-22,-1],[2,-56],[-52,-1]],[[66694,68192],[-254,307],[244,116],[141,-172],[-40,-19],[48,-58],[41,20],[64,-78],[-244,-116]],[[74603,66641],[-173,-4]],[[74430,66637],[-6,78]],[[74424,66715],[29,1],[0,2],[91,1],[0,-2],[38,1],[20,-13],[1,-64]],[[73622,61212],[2,-52],[-93,-3],[-2,52],[93,3]],[[72997,64532],[-2,53],[197,3],[2,-53],[-197,-3]],[[43578,43295],[-2,80],[-19,-1],[-2,41],[19,1],[-1,5],[5,0],[-1,47],[24,0],[0,6],[38,0],[3,-90],[-6,0],[2,-88],[-60,-1]],[[69060,51783],[-66,0],[-1,29],[6,3],[-3,78],[-7,0],[-1,29],[69,2],[3,-141]],[[59188,43375],[16,2],[-1,18],[230,5],[1,-39],[48,0],[2,-40],[48,0],[6,-117],[-13,0],[2,-32],[38,0],[2,-29],[-133,-6],[0,-11],[-72,-1],[0,10],[-35,-1],[2,-10],[-15,0],[1,-29],[-69,-2],[-4,29],[-22,-1],[0,12],[-23,-1],[-9,243]],[[75205,64313],[-55,7],[-5,14],[-13,4],[0,32],[-11,3],[-1,32],[-10,3],[-1,31],[-18,-1],[-1,45],[39,1],[-1,5],[70,14],[7,-17],[16,0],[6,-155],[-16,-1],[-6,-17]],[[74272,11889],[29,0],[-1,2],[24,1],[0,-22],[4,-1],[1,-17],[2,0],[1,-52],[13,0],[-6,-18],[-5,0],[1,-30],[32,0],[0,1],[12,0],[0,4],[7,-1],[0,-19],[-2,0],[0,-17],[4,0],[0,-12],[-15,0],[0,2],[-23,0],[0,4],[-23,0],[0,-3],[-11,0],[0,-3],[-23,1],[0,-3],[-15,0],[-1,11],[4,0],[-2,17],[7,0],[-1,23],[-6,-1],[-1,16],[-3,1],[0,17],[4,1],[-2,11],[7,0],[0,10],[-7,0],[0,16],[-4,0],[0,18],[9,0],[-1,22],[-7,0],[-2,21]],[[30876,74594],[42,0],[0,79],[29,0],[0,-14],[71,0],[7,-108],[52,28],[38,-36],[10,5],[4,-2],[8,5],[138,-150],[-10,-7],[2,-1],[-8,-5],[41,-42],[48,27],[44,-49],[-47,-29],[5,-5],[-192,-104],[-281,297],[-1,111]],[[71630,66644],[18,1],[1,7],[65,1],[1,-7],[24,0],[2,-34],[-7,0],[0,-2],[73,1],[0,-9],[22,0],[2,-52],[-22,-1],[0,-8],[-72,-2],[0,-3],[5,0],[1,-34],[-7,0],[0,-7],[-12,0],[-1,-2],[-86,1],[-3,51],[7,0],[-2,55],[-7,1],[-2,43]],[[74323,46968],[0,9],[10,0],[-1,8],[48,1],[0,-9],[9,0],[2,-74],[-6,0],[1,-23],[6,0],[3,-74],[-8,0],[0,-9],[-49,-1],[1,9],[-10,-1],[1,9],[5,1],[-1,19],[-6,0],[0,18],[7,0],[-1,19],[-7,0],[-1,32],[1,8],[5,0],[-1,20],[-6,0],[0,17],[6,1],[-1,19],[-7,1]],[[57648,34840],[90,3],[0,17],[58,0],[0,-16],[89,2],[4,-56],[-150,-2],[0,17],[-90,0],[-1,35]],[[30847,75124],[34,0],[1,10],[31,0],[-1,39],[192,4],[0,-29],[5,0],[4,-95],[-9,0],[2,-40],[6,0],[6,-123],[13,0],[3,-41],[-8,-1],[3,-54],[-271,-4],[-11,334]],[[72773,58719],[39,1],[-2,14],[-13,13],[-5,13],[-2,84],[39,1],[0,9],[183,4],[11,-330],[-5,1],[5,-7],[1,-5],[0,-7],[-11,-10],[-4,-1],[-12,-1],[-6,1],[-7,4],[0,-6],[-166,-5],[-45,227]],[[71922,64595],[107,1]],[[72029,64596],[3,-85],[-106,-2],[-4,86]],[[50815,79020],[37,0],[0,-48],[48,0],[0,13],[117,2],[1,-11],[46,0],[-3,41],[91,0],[2,-39],[35,0],[7,-244],[-263,-7],[-58,32],[29,32],[-43,24],[-3,29],[-33,-1],[-10,177]],[[31731,74027],[65,1],[0,7],[31,1],[0,-6],[135,2],[0,8],[32,0],[0,-6],[42,-1],[5,-170],[-33,-1],[-14,25],[-103,0],[-1,-20],[-61,-1],[-10,18],[-81,1],[-7,142]],[[66575,63159],[-2,74],[97,2],[3,-73],[-98,-3]],[[68057,75539],[136,4],[9,-266],[-118,-1],[0,31],[-19,-4],[-8,236]],[[74555,54872],[-92,-2],[-2,51],[114,2],[2,-50],[-22,-1]],[[48888,43971],[3,39],[3,9],[4,6],[-1,42],[208,5],[7,-182],[-210,-3],[0,45],[-8,9],[-3,7],[-3,23]],[[62368,58151],[244,6],[5,-75],[-244,-7],[-5,76]],[[71808,65365],[-133,-2],[-2,73],[133,2],[2,-73]],[[48544,84787],[449,8],[3,-79],[-15,0],[2,-23],[-62,-1],[-2,22],[-156,-2],[-2,-7],[-29,-1],[-1,9],[-180,-5],[-2,54],[-5,25]],[[67054,69901],[-4,112],[367,7],[9,-3],[0,-25],[-7,-2],[3,-65],[-53,-1],[1,-16],[-31,0],[-1,46],[-19,-1],[2,-39],[-52,-1],[0,-7],[-95,-2],[-16,3],[-7,0],[1,-4],[-17,0],[-16,2],[-21,-3],[-44,-1]],[[58560,74547],[11,-6],[-129,-105],[-171,120],[125,105],[-86,59],[-1,3],[-15,10],[125,113],[10,-9],[81,67],[-2,1],[12,10],[-4,4],[1,1],[19,16],[-2,3],[1,2],[40,33],[2,0],[3,-1],[20,16],[5,0],[29,24],[198,-140],[-29,-24],[35,-23],[-46,-39],[35,-23],[-111,-94],[-97,-74],[-59,-49]],[[66009,61413],[-143,-4],[-4,88],[143,3],[4,-87]],[[62893,58134],[0,18],[22,1],[0,-4],[200,4],[-1,5],[24,-1],[0,-56],[-12,0],[2,-30],[11,1],[2,-29],[-14,-1],[5,-115],[13,-1],[0,-28],[-12,0],[1,-18],[11,0],[3,-87],[-120,-3],[-2,22],[-44,1],[-2,33],[34,3],[-1,24],[-68,-2],[-5,77],[-26,4],[-2,31],[27,0],[-3,84],[-27,6],[-2,43],[-9,0],[-1,18],[-4,0]],[[37596,64138],[-6,129],[28,1],[0,-3],[108,3],[1,-24],[-24,-1],[1,-28],[64,2],[3,-75],[-175,-4]],[[53933,65239],[-13,293],[-9,39],[-9,18],[-5,20],[-21,38],[26,10],[114,-63],[14,-353],[-97,-2]],[[60493,75508],[39,25],[193,-168],[-59,-41],[-86,75],[34,24],[-15,14],[-37,-23],[-58,46],[16,11],[-4,13],[-3,6],[-11,12],[-9,6]],[[42803,71443],[49,2],[2,36],[101,4],[4,23],[115,2],[0,-32],[2,-5],[22,0],[8,-295],[-54,-3],[0,-84],[-144,-4],[0,-41],[-36,1],[-18,337],[-48,-4],[-3,63]],[[75280,65441],[-55,0],[-1,86],[53,0],[-1,-26],[-13,-1],[-1,-35],[16,-1],[2,-23]],[[71508,65446],[0,34],[5,0],[-1,10],[-5,0],[-1,29],[97,1],[1,-73],[-96,-1]],[[48958,43764],[14,1],[-1,13],[272,8],[13,-287],[-42,-1],[3,-20],[-46,0],[1,-29],[-165,-3],[-7,60],[-19,-1],[-4,36],[17,2],[-8,141],[-16,1],[-3,37],[-5,6],[-2,12],[-2,24]],[[36313,38677],[23,1],[9,-33],[173,3],[1,-20],[6,-1],[3,-20],[-8,0],[5,-92],[5,1],[2,-20],[-14,0],[2,-16],[-200,-5],[-7,202]],[[44778,26582],[51,-20],[8,11],[221,-80],[-235,-396],[-45,16],[10,19],[-72,28],[32,57],[-39,15],[8,17],[-61,22],[17,33],[-21,9],[104,166],[19,-8],[21,42],[-50,18],[32,51]],[[66148,73453],[-215,-2],[-3,96],[217,4],[1,-98]],[[67993,27130],[21,0],[0,-52],[-19,-1],[-2,53]],[[73676,24684],[4,-87],[13,2],[3,-55],[-16,-2],[2,-47],[-171,-4],[2,-44],[-231,-2],[-2,43],[-30,1],[-7,186],[433,9]],[[64276,31214],[45,1],[0,7],[195,5],[8,-177],[-107,-2],[1,-25],[-54,-3],[2,-15],[-40,0],[0,15],[-42,2],[-8,192]],[[69481,67249],[-127,153],[107,51],[8,-10],[47,-110],[-2,-6],[-3,-2],[12,-13],[9,5],[88,2],[1,-36],[-76,-3],[-64,-31]],[[61519,49581],[1,-9],[46,1],[0,-27],[-4,-1],[0,-5],[-41,-2],[0,-12],[-4,0],[0,-4],[-30,0],[-1,4],[-3,1],[0,-2],[-7,1],[-3,26],[7,0],[-1,17],[-6,0],[-2,19],[4,1],[-2,11],[48,1],[1,-20],[-3,0]],[[70029,58222],[262,6],[17,-420],[-265,-9],[-14,423]],[[43133,69620],[-5,109],[42,1],[15,-10],[1,-99],[-53,-1]],[[62777,72514],[-38,218],[-52,-4],[-5,28],[-9,-1],[6,-37],[-39,-4],[-2,11],[-14,-2],[-3,19],[13,2],[0,7],[-15,-1],[-5,29],[-18,-2],[-8,45],[173,18],[41,9],[28,-16],[-2,-32],[-1,0],[47,-278],[-97,-9]],[[66354,87307],[-1,29],[37,1],[-1,33],[-37,-1],[-1,29],[144,3],[1,-28],[-37,-2],[2,-33],[36,1],[1,-29],[-144,-3]],[[61614,82000],[12,-293],[-159,-1],[-15,370],[159,4],[3,-80]],[[67140,60724],[-77,-2],[-1,26],[5,0],[-3,63],[-5,0],[-2,33],[79,2]],[[67136,60846],[4,-122]],[[73774,67262],[-102,-2],[-2,81],[46,1],[7,-1],[9,-5],[7,-8],[35,-66]],[[66890,62988],[-2,50],[-24,0],[-1,19],[5,0],[-1,15],[-5,0],[-3,73],[10,0],[0,18],[110,2],[8,-175],[-97,-2]],[[76004,48548],[-1,5],[-4,0],[-4,130],[21,0],[0,4],[49,1],[0,-7],[3,0],[2,-79],[6,0],[1,-44],[-15,-1],[0,-4],[-15,0],[0,-4],[-43,-1]],[[56879,60036],[-1,-53],[34,0],[6,-90],[-307,-6],[-5,90],[34,2],[-2,52],[241,5]],[[63866,42546],[-4,90],[238,5],[4,-91],[-107,-2],[0,13],[-30,0],[1,-6],[-8,-8],[-94,-1]],[[54418,92694],[-7,155],[51,1],[3,-55],[23,1],[2,-43],[-7,-4],[5,-3],[2,-3],[1,-24],[-5,-5],[-3,-1],[-13,0],[1,-18],[-53,-1]],[[69253,63588],[90,1],[3,-104],[-91,-1],[-2,104]],[[73699,62296],[1,-110],[-52,-1],[-1,-4],[-67,0],[1,116]],[[73581,62297],[118,-1]],[[73678,23070],[277,22],[16,-117],[-114,-22],[-12,27],[-95,-5],[-23,10],[-1,29],[-53,-3],[-229,110],[44,50],[190,-101]],[[72002,61218],[-3,66],[147,3],[3,-65],[-147,-4]],[[67661,80245],[121,4],[9,-209],[-123,-3],[-7,208]],[[63469,56833],[-420,-7],[-9,241],[418,7],[11,-241]],[[76239,63192],[-248,-4],[-3,100],[419,5],[2,-72],[-172,-2],[2,-27]],[[60247,84066],[-4,2],[-2,40],[4,3],[115,2],[4,-2],[3,-38],[-4,-3],[-116,-4]],[[83756,36728],[-1,-92],[-113,1],[-4,90],[118,1]],[[57135,48431],[-1,23],[10,0],[-1,5],[-25,0],[-1,16],[26,0],[-11,239],[-209,-5],[-2,59],[-38,-1],[-1,29],[-88,-3],[-8,178],[58,47],[636,209],[49,-85],[-114,-38],[16,-28],[-54,-18],[14,-312],[49,2],[13,-287],[12,0],[1,-22],[-331,-8]],[[63511,70022],[-32,-4],[-2,30],[-6,1],[0,217],[8,4],[109,-181],[-30,-11],[14,-25],[-6,-6],[-16,-10],[-8,-4],[-31,-11]],[[75014,56620],[-2,67],[156,2],[2,-67],[-156,-2]],[[30512,73885],[-1,27],[-293,-7],[-14,336],[120,3],[2,-76],[52,1],[-3,76],[178,4],[10,14],[80,-33],[-28,-38],[-60,-1],[12,-305],[-55,-1]],[[65420,70034],[-3,29],[2,0],[-1,46],[-14,0],[-5,165],[11,0],[-2,47],[-51,-1],[-2,47],[52,1],[-5,30],[-51,0],[0,42],[49,1],[-1,19],[246,7],[6,-204],[107,3],[44,-114],[4,-111],[-251,-6],[-2,46],[-88,-2],[2,-45],[-47,0]],[[48316,38983],[-3,110],[-77,-1],[-2,59],[-24,3],[0,25],[15,3],[-3,132],[233,2],[7,-301],[-14,0],[1,-30],[-133,-2]],[[62613,68783],[0,7],[-25,-1],[-6,148],[353,8],[13,-17],[36,18],[159,3],[4,-154],[-169,-4],[-1,-4],[-4,-2],[-60,-1],[-4,3],[0,3],[-75,-1],[0,7],[-23,0],[0,-9],[-198,-4]],[[71417,71797],[-6,127],[88,3],[21,-35],[-37,-1],[1,-15],[27,0],[1,-28],[-28,-1],[1,-16],[31,1],[34,12],[20,-35],[-18,-6],[-3,5],[-24,-8],[-108,-3]],[[47597,61907],[-4,118],[95,2],[5,-118],[-96,-2]],[[18136,84328],[-1,228],[-11,0],[-1,37],[11,0],[0,55],[35,0],[0,4],[58,0],[0,-10],[33,0],[0,-116],[60,0],[0,-32],[9,0],[1,-135],[-8,0],[0,-31],[-186,0]],[[73954,61595],[2,0],[3,-101],[-141,-3],[-3,102],[4,1]],[[73819,61594],[135,1]],[[63252,73528],[-4,3],[-25,0],[-1,43],[-10,7],[-57,0],[0,18],[-5,4],[-1,17],[5,2],[99,2],[23,-17],[3,-74],[-5,-4],[-22,-1]],[[74603,66641],[1,-79],[-168,-3]],[[74436,66559],[-6,78]],[[42482,86293],[-63,27],[21,28],[-114,49],[61,86],[-4,10],[59,81],[14,3],[52,71],[178,-75],[-204,-280]],[[41178,81143],[-3,90],[96,1],[0,-2],[102,2],[3,2],[20,-14],[-3,-3],[2,-2],[-3,-7],[4,-1],[-4,-7],[4,-1],[-3,-7],[3,-1],[-3,-7],[3,-1],[-3,-8],[4,-1],[1,-29],[-220,-4]],[[72061,60993],[-51,-1],[-2,57],[47,2],[1,-21],[8,0],[0,-37],[-3,0]],[[67895,77457],[-5,0],[-6,2],[-4,6],[-192,236],[204,5],[11,-240],[-3,-6],[-5,-3]],[[51727,75539],[-72,-68],[-157,97],[3,6],[259,5],[0,-4],[-33,-36]],[[73693,27496],[-4,83],[51,1],[-1,26],[98,2],[-2,41],[81,2],[0,3],[31,1],[0,-3],[127,3],[13,-9],[5,-140],[-399,-10]],[[74138,61559],[3,-59],[-164,-2],[-1,59],[162,2]],[[39241,38958],[-12,8],[0,2],[-11,7],[0,33],[-4,3],[-3,106],[4,3],[-2,18],[20,17],[33,1],[19,15],[30,1],[5,5],[32,1],[6,5],[31,1],[5,6],[36,1],[6,-169],[38,1],[3,-59],[-236,-6]],[[63530,96061],[28,1],[2,-45],[-28,-1],[-2,45]],[[60500,65828],[-256,-5],[0,89],[-10,1],[-1,47],[292,8],[4,-121],[-29,-1],[0,-18]],[[51425,91947],[34,32],[14,-8],[3,2],[93,-58],[2,-14],[-28,-26],[-118,72]],[[48649,30422],[0,12],[-62,-1],[-35,9],[-3,66],[-27,-1],[3,-56],[-154,77],[9,12],[6,-3],[3,4],[-8,4],[11,12],[10,-5],[6,8],[112,3],[1,-44],[28,1],[-3,59],[98,3],[0,4],[88,2],[0,1],[39,1],[1,-11],[21,0],[0,3],[127,3],[2,-54],[82,2],[1,-20],[23,0],[2,-75],[-253,-6],[0,-6],[-128,-4]],[[74335,66062],[-7,202],[220,6],[2,-50],[-5,0],[2,-59],[-4,0],[0,-8],[7,1],[3,-87],[-218,-5]],[[53473,42146],[-3,73],[-23,-1],[1,-9],[-32,0],[-7,185],[193,4],[1,-29],[3,0],[2,-84],[-2,0],[1,-29],[-11,0],[1,-33],[8,0],[2,-74],[-134,-3]],[[69336,27075],[-3,82],[96,2],[3,-82],[-96,-2]],[[36476,77303],[-5,111],[87,2],[-2,36],[30,0],[0,14],[114,3],[1,-15],[112,3],[1,-45],[43,2],[5,-101],[-386,-10]],[[73956,67280],[-30,-1],[-4,2],[0,-5],[-83,-2],[-33,69],[1,5],[6,2],[139,3],[4,-73]],[[70459,68609],[359,8],[2,-57],[-81,-6],[-5,-25],[3,-55],[101,3],[0,-23],[-119,-3],[0,-2],[-80,-3],[-1,7],[-26,-1],[-2,-7],[-144,-3],[-4,52],[-3,115]],[[74841,65726],[1,-51],[-138,-4],[-1,50],[138,5]],[[58926,96988],[-5,19],[8,2],[-5,16],[1,1],[-3,8],[-1,-1],[-8,27],[-2,0],[-5,16],[-10,-2],[-8,19],[48,9],[4,-11],[18,3],[-2,6],[32,6],[7,-22],[-7,-1],[16,-48],[9,1],[7,-23],[-32,-6],[-1,5],[-18,-3],[4,-12],[-47,-9]],[[56716,98687],[124,3],[4,-99],[-127,-3],[-2,32],[-2,0],[3,67]],[[56488,98946],[-1,38],[132,4],[0,-35],[3,0],[2,-37],[-12,0],[1,-12],[8,-6],[14,-280],[-12,0],[2,-33],[-121,-3],[-17,364],[1,0]],[[56569,97430],[-2,37],[34,1],[0,-7],[45,2],[0,-6],[6,0],[-3,47],[-6,0],[0,-7],[-43,-1],[0,-7],[-34,-1],[-2,38],[143,5],[1,-20],[-14,0],[4,-59],[13,1],[1,-18],[-143,-5]],[[47351,86775],[35,1],[-1,7],[-4,0],[-1,19],[29,1],[-1,9],[-8,1],[-2,10],[11,1],[0,-1],[54,1],[3,-30],[8,0],[2,-31],[-3,-1],[0,-26],[5,0],[1,-22],[-4,0],[2,-40],[-25,0],[1,-5],[11,1],[2,-34],[-35,-1],[-1,7],[-8,0],[-4,81],[-19,0],[0,7],[18,1],[-1,45],[-22,-2],[4,-100],[19,0],[1,-23],[-11,0],[2,-35],[-44,0],[-1,5],[-142,-3],[0,6],[-17,0],[0,-16],[-36,-1],[-5,2],[0,11],[-3,0],[0,3],[-6,0],[0,10],[5,0],[0,4],[9,0],[-3,81],[-33,-1],[0,21],[21,1],[0,-3],[6,0],[-1,57],[154,2],[2,-66],[12,0],[0,17],[13,0],[1,-17],[12,1],[-2,45]],[[47265,86656],[88,1],[-1,61],[-12,0],[2,-29],[-4,-8],[-9,-6],[-12,-2],[-12,2],[-9,7],[-2,5],[-1,27],[-13,0],[1,-42],[-16,0],[0,-16]],[[47213,86648],[0,8],[45,0],[-1,15],[-19,0],[-1,39],[-15,-1],[-5,2],[-16,0],[3,-63],[9,0]],[[47236,86726],[37,1],[-3,45],[-36,-1],[2,-45]],[[47201,86730],[-1,37],[-16,0],[3,-37],[14,0]],[[64590,77407],[-3,24],[1,0],[-2,66],[140,2],[2,-87],[-5,-3],[-133,-2]],[[41642,67494],[0,2],[-3,0],[-1,61],[2,0],[0,2],[137,2],[0,-1],[3,0],[1,-61],[-2,0],[0,-3],[-137,-2]],[[31681,81151],[-1,26],[-8,-1],[0,14],[5,0],[-1,14],[37,1],[3,-53],[-35,-1]],[[58459,69283],[-1,44],[176,4],[1,-44],[-176,-4]],[[85490,38958],[2,-66],[-45,-1],[-1,40],[-37,0],[1,-41],[-35,-1],[-2,68]],[[74467,61915],[-1,36]],[[74466,61951],[58,1],[0,9]],[[74524,61961],[50,2]],[[74574,61963],[2,-56]],[[74576,61907],[-38,-1]],[[74538,61906],[0,12],[-71,-3]],[[74840,65958],[0,62],[142,3],[2,-62],[-144,-3]],[[83630,27518],[-5,136],[136,2],[0,11],[62,1],[0,-10],[22,0],[0,19],[22,0],[1,-19],[75,1],[-1,8],[13,0],[0,-7],[48,1],[3,-103],[-11,0],[1,-15],[-92,-2],[0,-17],[-274,-6]],[[71039,72258],[-2,51],[20,1],[0,-4],[189,4],[0,4],[12,0],[33,-52],[-41,0],[-16,25],[-9,0],[1,-24],[-31,-1],[0,25],[-19,-1],[0,-25],[-31,-1],[-1,24],[-18,0],[1,-24],[-32,-1],[-1,24],[-17,0],[1,-24],[-39,-1]],[[52466,73011],[-1,15],[-8,0],[-1,15],[9,1],[-1,8],[82,1],[-1,47],[49,1],[1,-17],[4,0],[1,-31],[-5,0],[1,-6],[5,0],[1,-32],[-136,-2]],[[60020,77561],[-4,92],[118,2],[4,-92],[-118,-2]],[[62271,76429],[-1,17],[7,0],[0,15],[35,0],[-6,159],[10,0],[-4,99],[195,4],[3,-68],[2,0],[5,-142],[-5,0],[1,-19],[-23,0],[3,-60],[-222,-5]],[[67932,74231],[0,32],[29,1],[0,6],[42,1],[6,-3],[15,-1],[1,-9],[7,0],[1,-64],[-67,-2],[-20,13],[-14,26]],[[63472,97921],[-39,127],[19,3],[-3,10],[52,9],[5,-15],[5,1],[33,-108],[-5,-1],[6,-16],[-52,-9],[-1,3],[-20,-4]],[[92237,29498],[-52,52],[-8,-4],[-7,6],[-71,-41],[-18,19],[-2,-1],[-22,21],[2,1],[-12,13],[69,40],[-14,14],[10,6],[-7,7],[22,12],[7,-7],[10,6],[14,-14],[46,26],[27,-27],[-13,-7],[26,-26],[-21,-12],[22,-22],[5,3],[31,-31],[-15,-9],[5,-5],[-34,-20]],[[72744,64111],[-4,141],[78,1],[4,-141],[-78,-1]],[[70383,54081],[18,-7],[8,12],[32,-12],[-8,-14],[17,-7],[10,12],[56,-24],[-105,-142],[-55,24],[3,5],[-18,7],[-10,-4],[-27,12],[3,6],[-16,5],[-9,-3],[-29,13],[107,143],[30,-11],[-7,-15]],[[73808,65136],[47,1],[0,-18],[4,0],[1,-34],[-3,0],[1,-16],[-48,-1]],[[73810,65068],[-2,68]],[[49392,64399],[-12,0],[-1,23],[-15,0],[-2,58],[-4,0],[0,14],[3,0],[-2,74],[27,0],[0,-6],[46,0],[1,-35],[-25,0],[1,-16],[2,0],[1,-30],[-4,0],[0,-15],[27,0],[1,-35],[-45,0],[1,-32]],[[57148,76335],[4,0],[0,4],[157,2],[0,-3],[120,0],[4,-146],[-280,-3],[-5,146]],[[73878,64636],[-4,73],[96,2],[4,-72],[-96,-3]],[[68083,63403],[-2,32],[-22,0],[-2,40],[-104,-3],[-1,17],[108,3],[10,-7],[0,-11],[9,0],[-1,11],[11,7],[106,3],[4,-91],[-116,-1]],[[68178,61155],[-3,54],[112,4],[3,-55],[-112,-3]],[[67672,85144],[0,-2],[-22,0],[-1,24],[5,0],[-9,157],[113,1],[42,-154],[-26,-3],[2,-19],[-91,-2],[0,-2],[-13,0]],[[58618,48216],[-1,18],[-104,-3],[-3,83],[241,6],[3,-84],[-87,-2],[0,-16],[-49,-2]],[[69930,63462],[5,-100]],[[69935,63362],[0,-2],[-115,-3],[-5,102],[115,3]],[[85805,29600],[-1,55],[3,0],[0,13],[-4,0],[-3,163],[13,0],[0,5],[89,2],[-1,36],[208,-73],[-1,-2],[113,-56],[0,-16],[13,0],[3,-116],[-163,-2],[0,3],[-30,-1],[0,-4],[-165,-2],[-2,-3],[-72,-2]],[[68736,61338],[17,1],[-2,45],[38,0],[2,-44],[-9,-1],[3,-67],[-48,-1],[-1,67]],[[72259,60053],[-4,87],[102,3],[1,-15],[-4,0],[3,-73],[-98,-2]],[[64977,56704],[-5,101],[240,6],[4,-101],[-239,-6]],[[69812,63476],[-1,44],[61,1],[-1,7],[-8,-1],[0,20],[27,0],[0,-19],[-8,0],[0,-7],[75,0],[1,-43],[-146,-2]],[[72733,60883],[76,1],[8,-191],[-76,-2],[-8,192]],[[71399,62505],[-2,132],[68,1],[1,-132],[-67,-1]],[[68855,76168],[107,-130],[-195,-4],[0,31],[-11,7],[-1,42],[-36,-1],[-1,7],[-68,-1],[0,-7],[-16,0],[-5,121],[170,4],[56,-69]],[[71660,65662],[-2,74],[207,4],[2,-74],[-207,-4]],[[64438,63551],[-1,37],[44,1],[0,9],[-8,24],[-77,-2],[-4,114],[158,3],[7,-183],[-119,-3]],[[83222,35996],[0,2],[-4,0],[-1,80],[-9,0],[-1,6],[10,1],[1,3],[5,0],[-1,20],[40,0],[1,-10],[85,1],[0,-23],[-8,0],[0,-15],[-16,0],[0,-6],[-33,0],[1,-59],[-70,0]],[[57124,88147],[0,3],[-120,-1],[0,15],[-3,-1],[0,7],[2,0],[-1,20],[226,4],[1,-21],[2,0],[1,-7],[-3,0],[0,-15],[-84,-1],[0,-3],[-21,0]],[[72969,60082],[1,-46],[-93,-2],[-1,46],[93,2]],[[72892,68737],[-3,78],[118,2],[0,-1],[11,0],[4,-76],[-130,-3]],[[73360,23391],[-1,15],[-11,0],[-1,30],[-12,0],[-1,15],[-133,-3],[-1,24],[-65,-2],[-12,315],[246,5],[1,-24],[54,1],[2,-54],[-53,-1],[1,-35],[14,0],[3,-66],[-14,0],[1,-43],[15,0],[2,-56],[-15,0],[4,-121],[-24,0]],[[74608,44553],[0,4],[-20,0],[-1,67],[5,0],[-2,72],[20,0],[0,4],[33,0],[0,-2],[20,0],[2,-54],[26,1],[0,-27],[-25,-1],[1,-58],[-21,-1],[0,-4],[-38,-1]],[[47656,69698],[-16,0],[0,6],[-33,0],[-1,91],[67,0],[0,1],[12,0],[1,-90],[-31,0],[1,-8]],[[57557,75154],[140,4],[1,8],[20,-3],[10,-4],[6,-4],[5,-6],[5,-11],[-1,-11],[7,1],[12,-274],[-72,-3],[0,6],[-10,0],[0,6],[-14,1],[-2,9],[-9,0],[0,14],[-27,0],[-15,7],[-1,17],[-24,-2],[-2,116],[-26,-1],[-3,130]],[[74835,65216],[-115,-4],[-3,74],[9,1],[0,-2],[107,3],[2,-72]],[[48011,61749],[0,14],[-11,0],[-2,60],[30,23],[297,6],[1,-6],[134,3],[2,-87],[-3,0],[-18,14],[-56,-1],[1,-19],[-375,-7]],[[66066,90743],[-3,72],[69,2],[4,-73],[-70,-1]],[[65302,63072],[-220,-4],[-4,132],[220,5],[4,-133]],[[80301,43623],[-1,37],[26,0],[-1,35],[-27,0],[-1,36],[80,1],[0,-11],[-3,0],[1,-35],[4,0],[0,-15],[-4,0],[1,-35],[4,0],[1,-11],[-26,-1],[0,8],[-21,0],[1,-8],[-34,-1]],[[64016,70834],[-88,121],[297,125],[5,-6],[24,10],[-4,6],[19,6],[5,-6],[51,7],[42,-57],[46,19],[7,-9],[6,2],[23,-33],[-51,-21],[-14,20],[-86,-36],[16,-22],[-298,-126]],[[75367,41313],[-3,87],[4,0],[-1,18],[22,0],[0,2],[113,2],[0,-14],[-3,0],[1,-6],[2,0],[1,-13],[-69,-2],[0,-20],[-25,0],[2,-53],[-18,0],[0,2],[-7,0],[0,-2],[-19,-1]],[[59199,46312],[-14,20],[-5,125],[116,2],[3,-72],[55,1],[-2,72],[75,1],[5,-145],[-233,-4]],[[18053,89841],[-109,0],[-1,151],[14,0],[0,37],[28,0],[0,-36],[67,0],[1,-152]],[[59682,26302],[-3,80],[-14,0],[-1,21],[14,1],[-2,55],[56,1],[5,-132],[-12,0],[1,-18],[-7,0],[0,-8],[-37,0]],[[73834,23671],[-8,157],[91,2],[-1,14],[232,7],[2,-43],[154,4],[0,-10],[311,9],[-1,18],[105,3],[4,-84],[-93,-2],[1,-21],[-180,-5],[1,-16],[-131,-3],[1,-16],[-488,-14]],[[41467,90922],[-3,68],[221,5],[3,-68],[-221,-5]],[[82130,36128],[-2,46],[25,0],[1,-7],[82,1],[0,9],[27,0],[0,-9],[-2,0],[1,-14],[2,0],[1,-19],[-2,0],[0,-5],[-26,-1],[0,8],[-81,-1],[0,-8],[-26,0]],[[69910,74842],[13,4],[-1,2],[13,4],[7,-2],[59,18],[32,-58],[-87,-30],[-36,62]],[[70986,69571],[0,-1],[76,2],[4,-77],[-198,-2],[-3,49],[107,2],[-1,27],[15,0]],[[70430,63953],[-78,2],[-6,3],[1,31],[-6,76],[146,-5],[3,-72],[-60,2],[0,-37]],[[73747,65231],[0,79],[54,0],[-1,43],[143,2],[4,-161],[-140,-2],[-2,39],[-58,0]],[[69522,61164],[-3,72],[145,4],[3,-73],[-145,-3]],[[72768,67688],[-8,291],[113,2],[1,-18],[-4,0],[0,-16],[35,1],[6,-224],[-5,0],[1,-12],[7,1],[1,-22],[-147,-3]],[[72046,67227],[-1,41],[215,4],[1,-41],[-215,-4]],[[63131,74394],[-2,54],[15,1],[-1,36],[28,1],[-2,34],[79,2],[3,-71],[-71,-2],[2,-54],[-51,-1]],[[46752,92895],[-1,25],[-57,-1],[-1,30],[-42,-1],[-1,16],[43,0],[0,29],[96,1],[2,-73],[-20,-1],[1,-25],[-20,0]],[[69531,60945],[-3,109],[144,3],[4,-109],[-145,-3]],[[74711,65516],[-3,69],[180,4],[3,-69],[-180,-4]],[[56388,96895],[0,6],[-28,-1],[-4,70],[31,1],[1,-15],[69,2],[-1,18],[11,1],[1,-19],[90,3],[3,-41],[-8,0],[1,-14],[-92,-3],[0,-5],[-74,-3]],[[81080,37874],[-31,-1]],[[81049,37873],[-14,0],[-4,151],[14,0]],[[81045,38024],[33,1]],[[81078,38025],[13,0],[3,-89],[56,1],[1,-35],[-58,-1],[0,-27],[-13,0]],[[74407,61903],[57,1]],[[74464,61904],[74,2]],[[74576,61907],[2,-30]],[[74409,61873],[-2,30]],[[74416,62124],[146,2],[1,-49],[-155,-5],[-4,52],[12,0]],[[74414,61391],[-173,0],[0,66],[173,0],[0,-66]],[[74220,62121],[159,3],[11,-1],[2,-52],[-171,-3],[-1,53]],[[74452,59542],[3,-68],[-146,-4],[-3,68],[146,4]],[[74549,59033],[-3,55],[124,4],[3,-55],[-124,-4]],[[74220,59245],[-161,-3],[0,30],[160,3],[1,-30]],[[73139,69161],[-43,-1],[-1,79],[151,1],[0,-29],[-7,0],[1,-49],[-64,-1],[0,12],[-37,-1],[0,-11]],[[71352,65356],[0,2],[-16,2],[-8,4],[-11,9],[-6,9],[-3,-1],[-12,0],[-3,62],[69,1],[3,-88],[-13,0]],[[70879,65219],[-111,-1],[-3,73],[112,2],[2,-74]],[[72254,62780],[35,-1],[3,-78],[-37,1],[-1,78]],[[69579,63650],[-161,-2],[-3,124],[163,3]],[[69578,63775],[1,-125]],[[69994,63046],[-4,84],[145,4],[6,-113],[-146,-4],[-1,29]],[[72357,64242],[51,1],[2,-129],[-47,2],[-6,126]],[[74575,65508],[-71,-2],[-4,80],[57,0],[8,-3],[8,-6],[2,-69]],[[73485,60482],[3,-58],[-65,0],[-2,57]],[[73421,60481],[64,1]],[[73467,61134],[-71,-1]],[[73396,61133],[-5,139],[70,1],[6,-139]],[[73540,64615],[79,1],[2,-66],[-2,-4],[-7,-3],[-70,-1],[-2,73]],[[72980,64833],[-3,72],[96,2],[3,-72],[-96,-2]],[[73184,64841],[4,-93],[-98,-4],[-5,95],[99,2]],[[71479,65003],[142,4],[3,-73],[-144,-4],[-1,73]],[[71055,64493],[-12,10],[-4,85],[198,3],[2,-60],[12,-10],[0,-15],[-12,-9],[-184,-4]],[[61071,9803],[-2,4],[-9,-2],[0,2],[-8,-2],[-6,1],[-8,20],[-45,8],[2,9],[-56,10],[-4,-9],[-21,5],[6,19],[-3,1],[5,11],[3,0],[4,15],[7,0],[1,3],[26,-4],[0,-7],[57,-10],[11,2],[-4,13],[44,10],[4,-13],[11,2],[41,32],[-5,5],[16,16],[2,0],[5,-4],[5,4],[46,-30],[-15,-15],[-7,4],[-40,-31],[4,-2],[18,13],[7,-4],[-57,-40],[4,-20],[-15,-7],[0,-3],[-24,-6]],[[86755,23534],[-3,86],[137,3],[3,-86],[-137,-3]],[[69443,73030],[-7,176],[43,1],[-1,14],[183,5],[3,-62],[39,1],[1,-24],[-74,-2],[-2,55],[-35,-1],[-1,1],[-21,0],[1,-13],[23,1],[0,-3],[22,0],[2,-43],[79,2],[2,-29],[80,2],[3,-73],[-221,-5],[0,2],[-17,0],[0,1],[-45,-1],[1,-4],[-58,-1]],[[31601,73592],[-1,7],[-165,-2],[0,40],[-15,0],[-1,96],[14,0],[0,41],[141,1],[0,-8],[22,0],[1,-20],[129,1],[0,-4],[24,0],[0,8],[62,1],[0,11],[20,1],[0,-12],[11,0],[-1,13],[50,1],[0,10],[-14,-1],[0,9],[61,1],[0,-18],[91,1],[2,-164],[-38,0],[0,-10],[-85,-1],[-1,10],[-60,-1],[1,-9],[-97,-1],[0,9],[-73,-1],[1,-8],[-79,-1]],[[81956,36524],[-1,28],[3,0],[0,13],[-17,-1],[-2,64],[13,0],[-1,38],[95,2],[0,3],[75,1],[1,-32],[2,0],[1,-30],[-44,0],[0,-13],[75,2],[0,3],[34,0],[0,-4],[20,1],[-2,68],[37,0],[3,-96],[-2,0],[1,-33],[-155,-2],[0,4],[-20,0],[0,-14],[-116,-2]],[[81989,36560],[62,1],[-3,71],[-60,-1],[3,-66],[-2,0],[0,-5]],[[79898,39187],[-49,35],[19,15],[-13,9],[-23,-18],[-44,31],[2,3],[-10,7],[-9,-7],[-36,25],[80,65],[17,-12],[35,28],[-21,15],[21,17],[13,-9],[9,8],[-29,21],[11,8],[25,-18],[27,22],[28,-21],[-16,-13],[11,-6],[8,7],[15,-7],[11,10],[23,-16],[-7,-5],[17,-12],[-14,-12],[4,-3],[-8,-6],[24,-17],[5,5],[26,-18],[2,-61],[-24,-19],[-10,8],[-18,-14],[9,-7],[-45,-37],[-66,-1]],[[79912,39215],[37,2],[34,27],[2,-1],[19,14],[-3,60],[7,6],[-24,17],[-15,-12],[-13,9],[-9,-8],[-14,10],[-14,0],[-13,-11],[-10,8],[-12,-10],[-19,14],[-16,-13],[3,-1],[-42,-33],[3,-3],[16,1],[-1,3],[28,22],[5,0],[44,-31],[0,-4],[-27,-22],[-2,0],[1,-19],[35,-25]],[[65254,47684],[-3,81],[300,0],[0,-73],[-174,0],[0,8],[-20,0],[-19,-2],[-23,-5],[-26,-8],[-20,-8],[-15,7]],[[65387,47788],[0,51],[14,2],[131,0],[0,11],[18,0],[-1,-65],[-162,1]],[[75322,49007],[0,13],[-4,0],[-2,37],[-10,0],[-1,29],[11,0],[-3,80],[19,0],[-1,6],[42,1],[0,-6],[20,0],[2,-62],[11,0],[1,-27],[-11,0],[2,-62],[-6,0],[0,-5],[-12,0],[0,-3],[-58,-1]],[[69325,34825],[-4,122],[62,2],[4,-123],[-62,-1]],[[53592,40594],[-4,123],[-7,0],[-2,47],[7,0],[-9,245],[306,6],[13,-376],[-20,-1],[2,-38],[-286,-6]],[[60773,60865],[-49,36],[0,11],[46,36],[15,1],[66,-48],[0,-20],[-47,0],[-16,-15],[-15,-1]],[[73974,56885],[-2,90],[112,3],[5,-90],[-115,-3]],[[63287,59565],[-31,2],[0,10],[-21,1],[-5,-10],[-20,1],[-15,2],[-30,6],[1,10],[-22,6],[-3,-10],[-31,7],[7,19],[3,20],[-1,12],[-5,25],[22,6],[34,5],[23,0],[38,-3],[17,-4],[26,-8],[24,-11],[20,-14],[-15,-18],[-8,-14],[-6,-19],[-2,-21]],[[74843,56527],[160,3],[2,-39],[-161,-6],[-1,42]],[[74978,57210],[-155,-3],[-1,28],[101,2],[-1,36],[-101,-2],[-1,27],[5,0],[-1,10],[17,0],[0,-8],[28,1],[0,7],[8,0],[0,-5],[41,0],[-1,9],[57,2],[4,-104]],[[37615,63389],[169,3],[5,-102],[-169,-5],[-5,104]],[[65784,61333],[3,10],[16,-2],[2,3],[16,-4],[1,5],[16,-4],[3,3],[30,-6],[3,-29],[-91,-2],[-1,26],[2,0]],[[65804,61356],[-1,5],[-19,-4],[1,9],[-4,0],[-1,18],[90,2],[0,-15],[6,-3],[0,-5],[-19,-6],[-1,3],[-15,-3],[-2,4],[-16,-5],[-2,4],[-17,-4]],[[65885,61335],[-4,61],[128,3],[5,-87],[-136,-4],[-1,27],[8,0]],[[67871,61129],[-2,35],[-3,0],[-2,38],[116,3],[3,-73],[-112,-3]],[[59609,64514],[-81,-2],[-3,78],[291,7],[3,-78],[-210,-5]],[[52392,65884],[-4,93],[28,0],[-3,122],[-29,-1],[-1,74],[-4,0],[-2,70],[6,4],[12,-7],[-3,-2],[0,-4],[125,2],[-1,31],[39,1],[-1,40],[97,2],[0,-22],[67,2],[199,-116],[1,-31],[-83,-1],[-115,66],[0,2],[-193,-3],[1,-39],[-13,0],[7,-281],[-130,-2]],[[64872,62397],[0,18],[98,2],[-4,105],[97,2],[4,-123],[-195,-4]],[[63608,63877],[-2,76],[149,3],[2,-87],[-147,-3],[0,11],[-2,0]],[[66435,84774],[-1,91],[107,2],[0,-43],[-17,0],[-5,4],[-28,-1],[0,-16],[28,0],[6,-3],[25,1],[1,-11],[-4,0],[0,-10],[4,0],[1,-12],[-117,-2]],[[41240,91997],[-1,18],[-5,0],[0,20],[5,0],[0,22],[107,1],[1,-61],[-107,0]],[[66998,73589],[6,-125],[-110,-2],[0,7],[-23,-1],[-5,125],[-2,0],[-2,46],[124,3],[2,-44],[6,-1],[4,-8]],[[66850,73887],[10,11],[111,2],[12,-257],[-122,-3],[-11,247]],[[51977,77692],[3,-29],[39,0],[0,-31],[-35,-1],[0,-4],[-35,0],[1,3],[-15,0],[-2,31],[9,1],[-3,30],[38,0]],[[73292,39384],[-2,48],[61,2],[2,-48],[-61,-2]],[[58182,74565],[-252,150],[108,89],[234,-162],[-90,-77]],[[66438,84465],[-1,39],[28,0],[0,-7],[7,0],[0,2],[10,0],[0,-2],[76,2],[-1,6],[27,1],[1,-37],[-28,-1],[0,6],[-89,-2],[0,-6],[-30,-1]],[[50601,79123],[-12,9],[-1,20],[-30,-1],[-3,87],[30,1],[-4,102],[-6,-1],[0,6],[-14,-1],[-2,46],[14,0],[0,5],[6,1],[-1,27],[223,4],[-1,21],[46,1],[8,-255],[-62,-2],[2,-66],[-193,-4]],[[66233,63678],[-5,4],[-4,134],[116,2],[5,-138],[-112,-2]],[[68799,63144],[4,-114],[-81,0],[-5,113],[82,1]],[[69564,70053],[2,5],[4,5],[9,2],[8,0],[8,-4],[10,0],[0,7],[42,0],[0,-5],[14,0],[-1,6],[40,0],[0,-4],[14,0],[0,5],[39,0],[0,-5],[15,0],[0,6],[40,0],[0,-75],[-44,0],[0,9],[-167,0],[0,-14],[-31,0],[0,46],[7,1],[-9,15]],[[70843,70048],[97,2],[-3,45],[103,0],[1,-119],[-97,-1],[0,13],[-8,1],[0,2],[-2,0],[-2,19],[-89,0],[0,38]],[[68533,75932],[-6,122],[-1,0],[-1,18],[8,7],[49,1],[5,-101],[15,0],[2,-45],[-71,-2]],[[33739,81069],[-1,38],[115,3],[0,-19],[-3,0],[0,-19],[-7,0],[0,5],[-85,-2],[0,-3],[-7,0],[0,-2],[-12,-1]],[[74085,56798],[4,-55],[-8,0],[3,-16],[6,-6],[2,-16],[-109,-1],[-5,144],[104,1],[1,-25],[-6,-1],[2,-25],[6,0]],[[66525,82283],[0,2],[-9,0],[0,8],[8,1],[0,16],[-6,1],[-4,4],[3,5],[6,2],[0,16],[-9,0],[0,9],[8,0],[0,2],[21,0],[-1,4],[2,2],[10,0],[3,-2],[44,1],[0,5],[8,0],[0,5],[5,2],[1,6],[-4,0],[-1,2],[0,5],[-10,0],[-1,5],[-43,-1],[-2,-2],[-11,0],[-2,2],[0,3],[-20,0],[0,1],[-9,0],[0,9],[9,0],[-1,17],[-4,0],[-3,2],[-2,4],[3,5],[5,1],[0,16],[-9,0],[0,9],[39,2],[0,-6],[16,1],[1,5],[11,1],[0,-6],[7,0],[1,4],[2,2],[7,0],[3,-2],[0,-4],[8,1],[0,2],[2,3],[6,0],[4,-1],[-1,-4],[9,-1],[0,7],[10,-1],[3,-38],[-25,-1],[-3,2],[-6,0],[0,11],[-38,-1],[0,-4],[-13,1],[0,-17],[-8,0],[0,-2],[20,1],[0,3],[35,0],[3,-3],[16,1],[0,-6],[19,0],[3,-56],[-1,0],[0,-6],[-18,0],[-1,-5],[-16,0],[-2,-3],[-36,-1],[0,3],[-18,0],[-1,-3],[8,0],[1,-16],[14,0],[0,-3],[37,1],[0,11],[6,-1],[3,3],[25,1],[1,-39],[-11,0],[0,6],[-10,-1],[0,-4],[-2,-2],[-7,0],[-2,1],[0,5],[-8,0],[-1,-4],[-2,-2],[-6,0],[-2,1],[0,4],[-9,1],[0,-7],[-11,0],[-1,6],[-17,0],[0,-6],[-29,-1]],[[64718,95387],[-32,98],[28,1],[0,-9],[120,2],[30,-89],[-146,-3]],[[67683,62347],[253,6],[2,-76],[-254,-4],[-1,74]],[[67362,65830],[-164,-5],[-5,77],[165,2],[4,-74]],[[67385,62111],[0,100],[80,0],[0,-100],[-80,0]],[[68481,79857],[-10,17],[0,6],[-5,8],[-3,-2],[-6,10],[3,1],[-14,22],[-2,-1],[-7,10],[4,1],[-34,55],[101,35],[16,-28],[-6,-2],[16,-27],[3,1],[43,-71],[-42,-15],[-4,3],[-12,20],[9,4],[-12,19],[2,1],[-7,12],[-3,0],[-12,19],[3,1],[-8,12],[-2,0],[-6,9],[3,2],[-8,13],[-7,-2],[4,-5],[-3,-5],[-16,-5],[-5,1],[-3,6],[-7,-3],[8,-14],[4,2],[6,-10],[-2,0],[8,-13],[2,1],[12,-20],[-2,0],[8,-12],[1,0],[12,-19],[-2,-1],[15,-24],[-33,-12]],[[69983,74113],[-35,64],[34,11],[-12,20],[116,37],[10,-17],[-6,-2],[12,-23],[3,1],[11,-20],[-1,-1],[12,-22],[-35,-11],[-7,13],[-74,-23],[8,-15],[-36,-12]],[[62169,92394],[-5,87],[12,0],[-1,9],[-9,-1],[-5,85],[11,0],[-1,9],[-10,0],[-5,86],[45,2],[1,-13],[-2,0],[6,-98],[2,1],[1,-13],[-3,0],[2,-30],[2,1],[0,-13],[-2,0],[5,-110],[-44,-2]],[[72777,59743],[-3,71],[95,2],[2,-71],[-94,-2]],[[70540,64911],[-2,42],[-7,0],[-1,14],[8,1],[-1,16],[176,3],[1,-28],[71,1],[2,-44],[-247,-5]],[[77080,37727],[0,4],[-21,-1],[0,11],[-24,0],[1,-3],[-12,0],[0,-5],[-18,0],[0,4],[-14,0],[0,-2],[-12,0],[0,11],[-4,3],[-3,0],[0,-4],[-26,-1],[-1,22],[5,0],[-2,41],[-6,0],[0,21],[27,1],[0,-4],[4,0],[4,3],[0,11],[9,0],[1,-1],[14,0],[0,5],[19,0],[0,-4],[11,0],[0,-4],[23,1],[0,11],[20,1],[0,3],[28,0],[0,-4],[10,0],[0,-13],[-9,-1],[0,-6],[9,1],[1,-14],[-9,0],[0,-5],[-31,-1],[0,2],[-52,-1],[0,-4],[-14,0],[0,2],[-6,0],[-4,3],[-10,0],[1,-15],[12,0],[1,-15],[-12,0],[1,-15],[8,0],[5,3],[4,0],[0,3],[16,0],[0,-4],[51,2],[0,1],[32,1],[1,-6],[9,0],[1,-12],[-10,0],[1,-7],[8,0],[1,-12],[-10,0],[0,-6],[-28,-1]],[[82652,40143],[-1,22],[4,3],[8,0],[5,-3],[23,1],[0,1],[13,1],[0,-2],[31,1],[0,1],[13,1],[0,-2],[33,0],[0,19],[-44,-1],[0,-2],[-14,0],[0,1],[-15,0],[-4,2],[-1,4],[4,4],[0,16],[-56,0],[-1,35],[56,1],[-1,27],[-58,-1],[-1,36],[85,2],[1,-29],[-6,0],[1,-19],[3,0],[2,-65],[72,2],[1,-21],[5,0],[1,-7],[-7,0],[1,-22],[-107,-2],[0,-2],[-46,-2]],[[41811,81620],[-98,59],[-31,36],[2,27],[36,1],[1,-27],[10,1],[1,-29],[4,0],[4,-1],[1,-4],[4,-3],[-3,63],[36,1],[3,-74],[15,1],[0,-13],[9,0],[-5,86],[36,1],[5,-91],[6,1],[3,3],[6,0],[2,-4],[8,0],[-6,91],[36,1],[5,-106],[-73,-2],[-17,-18]],[[63885,97641],[-6,2],[-47,80],[47,2],[24,-44],[13,-6],[19,1],[-1,23],[43,2],[3,-47],[-14,-11],[-81,-2]],[[50964,85044],[-87,-1],[-6,135],[86,2],[7,-136]],[[69403,77148],[0,6],[-23,0],[-2,29],[24,0],[-1,6],[116,3],[0,-6],[23,1],[2,-29],[-23,0],[0,-7],[-116,-3]],[[63552,96480],[-1,16],[6,0],[-1,16],[-1,-1],[-1,46],[-3,0],[0,11],[-4,0],[0,15],[7,0],[0,4],[27,1],[0,-4],[11,0],[4,-86],[22,0],[-3,88],[11,1],[0,2],[26,1],[0,-5],[9,1],[1,-17],[-6,0],[0,-10],[-3,0],[2,-32],[2,0],[1,-13],[-3,0],[1,-16],[6,0],[1,-16],[-111,-2]],[[62876,68038],[-2,48],[-21,-1],[0,23],[44,1],[3,-71],[-24,0]],[[52729,74853],[0,-5],[54,1],[0,-14],[8,-2],[1,-17],[-5,-3],[1,-12],[-11,-11],[-76,46],[0,13],[3,3],[0,1],[25,0]],[[74289,57151],[-52,0],[-10,205],[55,0],[7,-205]],[[62718,73935],[143,4],[3,-72],[-143,-3],[-3,71]],[[67696,62217],[241,6],[4,-115],[-44,-1],[0,20],[-198,-4],[-3,94]],[[67336,80857],[0,79],[28,2],[-2,65],[123,2],[8,-146],[-157,-2]],[[74927,54080],[154,3],[1,-23],[-2,-14],[2,-72],[-151,-3],[-4,109]],[[73232,65687],[83,2],[3,-78],[-84,-2],[-2,78]],[[70575,68111],[1,-5],[31,0],[51,-36],[4,-113],[-39,0],[-1,3],[-18,0],[-5,97],[-5,5],[-129,-2],[0,12],[-7,0],[0,21],[-4,0],[-1,13],[54,1],[0,-3],[11,1],[0,4],[57,2]],[[62360,91907],[-5,4],[-3,86],[25,0],[3,-70],[7,0],[-2,66],[31,1],[4,4],[8,0],[3,-3],[34,1],[4,-87],[-109,-2]],[[56791,62546],[-5,144],[95,2],[6,-144],[-96,-2]],[[72366,59735],[-95,-2],[-2,80],[97,3],[0,-81]],[[56615,87396],[-2,55],[70,1],[3,-55],[-71,-1]],[[69834,66714],[-118,-1],[-4,136],[113,6],[9,-141]],[[64407,96359],[-1,3],[-10,-2],[-10,32],[-5,4],[1,6],[-2,9],[-6,5],[1,5],[-12,37],[40,1],[4,-13],[16,3],[-1,3],[18,4],[1,-3],[23,5],[2,-5],[22,4],[3,-1],[14,3],[4,-2],[8,-25],[-4,-1],[5,-4],[-1,-5],[4,-10],[4,-6],[-2,-4],[4,1],[11,-33],[-2,-1],[1,-2],[-2,-3],[-6,-1],[-4,2],[-1,3],[-25,-5],[0,1],[-13,-2],[-10,31],[-3,1],[-3,5],[1,4],[-2,9],[-4,4],[0,6],[-4,12],[-4,-1],[-2,-4],[-18,-3],[-5,1],[0,2],[-5,-1],[6,-16],[5,-7],[-1,-4],[11,-34],[-3,0],[0,-2],[-2,-3],[-5,-1],[-4,1],[-1,3],[-26,-6]],[[41469,91106],[4,134],[43,0],[-1,6],[20,1],[-1,8],[155,2],[0,-6],[1,-1],[-8,0],[0,-6],[9,0],[0,-20],[-8,0],[-1,-10],[9,-1],[0,-16],[-9,0],[0,-9],[9,-1],[0,-21],[-8,0],[-1,-8],[9,-1],[1,-17],[-9,1],[1,-8],[8,-1],[-1,-9],[2,-15],[-1,-11],[-6,-12],[-16,-7],[-11,0],[-122,-2],[0,5],[-33,3],[1,20],[-36,2]],[[57409,67753],[-122,-2],[-2,88],[120,3],[4,-89]],[[44118,80083],[53,48],[106,-66],[7,7],[-2,1],[5,5],[2,-1],[6,6],[-92,58],[7,6],[-3,2],[5,5],[3,-2],[7,7],[110,-68],[-91,-84],[-123,76]],[[73358,32019],[0,9],[-95,-3],[-1,15],[-5,0],[-1,35],[5,1],[0,14],[35,1],[1,-5],[93,2],[0,5],[59,2],[1,-15],[6,0],[1,-35],[-6,-1],[0,-15],[-45,0],[0,-9],[-48,-1]],[[67384,61950],[7,0],[-1,39],[53,1],[1,-12],[127,3],[1,11],[52,1],[2,-37],[7,-1],[2,-25],[-8,1],[1,-6],[-158,-4],[1,4],[-24,-1],[0,-4],[-54,-1],[1,6],[-9,-1],[-1,26]],[[74068,56424],[0,6],[-78,-1],[-3,78],[119,3],[1,-44],[-24,-1],[2,-12],[21,2],[1,-12],[-7,0],[1,-18],[-33,-1]],[[72657,66182],[43,2],[0,-4],[17,0],[0,4],[26,0],[3,-52],[-26,-1],[-1,3],[-20,0],[-1,-2],[-40,-2],[-1,52]],[[71913,64858],[-1,27],[107,1],[2,-59],[-107,-1],[-1,32]],[[52442,81986],[-5,107],[30,1],[2,-52],[-4,0],[1,-34],[4,0],[1,-9],[8,1],[-1,32],[4,0],[-3,58],[78,2],[4,-104],[-23,-1],[0,7],[-3,0],[-3,2],[0,6],[3,3],[-1,10],[-3,2],[0,7],[2,1],[4,1],[-1,13],[-3,0],[-3,2],[0,6],[4,2],[-1,11],[-3,2],[-1,7],[3,2],[0,6],[-27,-1],[0,-6],[3,-1],[0,-7],[-3,-2],[1,-11],[3,-2],[0,-6],[-3,-3],[-2,0],[0,-13],[3,0],[3,-1],[0,-7],[-3,-2],[1,-11],[3,-1],[0,-7],[-2,-2],[-4,0],[1,-6],[-64,-2]],[[51476,75400],[75,70],[114,-69],[-75,-71],[-114,70]],[[63118,85028],[4,-4],[11,-45],[-17,0],[-1,4],[-17,-1],[-1,-3],[-23,-1],[0,-7],[4,0],[0,-11],[-4,0],[-1,-7],[6,-1],[0,-19],[-4,0],[-1,-8],[5,-1],[1,-17],[-4,0],[0,-8],[4,0],[-1,-10],[-81,-1],[0,9],[6,0],[0,10],[-5,-1],[-1,18],[3,0],[1,7],[-5,1],[0,18],[5,0],[0,9],[-6,1],[0,23],[6,1],[-2,10],[-4,0],[-1,16],[5,0],[0,9],[-5,0],[-1,10],[54,0],[0,-2],[13,-1],[0,3],[27,1],[0,-3],[16,0],[1,4],[5,0],[8,-3]],[[40222,59784],[7,0],[0,16],[26,0],[0,6],[-27,0],[0,25],[17,0],[-6,5],[-13,0],[0,26],[46,0],[5,-1],[4,-86],[-4,-4],[-54,0],[-1,13]],[[40167,59968],[-4,0],[0,17],[12,0],[0,3],[13,1],[1,-15],[4,0],[0,-16],[-2,0],[3,-60],[3,0],[0,-7],[22,1],[0,7],[3,0],[0,6],[-4,3],[0,5],[3,2],[0,8],[-4,3],[0,5],[3,3],[0,14],[-4,2],[0,4],[4,2],[-1,3],[-2,0],[-1,15],[3,0],[0,12],[9,0],[0,3],[13,1],[0,-4],[29,1],[5,-111],[-21,-1],[-3,89],[-4,4],[-4,0],[4,-92],[-76,-2],[-4,94]],[[58991,74774],[-141,-119],[-75,52],[178,143],[17,-10],[-11,-12],[9,-8],[6,-11],[3,-9],[1,-17],[13,-9]],[[80480,41917],[0,3],[-28,0],[0,3],[-7,-1],[0,-2],[-14,0],[0,2],[-10,0],[0,-3],[-13,0],[0,3],[-12,0],[0,-3],[-13,0],[0,3],[-11,0],[0,-3],[-24,-1],[-6,2],[-3,5],[-2,27],[7,8],[4,2],[0,4],[-10,0],[0,1],[-25,0],[0,7],[24,1],[0,2],[10,0],[0,8],[-7,0],[-4,4],[-1,28],[2,4],[7,4],[25,0],[0,-1],[12,0],[0,2],[12,0],[0,-1],[13,0],[0,2],[23,-2],[0,2],[13,0],[0,-1],[8,0],[0,1],[12,0],[0,-1],[15,0],[0,2],[29,0],[2,-111],[-28,0]],[[80377,41959],[83,1],[0,4],[-3,0],[-1,20],[3,0],[0,3],[-83,-1],[1,-27]],[[69566,38658],[-4,94],[141,4],[1,-36],[-89,-2],[0,6],[-9,0],[1,-36],[9,0],[0,7],[44,1],[0,-2],[7,0],[0,2],[38,1],[2,-36],[-141,-3]],[[50334,87164],[0,3],[-13,0],[-4,2],[0,5],[-7,0],[-3,2],[0,11],[87,2],[0,19],[-88,-2],[-2,50],[129,3],[0,-23],[-112,-3],[0,-5],[109,2],[2,-64],[-98,-2]],[[60862,57217],[0,10],[-179,-3],[-1,14],[-444,-8],[-2,57],[-14,-1],[-71,9],[-10,0],[2,-67],[-194,-2],[0,-2],[-176,-3],[-7,204],[369,9],[2,-60],[-97,-2],[0,-10],[-34,-1],[2,-47],[131,2],[1,-8],[10,0],[30,-3],[17,8],[38,-14],[-1,20],[-6,1],[0,11],[6,0],[-3,104],[773,15],[8,-205],[-77,-1],[1,-13],[13,0],[1,-12],[-88,-2]],[[74516,63747],[2,-69],[-125,-2],[-2,68],[125,3]],[[73936,62289],[180,3]],[[74116,62292],[2,-57],[-58,-1],[-100,-3],[-21,1],[-3,57]],[[71770,65093],[3,-72],[-85,-1],[-4,73],[86,3],[0,-3]],[[74362,62571],[3,0],[0,-48],[-160,1],[-1,48]],[[74204,62572],[158,-1]],[[62983,66745],[0,3],[-19,-1],[-1,28],[19,0],[0,18],[4,0],[0,14],[4,0],[-5,131],[-6,0],[-2,47],[6,0],[0,14],[26,1],[0,2],[183,4],[1,-13],[6,0],[2,-58],[-6,0],[1,-14],[-37,-1],[0,6],[-105,-3],[3,-98],[105,2],[0,5],[36,1],[1,-13],[5,0],[1,-25],[-1,0],[2,-46],[-223,-4]],[[58419,68412],[0,20],[5,0],[-1,11],[7,0],[-5,112],[-7,0],[-5,4],[0,5],[3,2],[-3,72],[-3,3],[0,6],[3,3],[-3,119],[-3,0],[-3,4],[-1,63],[-3,3],[0,5],[5,5],[29,0],[6,-4],[0,-5],[-2,-3],[51,1],[0,12],[34,1],[13,-364],[-25,0],[0,-11],[25,1],[2,-64],[-13,0],[0,2],[-106,-3]],[[60797,69764],[-170,109],[1,6],[240,5],[2,-52],[-73,-68]],[[73882,62070],[-82,-1],[0,24],[81,1],[1,-24]],[[72759,60211],[-5,114],[96,2],[5,-113]],[[72855,60214],[-96,-3]],[[73278,60450],[67,4],[2,-70],[-67,-1],[-2,67]],[[68443,62143],[-4,93],[114,2],[4,-112],[-8,8],[-74,-1],[0,10],[-32,0]],[[68371,60764],[-5,108],[110,3],[3,-87],[-58,-23],[-50,-1]],[[63095,61066],[39,0],[1,-73],[-55,-1],[0,-11],[-41,-1],[0,10],[-80,0],[0,76],[136,0]],[[74360,57957],[164,4],[3,-76],[-164,-2],[-3,74]],[[74401,62486],[1,98],[160,0],[1,-98]],[[74563,62486],[-162,0]],[[74286,63398],[-2,53],[16,0],[-2,49],[54,2],[3,-102],[-69,-2]],[[72744,66306],[-145,-3],[-3,73],[39,1],[2,-32],[66,2],[-1,30],[-54,-1],[-1,18],[94,3],[3,-91]],[[73259,64838],[-2,73],[78,1],[2,-73],[-78,-1]],[[50655,15075],[12,0],[0,3],[7,0],[3,2],[2,-2],[0,4],[7,0],[0,3],[6,3],[4,0],[0,-4],[60,1],[0,4],[52,0],[0,-33],[-51,-1],[0,-13],[-41,0],[1,-45],[-66,-1],[-2,76],[6,0],[0,3]],[[50821,15606],[15,46],[108,-21],[-45,-139],[-65,12],[31,93],[-44,9]],[[51047,15757],[7,21],[-22,4],[8,23],[23,-4],[3,6],[25,-5],[1,4],[30,-6],[-1,-3],[25,-5],[-2,-4],[26,-5],[-7,-22],[-14,2],[-4,-10],[-14,-10],[-18,3],[-2,-5],[-10,1],[2,5],[-56,10]],[[51225,16356],[-48,9],[7,23],[48,-9],[-7,-23]],[[51135,16398],[-27,5],[8,26],[28,-5],[-9,-26]],[[51188,16473],[4,14],[13,-3],[4,13],[167,-31],[-11,-32],[-32,7],[1,6],[-110,20],[-13,-39],[-112,20],[12,39],[77,-14]],[[51815,15357],[-13,-1],[-2,15],[-5,3],[0,12],[5,3],[-1,16],[57,2],[35,-24],[0,-28],[4,-4],[1,-19],[-19,-14],[-37,0],[-25,20],[4,10],[-4,5],[0,4]],[[51429,15430],[0,-13],[-25,-1],[0,12],[-172,-2],[-1,56],[132,1],[13,42],[51,-9],[3,2],[16,-39],[128,2],[-2,99],[-4,0],[-1,13],[-113,21],[21,68],[84,-15],[5,16],[33,-6],[0,-2],[14,-3],[4,2],[-6,-20],[168,-29],[-5,-14],[36,-7],[1,4],[35,-6],[0,2],[-5,3],[5,16],[7,-1],[11,35],[29,-6],[-30,-97],[96,-17],[0,-2],[57,-10],[-9,-30],[-133,23],[-21,-67],[-5,0],[2,-8],[-211,-3],[0,1],[-5,0],[1,-58],[-36,0],[-1,56],[-162,-2],[0,-7],[-5,0]],[[51857,15834],[-56,10],[55,165],[53,-12],[-52,-163]],[[51844,16038],[-166,69],[24,36],[165,-67],[-23,-38]],[[73221,65823],[-6,156],[313,8],[-1,-16],[22,0],[4,-141],[-332,-7]],[[75071,67093],[2,-85],[-359,-8],[-2,48],[-4,0],[-2,31],[200,4],[0,4],[21,0],[0,4]],[[74927,67091],[144,2]],[[73330,66837],[-53,-1]],[[73277,66836],[-85,-1],[0,20],[-6,4],[0,5],[4,3],[-1,28],[-5,3],[0,6],[5,4],[7,0],[6,-4],[46,1],[4,4],[66,1],[5,-2],[33,0],[1,-70],[-27,-1]],[[70329,76013],[-1,28],[19,0],[0,11],[-5,18],[-1,16],[94,2],[8,-5],[0,-4],[55,1],[2,-67],[17,1],[0,-9],[-2,-5],[-3,-6],[-6,-5],[-12,-5],[-17,-2],[-1,12],[-146,-3]],[[73126,68605],[-4,94],[34,0],[2,3],[46,1],[0,-3],[30,1],[0,-10],[3,-2],[2,-25],[-3,-3],[0,-12],[8,0],[1,-41],[-119,-3]],[[76115,66691],[-6,60],[37,1],[51,-24],[19,7],[48,-71],[-29,-12],[-49,3],[-2,4],[-9,-2],[-13,19],[8,4],[-8,13],[-47,-2]],[[72828,67346],[-31,0],[-2,63],[278,3],[1,-64],[-103,-1],[-1,4],[-142,-2],[0,-3]],[[72796,67197],[294,6],[2,-55],[-61,-1],[0,7],[-51,0],[0,-8],[-70,-1],[-1,7],[-52,-1],[1,-7],[-61,-2],[-1,55]],[[72006,67343],[-6,145],[54,1],[6,-145],[-54,-1]],[[74708,66164],[52,-1]],[[74760,66163],[0,-2],[-12,-1],[0,-5],[44,1],[-1,8],[15,1],[0,20],[107,0],[1,-28],[5,0],[0,-80],[-228,-5],[-3,87],[20,1],[0,4]],[[41442,91900],[-1,20],[-6,0],[0,22],[6,0],[-1,19],[108,1],[1,-61],[-107,-1]],[[81364,36479],[-1,17],[14,0],[-1,11],[-3,1],[0,4],[3,3],[-1,10],[-15,0],[0,-5],[-72,-1],[0,-3],[-9,-4],[-9,0],[-7,4],[-1,21],[-33,-1],[1,-7],[-24,-1],[0,2],[-65,-1],[0,5],[-18,-1],[0,-8],[4,1],[0,-11],[-4,0],[1,-9],[-38,-1],[0,7],[2,3],[2,0],[-2,39],[-1,1],[0,10],[-2,0],[-5,95],[12,0],[0,2],[4,1],[224,3],[0,2],[29,1],[0,2],[20,0],[0,-5],[40,1],[1,-30],[-3,0],[2,-67],[2,0],[0,-24],[-2,0],[1,-39],[3,0],[89,1],[1,-7],[21,1],[1,-15],[-22,0],[0,-5],[-139,-3]],[[81360,36542],[14,1],[-4,100],[-207,-5],[0,2],[-21,-1],[0,-1],[-25,0],[0,-69],[6,0],[0,-9],[-1,0],[0,-9],[17,1],[0,4],[87,2],[-1,5],[26,1],[-1,44],[-2,1],[2,14],[34,1],[2,-46],[2,-2],[0,-3],[-2,-2],[1,-26],[72,2],[1,-5]],[[74121,26072],[-1,31],[16,0],[-5,116],[-16,-1],[-2,31],[86,2],[6,-124],[22,1],[0,9],[40,1],[2,-52],[-74,-2],[0,-10],[-74,-2]],[[45274,49860],[89,3],[0,12],[211,2],[1,-11],[72,0],[-2,-1],[4,-144],[31,0],[4,-40],[5,-4],[8,-102],[-29,2],[0,-102],[-11,1],[0,-13],[-284,-4],[2,12],[-85,1],[-16,388]],[[65864,62089],[116,4],[5,-183],[6,-7],[0,-3],[-4,-6],[-3,-2],[-4,-1],[-8,1],[0,-2],[-87,-2],[-4,86],[-13,0],[-4,115]],[[70695,59036],[16,-389],[-139,-3],[-5,125],[-89,-2],[-3,92],[-10,0],[-2,58],[-31,-1],[-4,114],[267,6]],[[67686,62512],[0,66],[235,6],[3,-66],[-238,-6]],[[66345,56159],[-31,24],[82,58],[-17,15],[-15,-10],[-52,42],[45,31],[52,-42],[-18,-14],[5,-4],[107,75],[29,-23],[-94,-67],[4,-3],[-10,-7],[8,-7],[-95,-68]],[[73157,63479],[5,-88]],[[73162,63391],[-154,-3],[0,3],[-30,0],[0,-4],[-53,-1],[-1,42],[7,0],[-1,21],[-7,0],[-2,43],[234,4],[2,-17]],[[69665,60693],[-5,111],[-26,-1],[5,-87],[-2,-6],[-6,-2],[-48,5],[-6,150],[54,2],[0,27],[25,1],[1,5],[184,4],[8,-204],[-184,-5]],[[63681,67930],[-1,25],[-10,0],[-1,22],[171,4],[1,-22],[-11,-1],[1,-25],[-150,-3]],[[63469,60148],[12,-244],[-98,1],[-8,241],[94,2]],[[67327,62023],[-132,-4],[-3,82],[131,3],[4,-81]],[[85340,40419],[-3,38],[10,0],[-4,63],[29,7],[3,4],[12,3],[-1,4],[24,7],[13,-32],[1,-11],[-31,-1],[2,-43],[50,1],[11,-25],[0,-12],[-8,0],[-6,1],[-102,-4]],[[68736,69678],[-88,62],[38,30],[87,-61],[-37,-31]],[[49096,61929],[-1,37],[60,2],[-1,8],[-54,-1],[-2,45],[20,1],[0,15],[97,2],[3,-107],[-122,-2]],[[65610,60861],[-4,130],[290,7],[5,-131],[-291,-6]],[[37841,59463],[-8,7],[-5,-4],[-18,12],[5,5],[-6,4],[31,28],[-33,25],[6,6],[-5,4],[16,13],[4,-3],[8,6],[33,-24],[7,0],[29,24],[66,0],[1,-9],[91,3],[0,-7],[70,2],[0,-5],[10,-1],[11,0],[-1,16],[79,1],[1,-17],[-33,-1],[1,-49],[-26,0],[0,-5],[-6,-5],[-9,-2],[-9,-7],[-16,-1],[0,-11],[-68,-1],[0,2],[-170,-2],[-2,15],[-2,0],[-3,-3],[-13,10],[-5,-1],[-31,-25]],[[73563,56678],[-3,95],[322,6],[3,-94],[-322,-7]],[[75674,56894],[98,3],[-21,73],[-17,88],[0,11],[64,2],[7,-11],[17,4],[52,-216],[-199,-4],[-1,50]],[[74566,56674],[4,-118],[-132,-1],[0,41],[-24,-1],[-1,77],[153,2]],[[73186,56851],[76,2],[6,-174],[-78,-2],[-4,174]],[[50512,84398],[-1,10],[-73,-2],[0,5],[-19,0],[-3,68],[-4,-1],[-1,14],[6,0],[-2,60],[25,1],[-6,119],[70,1],[0,-9],[16,1],[-1,8],[60,2],[0,-13],[151,4],[2,-53],[-79,-2],[-2,37],[-3,0],[-14,0],[2,-37],[-132,-4],[2,-44],[40,1],[5,-100],[-27,-1],[0,-13],[154,4],[0,7],[35,0],[1,-7],[153,4],[0,7],[-26,0],[-3,86],[42,1],[-6,127],[70,2],[7,-138],[20,1],[5,-123],[-20,-1],[0,-3],[-73,-2],[0,-8],[-371,-9]],[[36925,79024],[-5,12],[-25,-5],[-12,31],[-28,0],[-1,26],[-27,0],[-1,27],[-49,0],[0,-10],[9,-1],[1,-18],[8,0],[0,-14],[-17,0],[1,-38],[-113,-1],[-2,77],[-6,0],[-8,-6],[2,-2],[-26,-20],[-13,9],[36,26],[1,3],[-132,-1],[0,11],[-18,0],[-3,80],[94,1],[1,-40],[108,2],[0,-4],[53,1],[0,19],[-31,-1],[-5,21],[12,2],[7,-13],[35,0],[0,16],[45,1],[2,-58],[27,6],[-5,15],[78,17],[55,-147],[-10,-2],[4,-12],[-42,-10]],[[41374,67172],[-2,13],[-29,0],[-2,58],[20,0],[0,8],[9,1],[0,21],[-12,1],[0,22],[17,1],[0,9],[-8,0],[-1,23],[-3,19],[-29,0],[-2,36],[30,1],[-1,71],[20,0],[-1,17],[11,0],[1,-17],[20,1],[5,-128],[-12,1],[2,-22],[122,3],[-5,86],[56,1],[44,31],[30,-24],[-31,-26],[13,-8],[11,9],[20,-15],[-3,-1],[25,-18],[-48,-41],[18,-14],[-6,-3],[-40,-1],[-19,17],[3,-130],[-42,0],[0,15],[-4,1],[0,9],[2,0],[-2,72],[-48,-1],[2,-29],[-43,-1],[1,30],[-50,0],[2,-73],[2,0],[0,-9],[-3,0],[1,-17],[-41,1]],[[41851,67408],[2,0],[2,-55],[-67,-52],[-12,7],[-30,-24],[11,-9],[-2,-3],[3,-2],[-8,-8],[-5,3],[-11,-8],[4,-3],[-9,-8],[-4,3],[-3,-2],[-46,33],[2,2],[-3,3],[9,8],[3,-2],[11,7],[-3,4],[10,7],[3,-2],[3,2],[8,-6],[21,19],[5,-4],[7,6],[-53,39],[-6,-5],[-5,0],[-3,3],[-1,3],[-2,0],[-26,19],[39,32],[26,-17],[6,6],[14,-11],[-9,-8],[41,-32],[-3,-5],[6,-4],[-4,-4],[5,-3],[17,17],[-12,5],[1,108],[1,0],[2,8],[15,0],[0,3],[48,0],[2,-70]],[[74302,59672],[-11,294],[349,8],[11,-295],[-349,-7]],[[73546,60704],[-9,263],[201,4],[9,-263],[-201,-4]],[[74447,59184],[-5,97],[219,7],[6,-97],[-220,-7]],[[77777,49926],[-5,142],[102,2],[1,-40],[19,0],[1,-23],[8,0],[0,-22],[-8,0],[1,-58],[-119,-1]],[[74496,59625],[147,3],[1,-36],[-13,0],[0,-14],[24,1],[2,-66],[-157,-4],[-4,116]],[[73214,61197],[-96,-3],[-5,109],[96,2],[5,-108]],[[73467,61134],[5,-115],[-70,-2],[-6,116]],[[73472,60861],[-66,-2],[-6,5],[-1,4],[3,13],[-3,76],[-4,5],[0,3],[1,3],[7,6],[4,1],[9,-2],[38,1],[9,2],[9,-2],[3,-3],[2,-7],[-1,-3],[-3,-3],[3,-82],[3,-4],[0,-3],[0,-4],[-7,-4]],[[62218,89919],[0,13],[22,0],[-14,33],[-10,0],[-1,35],[-6,0],[-1,33],[5,0],[-1,35],[11,0],[0,3],[100,2],[5,-171],[-109,-2],[-1,19]],[[37725,71298],[0,-10],[51,1],[1,-13],[38,2],[4,-99],[-30,0],[0,-10],[-37,-1],[0,-10],[-27,2],[2,-11],[-114,0],[-5,13],[-63,1],[-13,-2],[-41,-7],[-14,-4],[-6,5],[-2,22],[-17,0],[-2,81],[66,-1],[-2,7],[19,3],[-1,9],[51,0],[-1,13],[50,1],[1,8],[92,0]],[[72998,62186],[-3,139],[265,3],[2,-138],[-264,-4]],[[73245,63107],[-129,-1]],[[73116,63106],[-1,67],[10,3],[-2,86],[17,2],[-3,64],[98,1],[4,-62],[6,-160]],[[76867,65155],[0,-3],[-18,-15],[3,-76],[-16,-13],[-237,-6],[-16,12],[-2,47],[16,14],[85,2],[-1,27],[-4,3],[-1,42],[15,11],[151,4],[25,-17]],[[76867,65187],[0,-32]],[[74447,60274],[-117,-3],[1,-16],[-51,-2],[-3,57],[171,5],[3,-39],[-4,-1],[0,-1]],[[73384,61858],[-5,128],[197,4],[5,-127],[-197,-5]],[[75825,63760],[73,103],[34,-41],[5,3],[-8,10],[21,9],[30,-37],[-20,-10],[-16,18],[-5,-3],[40,-49],[-154,-3]],[[76513,63614],[0,55],[222,5],[4,-56],[-225,-5],[-1,1]],[[73438,64975],[-13,13],[0,26],[-9,1],[-3,26],[10,0],[0,5],[42,0],[0,7],[32,0],[0,-6],[25,1],[4,-3],[7,4],[24,-17],[-4,-4],[5,-6],[2,-21],[13,0],[1,-22],[-136,-4]],[[73500,63575],[39,1],[-1,9],[25,0],[6,18],[8,7],[5,2],[10,2],[14,-1],[9,-6],[13,-10],[5,-200],[-75,-1],[-5,97],[-48,0]],[[72241,63040],[-83,-1],[-3,119],[81,1],[5,-119]],[[73042,64050],[23,1],[-2,31],[45,2],[1,-33],[30,1],[-1,33],[63,2],[3,-44],[9,0],[1,-21],[-7,-1],[3,-96],[-59,-1],[-3,52],[-103,-1]],[[74450,60653],[167,4],[10,-268],[-41,0],[-2,17],[-124,-1],[-10,248]],[[76893,65478],[-31,47],[0,12],[2,13],[-8,12],[-15,-6],[-45,67],[3,-67],[-35,-1],[-4,79],[171,6],[105,-159],[-143,-3]],[[69515,65908],[168,5],[11,-110],[-176,-8],[-3,113]],[[74521,63562],[-124,-3],[-3,67],[124,3],[3,-67]],[[75322,63539],[139,3],[29,-20],[3,-7],[39,1],[9,-8],[4,-87],[-11,-7],[-113,-1],[-96,1]],[[75325,63414],[-3,125]],[[73829,64619],[4,-69]],[[73833,64550],[-145,-4],[-6,158],[58,2],[6,-90],[7,0],[0,1],[76,2]],[[73424,65186],[-1,31],[3,0],[-3,93],[-4,0],[-1,32],[40,0],[0,-2],[74,1],[0,2],[42,1],[1,-30],[-6,-1],[3,-97],[5,0],[1,-27],[-41,-1],[0,2],[-70,-1],[-4,-3],[-39,0]],[[74524,61961],[-1,17],[-49,0],[-3,-4],[0,-14],[-9,0],[0,-10],[4,1]],[[74467,61915],[-4,0],[1,-11]],[[74407,61903],[-5,119],[169,4],[3,-63]],[[74891,65304],[0,74],[117,4],[4,-74],[-121,-4]],[[72646,65756],[2,-37],[-180,-5],[0,39],[178,3]],[[73118,63513],[-4,99],[121,3],[5,-99],[-122,-3]],[[74531,63272],[-123,-2],[-1,68],[123,1],[1,-67]],[[69667,63241],[1,53],[72,0],[4,-98],[-66,1],[-2,44],[-9,0]],[[72292,61806],[87,2],[1,-35],[-51,-1],[2,-57],[52,1],[1,-37],[-85,-2]],[[72299,61677],[-7,129]],[[70052,61468],[-155,-3],[-4,116],[158,3]],[[71224,61320],[-47,115],[13,4],[115,2],[4,-83],[-17,-4],[7,-19],[-75,-15]],[[74281,63523],[-5,101],[68,2],[5,-101],[-68,-2]],[[71934,61332],[-104,-2],[-3,120],[104,2]],[[71931,61452],[3,-120]],[[74005,65411],[-4,108],[145,3],[1,-28],[144,4],[3,-80],[-289,-7]],[[74699,63840],[6,0],[3,-55],[-69,-3],[-3,57]],[[74637,63775],[67,1],[3,-100],[-68,-1],[-2,100]],[[69578,63775],[148,2],[3,-125],[-150,-2]],[[74224,63500],[4,-100],[-58,-1],[-4,100],[58,1]],[[73422,64699],[2,-75],[-154,-1],[0,4],[-7,0],[-2,68],[2,3],[159,1]],[[74287,60191],[167,5],[3,-89],[-169,-5],[-4,89],[3,0]],[[74366,65203],[-8,163],[186,4],[1,-4],[6,3],[5,1],[11,-1],[4,-3],[6,-7],[0,-4],[-3,-7],[6,0],[5,-117],[-6,0],[4,-7],[0,-5],[-5,-7],[-4,-2],[-10,-3],[-6,1],[-8,4],[0,-5],[-184,-4]],[[69930,63462],[128,2],[-1,18],[-70,-1],[-4,122],[147,1],[6,-244],[-201,2]],[[74451,64635],[0,2],[159,4],[3,-72],[-159,-3],[-3,69]],[[74338,60925],[-4,71],[96,4],[2,-48],[-35,-2],[1,-22],[-60,-3]],[[74566,64995],[-71,-2]],[[74495,64993],[-120,-3],[-7,160],[217,5],[7,-160],[-26,0]],[[46461,81710],[0,13],[-4,0],[-1,10],[5,0],[-1,15],[-5,0],[0,10],[5,0],[-1,6],[-4,0],[-1,10],[5,0],[-1,15],[-4,0],[-1,10],[5,0],[0,1],[33,-2],[1,-33],[4,0],[0,-6],[-3,0],[1,-36],[3,0],[0,-6],[15,0],[0,-12],[-8,0],[1,-3],[-26,-1],[0,-6],[23,0],[0,3],[4,0],[1,-8],[14,0],[0,-1],[10,0],[0,6],[21,1],[0,-6],[18,0],[0,17],[24,1],[0,-4],[7,0],[1,-12],[-8,0],[1,-25],[24,0],[2,-41],[-24,0],[1,-25],[8,0],[0,-12],[-8,-1],[0,-3],[-23,-1],[-1,17],[-18,0],[1,-6],[-22,-1],[-1,7],[-11,0],[0,-2],[-13,-1],[1,-7],[-5,0],[0,3],[-23,-1],[0,-6],[26,1],[1,-4],[7,0],[1,-12],[-52,-2],[0,6],[-6,0],[-1,11],[7,0],[-1,6],[-6,0],[0,10],[6,1],[-1,18],[25,1],[0,-3],[11,0],[-1,6],[14,0],[1,-5],[6,0],[0,5],[35,0],[0,5],[14,0],[1,-9],[7,0],[-1,3],[11,1],[-1,7],[-6,0],[0,10],[6,0],[0,5],[-7,0],[0,11],[6,0],[0,7],[-10,0],[0,4],[-8,0],[1,-9],[-14,-1],[-1,5],[-35,0],[0,4],[-7,0],[0,-5],[-14,-1],[0,6],[-10,-1],[0,-2],[-24,-1],[-1,19],[-6,-1],[-1,11],[6,0],[0,6],[-6,0],[0,10],[6,0]],[[70916,65434],[-505,-8],[-4,72],[506,9]],[[70913,65507],[3,-73]],[[71163,72100],[-5,0],[-1,5],[-8,135],[143,4],[2,-53],[-32,-1],[1,-11],[62,2],[4,-2],[4,-72],[-2,-2],[-168,-5]],[[73451,69010],[-1,75],[106,1],[0,23],[102,1],[1,-42],[12,0],[1,-45],[-69,-1],[0,-10],[-152,-2]],[[73465,68832],[-14,-1],[-4,116],[136,3],[5,-116],[-76,-1]],[[73512,68833],[-47,-1]],[[73912,69043],[-14,46],[9,5],[8,-2],[95,15],[143,-15],[-8,-44],[-144,15],[-1,3],[-12,-1],[2,-6],[-67,-11],[-11,-5]],[[71215,73665],[43,1]],[[66620,75534],[-9,175],[28,1],[0,-10],[20,1],[8,-156],[-21,-1],[0,-9],[-26,-1]],[[58425,54318],[109,2],[2,-42],[-110,-2],[-1,42]],[[66724,83421],[-9,211],[299,8],[8,-207],[-170,-4],[0,-5],[-128,-3]],[[68452,80253],[-46,78],[16,5],[22,-36],[8,3],[-31,52],[144,50],[56,-93],[-169,-59]],[[66195,83629],[107,3],[1,-17],[2,0],[0,-2],[5,-1],[0,-6],[8,0],[1,-20],[13,0],[-7,-13],[16,-8],[-17,-7],[10,-14],[14,0],[23,-33],[-34,-1],[1,-26],[-112,-2],[0,6],[-26,0],[-5,141]],[[68739,81799],[0,11],[-33,19],[-71,-2],[0,8],[-25,0],[0,11],[-12,-1],[1,-27],[-84,-2],[-1,9],[-86,-2],[-2,51],[38,1],[0,-7],[169,4],[0,3],[133,3],[-3,75],[16,0],[0,7],[2,0],[-1,11],[-39,-2],[0,5],[-12,-1],[-6,-3],[2,-1],[-15,-13],[-2,2],[-15,-12],[-87,63],[15,12],[20,0],[42,-31],[6,5],[14,-10],[10,11],[-1,12],[3,0],[9,6],[34,1],[12,-8],[13,1],[1,6],[18,-1],[2,-26],[10,0],[1,-15],[-28,-1],[1,-11],[20,1],[0,-8],[19,1],[3,-102],[12,1],[2,-52],[-105,-2]],[[62305,86351],[-3,61],[4,0],[-4,105],[-36,-2],[0,-5],[-3,-3],[-83,-2],[-1,16],[-36,-1],[-1,17],[10,0],[0,12],[20,0],[-2,44],[-20,0],[-1,40],[-11,-1],[-2,54],[-22,0],[0,10],[-23,-1],[0,16],[22,1],[-1,10],[165,4],[4,-95],[27,0],[4,-100],[24,-32],[5,1],[1,-5],[99,2],[4,-2],[1,-56],[4,-4],[0,-4],[0,-3],[-3,-4],[2,-70],[-144,-3]],[[62350,86387],[50,1],[0,34],[5,0],[0,30],[-63,0],[1,-29],[6,0],[1,-36]],[[62231,86550],[66,2],[-1,26],[-21,-1],[-2,25],[-45,-1],[3,-51]],[[61469,81645],[-2,60],[159,1],[2,-58],[-159,-3]],[[62753,94360],[-13,0],[-5,4],[0,1],[-6,0],[0,5],[-34,-1],[-2,56],[8,0],[0,15],[-68,-1],[0,-1],[-27,-1],[0,2],[-81,-1],[-1,45],[15,0],[-3,96],[-4,-1],[0,11],[2,0],[-1,15],[-4,3],[-1,8],[5,3],[0,14],[-3,0],[0,11],[4,0],[-3,83],[-3,0],[0,12],[-15,0],[-1,46],[236,4],[1,-45],[-43,-1],[0,-12],[-104,-1],[1,-85],[-4,0],[0,-11],[11,0],[0,5],[99,2],[-1,3],[13,1],[0,2],[24,0],[0,-3],[7,0],[1,-57],[-42,-1],[0,4],[-49,-1],[-3,-3],[-7,0],[-2,3],[-38,-1],[0,5],[-12,-1],[0,-11],[7,1],[2,-84],[148,2],[0,-10],[3,0],[3,-123],[-5,-1],[-5,-5]],[[85220,38755],[-3,121],[218,2],[1,-19],[46,-25],[32,0],[2,-73],[-57,-1],[-1,39],[-53,29],[-7,-3],[-25,1],[0,-19],[3,0],[0,-17],[-24,0],[0,17],[4,0],[-1,18],[-23,0],[-3,2],[-52,-32],[1,-39],[-58,-1]],[[83593,37589],[-4,109],[129,2],[2,-39],[-13,0],[2,-61],[-84,-2],[0,-8],[-32,-1]],[[85247,29002],[-1,65],[10,0],[0,17],[-4,0],[-4,142],[13,0],[-1,29],[-9,0],[-5,3],[-1,74],[3,3],[49,1],[-1,5],[91,1],[1,-5],[15,1],[3,-3],[2,-75],[-3,-3],[-22,0],[3,-74],[20,0],[0,2],[21,1],[0,-14],[-45,-1],[1,-18],[70,1],[1,-37],[9,0],[1,-33],[-8,0],[2,-73],[-76,-2],[-1,19],[-29,-1],[0,-23],[-105,-2]],[[75811,18336],[-3,81],[-2,0],[-3,66],[30,0],[0,16],[-3,0],[-3,95],[-30,-1],[-2,90],[-11,0],[-2,62],[45,1],[0,17],[182,3],[1,-34],[31,1],[1,-41],[-31,-1],[1,-23],[16,1],[3,-81],[-17,0],[2,-75],[3,0],[-1,16],[22,1],[1,-16],[24,1],[5,-161],[-24,-1],[0,-6],[-27,-1],[0,-6],[-208,-4]],[[75868,18518],[104,2],[-3,85],[-104,-2],[3,-85]],[[75916,18397],[92,1],[-2,70],[-93,-2],[3,-69]],[[75994,18609],[20,0],[-2,38],[-20,0],[2,-38]],[[81848,12143],[-101,30],[72,138],[101,-30],[-72,-138]],[[80649,15289],[-4,113],[145,3],[-5,107],[-55,-1],[1,-21],[-75,-36],[-78,33],[-3,67],[76,35],[77,-32],[56,2],[-1,22],[148,3],[4,-112],[-29,-1],[2,-41],[58,1],[5,-113],[-119,-2],[-1,21],[-55,-1],[2,-44],[-149,-3]],[[64343,66396],[0,10],[-17,0],[-2,86],[16,1],[0,10],[33,0],[3,-106],[-33,-1]],[[66038,28672],[-1,36],[45,0],[1,-17],[21,1],[-1,29],[-13,11],[-54,-1],[-1,35],[44,1],[-3,85],[366,7],[4,-118],[57,1],[2,-61],[-111,-2],[-1,17],[-244,-5],[1,-17],[-112,-2]],[[73883,66885],[4,-121],[-138,-4],[-4,130],[93,0],[1,-8],[44,3]],[[73159,67696],[-3,3],[-2,60],[4,2],[-2,41],[138,3],[1,-30],[38,1],[3,-75],[-177,-5]],[[72447,66452],[-4,145],[1,1],[65,2],[4,-116],[40,1],[1,-22],[-29,-1],[0,3],[-13,0],[0,-12],[-65,-1]],[[67401,85917],[-1,35],[61,2],[-2,38],[44,1],[1,-39],[73,2],[13,-35],[-189,-4]],[[73279,69879],[45,-1],[4,-68],[-115,-1],[-4,65],[70,3],[0,2]],[[73652,66787],[-54,0],[-5,125],[4,5],[143,4],[5,-161],[-63,-1],[-3,29],[-27,-1]],[[79378,36546],[0,11],[21,1],[0,22],[-167,-5],[-2,39],[198,5],[0,3],[18,0],[0,-4],[64,2],[2,-37],[-59,-2],[2,-33],[-77,-2]],[[72080,67754],[10,0]],[[72090,67754],[3,-60],[2,0],[0,-5],[14,0],[-2,22],[3,3],[19,0],[3,3],[5,0],[2,-3],[20,1],[2,-2],[3,-46],[-4,-1],[-17,-1],[-3,3],[-11,-9],[3,-3],[1,-13],[-2,-2],[-145,-3],[-4,2],[0,14],[-3,1],[-1,2],[0,2],[3,2],[0,12],[-4,0],[-1,16],[19,0],[-2,32],[-18,-1],[-4,84],[95,3],[2,-53],[12,0]],[[63049,61923],[-1,32],[19,1],[-1,44],[-106,-3],[-2,32],[143,4],[2,-33],[-16,0],[2,-44],[101,3],[1,-33],[-142,-3]],[[60394,60958],[-4,2],[0,7],[-4,3],[-2,47],[5,4],[-1,7],[4,2],[18,1],[3,-3],[0,-7],[47,1],[0,7],[2,3],[19,0],[3,-2],[-1,-7],[6,-4],[1,-45],[-5,-4],[1,-7],[-3,-3],[-19,0],[-2,2],[-1,7],[-45,-1],[0,-7],[-3,-3],[-19,0]],[[70313,60736],[-8,174],[96,3],[7,-175],[-95,-2]],[[63651,58954],[-5,138],[135,2],[0,17],[-26,-1],[0,7],[-97,-2],[-1,50],[110,2],[-1,32],[-16,0],[0,26],[16,0],[-1,33],[-112,-2],[-1,49],[95,1],[0,8],[136,2],[2,-49],[-98,-1],[0,-7],[-7,0],[1,-33],[52,1],[0,-26],[-52,-1],[1,-33],[10,1],[0,-7],[97,1],[2,-49],[-96,-2],[1,-16],[8,0],[4,-138],[-157,-3]],[[61196,60293],[-2,41],[236,4],[1,-41],[-235,-4]],[[75304,55552],[134,2],[3,-93],[-134,-1],[-3,92]],[[30535,72605],[29,0],[-1,-3],[66,1],[0,6],[-9,0],[-3,70],[-6,0],[-1,21],[72,1],[1,-21],[-5,0],[4,-76],[50,2],[0,2],[32,0],[2,-20],[11,1],[0,-7],[-10,0],[-1,-23],[-32,0],[-1,4],[-43,-1],[3,-22],[3,-8],[1,-5],[0,-6],[-3,-9],[0,-19],[42,2],[0,3],[32,1],[5,-51],[-34,-1],[-1,5],[-54,-1],[4,-74],[7,-1],[1,-23],[-73,-1],[-1,22],[7,0],[-3,70],[7,0],[-1,6],[-56,-1],[1,-5],[-38,0],[-1,52],[35,-1],[1,-4],[33,2],[-1,20],[-57,-1],[-2,24],[57,2],[-1,21],[-38,0],[0,-5],[-28,0],[-2,51]],[[75232,54625],[-319,-7],[-3,88],[321,7],[1,-88]],[[74636,58203],[-1,4],[-72,-1],[-1,38],[-23,-1],[-5,184],[100,2],[1,-21],[53,1],[3,-121],[-53,-1],[1,-42],[60,1],[1,-43],[-64,0]],[[74910,54710],[-3,123],[-8,0],[0,78],[149,3],[1,-80],[5,1],[6,-123],[-150,-2]],[[74086,57382],[-125,-2],[-3,156],[122,2],[6,-156]],[[72209,44836],[-73,36],[6,8],[-14,7],[-33,-40],[-29,14],[4,5],[-7,4],[104,123],[29,-15],[-3,-4],[10,-5],[-57,-68],[12,-6],[5,6],[66,-33],[-5,-5],[5,-3],[-20,-24]],[[73794,54971],[-9,7],[0,2],[1,2],[4,0],[-14,9],[-30,17],[-16,6],[-34,10],[-25,5],[2,-2],[0,-2],[-3,-2],[-14,2],[-1,3],[2,2],[7,0],[1,4],[-5,4],[-1,4],[7,21],[20,-2],[19,-4],[20,-4],[18,-6],[18,-7],[17,-8],[32,-18],[20,-16],[-19,-15],[-5,-2],[-7,1],[-4,-4],[4,-6],[-5,-1]],[[74640,58886],[5,-94],[36,1],[2,-45],[-42,-2],[1,-12],[23,-13],[4,-94],[-144,-4],[-13,258]],[[74512,58881],[128,5]],[[74022,59319],[-125,-2],[-10,102],[133,1],[2,-101]],[[72854,59272],[13,53],[74,3],[1,-39],[-4,0],[5,-46],[18,-2],[0,5],[11,0],[7,-23],[1,-9],[6,-21],[0,-33],[-3,-22],[-3,-6],[-68,-1],[-1,78],[-16,-1],[-1,-6],[-19,0],[-5,14],[-6,25],[-3,28],[0,3],[-7,0]],[[76808,50150],[0,3],[-2,0],[-1,42],[2,0],[0,5],[12,0],[1,-5],[54,1],[0,4],[13,1],[0,-4],[72,1],[0,5],[13,0],[0,-5],[52,1],[0,4],[13,1],[1,-4],[4,0],[1,-42],[-4,0],[0,-5],[-13,0],[0,5],[-52,-1],[0,-5],[-13,0],[-1,4],[-72,-1],[0,-4],[-14,-1],[0,5],[-53,-1],[0,-4],[-13,0]],[[76765,50894],[-18,43],[104,25],[-10,24],[22,5],[3,-7],[96,23],[17,-42],[-113,-27],[7,-18],[-108,-26]],[[76722,52082],[-18,42],[100,24],[0,20],[113,26],[18,-40],[-104,-25],[9,-22],[-21,-6],[-1,4],[-96,-23]],[[76818,49834],[0,3],[-2,0],[-1,42],[2,0],[0,4],[14,0],[0,-3],[52,0],[-1,5],[14,0],[1,-4],[72,2],[0,3],[11,0],[1,-3],[54,1],[-1,4],[13,0],[0,-4],[4,0],[1,-42],[-4,0],[0,-4],[-12,-1],[0,5],[-53,-1],[0,-4],[-12,-1],[0,4],[-75,-1],[1,-3],[-12,-1],[0,4],[-53,-2],[0,-3],[-14,0]],[[79513,48230],[-20,26],[5,2],[-5,6],[-6,-2],[-19,26],[30,13],[-10,13],[-2,-1],[-15,19],[-1,0],[-6,7],[2,1],[-23,33],[-31,-13],[-17,23],[4,2],[-5,6],[-6,-2],[-18,23],[43,18],[17,-23],[-5,-3],[5,-7],[7,3],[13,-16],[28,12],[-14,18],[4,2],[-5,5],[-5,-2],[-17,24],[41,18],[18,-24],[-5,-1],[5,-6],[5,2],[19,-24],[-31,-14],[9,-12],[2,1],[14,-18],[3,1],[7,-9],[-3,-1],[14,-19],[-1,-1],[9,-13],[32,14],[20,-26],[-6,-2],[6,-7],[6,3],[20,-27],[-42,-18],[-20,27],[5,2],[-5,6],[-6,-3],[-16,21],[-27,-12],[16,-21],[-5,-2],[5,-7],[6,2],[19,-25],[-42,-18]],[[76754,51196],[-18,42],[113,28],[-7,17],[108,26],[18,-41],[-125,-31],[7,-17],[-96,-24]],[[77081,48665],[-5,4],[-1,48],[3,2],[129,2],[3,-3],[2,-48],[-4,-3],[-127,-2]],[[25399,91023],[-51,60],[-77,-38],[-34,39],[129,64],[14,-16],[8,4],[-3,3],[9,21],[37,19],[-27,31],[-12,-6],[3,-4],[-22,-11],[-4,5],[-21,-10],[-5,5],[-6,-3],[-2,2],[-39,-13],[-17,25],[33,24],[-6,13],[-9,-4],[-7,9],[7,5],[-69,81],[-10,-5],[-17,2],[-25,-12],[-13,-35],[-7,-27],[-25,4],[-8,8],[4,15],[-14,3],[14,48],[19,9],[-7,7],[53,26],[-11,12],[12,6],[-3,3],[43,20],[11,-13],[8,4],[2,-2],[52,25],[8,-11],[17,11],[98,-18],[0,-19],[-13,-21],[-92,17],[-21,-11],[3,-2],[-5,-16],[-7,-3],[60,-71],[15,8],[-5,7],[11,5],[11,-14],[18,-22],[-11,-6],[-7,8],[-15,-7],[74,-87],[7,4],[-6,7],[130,63],[33,-39],[-78,-39],[50,-59],[-51,-25],[-69,80],[-4,-12],[6,-10],[-4,-17],[6,-7],[-27,-14],[-5,7],[-32,5],[-3,5],[-8,-4],[61,-71],[-52,-25]],[[69871,62167],[0,9],[17,13],[103,3],[42,34],[-1,28],[17,12],[102,3],[17,-12],[1,-29],[-16,-13],[2,-44],[16,-12],[5,-161],[-25,-20],[-228,-4],[-1,9],[-12,0],[0,9],[-13,0],[0,9],[-12,0],[-1,10],[-10,-1],[-3,157]],[[76302,65187],[4,-25],[19,-3],[3,-25],[-2,-31],[-15,-54],[-37,-11],[-41,4],[-28,9],[-25,17],[-14,16],[-8,16],[-5,91],[85,0],[36,-5],[28,1]],[[76938,63242],[-3,114],[73,2],[4,-114],[-74,-2]],[[75394,63838],[-3,64],[127,3],[2,-64],[-126,-3]],[[69498,64078],[4,-75],[-93,-3],[-3,36],[0,39],[92,3]],[[74342,65849],[-3,162],[200,2],[7,-2],[8,-6],[1,-7],[2,0],[1,-50],[4,-10],[1,-8],[-4,-13],[3,-51],[-2,-5],[-7,-7],[-10,-3],[-201,-2]],[[76573,65258],[-5,77]],[[76568,65335],[192,5],[3,-79],[-190,-3]],[[75878,65279],[12,0],[3,-40],[-11,0],[-2,2],[-4,-2],[-141,-3],[-5,2],[-1,2],[-1,39],[31,-2],[-4,11],[19,1],[9,-12],[95,2]],[[71998,70806],[-3,86],[114,2],[2,-86],[-113,-2]],[[69730,74992],[-35,61],[-4,1],[-3,8],[3,10],[-16,28],[200,68],[7,-12],[17,5],[27,-45],[-17,-6],[8,-13],[-112,-38],[20,-34],[-95,-33]],[[74059,68266],[-8,53],[3,0],[-15,144],[95,1],[6,-196],[-81,-2]],[[73449,69838],[93,1],[6,-98],[-106,-2],[-6,2],[-2,4],[-2,22],[-10,0],[-1,22],[11,1],[-1,20],[3,4],[3,2],[9,0],[-1,22],[4,0]],[[69500,75262],[-3,6],[-7,-3],[-3,5],[-7,-3],[-3,5],[-7,-3],[-14,24],[5,2],[-2,5],[9,3],[-3,4],[8,2],[-4,7],[47,15],[3,-5],[7,3],[3,-5],[8,2],[2,-4],[17,5],[-5,10],[21,8],[-6,12],[79,26],[38,-66],[-78,-26],[-6,10],[-23,-7],[-10,17],[-9,-3],[4,-7],[-7,-3],[3,-5],[-8,-3],[3,-4],[-8,-2],[3,-6],[-47,-16]],[[71182,72929],[125,3]],[[71307,72932],[1,-49],[-161,-2],[-1,7],[-10,0],[0,21],[-8,0],[0,9],[55,1],[-1,10]],[[70464,73943],[-17,0],[-1,24],[12,0],[3,2],[6,0],[2,-2],[22,0],[2,2],[6,1],[5,-3],[2,-70],[33,0],[-2,72],[3,2],[7,0],[3,-2],[18,0],[2,3],[7,0],[4,-3],[3,-71],[20,0],[1,-31],[-138,-3],[-3,79]],[[71182,72929],[-2,70],[-4,0],[0,21],[128,2],[3,-90]],[[70163,75282],[1,-2],[-73,-24],[-36,63],[-2,-1],[-15,26],[58,20],[44,-74],[15,6]],[[69798,79180],[10,-38],[-91,-17],[-55,171],[51,17],[8,-17],[66,23],[28,-91],[68,12],[13,-42],[-98,-18]],[[71010,76718],[-11,0],[0,3],[-10,0],[0,4],[-29,-1],[-1,45],[73,1],[-1,85],[73,1],[0,-10],[16,0],[6,-4],[4,-115],[-6,-4],[-15,-1],[-3,-2],[-11,0],[0,2],[-9,0],[-3,-3],[-12,0],[0,3],[-10,0],[-2,-3],[-12,0],[0,2],[-10,0],[-3,-3],[-11,0],[0,3],[-11,0],[-2,-3]],[[70662,77106],[0,17],[72,1],[-1,92],[53,1],[3,-1],[0,-12],[6,0],[0,-9],[-5,0],[0,-9],[5,0],[1,-12],[-6,0],[0,-9],[7,0],[0,-9],[41,1],[16,-36],[-41,-13],[-151,-2]],[[70580,76519],[-5,121],[161,4],[4,-121],[-160,-4]],[[69558,77905],[0,11],[-9,0],[-1,28],[8,1],[0,11],[149,3],[0,-12],[9,0],[1,-28],[-9,0],[0,-11],[-148,-3]],[[70555,76979],[-4,86],[28,1],[-1,23],[66,1],[4,-96],[-19,-1],[0,-2],[-20,0],[1,-11],[-55,-1]],[[69571,79729],[48,17]],[[69619,79746],[40,-71],[-129,-47],[-16,27],[9,4],[-12,22],[36,14],[12,-20],[32,13],[-20,41]],[[70365,76976],[-3,3],[-13,0],[-1,45],[44,0],[0,-11],[38,0],[-1,33],[-25,0],[0,31],[14,0],[-1,14],[49,0],[1,-10],[5,0],[0,-21],[-3,-3],[1,-44],[4,0],[0,-23],[-3,0],[0,-10],[-39,0],[-2,-2],[-9,0],[-3,2],[-11,0],[-3,-3],[-8,0],[-4,3],[-16,-1],[-3,-2],[-8,-1]],[[70662,77460],[-1,42],[160,1],[2,-41],[-161,-2]],[[70633,77386],[3,-60],[-3,0],[3,-36],[-90,-4],[-5,97],[-4,0],[-5,97],[40,0],[0,6],[19,1],[-1,16],[25,1],[1,-17],[44,1],[2,-35],[12,-1],[10,-5],[4,-6],[1,-9],[-2,-4],[-4,-6],[-8,-4],[-6,-1],[-39,0],[2,-27],[-11,0],[1,-5],[11,1]],[[66582,85412],[-2,43],[-8,0],[-2,46],[9,1],[0,9],[280,6],[2,-57],[-20,0],[2,-43],[-261,-5]],[[67473,82511],[-3,3],[-47,-2],[-1,18],[-4,2],[-1,15],[5,2],[-1,21],[-8,-1],[-47,-19],[-27,43],[58,21],[195,4],[3,-46],[-53,-3],[0,-17],[4,-2],[1,-15],[-4,-2],[1,-18],[-46,0],[-4,-4],[-21,0]],[[66420,85713],[-5,119],[119,2],[0,-5],[11,0],[5,-113],[-130,-3]],[[66436,84666],[-4,96],[214,4],[4,-90],[-84,-2],[0,-5],[-130,-3]],[[65511,86137],[59,0],[6,-192],[-57,-1],[-8,193]],[[68571,82069],[0,4],[-5,-1],[-3,74],[76,1],[0,-31],[54,1],[0,-4],[63,1],[0,-8],[5,0],[1,-33],[-191,-4]],[[66475,84940],[-1,10],[-3,0],[-1,14],[4,1],[-1,9],[47,2],[-2,22],[-19,0],[-4,57],[63,2],[4,-58],[-16,-1],[1,-20],[90,4],[1,-11],[4,0],[0,-14],[-4,0],[1,-10],[-164,-7]],[[67140,84198],[0,46],[-15,0],[-1,46],[115,1],[0,-45],[-13,0],[1,-48],[-87,0]],[[67533,84205],[-2,78],[29,0],[64,-6],[3,-30],[-46,0],[35,-41],[-83,-1]],[[66199,91865],[-3,72],[46,1],[2,-37],[57,1],[2,-34],[-104,-3]],[[66143,88203],[-4,95],[-32,0],[0,5],[-6,-1],[-5,131],[5,0],[0,12],[111,2],[0,-12],[7,0],[5,-124],[-7,0],[1,-23],[14,0],[2,-70],[-24,0],[0,-7],[-32,-1],[0,-6],[-35,-1]],[[66043,89876],[-3,78],[16,1],[-1,19],[111,2],[2,-16],[16,0],[0,-22],[-15,-1],[0,-19],[9,0],[2,-39],[-137,-3]],[[65985,87717],[-5,2],[-3,73],[4,3],[78,1],[2,-2],[3,-73],[-2,-2],[-77,-2]],[[66399,90262],[-4,99],[57,1],[0,-10],[2,1],[2,-80],[-2,-1],[0,-8],[-55,-2]],[[86377,38939],[0,11],[-39,0],[0,25],[35,0],[0,23],[-36,0],[0,24],[37,0],[0,14],[35,0],[2,-97],[-34,0]],[[84674,34454],[-3,79],[63,1],[-2,75],[77,2],[1,-49],[104,2],[0,-13],[-3,0],[0,-2],[2,-41],[2,0],[1,-14],[-35,0],[1,-36],[-208,-4]],[[89464,33309],[-3,109],[60,1],[1,-65],[59,2],[-1,21],[-27,-1],[-1,36],[23,0],[0,6],[23,0],[1,-6],[23,1],[0,-9],[6,0],[0,-12],[58,0],[1,-36],[-8,0],[1,-14],[4,0],[1,-16],[-4,0],[1,-14],[-218,-3]],[[86287,39383],[-93,11],[-76,-1],[0,4],[-13,0],[0,17],[12,0],[-1,18],[30,0],[-1,32],[-40,0],[-2,84],[7,0],[-1,40],[76,0],[95,15],[10,-38],[5,1],[0,-2],[-10,-9],[-51,-8],[-10,-7],[-4,-10],[1,-7],[1,-23],[2,2],[8,1],[5,-3],[0,-15],[-5,-3],[-4,0],[-4,2],[0,-31],[6,-6],[12,-7],[46,-7],[18,-19],[-11,9],[-8,-40]],[[85140,40784],[-30,72],[17,4],[-3,7],[133,33],[33,-80],[-150,-36]],[[86271,38797],[-13,0],[0,4],[-8,0],[0,-3],[-15,0],[0,2],[-7,0],[0,-3],[-15,0],[0,3],[-28,-1],[0,45],[27,0],[0,2],[15,0],[0,-2],[3,0],[0,11],[-5,0],[0,22],[52,1],[0,-23],[-5,0],[0,-10],[30,0],[0,3],[14,0],[0,-3],[8,0],[0,3],[14,0],[0,-3],[9,0],[0,3],[15,0],[0,-1],[6,0],[0,3],[16,0],[0,-3],[28,0],[7,-24],[-6,-20],[-29,0],[0,-3],[-15,-1],[3,3],[-9,0],[0,-2],[-14,0],[0,2],[-9,0],[0,-3],[-14,0],[0,3],[-7,0],[0,-3],[-15,0],[0,2],[-33,0],[0,-4]],[[90058,31763],[-2,60],[35,1],[-1,26],[80,1],[1,-25],[2,0],[2,-62],[-117,-1]],[[87356,31120],[-3,84],[100,2],[1,-32],[-42,-1],[0,1],[-18,0],[2,-17],[-1,-6],[18,1],[0,1],[42,1],[1,-32],[-35,-1],[-1,13],[-17,0],[0,-13],[-47,-1]],[[84903,41208],[-1,31],[83,1],[1,-31],[-83,-1]],[[52918,95335],[-10,0],[-1,5],[-21,-1],[0,99],[-5,4],[-154,1],[0,20],[2,0],[1,23],[151,-1],[-1,-10],[7,-1],[1,47],[57,0],[0,-2],[41,1],[-1,-35],[116,-1],[0,-23],[2,-1],[0,-19],[-154,0],[-6,-3],[-1,-99],[-23,0],[-1,-4]],[[92158,30630],[-21,23],[-10,-5],[-10,11],[4,2],[-10,11],[6,3],[-13,15],[146,77],[10,-11],[4,1],[14,-15],[-3,-1],[8,-8],[3,2],[15,-16],[-2,-1],[8,-10],[-149,-78]],[[93833,21431],[-76,54],[2,2],[-64,46],[12,9],[-21,15],[-7,-6],[-41,29],[7,6],[-19,14],[-12,-9],[-141,101],[32,25],[112,-80],[19,16],[30,-21],[-14,-12],[7,-6],[22,18],[63,-45],[-40,-32],[10,-7],[12,11],[141,-101],[-34,-27]],[[91700,31088],[-47,50],[109,58],[13,-15],[-2,0],[22,-24],[2,1],[11,-13],[-108,-57]],[[79960,25435],[91,2],[0,-6],[26,0],[0,-20],[7,0],[0,-17],[2,0],[2,-64],[-2,0],[1,-18],[-24,-2],[-2,6],[-11,-1],[-3,14],[-15,0],[-3,39],[-67,-2],[-2,69]],[[74912,64789],[-173,-4],[-3,73],[172,4],[4,-73]],[[74708,66164],[-5,1],[-1,3],[-2,104],[65,1],[3,-108],[-8,0],[0,-2]],[[0,86889],[12,20],[-7,14],[270,77],[174,194],[14,-9],[25,26],[26,-12],[-24,-27],[15,-7],[-44,-50],[-7,4],[-6,-7],[-10,5],[-26,-30],[20,-10],[-97,-108],[3,-228],[-44,-5],[-294,153]],[[73966,66487],[180,4],[43,-90],[-107,-2],[-3,13],[-108,-2],[-5,77]],[[74259,63763],[-11,-12],[-48,23],[83,91],[48,-26],[-72,-76]],[[72799,64687],[3,-73],[-218,-3],[0,45],[-72,0],[57,27],[230,4]],[[76884,45882],[-1,19],[15,12],[-8,6],[0,11],[44,36],[16,1],[48,-34],[1,-13],[-45,-36],[-16,0],[-7,5],[-8,-6],[-39,-1]],[[70458,60144],[-4,90],[168,4],[4,-90],[-168,-4]],[[17748,88914],[-2,26],[-4,2],[-35,0],[-113,69],[-6,-4],[-14,7],[9,6],[-27,15],[6,57],[38,35],[60,2],[-2,37],[2,1],[17,13],[10,5],[22,7],[24,3],[12,0],[24,-5],[21,-9],[18,-12],[4,-70],[-17,-13],[-49,-1],[2,-41],[129,-82],[45,1],[-3,36],[17,14],[115,3],[18,-13],[3,-69],[-16,-13],[-49,-2],[2,-39],[129,-83],[45,2],[-3,35],[18,15],[115,2],[18,-13],[3,-69],[-17,-13],[-47,-2],[1,-50],[77,-49],[-38,-35],[-92,-2],[-19,11],[-5,-4],[-13,7],[6,5],[-154,97],[-6,-4],[-12,7],[5,5],[-9,6],[2,-123],[-239,0],[-6,244],[19,20],[-39,25]],[[56647,75572],[-3,74],[137,4],[12,-273],[-8,0],[-92,52],[-3,71],[-40,-1],[0,15],[40,1],[-3,58],[-40,-1]],[[64293,73890],[-16,359],[64,2],[8,-170],[-31,-1],[0,-13],[19,0],[3,-83],[8,0],[0,9],[12,1],[1,-5],[25,1],[1,-34],[-37,-1],[0,5],[-9,0],[3,-69],[-51,-1]],[[74759,39029],[-3,95],[-24,-1],[-6,188],[-16,-1],[-5,155],[195,4],[15,-437],[-156,-3]],[[73935,62335],[179,3],[2,-46]],[[68791,62300],[-176,1],[-12,305],[178,1],[10,-307]],[[74584,61605],[6,-78]],[[74427,61519],[-25,-1],[0,-9],[7,1],[1,-17],[-75,-2],[-5,122],[67,1],[1,-11],[25,0]],[[74633,60147],[3,-60],[-165,-5],[-3,61]],[[74468,60143],[165,4]],[[74257,65282],[-47,1],[-41,-1],[-4,77],[130,4],[4,-80],[-42,-1]],[[75087,65437],[-18,12],[-5,132],[17,14],[67,1],[17,-12],[89,2],[1,-21],[-89,-2],[1,-36],[15,0],[0,-2],[33,1],[1,-15],[-11,-1],[1,-11],[11,0],[0,-20],[-6,0],[0,-24],[-14,-1],[0,-4],[-11,0],[0,4],[-16,0],[0,-3],[-16,-13],[-67,-1]],[[68568,74005],[-6,83],[64,3],[0,10],[-16,0],[-1,6],[-27,-1],[-1,15],[-4,0],[-1,10],[110,5],[9,-126],[-127,-5]],[[73805,63396],[-64,-1],[-5,106],[66,2],[3,-107]],[[72398,62983],[58,1],[2,-132],[-55,-1]],[[77359,49757],[-13,0],[0,4],[-3,0],[-1,42],[4,0],[-1,3],[12,1],[1,-4],[53,1],[0,4],[13,1],[0,-4],[73,1],[0,4],[12,1],[0,-5],[54,2],[0,3],[13,0],[0,-3],[3,0],[2,-42],[-4,0],[0,-5],[-13,0],[0,5],[-53,-2],[0,-3],[-12,-1],[0,4],[-74,-1],[0,-5],[-12,0],[0,5],[-54,-2],[0,-4]],[[66710,61566],[-6,174],[446,10],[7,-175],[-447,-9]],[[76850,34397],[-1,44],[27,1],[1,-44],[-27,-1]],[[72943,67918],[-5,0],[-3,2],[-8,0],[-2,2],[-1,4],[2,2],[0,17],[-2,3],[-1,4],[3,2],[-1,18],[-2,1],[0,4],[2,3],[8,0],[2,2],[5,0],[3,-2],[16,1],[3,1],[6,1],[3,-3],[28,1],[4,3],[5,0],[3,-3],[16,0],[3,3],[6,0],[2,-2],[7,0],[4,-2],[0,-4],[-2,-2],[0,-17],[3,-2],[0,-5],[-3,-2],[1,-18],[3,-1],[0,-5],[-3,-2],[-8,0],[-2,-2],[-6,0],[-3,2],[-16,0],[-2,-2],[-6,-1],[-3,2],[-29,0],[-2,-2],[-6,0],[-3,2],[-17,-1],[-2,-2]],[[76626,65476],[-5,148],[127,3],[3,-75],[108,3],[3,-75],[-59,-1],[-5,5],[-44,-1],[0,-5],[-128,-2]],[[73421,51127],[0,33],[10,0],[0,45],[9,0],[0,9],[41,0],[1,-64],[2,0],[0,-23],[-63,0]],[[68938,64086],[-250,-5],[-5,98],[249,0],[6,-93]],[[70220,65553],[-90,0],[-7,154],[90,0],[3,-6],[30,0],[5,-46],[2,-73],[-4,-20],[-28,-2],[-1,-7]],[[70379,64733],[-6,51],[45,28],[58,13],[68,-18],[57,-70],[-165,-77],[-57,73]],[[72216,61507],[-4,119],[309,6],[5,-119],[-310,-6]],[[76733,51780],[-17,41],[105,25],[-10,24],[21,5],[2,-5],[94,22],[18,-41],[-99,-24],[-4,-20],[-110,-27]],[[74711,63087],[1,-21],[-31,0],[-1,21],[8,1],[-7,4],[4,6],[13,1],[8,-1],[3,-3],[0,-3],[-6,-3],[8,-2]],[[74653,63328],[67,1],[7,-204],[-67,-2],[-7,205]],[[74563,65735],[3,-92],[-62,-3],[-4,69],[-27,0],[-2,23],[92,3]],[[75919,65136],[1,4],[4,0],[2,11],[0,15],[-2,8],[-3,0],[-1,4],[24,5],[30,3],[108,3],[9,-13],[3,-9],[1,-9],[-1,-14],[-6,-15],[-40,-2],[5,-96],[-122,-1],[-3,100],[0,1],[-9,5]],[[74792,58234],[170,4],[6,-181],[-169,-1],[-7,178]],[[74902,55156],[-2,43],[258,5],[3,-43],[-259,-5]],[[74874,42933],[-5,125],[28,0],[0,-2],[50,1],[-2,58],[-51,0],[0,-3],[-26,-1],[-4,121],[4,0],[-3,80],[-6,0],[-2,55],[132,3],[3,-64],[81,2],[1,-22],[-110,-2],[-2,64],[-74,-2],[1,-34],[5,0],[2,-79],[-4,0],[1,-16],[73,2],[-1,14],[28,0],[2,-38],[-27,0],[0,2],[-75,-2],[2,-59],[77,2],[3,-102],[-75,-2],[2,-57],[94,2],[1,-20],[79,2],[0,17],[95,2],[-2,60],[-75,-1],[-3,102],[74,1],[-2,60],[-72,-2],[0,-2],[-28,-1],[-2,38],[28,1],[0,-14],[74,1],[-1,16],[30,1],[4,-121],[-26,0],[0,2],[-52,-1],[3,-59],[50,1],[0,3],[28,0],[4,-125],[-329,-7]],[[73252,65179],[-7,159],[152,2],[8,-159],[-153,-2]],[[75804,56275],[-97,0],[5,150],[65,4],[28,-3],[-1,-151]],[[16723,87836],[197,6],[37,-5],[2,-40],[-41,4],[-195,-5],[0,40]],[[74134,66162],[-4,97],[100,2],[27,-6],[6,-4],[3,-86],[-132,-3]],[[76343,63615],[-172,-2],[-2,54],[174,-1],[0,-51]],[[77220,64858],[-148,0],[-7,135],[151,2],[4,-137]],[[73949,59422],[-55,-1],[-9,187],[116,3],[0,-13],[15,0],[6,-175],[-73,-1]],[[75972,52690],[-173,-3],[-2,48],[172,4],[3,-49]],[[67666,48617],[-319,-5],[-1,87],[316,6],[4,-88]],[[74143,31228],[-1,43],[203,4],[2,-43],[-204,-4]],[[80913,14630],[-24,572],[388,9],[3,-89],[-314,-7],[20,-484],[-73,-1]],[[66479,57138],[-187,93],[87,100],[115,-57],[-13,-14],[29,-14],[77,89],[185,-92],[-86,-99],[-142,71],[-65,-77]],[[66657,57187],[52,60],[-92,44],[-63,-74],[17,-8],[12,14],[74,-36]],[[66448,57184],[51,60],[-92,45],[-51,-61],[92,-44]],[[75802,66736],[1,-52],[-90,-1],[-1,51],[90,2]],[[75467,66827],[0,-30]],[[75467,66797],[-193,-5],[-3,80],[50,2],[2,-42],[144,3],[0,-8]],[[72602,66648],[0,5],[-12,0],[0,12],[-4,0],[-2,29],[4,0],[0,13],[38,1],[0,-4],[36,1],[0,-2],[14,1],[0,-3],[31,1],[0,-3],[18,0],[0,-11],[4,0],[1,-16],[-4,0],[0,-10],[-18,0],[0,-3],[-31,-1],[0,-2],[-14,0],[0,-3],[-35,-1],[0,-3],[-26,-1]],[[67462,84418],[-2,39],[-45,-1],[-4,89],[-26,0],[-1,48],[48,2],[0,-5],[24,0],[-1,38],[154,4],[1,-39],[-5,0],[6,-134],[4,0],[2,-37],[-155,-4]],[[72871,60216],[93,2],[4,-93],[-94,-1],[-3,92]],[[73048,66136],[-72,-1],[-1,14],[-17,0],[-22,16],[-3,54],[22,18],[157,3],[21,-17],[3,-55],[-21,-17],[0,-13],[-67,-2]],[[73163,67864],[-2,32],[-5,0],[0,6],[-3,1],[0,6],[4,2],[-1,6],[-2,1],[-1,6],[2,1],[0,6],[-3,2],[0,6],[2,1],[0,5],[6,1],[-1,39],[8,1],[0,6],[119,2],[6,-126],[-129,-4]],[[71847,65581],[-178,-3],[-3,71],[177,4],[4,-72]],[[70297,64892],[-163,208],[29,14],[135,3],[164,-209],[-165,-16]],[[84290,36269],[-15,2],[17,87],[-13,-1],[-2,25],[11,0],[-1,20],[153,4],[1,-24],[-12,0],[1,-21],[-71,-2],[-9,-4],[-12,-8],[-10,-13],[-14,-61],[-23,2],[-1,-6]],[[59419,92110],[-1,27],[39,1],[-4,95],[-39,-1],[-1,28],[81,2],[6,-151],[-81,-1]],[[73003,64405],[-111,-3],[-2,69],[110,2],[3,-68]],[[72949,65702],[-7,0],[0,2],[-19,0],[0,3],[-18,0],[0,3],[-18,-1],[-1,3],[-45,-1],[-2,50],[66,1],[1,-4],[16,0],[0,-3],[18,0],[0,-3],[19,-1],[0,-3],[16,0],[0,-3],[16,1],[3,-4],[37,1],[1,-44],[-62,-1],[0,3],[-16,0],[0,3],[-5,0],[0,-2]],[[72234,64125],[-106,0],[-4,111],[105,0],[5,-111]],[[72080,67754],[-8,160],[106,3],[1,-20],[26,0],[-1,13],[-4,4],[7,3],[-1,14],[13,0],[10,6],[9,-11],[2,0],[0,-3],[4,-5],[2,-1],[0,-4],[4,-3],[3,-1],[3,-7],[3,-1],[1,-5],[5,-5],[-3,-6],[1,-21],[4,-5],[-4,-4],[1,-18],[4,-4],[-4,-4],[2,-22],[3,-4],[-4,-6],[1,-15],[4,-4],[-7,-4],[1,-13],[-13,0],[-10,-4],[-7,9],[-2,0],[-4,8],[-2,1],[-5,8],[-4,0],[0,3],[-22,-1],[1,-28],[-106,-3]],[[66120,85627],[-13,0],[0,6],[-66,-1],[-2,80],[99,2],[0,2],[28,0],[0,-1],[10,0],[1,-42],[7,0],[1,-38],[-66,-1],[1,-7]],[[71222,73901],[-1,4],[-59,-1],[0,10],[-4,2],[0,6],[4,3],[42,1],[-1,36],[-16,-1],[0,-6],[4,0],[1,-22],[-14,0],[0,3],[-29,-1],[-1,14],[-15,0],[1,-21],[4,0],[1,-20],[-37,0],[-2,84],[33,1],[1,-8],[28,0],[0,5],[4,3],[11,0],[4,-3],[0,-5],[30,1],[0,9],[36,0],[0,-10],[4,-1],[1,-2],[2,-46],[-2,-3],[-3,-1],[0,-5],[4,-3],[1,-6],[-2,-3],[2,-3],[0,-8],[-1,-1],[-3,-1],[-28,-1]],[[64715,57590],[-3,80],[-16,0],[-3,88],[76,2],[3,-94],[-15,0],[2,-36],[61,2],[-1,37],[31,1],[2,-36],[8,0],[0,-13],[-7,0],[1,-28],[-32,-1],[-1,15],[-62,-1],[1,-16],[-45,0]],[[76297,64238],[-107,12],[-10,7],[-3,81],[9,10],[144,4],[11,-9],[4,-64],[-48,-41]],[[73896,66546],[-83,-3],[-2,89],[84,1],[1,-87]],[[64529,93428],[-1,39],[170,3],[1,-39],[-170,-3]],[[73786,64762],[-110,-1],[-1,18],[7,0],[0,9],[4,0],[-1,11],[8,0],[-2,18],[119,5],[0,-2],[33,0],[10,-5],[0,-8],[12,0],[0,-7],[9,-1],[47,-32],[-135,0],[0,-5]],[[73330,66837],[1,-26],[68,0],[1,-15],[133,2],[1,-31],[2,-13],[-6,-3],[-4,-39],[-3,0],[0,-7],[-5,-4],[0,-15],[-3,-2],[1,-15],[-4,-2],[-18,-1],[-5,4],[-21,-1],[-5,4],[0,10],[-11,0],[0,11],[-16,0],[-1,60],[16,0],[0,13],[-170,-1],[-4,70]],[[84665,37394],[-3,95],[147,3],[2,-21],[-2,-1],[0,-8],[-104,-3],[0,-7],[4,-2],[1,-19],[-5,0],[1,-7],[104,2],[0,-7],[5,-3],[0,-7],[-4,-3],[0,-9],[-146,-3]],[[65319,60919],[0,6],[-22,0],[-2,55],[-16,-1],[-4,93],[24,0],[-1,6],[9,0],[0,-5],[23,0],[2,-55],[14,0],[4,-93],[-21,0],[0,-5],[-10,-1]],[[74292,63266],[-116,-1],[-2,73],[117,1]],[[73977,66256],[132,2],[4,-89],[-8,-7],[-126,-2],[-2,96]],[[74204,62572],[-1,85],[157,0],[2,-86]],[[72094,68371],[-151,-4],[-5,105],[96,3],[1,-22],[60,2],[4,-84],[-5,0]],[[71510,69124],[12,0],[2,-12],[68,2],[2,-28],[96,3],[0,38],[-2,19],[35,1],[1,-48],[34,0],[-4,82],[-38,0],[-1,15],[104,2],[12,-8],[8,-202],[-12,-9],[-69,-2],[-2,43],[-61,0],[7,0],[-1,38],[-60,0],[0,4],[-36,-1],[-25,16],[-53,-1],[2,-55],[-15,-1],[-4,104]],[[78360,49173],[-7,0],[-3,2],[-26,-1],[0,25],[-2,1],[-1,6],[2,1],[0,15],[49,1],[3,2],[5,0],[3,-2],[15,0],[2,2],[5,0],[2,-1],[24,0],[2,2],[6,0],[2,-2],[24,0],[3,2],[4,0],[3,-2],[24,1],[0,2],[8,0],[0,-2],[2,2],[7,0],[2,-1],[28,1],[0,-21],[3,-2],[0,-5],[-3,-2],[1,-18],[-28,0],[-1,-2],[-6,0],[-2,2],[-24,0],[-2,-3],[-5,0],[-2,2],[-46,-1],[-2,-2],[-7,0],[-2,1],[-24,0],[-1,-2],[-6,0],[-2,2],[-25,-1],[-2,-2]],[[67931,69350],[-121,-3],[-5,22],[-125,-3],[-2,33],[251,4],[2,-53]],[[74227,66770],[-144,-2],[-34,67],[146,5],[32,-70]],[[67905,80483],[0,2],[-59,-1],[-1,29],[-3,0],[-7,196],[8,2],[134,-221],[-5,-5],[-67,-2]],[[71568,64734],[-2,-1],[0,-15],[-245,-5],[-5,159],[310,6],[4,-117],[-37,0],[0,-8],[-28,0],[3,-19]],[[74048,61420],[92,1],[2,-43],[-106,-2],[-2,44],[14,0]],[[65788,94342],[-1,24],[11,0],[-1,46],[-6,0],[0,20],[40,1],[7,-13],[2,-43],[16,1],[9,-20],[1,-15],[-29,-1],[0,6],[-28,0],[0,-6],[-21,0]],[[74468,60143],[-2,53],[165,5],[2,-54]],[[73660,59796],[-95,-2],[-5,144],[96,1],[4,-143]],[[74440,58988],[-1,87],[82,1],[1,-49],[18,0],[1,-37],[-101,-2]],[[74235,58840],[-162,-5]],[[74073,58835],[-6,93],[162,6],[6,-94]],[[72273,66509],[55,1]],[[72328,66510],[4,-110],[-55,-1],[-4,110]],[[75109,49741],[-1,31],[74,2],[0,3],[34,1],[0,-3],[60,1],[-3,66],[-3,1],[-41,-1],[1,-28],[-124,-3],[-7,184],[46,1],[-1,5],[-7,0],[-1,17],[9,0],[0,2],[20,0],[1,-14],[23,0],[-1,11],[15,0],[1,-11],[38,1],[-6,155],[122,2],[6,-176],[-72,-2],[1,-37],[22,0],[1,-30],[44,1],[0,-6],[10,0],[1,-9],[34,-24],[-22,-18],[1,-5],[6,0],[0,-6],[-6,0],[1,-4],[21,0],[1,-10],[-22,-1],[0,-6],[10,0],[2,-34],[-10,0],[0,-17],[-21,0],[1,-34],[-258,-5]],[[66153,36146],[-2,68],[28,0],[0,5],[-28,-1],[-1,35],[39,0],[-1,31],[-13,0],[0,25],[88,2],[1,-24],[-10,0],[2,-98],[12,0],[0,-24],[-89,-2],[0,-16],[-26,-1]],[[93875,25532],[-125,70],[92,95],[125,-69],[-92,-96]],[[67249,79985],[-3,61],[16,1],[-1,24],[2,0],[-4,105],[-3,0],[-1,24],[26,1],[0,2],[114,3],[0,-2],[25,0],[1,-25],[-2,0],[4,-105],[3,0],[1,-25],[-109,-2],[2,-60],[-71,-2]],[[85810,32072],[0,7],[-31,-1],[0,13],[2,0],[0,41],[-17,-17],[-26,0],[-7,4],[-1,20],[-8,0],[-3,92],[7,6],[32,1],[19,-13],[-2,43],[-3,0],[-1,11],[29,0],[0,9],[16,0],[0,-7],[34,1],[0,-14],[-3,0],[2,-48],[14,0],[3,-81],[-14,0],[2,-47],[4,0],[0,-12],[-32,-1],[0,-6],[-16,-1]],[[69146,8462],[-2,23],[-42,-1],[-1,20],[-31,-2],[-3,34],[-8,7],[-9,-1],[0,8],[-12,0],[-4,3],[6,17],[-5,2],[4,18],[-5,2],[4,19],[8,-1],[1,8],[51,2],[0,-9],[8,0],[6,-18],[-6,-2],[6,-17],[16,7],[16,-7],[4,19],[-5,2],[6,18],[5,0],[0,8],[50,2],[1,-9],[11,0],[5,-18],[-5,-3],[6,-18],[-6,-3],[6,-16],[-5,-2],[-15,-1],[1,-7],[-5,0],[1,-11],[-4,0],[7,-70],[-56,-3]],[[75717,36043],[3,-70],[-141,-3],[-1,23],[-11,-1],[-1,47],[10,0],[0,24],[140,3],[1,-23]],[[84904,39953],[11,0],[0,10],[161,3],[5,-142],[-162,-4],[0,9],[-10,0],[-5,124]],[[69448,78885],[-16,51],[100,17],[-2,7],[31,5],[-1,3],[2,1],[0,2],[63,11],[-2,6],[-3,-1],[-13,42],[47,8],[12,-40],[20,3],[6,-20],[-6,-1],[1,-5],[-4,-1],[11,-37],[-44,-8],[-12,39],[-5,-1],[-3,7],[-18,-3],[12,-39],[3,1],[8,-27],[-90,-17],[-3,14],[-94,-17]],[[64527,68443],[-2,47],[87,2],[-3,82],[54,1],[2,-48],[82,2],[3,-81],[-223,-5]],[[73192,69927],[-112,-1],[-1,76],[46,1],[1,-9],[65,1],[-1,-47],[3,0],[-1,-21]],[[72276,66723],[0,8],[2,0],[-3,79],[-2,0],[0,9],[21,1],[1,-9],[-3,0],[3,-79],[3,0],[0,-9],[-22,0]],[[24305,91116],[-176,89],[-40,-45],[-59,29],[-31,48],[42,16],[-7,4],[-3,-1],[-80,40],[12,5],[-13,20],[4,5],[-2,4],[14,5],[-52,83],[20,8],[-2,2],[87,31],[32,-48],[144,53],[9,-14],[16,7],[47,-70],[-38,-14],[8,-11],[196,-100],[-15,-16],[13,-6],[-7,-9],[-12,6],[-107,-121]],[[24286,91185],[59,64],[-108,52],[-56,-63],[105,-53]],[[24133,91266],[62,74],[-11,17],[-93,-32],[42,-59]],[[60198,98323],[-102,0],[0,203],[102,0],[0,-203]],[[81514,39260],[-1,44],[-49,-1],[-5,146],[68,2],[4,-126],[156,3],[-4,127],[68,1],[5,-147],[-49,-1],[1,-44],[-194,-4]],[[50615,61392],[-1,28],[3,1],[-1,22],[-2,0],[-3,2],[0,3],[4,2],[0,20],[-4,0],[-2,3],[3,3],[2,1],[-1,22],[-2,0],[-1,27],[19,1],[0,2],[19,1],[13,0],[0,-2],[79,2],[0,1],[32,1],[0,-2],[19,0],[1,-28],[-2,0],[4,-102],[-24,0],[0,-4],[-15,-1],[0,5],[-98,-2],[0,-5],[-42,-1]],[[67935,79581],[-1,18],[23,0],[0,12],[7,0],[0,7],[9,0],[0,7],[-16,-1],[-3,96],[16,0],[-1,7],[-9,-1],[0,7],[-7,0],[-1,26],[55,2],[1,-27],[-9,0],[0,-7],[-8,0],[0,-6],[17,0],[3,-95],[-16,-1],[1,-6],[8,0],[0,-7],[8,1],[1,-30],[-78,-2]],[[79553,12627],[38,1],[2,-38],[16,1],[0,-9],[-30,-1],[0,-3],[-23,0],[-3,49]],[[79338,12676],[-4,0],[-1,32],[3,0],[-3,105],[53,1],[-1,29],[-9,0],[0,12],[9,0],[0,7],[148,2],[4,-122],[34,0],[2,-91],[-52,-1],[1,-8],[-19,0],[-1,8],[-73,-1],[1,-21],[22,1],[1,-16],[18,0],[0,-8],[23,0],[1,-28],[-65,-1],[-2,45],[-39,0],[1,-49],[-49,-1],[-3,105]],[[80889,43383],[-1,20],[6,0],[0,12],[42,0],[0,6],[11,0],[-1,19],[-3,0],[-1,5],[-68,-1],[0,-8],[-17,0],[-1,44],[-1,0],[-1,12],[19,0],[0,-2],[70,0],[0,5],[19,1],[0,-5],[12,0],[-1,5],[15,0],[0,-2],[42,1],[2,-110],[-143,-2]],[[75294,65062],[-1,36],[-161,-4],[-3,73],[164,4],[38,-13],[165,4],[7,-146],[-206,-5],[-3,51]],[[47762,40164],[0,25],[-183,-3],[-1,38],[-35,0],[-4,147],[299,5],[6,-211],[-82,-1]],[[68301,72956],[3,-2],[69,1],[3,-66],[20,0],[1,-29],[3,-3],[0,-5],[-2,-1],[0,-13],[3,-3],[1,-4],[-3,-3],[-1,-13],[4,-2],[1,-4],[-4,-3],[0,-8],[-48,-1],[2,-22],[-64,-1],[1,8],[-4,3],[0,3],[4,2],[-1,14],[-4,2],[0,4],[3,2],[0,15],[-3,2],[-1,3],[4,3],[-2,14],[-2,1],[-1,5],[3,2],[0,6],[-75,-3],[-1,-3],[-19,0],[-1,17],[6,1],[0,16],[-3,2],[0,3],[4,3],[-2,14],[-2,1],[-1,4],[4,2],[-1,24],[-5,2],[-1,5],[4,3],[7,0],[5,-3],[29,0],[3,3],[6,0],[2,-3],[19,1],[2,3],[6,0],[2,-3],[18,1],[4,2],[5,1]],[[63416,73156],[-106,76],[60,49],[-9,6],[18,15],[115,-82],[-52,-42],[14,-10],[-13,-10],[-13,9],[-14,-11]],[[82656,34639],[0,9],[-65,-1],[-3,105],[43,1],[0,2],[24,1],[1,-8],[65,1],[-1,5],[16,1],[0,-12],[6,0],[1,-28],[-4,0],[1,-13],[-9,0],[2,-53],[-14,0],[0,-9],[-63,-1]],[[81618,15498],[-120,5],[0,6],[-114,-2],[0,-6],[-57,-2],[-4,124],[5,0],[-2,51],[51,1],[-1,21],[116,3],[1,-39],[119,3],[6,-165]],[[47165,91198],[-8,21],[-7,-3],[-19,26],[96,49],[-33,39],[-23,-9],[7,-8],[-19,-10],[-10,4],[-107,-51],[-65,78],[32,16],[3,-4],[45,18],[-4,7],[136,63],[9,-16],[148,72],[12,-14],[-34,-11],[13,-15],[4,1],[7,-7],[-18,-9],[6,-9],[-106,-50],[66,-80],[12,1],[0,7],[100,1],[1,-7],[12,0],[0,-13],[64,0],[0,-24],[-74,-1],[1,-7],[9,0],[0,-9],[-15,0],[0,-6],[-148,-2],[-1,5],[-9,-1],[-1,11],[-40,-19],[11,-9],[-21,-14],[-18,-8],[-14,-3]],[[69240,64833],[0,40],[2,0],[-1,53],[2,0],[-1,54],[57,1],[1,-42],[-2,0],[1,-39],[6,0],[0,-11],[-8,0],[1,-56],[-58,0]],[[72464,65808],[-1,29],[25,1],[-2,33],[-4,0],[-1,34],[3,0],[-2,33],[-23,0],[-1,29],[67,1],[0,-7],[67,2],[0,6],[42,1],[2,-65],[-20,-1],[0,-7],[-21,0],[-1,8],[-20,-1],[1,-29],[-43,-1],[0,-24],[15,1],[1,-32],[-18,-1],[0,-8],[-66,-2]],[[67293,85670],[0,15],[-10,0],[-1,41],[19,0],[-1,5],[191,3],[0,-14],[8,0],[1,-31],[-8,0],[1,-15],[-200,-4]],[[67365,81763],[1,33]],[[67366,81796],[28,0],[13,-20],[6,3],[-40,62],[1,6],[58,1],[58,-88],[-5,-6],[-118,-2],[0,11],[-2,0]],[[60064,17412],[0,15],[-68,-2],[-4,127],[105,3],[5,-127],[-2,0],[0,-16],[-36,0]],[[67365,81763],[-7,0],[0,-12],[-108,-1],[0,25],[-14,-1],[-1,11],[4,4],[-3,50],[-17,11],[110,2],[0,-6],[27,0],[1,-50],[9,0]],[[56581,56745],[-5,163],[109,40],[3,-83],[-4,0],[0,-14],[5,0],[2,-45],[-6,0],[1,-14],[5,1],[1,-46],[-111,-2]],[[49674,88274],[-1,87],[-67,-1],[-2,91],[112,2],[1,-17],[59,1],[0,18],[32,1],[0,-19],[83,1],[-1,9],[118,1],[1,-50],[-16,0],[1,-5],[35,0],[1,-58],[-28,-1],[9,-6],[10,0],[8,-5],[7,0],[0,-8],[-7,0],[-7,-6],[-10,0],[-7,5],[0,9],[-16,11],[-13,0],[1,-56],[-55,-1],[-1,56],[-125,-2],[2,-55],[-124,-2]],[[91260,29739],[-70,-1],[-2,71],[70,2],[2,-72]],[[79292,58091],[8,50],[12,-2],[0,17],[-15,0],[-34,13],[-21,25],[-1,30],[19,27],[33,15],[15,0],[-1,16],[-10,0],[-9,44],[19,2],[0,5],[16,0],[31,-4],[15,-3],[14,-5],[26,-12],[23,-16],[18,-19],[13,-22],[7,-23],[2,-21],[-1,-12],[-6,-22],[-11,-22],[-18,-19],[-22,-16],[-26,-13],[-14,-5],[-14,-3],[-31,-4],[-37,-1]],[[72661,70251],[-6,0],[-9,2],[-7,4],[-4,4],[-108,173],[46,17],[1,-2],[29,11],[14,-22],[20,8],[-13,21],[20,7],[-1,1],[50,18],[1,-2],[19,7],[13,-21],[-5,-1],[32,-50],[12,4],[17,-27],[-14,-5],[32,-52],[5,2],[12,-20],[-30,-12],[-5,-9],[-11,-3],[-10,1],[-12,-5],[-1,3],[-20,-7],[-13,21],[-20,-7],[14,-22],[-28,-10],[2,-9],[-4,-10],[-6,-5],[-12,-3]],[[42797,84378],[-6,65],[-14,-1],[1,-17],[-11,0],[0,-11],[-28,-1],[0,11],[-13,-1],[0,16],[-27,0],[-1,63],[26,0],[-2,17],[-13,1],[0,14],[53,2],[1,-15],[11,1],[1,-18],[15,0],[-2,65],[71,2],[2,-70],[6,1],[2,-52],[-6,0],[4,-71],[-70,-1]],[[61977,58291],[-1,8],[-11,0],[-1,8],[-177,-3],[0,-5],[-11,-1],[0,6],[-9,-1],[-4,90],[268,6],[0,8],[12,1],[-1,9],[139,3],[1,-5],[-113,-88],[1,-35],[-93,-1]],[[66684,86786],[0,15],[-83,-1],[-2,45],[166,4],[1,-29],[9,0],[0,3],[124,3],[0,-3],[7,0],[1,-16],[-8,0],[1,-14],[-22,0],[1,-3],[-20,0],[0,3],[-83,-3],[-1,5],[-8,0],[0,-7],[-83,-2]],[[66866,32871],[-1,40],[153,2],[1,-40],[-153,-2]],[[56076,58376],[4,-48],[34,1],[2,-132],[-22,0],[0,-24],[-122,-1],[1,16],[-83,-2],[-7,140],[55,-2],[0,-97],[109,2],[-8,129],[7,1],[0,17],[30,0]],[[70635,57461],[0,8],[-148,-4],[-1,24],[-39,-1],[-6,138],[64,1],[-1,8],[24,0],[0,7],[28,0],[1,-5],[198,4],[7,-163],[-118,-3],[1,-14],[-10,0]],[[60413,10185],[-1,4],[-10,0],[0,3],[-47,-2],[0,-1],[-24,-1],[0,8],[-4,0],[-1,15],[4,0],[0,9],[24,0],[0,-2],[49,2],[0,1],[9,1],[-2,45],[-6,-1],[-2,45],[7,1],[-2,43],[-11,-1],[0,3],[-71,-3],[-1,9],[-4,0],[-1,15],[5,0],[0,8],[23,1],[0,-2],[50,2],[-1,3],[5,0],[-1,21],[42,1],[1,-21],[3,0],[1,-4],[49,1],[-1,7],[-9,0],[0,5],[-6,0],[-2,53],[7,0],[-1,12],[31,1],[1,-12],[5,0],[3,-53],[-13,0],[1,-12],[21,1],[0,-3],[11,0],[0,5],[127,4],[0,5],[5,0],[-1,8],[-2,0],[-1,21],[3,0],[-1,17],[29,1],[0,2],[24,1],[0,-10],[3,0],[1,-21],[-3,0],[1,-18],[7,0],[1,-39],[-3,0],[2,-29],[2,0],[1,-21],[-3,0],[1,-26],[-52,-2],[-2,27],[-2,0],[-1,21],[3,0],[-1,29],[-135,-4],[1,-12],[13,0],[1,-23],[-13,0],[1,-14],[-3,-1],[1,-34],[-44,-1],[1,-12],[-10,0],[-4,-3],[-7,0],[-4,3],[-9,-1],[-1,18],[-22,-1],[1,-10],[-6,0],[2,-43],[10,0],[0,-3],[48,1],[0,2],[23,0],[1,-8],[5,0],[0,-3],[3,0],[3,-2],[0,-5],[-3,-3],[-3,0],[1,-3],[-6,0],[1,-8],[-24,-1],[0,2],[-49,-1],[0,-3],[-9,0],[0,-3],[-33,-1]],[[60469,10302],[-2,27],[1,3],[7,6],[4,2],[5,1],[5,-1],[9,-4],[4,-7],[2,-19],[4,0],[0,20],[13,0],[0,29],[-82,-4],[2,-43],[6,0],[0,-10],[22,0]],[[74516,60261],[88,1]],[[74604,60262],[32,-5],[-2,-19],[-26,-5],[-1,-9],[27,-4],[-1,-9],[-172,-4],[-2,59],[55,2],[2,-7]],[[75334,66372],[-1,40],[49,0],[-1,56],[-50,-1],[-1,40],[255,4],[4,-135],[-255,-4]],[[65106,71920],[-214,159],[-13,54],[61,47],[258,-187],[-92,-73]],[[57301,85336],[71,0],[3,-72],[-104,-1],[-2,71],[32,2]],[[71598,67142],[-1,31],[-8,0],[-1,22],[11,1],[-3,68],[167,4],[0,6],[33,1],[1,-9],[120,4],[4,-84],[-65,-2],[2,-39],[-45,-1],[0,3],[-215,-5]],[[74985,67301],[1,-83],[-284,-7],[-7,158],[289,7]],[[74984,67376],[1,-75]],[[63267,62922],[-4,96],[33,1],[-4,99],[-7,0],[-1,18],[10,1],[0,4],[46,1],[0,-7],[28,1],[4,-94],[11,0],[4,-117],[-42,-1],[0,3],[-9,0],[0,2],[-18,-1],[0,-2],[-9,0],[0,-3],[-42,-1]],[[94787,21730],[-4,98],[29,0],[0,-1],[126,3],[1,-15],[6,0],[0,1],[113,3],[1,-49],[-110,-3],[0,-10],[-2,0],[0,-6],[-7,0],[0,-18],[-153,-3]],[[75660,41298],[0,12],[-118,-2],[-3,94],[-7,0],[0,10],[6,0],[0,9],[128,2],[1,-42],[5,0],[1,-28],[-5,0],[2,-43],[-2,0],[0,-12],[-8,0]],[[74725,47266],[-2,56],[8,0],[0,17],[96,3],[0,-18],[44,1],[2,-56],[-148,-3]],[[69148,76041],[115,3],[0,-2],[17,-1],[-2,66],[175,4],[0,-12],[-5,-30],[3,-45],[-21,0],[2,-30],[20,0],[2,-37],[-115,-3],[-1,22],[-62,-2],[0,-14],[-137,-3],[-15,10],[24,74]],[[62840,62660],[-14,12],[-1,14],[9,7],[-7,6],[71,57],[0,10],[34,1],[23,18],[-2,55],[94,3],[0,11],[23,0],[0,15],[119,2],[2,-14],[41,1],[1,-11],[7,0],[2,-25],[15,-12],[71,56],[5,-4],[7,6],[26,0],[18,-11],[1,-19],[-8,-6],[4,-4],[-65,-52],[1,-11],[69,-51],[-4,-3],[9,-7],[0,-20],[-18,-12],[-26,0],[-7,6],[-5,-5],[-72,54],[-9,-8],[0,-36],[-75,-1],[-1,23],[-17,0],[0,-40],[-75,-1],[-2,36],[-18,0],[1,-21],[-75,-1],[-1,19],[-38,28],[-77,-61],[-7,4],[-9,-7],[-20,-1]],[[63066,62711],[19,0],[-3,70],[-113,-3],[0,-8],[44,-33],[1,-7],[51,1],[1,-20]],[[77582,58366],[-17,16],[-5,-3],[-18,17],[-7,-4],[-30,36],[-21,-2],[-3,-21],[-159,-4],[-1,35],[-46,33],[-20,-1],[-2,34],[-11,0],[-1,52],[11,0],[-1,34],[18,0],[45,36],[0,14],[51,1],[-1,18],[135,3],[1,-7],[9,1],[18,21],[5,-3],[17,17],[4,-2],[17,17],[50,-37],[22,12],[22,-11],[14,-9],[26,-20],[11,-11],[18,-25],[13,-26],[4,-14],[3,-28],[-1,-14],[-5,-28],[-6,-13],[-15,-26],[-9,-12],[-10,-11],[-26,-21],[-29,-17],[-24,13],[-46,-40]],[[73853,60626],[134,5],[7,-284],[-136,-3],[-5,282]],[[44690,69065],[2,-9],[123,0],[7,-241],[-67,-2],[1,-40],[-468,-9],[-8,283],[168,5],[0,12],[33,0],[-1,-11],[26,0],[1,10],[77,1],[1,-10],[47,1],[-1,10],[59,0]],[[79009,46248],[0,6],[-93,-1],[0,-2],[-17,0],[0,3],[-26,0],[-1,47],[26,0],[0,3],[91,2],[0,-10],[18,0],[-1,42],[12,0],[-1,9],[30,1],[1,-15],[68,1],[0,10],[8,0],[0,-3],[0,8],[-28,-1],[0,-7],[-27,0],[0,7],[-21,0],[0,21],[110,2],[1,-21],[-5,0],[1,-9],[5,1],[1,-46],[2,0],[1,-25],[-3,0],[1,-21],[-35,0],[0,5],[-82,-1],[0,-6],[-36,0]],[[72728,62375],[-3,127],[33,0],[38,0],[3,-127],[-71,0]],[[69084,75516],[114,40],[110,-182],[-118,-34],[-27,47],[54,17],[-48,78],[-54,-17],[-31,51]],[[68554,72126],[-1,40],[-5,0],[-1,11],[5,0],[-1,40],[-17,-1],[-5,93],[72,2],[0,12],[98,2],[2,-33],[44,1],[3,-72],[8,0],[4,-90],[-44,-1],[-1,15],[-117,-3],[1,-15],[-45,-1]],[[68596,72204],[119,2],[0,13],[-3,0],[-1,12],[-116,-2],[1,-25]],[[46738,54982],[-1,9],[-158,-4],[-2,45],[127,3],[0,10],[-48,-2],[-3,82],[78,2],[0,6],[72,2],[-2,50],[-13,0],[1,-16],[-13,-1],[1,-10],[-28,-1],[0,13],[-13,-1],[0,15],[-12,0],[0,11],[-10,0],[-2,44],[13,0],[0,10],[11,1],[-1,15],[-14,0],[-1,15],[51,1],[1,-15],[12,1],[1,-16],[13,0],[-2,54],[-71,-2],[-1,4],[-24,-1],[-4,91],[-133,-3],[-3,45],[223,6],[2,-46],[-11,0],[4,-87],[90,2],[3,-67],[12,0],[2,-54],[-13,0],[4,-71],[-91,-2],[3,-82],[9,0],[2,-47],[-15,0],[0,-8],[-46,-1]],[[70346,76818],[-1,34],[9,0],[-1,31],[-9,0],[-2,34],[133,3],[1,-35],[-72,-2],[1,-28],[72,2],[2,-36],[-133,-3]],[[73144,60332],[64,1],[1,-11],[17,-12],[16,1],[1,-51],[-96,-1],[-3,73]],[[77049,64696],[-617,-14],[-3,89],[615,14]],[[77044,64785],[5,-89]],[[58729,69400],[-2,34],[-6,0],[-1,34],[5,0],[-1,40],[5,0],[-2,79],[30,1],[1,-29],[5,0],[3,-50],[19,0],[2,-27],[-25,-1],[1,-5],[-14,0],[1,-16],[69,1],[-2,42],[118,3],[2,-47],[7,0],[0,-19],[-7,0],[2,-35],[-210,-5]],[[64660,64860],[-6,166],[151,3],[4,-92],[-32,-1],[-2,56],[-60,-1],[2,-60],[1,0],[3,-69],[-61,-2]],[[56374,69855],[-114,-2],[-2,34],[9,0],[-1,7],[35,1],[-1,48],[71,2],[3,-90]],[[51755,70936],[175,3],[3,-65],[-54,-2],[-1,12],[-122,-5],[-1,57]],[[70607,54253],[-142,49],[115,193],[186,4],[12,-15],[-108,-181],[-56,20],[-20,-33],[14,-5],[-1,-32]],[[54211,51763],[-4,104],[-10,0],[-6,143],[10,0],[-2,30],[53,1],[-6,159],[155,4],[3,-69],[-49,-2],[0,-3],[49,1],[3,-87],[29,1],[3,-93],[-112,-130],[-34,-1],[1,-38],[-15,-18],[-68,-2]],[[48702,30960],[-15,6],[-31,0],[-5,141],[288,7],[2,-56],[38,1],[0,13],[30,0],[3,-100],[-18,-6],[-292,-6]],[[65173,42957],[0,14],[-35,-1],[-6,139],[97,3],[-1,14],[24,5],[0,-9],[12,0],[0,-10],[49,1],[0,-2],[48,1],[0,-14],[52,1],[4,-118],[-26,-1],[0,-18],[-218,-5]],[[57939,34663],[-1,65],[44,1],[6,-4],[2,-62],[-51,0]],[[68907,27067],[-3,76],[9,0],[0,6],[36,1],[1,-7],[11,1],[1,-34],[12,0],[0,7],[116,2],[0,-7],[11,0],[-1,36],[9,0],[0,5],[38,1],[0,-6],[10,0],[3,-76],[-253,-5]],[[56989,32344],[-1,38],[-92,-2],[-2,48],[69,2],[-1,8],[-1,0],[-2,67],[-5,0],[-1,21],[-10,0],[-1,25],[9,1],[-1,21],[6,0],[-3,67],[2,0],[0,9],[-68,-2],[-3,76],[80,2],[1,11],[6,8],[9,4],[12,2],[11,-3],[7,-4],[5,-6],[1,-12],[135,3],[2,-63],[-135,-2],[8,-245],[61,1],[2,-33],[-61,-2],[-1,-1],[1,-39],[-39,0]],[[66678,28686],[-3,107],[384,8],[2,-37],[-170,-4],[1,-13],[219,4],[1,-37],[-51,-1],[1,-20],[-384,-7]],[[47147,27873],[8,0],[-2,36],[-7,0],[-1,17],[35,1],[1,-16],[79,2],[0,15],[35,1],[0,-16],[-8,0],[2,-36],[8,0],[0,-17],[-35,-1],[-1,17],[-79,-2],[1,-17],[-35,-1],[-1,17]],[[46918,27996],[51,1],[6,-132],[-51,-1],[-6,132]],[[46668,24774],[0,3],[-52,-1],[-2,26],[7,0],[-1,14],[10,0],[-1,29],[-19,-1],[-2,47],[9,0],[0,3],[16,1],[0,7],[7,1],[0,8],[50,1],[0,16],[-50,-1],[0,8],[-20,0],[0,2],[-17,0],[0,18],[16,0],[0,3],[25,0],[-1,16],[28,1],[0,-8],[27,1],[0,4],[46,2],[1,-24],[-17,0],[0,-1],[3,0],[1,-20],[-35,-1],[0,-16],[16,1],[0,-8],[8,0],[0,-9],[17,1],[0,-3],[8,0],[2,-46],[-19,-1],[1,-29],[11,1],[0,-14],[6,0],[1,-26],[-51,-1],[0,-3],[-29,-1]],[[55987,23043],[-1,28],[-82,-2],[-1,22],[-6,0],[0,7],[5,1],[0,16],[85,3],[-1,2],[158,4],[1,-27],[-5,0],[0,-19],[-92,-3],[1,-30],[-62,-2]],[[62588,11823],[-1,19],[-10,-1],[-1,19],[11,0],[-2,38],[-23,-1],[-2,26],[-2,0],[-3,60],[4,0],[0,11],[4,0],[-1,35],[72,2],[-1,4],[28,0],[1,-40],[6,0],[0,-21],[-5,0],[1,-42],[6,0],[1,-20],[-5,0],[1,-31],[8,0],[1,-15],[-7,0],[1,-41],[-82,-2]],[[73812,66636],[-6,0],[-3,67],[85,2],[2,-68],[-78,-1]],[[73040,66538],[-2,57],[32,1],[0,-6],[7,0],[0,7],[33,0],[2,-58],[-34,0],[0,7],[-6,0],[0,-8],[-32,0]],[[72895,68656],[-2,49],[144,3],[2,-51],[-6,0]],[[73033,68657],[-138,-1]],[[72691,69969],[0,14],[-9,0],[-4,141],[119,2],[0,-21],[16,1],[4,-134],[-126,-3]],[[75664,67393],[79,2],[11,-2],[4,-3],[58,-89],[-54,0]],[[75762,67301],[-18,0]],[[75744,67301],[-12,-1],[-1,32],[-6,0],[0,5],[-59,-2]],[[72755,68090],[-5,96],[142,3],[1,-72],[-18,-1],[0,-9],[-5,-8],[-9,-5],[-6,-1],[-100,-3]],[[64397,73899],[-3,57],[217,6],[3,-57],[-217,-6]],[[74083,67966],[15,0],[-1,14],[-3,0],[0,10],[-2,0],[-1,20],[59,1],[0,-19],[-1,0],[0,-11],[-3,0],[1,-14],[14,1],[1,-24],[-78,-2],[-1,24]],[[73287,68356],[-3,51],[19,0],[1,-10],[70,3],[2,-32],[-72,-2],[0,-10],[-17,0]],[[63913,70973],[-94,127],[213,91],[73,12],[14,-20],[34,15],[53,-72],[-23,-9],[7,-9],[-42,-18],[10,-14],[-245,-103]],[[73036,68583],[6,0],[1,-36],[-36,0],[0,10],[-73,-2],[0,-8],[-35,0],[-2,34]],[[72897,68581],[139,2]],[[73394,67366],[-64,-2],[-3,44],[65,0],[0,-5],[69,1],[3,-40],[-67,-2],[-1,4],[-2,0]],[[73393,67441],[0,-19],[-60,0],[-2,19],[62,0]],[[73393,67441],[-54,0],[-1,18],[61,0],[0,-18],[-6,0]],[[73432,67420],[69,0],[-1,-15],[-67,0],[-1,15]],[[73432,67420],[-2,36]],[[73430,67456],[63,1],[2,-36],[-63,-1]],[[73430,67456],[-4,69],[68,1],[1,-33],[-4,0],[3,-36],[-64,-1]],[[83920,34519],[0,8],[-64,-1],[0,6],[-6,0],[-1,23],[5,0],[0,6],[65,2],[0,7],[70,1],[42,35],[-1,25],[-89,-2],[1,-28],[-65,-1],[-1,4],[-4,0],[0,5],[4,0],[0,6],[2,0],[-2,61],[7,0],[-1,15],[-8,-1],[19,87],[170,3],[1,-35],[-3,-2],[1,-11],[4,-4],[-87,-1],[1,-48],[-12,0],[0,-4],[60,1],[-1,22],[35,0],[3,-89],[-24,0],[0,-8],[-36,-29],[2,-1],[2,-50],[-89,-2]],[[83289,36341],[0,15],[-79,-1],[-2,76],[168,3],[3,-77],[-6,0],[0,-15],[-84,-1]],[[83248,34830],[-1,43],[35,27],[-45,33],[44,35],[-3,118],[43,34],[34,0],[0,20],[-115,-2],[-2,112],[140,2],[1,-46],[8,0],[1,-13],[-6,0],[2,-53],[-20,0],[0,-19],[58,-43],[63,1],[1,-46],[19,-14],[0,-19],[-41,-33],[1,-14],[-74,0],[4,-114],[-22,0],[-10,-8],[-115,-1]],[[77584,36497],[-6,3],[-4,94],[6,4],[47,1],[6,-4],[4,-94],[-3,-3],[-50,-1]],[[75964,36333],[-2,59],[24,1],[0,-6],[83,1],[0,4],[23,0],[0,4],[-4,0],[-4,6],[0,12],[4,6],[3,0],[0,4],[-25,0],[0,2],[-82,-2],[1,-6],[-24,0],[-2,60],[60,1],[0,-5],[10,0],[1,-10],[-10,-1],[1,-1],[-27,0],[0,-9],[-5,0],[1,-7],[5,0],[-1,5],[15,0],[0,4],[26,0],[0,-3],[34,1],[0,4],[25,0],[0,-4],[24,0],[2,-90],[-24,0],[0,-4],[-23,0],[0,3],[-35,0],[0,-4],[-24,-1],[-1,4],[-15,-1],[0,6],[-5,-1],[0,-7],[5,0],[0,-8],[27,1],[0,-2],[8,0],[0,-10],[-10,0],[-5,-6],[-54,0]],[[84093,34205],[-2,50],[-14,-1],[-1,27],[202,4],[2,-48],[-6,0],[0,3],[-67,-1],[1,-31],[-115,-3]],[[65090,19131],[-40,7],[-7,113],[64,2],[0,-3],[15,1],[0,1],[49,1],[0,-1],[6,1],[1,-16],[28,0],[4,7],[8,2],[8,0],[7,-3],[4,-5],[0,-7],[-2,-6],[-7,-5],[0,-9],[148,2],[1,-11],[21,0],[9,-5],[4,-5],[0,-7],[-4,-5],[-6,-4],[-25,-1],[0,-15],[-9,-1],[-5,-8],[-23,0],[0,7],[-133,1],[2,-30],[3,0],[6,-2],[1,-6],[-4,-4],[-8,0],[-7,4],[-61,-1],[0,9],[-17,0],[0,9],[-31,-7]],[[62299,24707],[-6,4],[-4,-3],[-12,8],[5,4],[-7,4],[6,6],[-5,3],[6,6],[-10,7],[-1,4],[2,6],[19,15],[-1,18],[-2,1],[-1,13],[-8,-1],[-1,32],[4,6],[4,0],[0,11],[4,4],[-7,0],[-1,13],[-13,0],[-3,102],[18,4],[-10,25],[-2,10],[2,21],[3,10],[5,10],[85,-22],[0,-35],[-14,-4],[0,-8],[-8,-7],[2,-38],[-10,0],[1,-71],[-2,0],[0,-7],[15,0],[5,-3],[2,-66],[5,0],[17,-13],[0,-4],[-9,-7],[10,-7],[0,-5],[-9,-6],[-4,0],[-5,3],[-52,-42],[-6,3],[-7,-4]],[[48870,40022],[-30,6],[0,17],[-6,0],[-1,28],[137,3],[42,34],[-9,210],[-11,0],[-8,6],[0,16],[4,0],[0,14],[69,28],[25,0],[2,-54],[-9,0],[0,-15],[10,0],[5,-122],[-10,0],[1,-15],[10,1],[3,-80],[-10,0],[1,-34],[-46,-38],[-38,-1],[-1,7],[-20,-1],[1,-7],[-111,-3]],[[53805,56250],[-2,38],[126,3],[0,6],[-45,-1],[-2,53],[45,1],[0,7],[-106,-2],[0,-5],[-20,0],[-1,43],[157,3],[0,-3],[3,0],[1,-21],[-4,0],[1,-15],[3,0],[3,-65],[-3,0],[1,-15],[3,0],[1,-21],[-5,0],[0,-3],[-156,-3]],[[48953,58760],[-2,74],[182,4],[0,-20],[31,1],[-1,19],[47,1],[2,-55],[-97,-1],[0,-12],[-58,-1],[0,-9],[-104,-1]],[[49776,57123],[0,7],[-6,0],[-2,45],[-59,-1],[0,2],[-9,0],[0,9],[8,0],[-1,10],[-8,0],[0,8],[8,0],[-1,11],[-8,0],[-1,8],[11,0],[-1,12],[-10,-1],[0,9],[38,1],[0,-3],[39,1],[2,-25],[18,0],[1,-32],[1,0],[3,-36],[10,0],[-1,22],[-4,0],[0,20],[-2,-2],[-1,19],[5,1],[0,14],[-7,0],[0,7],[7,0],[0,4],[21,1],[0,-6],[11,0],[0,4],[10,0],[0,3],[15,0],[0,-7],[16,1],[2,-50],[6,0],[0,-23],[-1,0],[1,-24],[-4,-1],[0,-6],[-12,0],[0,9],[-5,-1],[0,12],[-4,0],[0,7],[2,0],[0,4],[-3,3],[0,4],[2,3],[-1,22],[-3,2],[0,5],[3,4],[0,8],[-7,0],[-5,-2],[-6,-1],[-4,4],[-8,-1],[1,-19],[4,-2],[0,-5],[-3,-3],[1,-9],[2,-2],[1,-5],[-3,-3],[1,-28],[-4,0],[0,-6],[-12,-1],[-1,7],[-31,-1],[0,-7],[-12,0]],[[67864,60813],[-30,-1],[2,-60],[31,1],[2,-38],[-111,-2],[-5,147],[111,2],[0,-49]],[[65829,62324],[0,-38],[24,-1],[1,-47],[-10,-1],[0,-3],[-88,-2],[-4,51],[13,1],[-2,39],[-52,-1],[-1,35],[139,3],[2,-35],[-22,-1]],[[72065,60898],[99,3],[2,-44],[-98,-3],[-3,44]],[[66068,61551],[-3,74],[105,2],[-2,65],[20,0],[4,-4],[21,1],[4,3],[156,4],[5,-4],[22,1],[2,4],[28,0],[5,-124],[29,1],[-5,124],[183,4],[6,-131],[-6,-7],[-176,-4],[0,2],[-30,0],[0,-2],[-368,-9]],[[67880,60911],[-3,70],[113,2],[3,-69],[-113,-3]],[[72691,55596],[-72,-2],[0,87],[68,2],[4,-87]],[[55535,68393],[-19,0],[-1,18],[61,1],[0,-9],[-8,-1],[0,-8],[-18,-1],[-4,-2],[-7,0],[-4,2]],[[55526,68551],[96,1],[0,-6],[8,0],[0,-10],[-3,-2],[0,-3],[3,0],[1,-18],[-52,-1],[2,-59],[-8,0],[0,-6],[-13,0],[-3,2],[-4,0],[0,-3],[-24,0],[-3,105]],[[67584,65579],[-7,207],[218,4],[1,-33],[-172,-3],[4,-140],[40,1],[1,-34],[-85,-2]],[[68537,61483],[-26,0],[0,1],[-18,0],[-8,-2],[0,6],[8,1],[-1,23],[-42,0],[-1,7],[-4,0],[-1,33],[17,1],[0,3],[121,3],[3,-73],[-48,-1],[0,-2]],[[68029,61595],[-4,91],[110,3],[5,-91],[-111,-3]],[[54880,61056],[-23,2],[0,2],[-4,-1],[0,29],[3,0],[0,6],[-3,0],[0,8],[-3,0],[-2,28],[142,0],[-1,18],[-45,-1],[-3,68],[24,1],[11,3],[22,1],[22,-3],[25,0],[4,-67],[-6,0],[0,-14],[8,0],[1,-20],[-3,0],[2,-17],[-4,-1],[0,-5],[4,0],[0,-29],[-2,-1],[0,-1],[-14,-3],[-10,-1],[-10,1],[-10,2],[1,1],[-4,0],[1,9],[-42,0],[0,3],[-17,-1],[0,-3],[-41,-1],[-1,-9],[-2,0],[1,-1],[-21,-3]],[[54275,63683],[2,-51],[-9,0],[1,-29],[-39,0],[-1,26],[-96,-2],[-3,82],[143,3],[2,-29]],[[68435,62372],[-7,230],[110,2],[8,-230],[-111,-2]],[[58810,61831],[-2,58],[-21,-1],[-1,32],[10,0],[-1,15],[125,3],[4,-104],[-114,-3]],[[58706,60872],[-1,40],[-3,1],[-1,15],[3,2],[-1,30],[-3,2],[-1,15],[3,2],[0,15],[53,1],[0,-15],[4,-2],[0,-15],[-4,-2],[2,-30],[3,-2],[1,-15],[-3,-2],[1,-39],[-53,-1]],[[47850,62257],[-3,100],[-15,0],[-1,30],[85,2],[1,-30],[-27,-1],[0,-15],[30,1],[1,-42],[-29,0],[0,-16],[27,1],[1,-28],[-70,-2]],[[45727,61876],[0,1],[-34,0],[-1,19],[-6,0],[-3,105],[107,3],[1,-29],[-20,0],[3,-77],[21,1],[1,-21],[-33,0],[0,-2],[-36,0]],[[36089,62005],[18,1],[0,-3],[108,3],[0,-2],[31,1],[0,4],[41,2],[0,-10],[2,0],[1,-11],[-3,0],[1,-11],[-44,-1],[0,-1],[-15,-1],[0,2],[-21,0],[0,-2],[-13,0],[0,2],[-21,-1],[1,-2],[-7,0],[-6,1],[-8,-1],[-9,1],[-5,0],[0,-2],[-14,0],[0,2],[-8,0],[0,-6],[4,0],[1,-10],[-3,0],[0,-6],[30,0],[-1,1],[20,2],[6,-2],[34,2],[0,-2],[20,1],[15,2],[0,-2],[44,1],[0,-10],[2,0],[0,-11],[-2,0],[1,-10],[-39,-1],[0,5],[-130,-4],[1,-2],[-27,-2],[-5,83]],[[36254,62114],[-6,0],[-1,24],[34,1],[1,-34],[-2,-4],[2,-4],[1,-10],[-28,-1],[-1,28]],[[26864,69332],[-8,245],[96,1],[1,-8],[37,1],[4,-136],[254,5],[3,-101],[-387,-7]],[[37410,62241],[-18,12],[-13,6],[-13,3],[-15,1],[-7,-1],[-7,-11],[-109,-2],[-3,82],[191,5],[2,-46],[96,2],[-2,63],[65,1],[4,-100],[-14,0],[0,-6],[-67,-1],[0,-2],[-15,0],[0,1],[-66,-1],[-9,-6]],[[74020,56995],[-26,0],[0,3],[-26,0],[0,26],[-4,0],[0,16],[4,0],[-1,32],[-4,0],[-1,16],[4,0],[0,13],[26,0],[0,4],[23,0],[0,-4],[24,0],[1,-26],[4,0],[0,-11],[-2,0],[0,-13],[4,0],[0,-14],[-2,0],[1,-39],[-25,0],[0,-3]],[[75437,45641],[0,21],[-4,0],[-3,87],[4,0],[0,24],[54,1],[1,-23],[4,0],[1,-68],[15,0],[1,-19],[-19,0],[1,-22],[-55,-1]],[[74849,56377],[158,3],[3,-93],[-158,-3],[-3,93]],[[75145,57342],[-56,-1],[-1,37],[11,0],[-1,61],[44,1],[1,-23],[-14,-1],[2,-37],[13,0],[1,-37]],[[73599,48742],[-4,107],[68,1],[0,16],[-68,-1],[-10,300],[92,2],[2,-71],[14,0],[1,-21],[-12,0],[0,-15],[11,0],[2,-68],[-11,0],[5,-142],[90,2],[-1,16],[-46,-1],[-5,142],[-14,-1],[-1,37],[5,1],[-1,6],[11,0],[-3,116],[93,2],[11,-301],[-25,-1],[0,-15],[25,0],[3,-107],[-232,-4]],[[74461,54413],[377,7],[3,-74],[-377,-8],[-3,75]],[[75277,56430],[-2,104],[137,1],[1,-104],[-136,-1]],[[72654,48089],[0,15],[5,0],[0,11],[14,0],[0,10],[45,1],[0,13],[46,1],[1,-6],[7,0],[0,6],[46,1],[0,-16],[-4,0],[0,-11],[-15,0],[0,-9],[-45,-1],[0,-13],[-46,-1],[0,6],[-8,0],[0,-6],[-46,-1]],[[75075,54840],[-4,93],[156,3],[2,-92],[-154,-4]],[[43017,75478],[-2,51],[27,0],[-4,89],[29,0],[-2,52],[-6,0],[-3,51],[-50,-1],[-6,151],[9,0],[0,22],[13,0],[1,-22],[143,4],[2,-63],[10,0],[3,-61],[-8,0],[3,-71],[-18,0],[1,-31],[-15,0],[2,-29],[-15,0],[2,-30],[-14,-1],[2,-58],[-15,-1],[2,-29],[-20,0],[1,-22],[-72,-1]],[[62651,70700],[-6,96],[77,2],[0,5],[-4,0],[-1,17],[14,0],[10,8],[25,0],[2,-30],[5,0],[6,-93],[-128,-5]],[[61991,73689],[-32,70],[48,13],[19,-40],[-4,-1],[14,-30],[-14,-3],[2,-4],[-16,-4],[-2,3],[-15,-4]],[[61864,73891],[-6,14],[-7,-1],[-66,137],[-7,-1],[-31,69],[-12,-3],[-35,76],[12,4],[-31,65],[-84,73],[111,73],[20,-17],[23,-44],[-24,-16],[25,-21],[42,-92],[27,7],[8,-17],[-12,-3],[28,-59],[-16,-5],[102,-222],[-67,-17]],[[61933,71124],[-20,2],[0,1],[-11,0],[0,15],[-5,0],[0,2],[-9,3],[-5,7],[-1,3],[4,7],[8,4],[4,1],[-1,1],[3,0],[0,17],[11,0],[-1,24],[-3,0],[-1,28],[3,0],[-1,21],[-3,0],[-1,11],[-30,-1],[-2,79],[31,1],[0,7],[11,0],[0,3],[47,1],[0,-10],[96,2],[0,6],[33,0],[2,-84],[-116,-3],[0,-6],[-48,-1],[1,-26],[4,0],[0,-27],[-3,-1],[1,-21],[2,0],[0,-3],[12,0],[0,-15],[3,0],[1,-28],[-3,-1],[0,-15],[-10,-1],[0,-3],[-3,0]],[[63491,75471],[-1,5],[-51,-1],[0,2],[-17,-1],[0,3],[-17,-1],[0,3],[-17,0],[0,1],[-16,0],[0,3],[-17,0],[0,1],[-50,-1],[1,-6],[-21,-1],[0,7],[-7,0],[0,8],[7,0],[0,14],[-8,0],[0,8],[7,0],[0,6],[20,1],[0,-10],[50,1],[0,-2],[10,0],[0,2],[8,0],[0,-4],[9,0],[0,2],[8,0],[0,-4],[8,0],[0,2],[8,0],[0,-5],[9,1],[0,2],[8,0],[0,-4],[9,0],[0,1],[8,0],[0,-3],[50,1],[-1,37],[-52,-1],[0,2],[-8,0],[0,-2],[-8,0],[0,4],[-9,0],[0,-2],[-8,0],[0,5],[-9,0],[0,-2],[-8,-1],[0,5],[-9,0],[1,-2],[-8,0],[0,5],[-9,-1],[0,-2],[-8,0],[0,5],[-51,-1],[1,-10],[-20,-1],[0,7],[-8,0],[0,7],[8,0],[0,14],[-9,0],[0,8],[7,0],[0,6],[20,1],[0,-6],[50,1],[0,-3],[17,1],[0,-3],[17,0],[0,-3],[17,1],[0,-3],[17,1],[0,-3],[17,0],[0,-2],[50,1],[0,5],[19,0],[2,-34],[7,0],[0,-8],[-18,0],[1,-14],[18,0],[0,-8],[-7,-1],[1,-33],[-18,-1]],[[65180,76066],[-39,28],[32,25],[10,-7],[7,5],[-29,21],[-6,-6],[9,-6],[-31,-25],[-39,28],[81,65],[86,-63],[-81,-65]],[[59991,72349],[-3,69],[23,0],[0,-2],[114,3],[0,2],[24,0],[1,-36],[20,1],[1,-30],[-20,0],[0,-3],[-30,0],[0,2],[-27,0],[0,15],[26,1],[0,12],[-38,-1],[0,-18],[-2,-2],[-8,-3],[-4,0],[-7,4],[-1,3],[-1,16],[-40,-1],[1,-12],[28,0],[0,-3],[8,0],[0,-15],[-8,0],[0,2],[-26,0],[0,-4],[-31,0]],[[54763,80715],[58,31],[1,-11],[61,1],[2,-55],[-40,-1],[54,-39],[7,1],[-3,89],[35,1],[1,-19],[-3,0],[3,-75],[49,-35],[-18,-12],[9,-7],[-40,-32],[-33,22],[2,2],[-24,17],[-35,-1],[1,-33],[-99,-2],[-5,145],[18,1],[-1,12]],[[54811,80657],[3,-53],[18,0],[0,13],[56,1],[0,3],[-9,0],[-53,39],[-4,-3],[-11,0]],[[69767,9912],[0,5],[-109,-2],[-1,11],[-25,0],[-6,183],[410,8],[0,-20],[290,6],[5,-163],[-12,0],[0,-11],[-53,-1],[0,-4],[-39,-1],[0,5],[-99,-2],[0,-5],[-34,-1],[0,4],[-159,-3],[0,-6],[-168,-3]],[[69676,15566],[173,3],[4,-49],[-40,-1],[0,6],[-37,0],[1,-4],[-23,0],[0,3],[-36,0],[0,-6],[-41,-1],[-1,49]],[[70482,12163],[-1,18],[-2,0],[-2,63],[-10,0],[-5,138],[-14,0],[-2,81],[100,2],[3,-80],[-26,0],[8,-221],[-49,-1]],[[30975,73353],[-2,54],[-35,0],[-2,69],[-33,0],[-1,43],[29,1],[-3,58],[-29,0],[-14,382],[14,0],[-3,60],[-14,-1],[-3,76],[-13,0],[-1,13],[163,4],[1,-22],[-5,-1],[2,-66],[-2,-1],[-33,-60],[14,-351],[63,-87],[2,0],[1,-14],[11,0],[2,-72],[-11,-1],[2,-39],[10,0],[1,-31],[-9,0],[1,-12],[-103,-2]],[[44573,69972],[-7,168],[-25,3],[4,17],[21,0],[-1,45],[-48,-1],[-2,35],[38,1],[-12,297],[226,5],[2,-58],[9,0],[6,-141],[-9,-1],[3,-76],[9,-6],[2,-42],[-9,-7],[5,-116],[9,-6],[5,-105],[-10,-7],[-216,-5]],[[35891,82212],[-1,36],[-4,0],[-4,91],[-12,0],[0,25],[10,1],[0,2],[-15,0],[-1,57],[7,1],[1,-13],[7,0],[0,8],[98,2],[1,-35],[27,1],[0,-10],[86,2],[-3,75],[-45,0],[-1,44],[-12,0],[-1,48],[74,1],[0,-15],[54,2],[2,-45],[6,0],[1,-31],[4,0],[7,-219],[-195,-4],[0,-10],[-17,0],[1,-12],[-75,-2]],[[36094,82281],[-1,51],[-15,0],[-1,39],[-71,-1],[1,-22],[6,0],[2,-49],[61,1],[0,-19],[18,0]],[[31104,81705],[-1,13],[-5,0],[-1,24],[6,0],[-1,28],[-5,-1],[-1,25],[4,1],[0,9],[58,2],[-1,4],[33,1],[1,-5],[55,2],[1,-11],[5,0],[2,-25],[-6,0],[0,-11],[-34,-1],[0,-6],[-25,-1],[0,7],[-26,-1],[1,-15],[6,0],[1,-24],[-7,-1],[0,-12],[-60,-2]],[[34217,81167],[-1,8],[-33,0],[-1,30],[17,0],[0,7],[-9,-1],[-3,112],[86,2],[4,-114],[-8,0],[0,-5],[18,1],[-5,130],[13,0],[0,-3],[13,0],[5,-152],[-5,-5],[-61,-1],[0,-9],[-30,0]],[[34031,82149],[-2,54],[153,3],[1,-33],[19,0],[-1,23],[46,1],[1,-44],[-217,-4]],[[29125,82590],[-158,-84],[-36,41],[162,81],[32,-38]],[[47512,89564],[0,6],[-8,0],[0,7],[-19,0],[0,-6],[-38,-1],[0,6],[-20,0],[-1,50],[18,0],[0,7],[39,0],[0,-6],[36,1],[0,6],[39,1],[0,-6],[15,0],[0,7],[23,0],[0,-6],[20,0],[0,-51],[-19,0],[1,-6],[-38,-1],[0,6],[-19,0],[0,-7],[-8,0],[0,-7],[-21,0]],[[46463,87316],[-4,125],[30,1],[-3,96],[173,3],[-1,8],[13,1],[1,-35],[13,0],[5,-162],[-11,0],[1,-34],[-217,-3]],[[72372,60199],[-7,116],[97,4],[8,-117],[-98,-3]],[[74335,58663],[-1,94],[166,1],[1,-94],[-166,-1]],[[73437,60046],[69,1],[7,-181],[-68,-2],[-8,182]],[[73086,59530],[-4,102],[21,1],[-2,39],[-10,0],[1,20],[170,3],[2,-43],[-145,-4],[1,-15],[20,1],[3,-103],[-57,-1]],[[73039,60378],[-4,74],[97,3],[4,-74],[-97,-3]],[[73408,60810],[66,2],[3,-96],[-65,-1],[-4,95]],[[83282,41018],[-2,74],[115,3],[3,-74],[-44,-1],[-1,39],[-26,-1],[2,-39],[-47,-1]],[[77976,49376],[-1,46],[68,1],[0,5],[14,0],[1,-5],[57,1],[1,-46],[-15,0],[0,4],[-112,-2],[1,-4],[-14,0]],[[78578,48959],[-3,2],[-25,0],[0,20],[-3,1],[0,5],[3,1],[-1,19],[26,0],[3,2],[4,0],[2,-2],[26,1],[1,2],[5,0],[2,-2],[47,1],[2,1],[5,1],[2,-2],[25,1],[2,1],[5,0],[1,-1],[27,0],[1,1],[6,1],[2,-2],[27,1],[1,-24],[2,-2],[0,-5],[-2,-1],[1,-14],[-49,-1],[-2,-1],[-7,0],[-2,1],[-15,-1],[-4,-1],[-4,0],[-2,1],[-24,0],[-2,-1],[-6,0],[-1,1],[-25,-1],[-8,-2],[-3,3],[-23,-1],[0,-1],[-9,0],[-2,-2],[-6,0]],[[78102,48932],[-1,46],[141,3],[2,-41],[-4,0],[0,-4],[-11,-1],[0,4],[-113,-2],[0,-4],[-14,-1]],[[77760,48856],[-1,46],[140,3],[1,-46],[-12,0],[0,5],[-112,-2],[0,-5],[-16,-1]],[[74512,58881],[-4,0],[0,22],[-14,-1],[-1,23],[11,0],[0,8],[6,-1],[-1,8],[165,5],[2,-58],[-36,-1]],[[74504,59367],[157,4],[2,-35],[-158,-3],[-1,34]],[[79429,41708],[-4,118],[-126,-2],[-1,60],[29,0],[0,10],[28,0],[0,-9],[77,1],[0,-3],[12,1],[0,-13],[48,1],[1,-30],[-9,0],[1,-40],[4,0],[1,-24],[-5,0],[1,-39],[9,0],[1,-30],[-67,-1]],[[82813,40980],[-2,50],[31,0],[1,-9],[7,0],[7,2],[8,-2],[10,0],[6,2],[5,-2],[5,3],[5,0],[4,-3],[10,1],[7,2],[8,-2],[11,0],[0,2],[20,0],[0,-1],[2,0],[2,-3],[0,-5],[-2,-2],[-2,0],[0,-11],[3,-1],[2,-7],[-2,-3],[-3,0],[0,-1],[-19,0],[0,1],[-11,0],[-7,-1],[-7,1],[-15,-1],[-5,1],[-37,-2],[-11,1],[0,-9],[-31,-1]],[[79789,44597],[-1,83],[191,3],[0,1],[33,0],[1,-11],[2,-2],[0,-5],[-3,-1],[0,-10],[-61,-1],[-6,-3],[-66,-1],[-6,-2],[-7,2],[-10,-2],[-5,2],[-30,-1],[0,-22],[29,1],[3,1],[7,1],[16,0],[5,-1],[67,1],[2,-3],[63,1],[0,-8],[4,-3],[0,-4],[-3,-2],[1,-13],[-33,0],[0,2],[-193,-3]],[[29035,73199],[0,-13],[2,1],[1,-25],[-8,0],[0,-8],[-22,-1],[-2,5],[-75,-2],[0,-44],[78,3],[-1,6],[24,1],[0,-10],[6,0],[1,-24],[-2,0],[0,-9],[-135,-3],[-6,122],[139,1]],[[60902,98334],[-17,86],[91,10],[16,-87],[-90,-9]],[[73421,60481],[-4,86],[3,1],[0,2],[61,1],[4,-89]],[[55253,86891],[-13,2],[-5,3],[-8,8],[-1,9],[4,9],[5,4],[-1,12],[-53,-2],[-2,17],[-23,-1],[-3,31],[25,2],[0,15],[53,2],[0,7],[-6,6],[-3,4],[0,10],[5,9],[11,6],[12,1],[6,-1],[12,-5],[29,5],[37,3],[38,-3],[18,-3],[4,-32],[-2,-33],[-29,0],[1,-24],[-6,0],[4,-55],[-30,-3],[-21,-1],[-25,1],[-14,3],[-7,-4],[-12,-2]],[[17670,87155],[-31,22],[1,2],[-1,2],[20,13],[-4,0],[0,6],[-17,0],[-5,123],[58,1],[5,-119],[5,-4],[158,3],[1,-44],[-161,-4],[0,13],[-8,-1],[0,3],[-17,-16],[-2,1],[-2,-1]],[[16222,88110],[-2,30],[54,2],[2,-30],[-54,-2]],[[17961,88110],[-1,16],[-4,0],[-1,11],[5,0],[0,7],[8,0],[0,10],[5,0],[-1,23],[-11,0],[0,9],[-5,0],[-1,35],[6,0],[-1,17],[12,0],[0,15],[-4,0],[0,18],[-7,0],[0,8],[-5,0],[0,10],[5,0],[0,14],[24,1],[0,-10],[20,0],[0,-3],[21,0],[0,9],[21,0],[0,3],[47,1],[0,-4],[20,0],[1,-38],[-22,0],[0,-3],[-47,0],[0,3],[-19,0],[0,-11],[-5,0],[1,-15],[-13,0],[0,-14],[4,0],[1,-38],[-5,0],[0,-7],[11,1],[1,-14],[5,0],[0,-11],[20,1],[0,3],[47,1],[0,-5],[20,1],[1,-37],[-22,-1],[0,-3],[-46,-1],[0,4],[-23,-1],[0,9],[-19,0],[0,-3],[-20,0],[0,-10],[-24,-1]],[[24985,96796],[-1,6],[-173,-3],[-2,40],[3,0],[-1,48],[-4,0],[0,28],[236,4],[1,-24],[-8,-1],[1,-16],[14,0],[0,-14],[-7,0],[2,-67],[-61,-1]],[[24867,96840],[125,4],[-2,49],[-125,-2],[2,-51]],[[31251,92710],[3,-8],[-2,-57],[-33,0],[-2,-91],[-81,0],[1,-8],[-11,1],[0,7],[-112,1],[-28,29],[0,54],[10,0],[1,68],[3,3],[6,0],[0,3],[5,5],[5,1],[223,-2],[9,-3],[3,-3]],[[69033,63644],[0,128],[305,0],[-1,-126],[-304,-2]],[[72633,62219],[1,-7],[9,1],[0,5],[7,0],[-1,18],[40,1],[1,-31],[27,1],[-2,31],[45,2],[3,-58],[-181,-5],[-2,41]],[[71381,65227],[56,2],[0,-14],[77,1],[0,-24],[12,1],[1,-7],[3,0],[1,-34],[-15,0],[0,-9],[-215,-3],[-2,73],[83,2],[-1,12]],[[73814,63336],[150,2]],[[73964,63338],[7,-127]],[[73971,63211],[-152,-1],[0,2],[-68,-1],[-1,43]],[[73750,63254],[67,0],[-3,82]],[[73067,61939],[-22,0],[-1,4],[-14,-1],[4,-98],[-50,-1],[-6,139],[87,2],[2,-45]],[[74369,62445],[8,0],[1,-34],[-167,0],[-1,34],[159,0]],[[72772,62284],[-5,0],[-1,36],[123,1],[0,-36],[-117,-1]],[[71595,61657],[-40,0],[-3,118],[42,0]],[[69299,62600],[2,-106],[-8,-1],[0,-14],[-104,-2],[-6,135],[106,2],[0,-15],[10,1]],[[70682,61309],[-3,71],[291,8],[3,-70],[-291,-9]],[[69734,61398],[86,1],[4,-108],[-94,-2],[-2,45],[38,0],[-1,29],[-39,-1],[-1,10],[-49,-1],[-1,21],[59,1],[0,5]],[[72682,65707],[-1,2],[-24,0],[-1,49],[107,1],[1,-52],[-82,0]],[[73581,62297],[0,42],[118,0],[0,-43]],[[72501,65036],[0,13],[-4,-1],[-2,63],[66,1],[0,-35],[26,0],[-1,33],[34,1],[1,-33],[26,0],[-1,34],[33,1],[1,-34],[28,0],[1,-37],[-196,-3],[0,-2],[-12,-1]],[[72713,62263],[0,55],[42,1],[3,-63],[-44,-1],[-1,8]],[[75250,65225],[-2,59],[137,3],[2,-59],[-137,-3]],[[70242,64265],[0,3],[-12,0],[0,-2],[-10,0],[-2,46],[11,1],[0,-3],[11,1],[0,4],[43,0],[0,6],[44,1],[1,-6],[43,1],[1,-4],[10,0],[0,3],[12,0],[0,-11],[3,-15],[-2,-20],[-12,-1],[0,2],[-10,0],[0,-4],[-22,0],[0,2],[-10,0],[0,-4],[-68,-1],[0,5],[-11,0],[0,-4],[-20,0]],[[73810,65068],[0,-4],[-51,-1],[-2,72],[51,1]],[[73571,62651],[85,0],[2,-35],[-63,-1],[0,14],[-24,-1],[0,23]],[[71763,66104],[5,-5],[1,-16],[16,0],[9,1],[0,16],[4,5],[56,1],[2,-95],[-118,-2],[-2,94],[27,1]],[[69927,62959],[1,-78],[-91,-2],[-2,78],[92,2]],[[69518,63861],[208,0],[-2,-43],[-207,0]],[[69517,63818],[1,43]],[[73512,68833],[0,-9],[7,0],[1,-27],[70,2],[2,-44],[-125,-2],[-2,79]],[[69889,75828],[0,10],[8,0],[0,10],[-10,0],[0,11],[76,1],[-17,26],[-61,0],[0,10],[3,0],[0,9],[-4,0],[0,13],[96,0],[14,-21],[-5,-3],[13,-21],[5,1],[15,-22],[-66,-23],[-67,-1]],[[74034,69492],[-106,-4]],[[73928,69488],[2,2],[-3,31],[116,3],[1,-31],[-10,-1]],[[65657,71854],[-3,74],[184,4],[2,-67],[-12,0],[1,-8],[-172,-3]],[[70544,74190],[0,5],[-44,-1],[-1,15],[23,0],[-2,28],[-22,0],[-1,14],[45,1],[-1,8],[35,2],[2,-72],[-34,0]],[[70011,75663],[-20,33],[61,21],[-6,9],[40,14],[30,-50],[-40,-14],[-5,8],[-60,-21]],[[70273,75562],[19,7],[5,-7],[74,25],[15,-25],[-75,-25],[9,-17],[74,25],[15,-24],[-108,-36],[-42,72],[14,5]],[[70878,73223],[0,6],[11,0],[0,7],[-12,0],[-4,82],[90,1],[3,-87],[10,0],[1,-7],[-99,-2]],[[73779,68657],[-34,-1],[-3,8],[-35,-1],[0,9],[-8,-1],[-1,40],[35,0],[2,-2],[10,1],[0,-3],[21,3],[13,-53]],[[66415,73450],[-4,83],[-4,0],[2,-49],[-26,-19],[-38,-1],[0,-5],[-14,-1],[0,6],[-43,-1],[-25,18],[-5,86],[-21,-1],[-1,13],[23,0],[-5,89],[-29,0],[-1,20],[173,5],[3,-64],[36,1],[-1,22],[35,1],[5,-61],[-3,0],[2,-27],[-19,-1],[1,-29],[20,1],[4,-84],[-65,-2]],[[71276,72842],[0,8],[-108,-2],[-1,24],[47,1],[-1,8],[28,0],[0,-8],[35,0],[0,8],[32,1],[1,-40],[-33,0]],[[70371,74026],[-3,36],[17,0],[-5,8],[-7,-3],[-27,46],[-4,-2],[0,-1],[-12,-4],[-14,23],[3,4],[88,30],[7,-13],[9,4],[3,-6],[0,-9],[-48,-17],[1,-3],[8,2],[30,-53],[-3,-1],[0,-4],[12,0],[1,-9],[4,0],[1,-26],[-61,-2]],[[70827,73768],[-4,0],[-1,12],[-28,0],[1,-13],[-45,-1],[0,12],[-27,0],[0,-13],[-36,-1],[-1,57],[171,4],[1,-57],[-3,0]],[[67614,77366],[-5,95],[5,1],[0,4],[-27,-1],[-20,14],[-2,54],[-11,0],[0,15],[180,4],[53,-68],[-46,-22],[1,-23],[-13,0],[4,-70],[-119,-3]],[[70190,78076],[-1,31],[-8,-2],[-2,34],[102,1],[1,-38],[-23,-1],[-1,-3],[-19,-1],[0,5],[-13,-1],[1,-25],[-37,0]],[[70161,78206],[-33,1],[-16,-1],[-1,16],[-4,-1],[1,10],[3,0],[0,24],[16,0],[-1,22],[-28,0],[-1,28],[95,2],[1,-29],[-24,-1],[1,-15],[5,0],[1,-32],[5,0],[0,-11],[-4,-1],[0,-11],[-16,-1]],[[70179,76526],[-4,107],[41,2],[3,-37],[1,1],[1,-18],[3,0],[1,-23],[-3,0],[1,-17],[19,1],[1,-22],[-63,-2],[-1,8]],[[67780,78185],[92,1],[4,-152],[-91,-1],[-5,152]],[[69281,76188],[0,47],[-4,3],[0,5],[2,4],[0,5],[-9,1],[-2,28],[47,1],[4,-46],[48,1],[-1,47],[46,0],[2,-28],[-10,0],[3,-13],[-2,-4],[2,-46],[-31,-1],[-1,14],[-64,-1],[2,-16],[-32,-1]],[[69922,78725],[0,2],[47,1],[1,-18],[-6,0],[4,-81],[5,0],[1,-16],[-47,-1],[-1,20],[6,0],[-4,72],[-5,0],[-1,4]],[[63275,77762],[0,2],[-40,-1],[0,3],[-21,0],[0,15],[22,1],[-1,6],[-15,0],[-2,66],[101,2],[0,15],[4,0],[0,18],[-5,0],[0,4],[28,1],[1,2],[17,9],[17,-8],[4,-125],[-16,-7],[-17,7],[-48,-1],[1,-8],[-30,-1]],[[70233,78563],[-10,9],[-63,-1],[-2,-4],[-16,0],[-1,13],[-11,0],[-1,13],[12,-1],[0,15],[14,1],[0,-6],[61,-1],[0,10]],[[70216,78611],[28,1],[4,-3],[4,-5],[-1,-5],[13,-24],[5,-3],[1,-2],[1,-3],[-1,-4]],[[70145,77937],[-1,22],[10,0],[-1,31],[-10,0],[-1,24],[47,1],[1,-23],[-12,-1],[1,-31],[11,0],[1,-22],[-46,-1]],[[67568,80039],[0,5],[-24,-1],[-1,18],[-14,0],[0,10],[-8,0],[0,5],[-2,0],[0,8],[2,0],[-1,5],[8,0],[0,22],[-8,0],[0,4],[-3,0],[0,6],[2,0],[0,8],[8,0],[-1,19],[-8,0],[0,6],[-2,0],[0,6],[1,0],[0,5],[8,0],[-1,20],[-9,-1],[0,17],[5,0],[-1,13],[-3,0],[-1,29],[32,1],[1,-48],[4,0],[6,-131],[3,-3],[42,1],[2,3],[-4,131],[3,0],[-1,48],[31,1],[1,-30],[-2,0],[0,-12],[5,0],[0,-18],[-7,0],[0,-18],[7,0],[0,-5],[2,0],[0,-7],[-2,0],[1,-5],[-7,-1],[0,-18],[6,0],[1,-8],[2,0],[1,-6],[-2,0],[0,-5],[-7,0],[0,-22],[8,0],[0,-5],[2,0],[1,-7],[-3,0],[0,-5],[-7,0],[0,-10],[-13,-1],[0,-18],[-24,-1],[0,-4],[-29,-1]],[[69410,76508],[-1,29],[32,1],[-1,12],[-31,-1],[-1,29],[31,1],[0,12],[-32,-1],[-1,29],[97,2],[2,-29],[-20,0],[1,-12],[19,0],[2,-29],[-20,0],[0,-12],[27,1],[0,-29],[-104,-3]],[[69688,75962],[-4,108],[54,1],[1,-32],[-15,-1],[2,-43],[17,0],[1,-32],[-56,-1]],[[68219,76040],[-5,108],[84,2],[6,-107],[-85,-3]],[[70817,76587],[-11,0],[-1,30],[-60,-1],[-1,40],[111,1],[3,-68]],[[45257,81170],[-1,17],[4,4],[-3,111],[213,2],[0,-31],[-13,0],[0,8],[-85,-1],[2,-86],[-28,0],[1,-23],[-90,-1]],[[37149,85374],[-8,5],[-3,-3],[-21,15],[3,3],[-7,6],[38,31],[-47,33],[0,25],[16,14],[64,-44],[39,32],[7,-5],[5,3],[20,-15],[-4,-3],[8,-5],[-38,-32],[44,-31],[-7,-6],[4,-3],[-19,-15],[-4,3],[-6,-6],[-45,30],[-39,-32]],[[38277,83955],[-4,113],[28,1],[-1,15],[7,0],[-1,3],[64,1],[1,-3],[4,0],[1,-14],[29,0],[4,-113],[-48,-1],[0,13],[3,0],[0,10],[-3,0],[-1,12],[3,0],[0,9],[-4,0],[0,13],[3,0],[0,9],[-3,0],[-1,14],[4,0],[0,7],[-4,0],[-1,7],[-36,0],[0,-7],[-3,0],[0,-9],[3,0],[1,-12],[-4,0],[1,-10],[3,0],[1,-12],[-4,0],[1,-10],[4,0],[0,-12],[-3,0],[0,-10],[3,0],[1,-13],[-48,-1]],[[67452,84687],[-2,50],[17,-1],[14,1],[13,1],[16,-1],[11,0],[11,2],[14,-1],[55,1],[13,-2],[-1,-11],[1,-21],[2,-10],[-12,-2],[-38,-2],[-14,-1],[-21,1],[-15,-1],[-14,-1],[-35,0],[-15,-2]],[[66223,85219],[122,4],[2,-72],[-122,-3],[-2,71]],[[68588,80056],[162,57],[20,-33],[-28,-10],[-2,4],[-120,-42],[2,-4],[-28,-10],[-20,33],[14,5]],[[68128,81311],[-4,121],[62,1],[4,-120],[-62,-2]],[[67693,81041],[-3,82],[-47,-2],[-1,29],[23,1],[0,7],[82,2],[5,-117],[-59,-2]],[[65281,85897],[-3,99],[-11,0],[-1,17],[5,0],[-2,56],[-6,0],[0,18],[5,0],[-2,59],[-9,-6],[-18,13],[6,6],[-55,-1],[0,-3],[-22,0],[0,3],[-39,-1],[-2,74],[237,4],[10,-336],[-93,-2]],[[67765,82518],[-3,72],[89,3],[2,-43],[-25,0],[0,9],[-21,-1],[2,-39],[-44,-1]],[[62505,78390],[-6,157],[28,1],[1,-9],[88,1],[1,-22],[-5,1],[0,-10],[7,0],[5,-106],[-28,-1],[0,-7],[-63,-1],[0,-4],[-28,0]],[[56695,80003],[0,49],[-116,0],[-2,58],[-14,0],[0,-12],[-10,0],[-1,37],[10,1],[1,-13],[14,1],[-2,77],[153,2],[0,18],[-5,0],[-1,9],[26,0],[1,-9],[-5,0],[1,-19],[184,3],[0,-90],[-67,0],[-1,-38],[-30,0],[0,-21],[-9,-1],[-2,-8],[16,0],[2,-45],[-143,1]],[[63253,83990],[-3,66],[85,2],[14,-67],[-96,-1]],[[63848,86564],[-1,15],[6,0],[-1,28],[-6,0],[0,7],[6,1],[-1,37],[-6,0],[-1,9],[25,0],[2,2],[33,2],[4,-3],[49,1],[2,3],[32,1],[4,-3],[23,1],[0,-9],[-4,0],[1,-39],[6,0],[0,-7],[-6,0],[1,-28],[5,0],[1,-14],[-30,0],[0,13],[-3,3],[-1,4],[3,2],[0,7],[-3,1],[0,5],[3,2],[0,6],[-3,1],[0,5],[2,2],[0,7],[-2,1],[0,5],[2,1],[0,6],[-2,1],[-1,6],[-4,3],[-13,-1],[-4,-2],[1,-5],[-3,-3],[0,-5],[3,-2],[0,-4],[-3,-2],[0,-7],[4,-2],[0,-6],[-3,-1],[0,-5],[3,-2],[0,-4],[-3,-2],[0,-8],[3,-1],[0,-5],[-3,-2],[0,-14],[-61,-1],[-1,14],[-2,2],[0,5],[2,2],[0,7],[-3,2],[0,4],[3,1],[-1,6],[-2,2],[0,5],[2,1],[0,8],[-2,1],[0,5],[2,1],[0,7],[-3,1],[0,5],[-4,3],[-14,-1],[-4,-2],[0,-6],[-1,-1],[0,-6],[3,-1],[0,-5],[-3,-2],[0,-7],[3,-1],[0,-6],[-2,-1],[0,-6],[3,-1],[0,-5],[-3,-2],[0,-7],[3,-2],[0,-5],[-3,-1],[1,-15],[-30,0]],[[56676,78031],[24,0],[-1,37],[145,3],[-1,19],[24,0],[-2,37],[24,0],[-1,55],[24,1],[-1,18],[60,2],[6,-172],[-27,0],[1,-21],[-274,-6],[-1,27]],[[56721,78382],[13,1],[0,21],[18,0],[1,23],[119,2],[4,-129],[9,0],[1,-25],[-11,-2],[-117,-2],[-4,86],[-19,-1],[-1,9],[-13,-1],[0,18]],[[66130,87810],[-5,109],[16,0],[0,-9],[7,0],[0,9],[14,1],[1,-13],[19,1],[3,2],[5,0],[1,-2],[8,0],[3,3],[4,0],[3,-3],[17,1],[3,3],[4,0],[2,-1],[16,0],[2,2],[4,0],[4,-2],[-1,-4],[-2,-1],[2,-22],[2,-2],[0,-2],[-3,-3],[-5,-1],[-2,2],[-16,0],[-1,-2],[-4,-1],[-4,4],[-16,0],[-2,-2],[-5,-1],[-3,3],[-9,0],[-2,-3],[-3,0],[-5,2],[-18,0],[1,-26],[19,1],[3,2],[4,1],[3,-3],[9,1],[1,2],[4,0],[3,-3],[16,1],[4,3],[4,1],[2,-2],[17,1],[0,1],[5,1],[4,-3],[0,-3],[-2,-2],[1,-22],[2,-1],[-1,-3],[-2,-3],[-6,-1],[-1,2],[-16,0],[-5,-3],[-4,4],[-15,0],[-4,-3],[-4,0],[-4,2],[-7,1],[-3,-3],[-3,-1],[-4,3],[-19,0],[1,-12],[-15,-1],[0,10],[-7,-1],[0,-9],[-15,0]],[[66133,93208],[-2,72],[27,1],[-3,107],[172,3],[5,-182],[-199,-1]],[[65577,88580],[-8,195],[38,1],[1,-18],[25,1],[0,17],[37,1],[8,-195],[-39,-1],[0,16],[-25,-1],[1,-15],[-38,-1]],[[66350,87443],[-4,98],[144,4],[4,-99],[-144,-3]],[[65672,89903],[-3,72],[135,4],[0,-2],[3,0],[2,-2],[1,-7],[-3,-2],[-3,0],[2,-47],[3,0],[3,-2],[0,-7],[-2,-2],[-4,0],[0,-2],[-15,0],[0,3],[-10,0],[1,-3],[-19,-1],[-2,40],[-49,-1],[2,-39],[-42,-2]],[[65412,92371],[-2,33],[142,1],[2,-31],[-51,-1],[0,8],[-35,-1],[0,-8],[-56,-1]],[[65407,92835],[-3,53],[129,4],[2,-55],[-20,-1],[-1,22],[-66,-1],[1,-21],[-42,-1]],[[65909,93204],[-3,73],[35,1],[4,-3],[0,-5],[-3,-3],[0,-8],[58,1],[0,5],[31,0],[5,-3],[1,-5],[-4,-3],[0,-23],[4,-2],[0,-5],[-3,-4],[-33,0],[0,5],[-58,-2],[0,-7],[4,-3],[0,-5],[-4,-3],[-34,-1]],[[64223,87812],[-4,85],[-4,0],[-6,90],[100,3],[1,-39],[-2,0],[1,-39],[12,0],[2,-28],[-36,-1],[0,9],[-13,-1],[2,-40],[42,1],[1,-22],[-9,0],[1,-15],[-33,-1],[0,-1],[-55,-1]],[[65724,88559],[-2,55],[18,0],[1,-2],[3,0],[1,-3],[12,1],[0,5],[73,2],[0,-6],[13,1],[-1,3],[4,0],[0,7],[19,0],[2,-60],[-56,-1],[0,10],[7,0],[0,10],[4,0],[-1,11],[-12,-1],[0,-5],[-4,-3],[-20,0],[-4,3],[0,5],[-14,-1],[1,-10],[2,0],[1,-10],[8,0],[1,-10],[-56,-1]],[[65427,92326],[-2,44],[25,1],[1,-7],[78,1],[0,8],[25,0],[1,-9],[-4,0],[2,-35],[-22,0],[1,7],[-74,-2],[0,-8],[-31,0]],[[59899,95944],[-1,17],[4,0],[-4,95],[88,2],[5,-95],[3,0],[0,10],[17,1],[0,-5],[14,1],[0,-3],[42,1],[8,1],[1,-1],[30,1],[0,5],[8,0],[0,2],[4,0],[0,1],[-10,0],[-5,-4],[-24,0],[0,8],[-3,0],[0,-5],[-7,0],[0,6],[-3,-1],[0,-8],[-17,-1],[0,4],[-35,-1],[0,11],[-4,0],[0,6],[-8,-1],[0,5],[-6,0],[-1,36],[6,0],[0,5],[7,1],[0,5],[4,0],[-1,11],[35,1],[-1,5],[19,0],[0,-10],[2,0],[0,7],[7,0],[0,-7],[3,1],[-1,8],[19,1],[0,-3],[13,0],[0,4],[14,0],[0,-6],[11,1],[1,-15],[2,0],[1,-7],[-2,0],[0,-3],[-12,0],[0,-2],[-28,-1],[0,2],[-68,-2],[0,-4],[2,0],[-1,-23],[68,2],[0,2],[29,0],[0,-1],[11,0],[0,-3],[2,0],[1,-7],[-3,0],[1,-21],[3,0],[0,-24],[-1,0],[0,-2],[-10,0],[0,2],[-32,-1],[0,-2],[-10,0],[0,2],[-44,-1],[0,-2],[-10,-1],[0,3],[-14,-1],[0,-2],[-10,0],[0,2],[-46,-1],[-1,25],[-3,2],[0,5],[2,3],[0,15],[-3,3],[0,5],[2,2],[0,6],[-3,2],[0,5],[2,3],[-1,14],[-29,-1],[1,-14],[2,-2],[1,-6],[-3,-3],[0,-5],[3,-2],[0,-6],[-2,-2],[1,-15],[2,-2],[1,-5],[-3,-3],[1,-25],[-33,0]],[[65477,94721],[-3,97],[-4,0],[-1,19],[38,1],[1,-26],[-3,0],[0,-7],[3,-3],[0,-5],[-3,-3],[1,-9],[5,-3],[0,-5],[-5,-3],[0,-10],[6,-3],[-1,-3],[-4,-5],[0,-7],[6,0],[0,1],[2,2],[22,0],[2,-3],[5,1],[0,7],[-5,3],[0,5],[5,3],[0,9],[-5,3],[-1,4],[6,5],[-1,9],[-3,3],[0,5],[3,2],[-1,8],[-3,-1],[-1,27],[98,2],[1,-7],[3,0],[0,-5],[2,0],[1,-7],[-33,-1],[1,-17],[42,1],[0,-9],[3,0],[0,-4],[3,1],[1,-9],[4,0],[0,-5],[2,0],[0,-11],[-2,0],[0,-7],[-49,-2],[0,-16],[58,1],[0,-3],[12,0],[1,-16],[-97,-2],[-2,54],[30,0],[0,3],[18,0],[0,7],[-49,-1],[-1,23],[-6,0],[-1,11],[-6,0],[4,-97],[-99,-2]],[[58350,98053],[-83,0],[1,25],[19,1],[-1,55],[-13,1],[1,24],[13,0],[-1,12],[25,-1],[-1,20],[-121,3],[1,47],[20,0],[1,-3],[21,1],[1,-9],[54,-1],[1,59],[-69,-1],[0,51],[33,0],[-1,-14],[38,0],[1,29],[-27,0],[1,25],[31,-2],[0,19],[-8,0],[0,-6],[-33,0],[1,9],[-64,1],[0,24],[63,1],[1,48],[32,-1],[1,-47],[18,0],[0,21],[17,0],[0,-10],[32,1],[16,-12],[-1,-8],[-20,-1],[-5,-88],[7,-2],[-5,-131],[-15,-3],[1,-14],[80,-1],[5,-20],[7,-1],[12,-6],[5,-4],[6,-10],[0,-9],[7,0],[-2,-40],[-8,0],[3,-14],[-33,-1],[0,4],[-66,1],[1,-22]],[[64542,94794],[46,2],[1,-14],[23,1],[-1,12],[47,2],[3,-72],[-116,-4],[-3,73]],[[85551,40244],[-1,42],[56,1],[-1,38],[-56,-1],[-2,40],[137,3],[1,-41],[-38,0],[1,-39],[38,1],[2,-39],[-121,-2],[0,-3],[-16,0]],[[84717,41619],[-2,73],[33,1],[1,-11],[-5,0],[1,-14],[19,1],[0,4],[9,0],[0,6],[16,0],[0,2],[23,0],[2,-49],[-22,0],[0,3],[-17,-1],[-1,6],[-9,-1],[0,6],[-17,0],[2,-23],[-1,0],[0,-2],[-32,-1]],[[87961,31032],[-3,11],[-49,-1],[-3,62],[-15,4],[0,14],[16,0],[-1,12],[-7,0],[-1,7],[-84,-1],[-1,29],[-107,-2],[-1,36],[16,0],[0,-6],[104,2],[0,6],[90,2],[0,-13],[-9,0],[0,-10],[54,1],[0,14],[49,1],[0,2],[16,0],[0,1],[65,2],[0,-2],[16,0],[0,-1],[50,1],[0,-6],[33,1],[-1,16],[89,2],[1,-6],[40,1],[-1,48],[17,0],[-3,77],[4,1],[-3,75],[-3,0],[0,13],[87,1],[6,-155],[-18,-1],[0,-15],[-23,-1],[0,-5],[-9,0],[3,-111],[-173,-3],[2,-87],[-51,-1],[0,-11],[-20,-1],[-3,12],[-101,-2],[0,-4],[-37,-1],[0,4],[-11,0],[1,-12],[-21,0]],[[86271,39048],[-1,37],[147,2],[1,-37],[-147,-2]],[[80845,37799],[-3,0],[0,11],[4,0],[-1,5],[-13,-1],[0,7],[14,0],[-1,25],[-14,-1],[0,8],[10,0],[-1,20],[2,13],[-2,8],[0,9],[2,3],[0,11],[-2,0],[0,13],[45,0],[0,-4],[4,0],[0,5],[45,0],[0,-16],[11,0],[0,-6],[-10,-1],[0,-24],[11,0],[0,-7],[-11,0],[0,-23],[13,0],[0,-7],[-10,-1],[0,-23],[11,0],[0,-6],[-11,0],[1,-16],[-45,-1],[0,4],[-6,0],[0,-4],[-43,-1]],[[85190,39898],[-2,71],[130,2],[0,-38],[-77,-1],[1,-33],[-52,-1]],[[89377,33349],[0,27],[-22,-1],[-1,30],[15,0],[0,-2],[38,0],[0,3],[16,0],[1,-30],[-16,0],[1,-26],[-32,-1]],[[81045,38024],[0,10],[-8,0],[-2,89],[-5,3],[-1,4],[2,6],[7,2],[6,-2],[3,-4],[28,1],[0,-4],[109,3],[0,3],[41,1],[1,-36],[-42,-1],[0,5],[-108,-2],[2,-77]],[[83264,40099],[-4,110],[20,0],[0,-5],[131,2],[0,2],[34,1],[1,-38],[-9,0],[0,-10],[11,0],[0,-8],[-11,0],[0,-9],[10,1],[1,-38],[-157,-2],[0,-5],[-27,-1]],[[83308,40140],[15,0],[0,3],[83,1],[-1,26],[-97,-1],[0,-4],[4,0],[1,-21],[-5,0],[0,-4]],[[89245,32258],[-3,85],[16,1],[0,-4],[33,1],[3,-79],[-34,-1],[0,-3],[-15,0]],[[50728,92425],[-25,-21],[-79,40],[29,26],[75,-45]],[[56229,96649],[0,7],[-10,0],[-1,25],[14,0],[-5,136],[53,1],[0,5],[19,0],[0,5],[17,0],[0,-6],[39,1],[0,-3],[11,0],[4,-111],[30,1],[-4,113],[64,1],[0,5],[21,1],[0,-7],[62,2],[5,-160],[-8,0],[0,-7],[-22,-1],[-1,8],[-19,0],[0,8],[-3,0],[-1,14],[3,0],[-1,14],[16,0],[0,27],[-5,-1],[-4,2],[0,7],[3,3],[0,15],[-3,3],[-1,5],[3,5],[7,0],[-1,21],[-9,0],[-1,12],[-21,0],[0,-10],[-20,0],[-1,8],[-20,0],[0,-14],[-10,-1],[1,-19],[6,0],[3,-2],[1,-7],[-5,-3],[2,-17],[3,-3],[1,-6],[-3,-3],[-6,0],[1,-21],[-2,0],[0,-19],[-10,0],[1,-10],[-24,0],[-1,8],[-21,0],[0,-9],[-25,0],[0,8],[-9,0],[0,17],[-4,0],[-1,17],[3,0],[0,6],[-7,0],[-4,3],[-1,5],[5,5],[-1,16],[-5,3],[-1,6],[3,3],[6,0],[0,20],[-10,0],[0,14],[-22,-1],[1,-6],[-19,-1],[-1,6],[-15,-1],[1,-12],[-10,0],[1,-18],[4,0],[6,-4],[0,-5],[-6,-3],[2,-17],[5,-4],[0,-5],[-3,-4],[-6,0],[1,-16],[12,0],[0,-16],[-6,0],[0,-9],[6,0],[0,-14],[-3,0],[0,-9],[-20,-1],[0,-5],[-24,-1]],[[52940,96723],[-3,45],[-18,0],[2,-44],[-22,-1],[-3,69],[-39,-1],[0,-15],[-38,-1],[-1,15],[-40,-1],[0,5],[-7,0],[-2,26],[8,0],[0,2],[22,1],[-2,38],[30,1],[0,-3],[43,1],[2,-34],[21,0],[0,8],[41,2],[-2,23],[60,2],[-1,16],[-18,-1],[-1,13],[19,0],[0,9],[-13,0],[-3,49],[31,1],[-3,14],[68,2],[-3,-15],[75,3],[4,-72],[-57,-2],[0,-16],[53,2],[7,-119],[-98,-3],[0,-5],[-12,0],[1,-10],[-101,-4]],[[79632,24417],[-1,5],[-22,-1],[-6,140],[23,1],[0,5],[8,0],[0,-5],[24,1],[2,-36],[10,1],[2,-35],[-13,-1],[2,-69],[-21,0],[1,-6],[-9,0]],[[85829,19249],[89,2],[0,-6],[48,1],[1,7],[22,1],[1,-9],[170,5],[-2,6],[25,1],[0,-7],[53,1],[7,-176],[-21,0],[-6,19],[-153,-3],[1,-21],[-35,0],[-8,20],[-95,-1],[-5,78],[-90,-1],[0,-2],[-2,85]],[[82267,23320],[-6,197],[231,4],[1,-45],[12,0],[1,-38],[-12,0],[1,-25],[5,0],[1,-19],[12,0],[1,-23],[-13,-1],[1,-46],[-235,-4]],[[65954,62408],[-5,135],[133,2],[5,-146],[-105,-2],[0,7],[-28,0],[0,4]],[[72058,28727],[-4,87],[97,2],[0,7],[30,1],[1,-24],[116,2],[2,-69],[-242,-6]],[[67040,82574],[-109,170],[0,3],[37,1],[3,-1],[18,-27],[35,12],[-9,15],[0,1],[37,1],[3,-1],[88,-136],[-40,-15],[-4,6],[-29,-11],[4,-6],[-34,-12]],[[65666,92450],[-12,0],[0,12],[-84,-2],[-7,169],[98,2],[0,-6],[12,1],[0,5],[32,0],[6,-170],[-45,-1],[0,-10]],[[69024,48665],[-20,-14],[-11,0],[0,-1],[-5,0],[0,-6],[-128,-1],[-4,52],[20,-1],[2,-26],[31,-1],[-1,49],[35,2],[-6,148],[82,3],[6,-198],[-1,-6]],[[83231,41158],[-5,100],[54,1],[1,-22],[6,0],[0,4],[59,1],[1,-4],[5,0],[-1,23],[53,1],[4,-100],[-54,-1],[-1,11],[-70,-2],[0,-11],[-52,-1]],[[84054,40993],[0,3],[-19,-1],[-3,3],[-9,0],[-1,21],[-4,0],[0,-1],[-12,-1],[-1,13],[47,0],[-1,6],[-3,-3],[-44,-1],[-1,24],[18,0],[0,3],[-34,-1],[0,-13],[-49,-1],[0,-2],[-68,-1],[0,-3],[-42,-1],[-2,66],[195,4],[0,2],[46,1],[0,-3],[53,1],[2,-62],[-37,0],[2,-49],[-17,0],[0,-4],[-16,0]],[[68114,81773],[-7,2],[-3,4],[-14,-1],[-1,25],[5,3],[0,7],[-7,0],[-1,24],[8,0],[-1,17],[-7,0],[-1,18],[6,4],[0,5],[-6,-1],[0,31],[25,0],[0,-8],[31,1],[0,4],[-3,3],[0,4],[3,3],[-1,13],[45,1],[1,-20],[-6,0],[0,-7],[35,1],[0,7],[21,1],[4,-104],[17,1],[-5,104],[24,0],[0,-9],[29,1],[-1,28],[43,1],[2,-27],[33,1],[0,7],[22,1],[5,-132],[-13,0],[-3,-4],[-6,-2],[-6,3],[-2,2],[-14,0],[-1,21],[-2,2],[0,6],[2,1],[0,9],[-3,2],[0,5],[2,2],[-1,22],[7,0],[0,10],[-5,3],[0,6],[4,2],[0,7],[-16,0],[-6,4],[-34,-1],[-4,-4],[-16,0],[1,-7],[4,-2],[0,-6],[-4,-4],[1,-10],[5,0],[1,-21],[4,-3],[0,-5],[-3,-3],[0,-7],[3,-2],[0,-6],[-2,-2],[0,-21],[-13,0],[-3,-4],[-7,-1],[-3,0],[-5,4],[-13,0],[-1,17],[-15,0],[0,-17],[-12,-1],[-3,-3],[-7,-2],[-4,1],[-4,4],[-14,0],[-1,20],[-3,3],[0,6],[3,2],[-1,8],[-3,2],[0,5],[3,3],[-1,21],[7,0],[-1,10],[-5,4],[0,5],[5,3],[-1,7],[-16,-1],[-5,5],[-34,-1],[-5,-5],[-15,-1],[1,-6],[3,-2],[1,-6],[-4,-3],[0,-10],[6,0],[1,-21],[3,-3],[1,-7],[-4,-2],[1,-5],[3,-3],[1,-7],[-4,-3],[1,-20],[-13,0],[-4,-5],[-4,-1]],[[65304,62735],[-4,107],[227,3],[4,-106],[-227,-4]],[[66374,86769],[-1,41],[8,2],[4,3],[4,8],[-2,0],[-1,24],[2,0],[0,2],[-2,3],[-6,5],[-10,1],[-1,41],[3,0],[0,17],[26,1],[0,-17],[108,2],[1,-35],[-11,0],[1,-60],[13,0],[1,-34],[-108,-2],[2,-2],[-31,0]],[[64701,93767],[-97,-2],[-2,53],[31,0],[-4,92],[-31,-1],[-3,52],[99,2],[7,-196]],[[73255,68817],[128,3],[3,-77],[-130,-2],[0,7],[2,0],[-3,69]],[[72255,66090],[95,2],[3,-71],[-96,-1],[-2,70]],[[78232,47777],[-2,-4],[18,-3],[-43,-170],[-19,2],[-1,-5],[-25,3],[1,6],[-18,3],[45,169],[18,-2],[2,5],[24,-4]],[[57121,78068],[-1,41],[-24,0],[-2,36],[25,1],[-2,49],[96,2],[-5,136],[-110,-2],[-3,73],[-5,0],[-1,22],[5,0],[-1,43],[27,22],[-30,-1],[-1,14],[38,1],[0,6],[24,0],[-1,39],[31,11],[127,3],[2,-61],[-1,0],[1,-19],[1,0],[0,-33],[4,0],[3,-83],[-4,0],[4,-65],[-15,0],[1,-22],[-15,0],[1,-28],[15,1],[1,-22],[14,0],[2,-33],[10,1],[1,-47],[136,2],[0,2],[80,1],[3,-82],[-431,-8]],[[77469,35576],[0,4],[-15,0],[0,15],[-3,0],[0,-2],[-8,0],[0,10],[-17,0],[1,-21],[-21,0],[0,2],[-14,0],[-2,41],[14,0],[2,2],[11,0],[0,-2],[89,1],[0,-22],[-6,0],[0,-7],[6,0],[1,-20],[-38,-1]],[[65223,85434],[-72,108],[-2,10],[3,6],[9,8],[11,3],[123,2],[2,-129],[-27,-6],[-9,11],[-38,-13]],[[51891,75632],[-1,21],[4,3],[-1,16],[24,1],[1,-9],[24,1],[-1,11],[-11,0],[0,4],[-31,-1],[-1,17],[31,0],[0,7],[-40,-1],[-1,19],[76,3],[1,-9],[-4,0],[0,-6],[4,0],[1,-17],[-4,-1],[0,-5],[4,0],[2,-52],[-15,0],[0,3],[-12,-1],[0,-2],[-24,-1],[0,3],[-13,0],[0,-3],[-13,-1]],[[71045,64365],[-1,74],[212,3],[2,-73],[-213,-4]],[[76867,65187],[-1,20],[328,8],[-1,-14],[4,-65],[-38,-1],[0,5],[-18,-1],[1,-4],[-30,-1],[-1,27],[-112,-3],[1,-27],[-48,-1],[1,-6],[14,0],[1,-72],[-96,-2],[-1,73],[62,1],[-1,6],[-1,26],[-64,-1]],[[74863,54081],[3,-111],[-78,0],[-3,53],[-97,-3],[-3,57],[178,4]],[[67136,60846],[129,3],[0,-1],[30,0],[0,2],[83,2],[5,-123],[-243,-5]],[[79550,46075],[-3,109],[64,-1],[3,-107],[-64,-1]],[[68021,79122],[0,2],[-3,0],[0,7],[3,0],[0,6],[-3,0],[-1,71],[-2,0],[0,6],[2,0],[-1,28],[-4,0],[0,26],[4,0],[0,6],[19,0],[1,-7],[7,0],[1,-34],[5,0],[0,-9],[-2,0],[0,-24],[3,0],[0,-9],[-2,0],[0,-10],[2,0],[0,-9],[-2,0],[0,-8],[3,0],[0,-8],[-4,0],[0,-9],[6,0],[0,6],[18,0],[0,-5],[9,0],[0,8],[-7,0],[0,8],[4,0],[0,9],[-4,0],[-1,9],[5,0],[0,9],[-5,0],[0,9],[5,0],[-1,24],[-5,0],[0,10],[6,0],[-1,34],[5,0],[0,8],[20,0],[0,-7],[6,0],[0,-25],[-4,0],[0,-28],[2,0],[0,-6],[-1,0],[1,-78],[3,0],[0,-5],[-4,0],[0,-4],[-83,-1]],[[80019,30056],[-6,173],[119,2],[4,-122],[-3,-3],[1,-14],[4,-2],[0,-20],[-3,-4],[1,-8],[-117,-2]],[[59705,88186],[-1,29],[21,0],[-1,16],[-21,0],[-1,29],[120,3],[1,-30],[-20,0],[1,-16],[20,1],[2,-29],[-121,-3]],[[82698,41199],[1,-28],[6,0],[0,-14],[-20,-1],[0,-5],[-2,-2],[-15,-1],[-5,4],[0,3],[-20,0],[0,17],[-5,3],[0,6],[6,5],[0,13],[54,0]],[[82786,41203],[1,-28],[4,0],[1,-25],[-36,-1],[-1,26],[3,0],[0,10],[-22,-1],[0,-10],[4,0],[0,-23],[-5,0],[0,-2],[-28,-1],[-1,25],[3,0],[-1,27],[78,3]],[[39794,63457],[-34,2],[3,37],[-4,0],[3,29],[-4,0],[0,5],[-4,0],[-4,-46],[3,0],[-2,-25],[-90,5],[7,71],[-5,0],[2,18],[11,0],[2,-3],[7,0],[4,3],[8,-1],[2,-2],[-2,-23],[-3,1],[0,-10],[2,-2],[0,-5],[-3,-2],[2,-12],[-3,-2],[-1,-6],[2,-1],[0,-8],[26,-1],[1,7],[3,2],[0,6],[-2,2],[0,6],[3,2],[0,3],[-2,2],[0,6],[3,2],[1,9],[-3,0],[2,23],[4,1],[8,0],[2,-3],[7,0],[3,2],[21,-1],[3,-2],[7,-1],[2,2],[10,-1],[2,-4],[3,-61],[-3,1],[0,-6],[2,0],[-2,-19]],[[92655,26751],[0,10],[4,0],[0,6],[-4,0],[0,10],[4,0],[-1,3],[81,1],[0,-1],[5,0],[0,18],[-6,-1],[-80,-2],[0,3],[-3,0],[-1,10],[3,0],[0,4],[-3,0],[0,24],[3,0],[-1,5],[-4,0],[0,9],[3,0],[0,3],[83,2],[0,-2],[4,0],[-1,8],[25,1],[1,-34],[-89,-1],[1,-6],[89,2],[2,-67],[-90,-2],[0,-3],[-25,0]],[[64850,66952],[-3,92],[83,2],[7,-1],[14,-5],[21,-15],[-33,-30],[-10,8],[-8,0],[0,-23],[-13,-27],[-58,-1]],[[61959,90967],[0,7],[-6,0],[0,12],[5,0],[-1,8],[15,1],[0,2],[31,1],[0,-1],[105,3],[0,6],[-5,0],[-2,25],[6,1],[0,5],[-29,-1],[0,3],[-21,0],[0,-2],[-33,-1],[0,2],[-21,-1],[0,-1],[-33,-1],[0,2],[-14,0],[0,7],[-5,0],[-1,13],[5,0],[0,8],[23,0],[0,-3],[18,1],[0,-1],[32,0],[0,3],[23,0],[0,-2],[73,2],[0,-4],[7,0],[0,-12],[3,0],[6,-57],[-6,-1],[0,-12],[-8,0],[1,-3],[-73,-2],[0,-2],[-23,-1],[0,2],[-32,0],[0,-2],[-18,-1],[0,-3],[-22,0]],[[74454,59473],[1,-23],[13,0],[0,-29],[-19,-1],[-2,7],[-31,-1],[1,-6],[-107,-4],[-2,53],[146,4]],[[78798,41554],[-2,38],[22,1],[1,-5],[32,1],[1,-6],[17,0],[0,6],[10,0],[0,-2],[7,0],[-1,13],[-18,0],[-1,16],[-8,-1],[0,10],[27,0],[0,4],[29,1],[3,-73],[-119,-3]],[[87331,31330],[-1,46],[-19,-1],[0,2],[-82,-1],[-1,33],[231,6],[0,-3],[163,3],[3,-79],[-128,-3],[-2,41],[-118,-3],[0,-8],[107,3],[1,-32],[-154,-4]],[[49740,14514],[-4,0],[0,11],[2,0],[-2,55],[13,0],[0,2],[44,1],[0,-2],[20,0],[0,-22],[-29,-1],[0,-4],[4,0],[0,-18],[-3,0],[0,-6],[61,1],[0,-30],[-105,-2],[-1,15]],[[49849,14531],[62,2],[-1,5],[-4,0],[-1,17],[6,0],[0,7],[-32,-1],[0,22],[20,0],[0,3],[43,1],[0,-3],[13,1],[2,-55],[2,0],[0,-11],[-5,0],[1,-15],[-105,-3],[-1,30]],[[64904,85823],[-2,60],[139,6],[3,-62],[-140,-4]],[[81291,27571],[0,3],[-90,-2],[-3,90],[89,1],[0,4],[18,0],[0,-5],[3,0],[0,-25],[-1,0],[0,-5],[-18,-1],[0,5],[-50,-1],[0,-8],[3,0],[1,-18],[-3,0],[0,-8],[50,1],[0,4],[18,0],[0,-5],[1,1],[1,-26],[-2,0],[1,-4],[-18,-1]],[[70048,32092],[-3,72],[143,3],[3,-72],[-143,-3]],[[67951,63512],[-2,59],[245,5],[2,-59],[-245,-5]],[[81428,40345],[0,6],[-4,0],[-1,42],[-3,0],[0,11],[7,0],[0,15],[-8,0],[0,12],[7,0],[0,11],[-7,0],[0,13],[21,0],[0,1],[14,0],[0,-4],[5,0],[0,2],[50,1],[1,-19],[-25,0],[0,3],[-29,-1],[0,-4],[-2,0],[0,-4],[6,0],[0,2],[17,0],[0,-7],[7,0],[0,-20],[-7,0],[0,-8],[-17,0],[0,2],[-4,0],[0,-10],[11,1],[-1,-17],[11,0],[-2,16],[-5,0],[0,6],[15,0],[0,-6],[8,0],[0,9],[12,1],[0,11],[10,0],[1,-32],[-2,0],[0,-4],[11,0],[0,4],[-2,0],[0,34],[8,0],[0,5],[8,0],[0,6],[9,0],[0,-6],[8,0],[1,-5],[9,0],[1,-59],[-3,0],[0,-6],[-17,0],[0,6],[-5,0],[0,-5],[-18,-1],[0,6],[-8,-1],[1,-5],[-18,0],[0,2],[-6,0],[0,-3],[-18,0],[0,6],[-6,0],[0,-6],[-18,0],[0,3],[-6,0],[0,-3],[-17,-1]],[[67013,83273],[-19,31],[-11,-4],[-12,19],[64,23],[11,-19],[-4,-1],[19,-31],[-48,-18]],[[83476,40990],[-3,94],[48,1],[1,-20],[-10,0],[2,-47],[9,0],[1,-27],[-48,-1]],[[52333,84619],[-4,100],[22,1],[1,-8],[14,1],[2,-44],[-12,0],[0,-8],[12,1],[1,-21],[-4,0],[0,-5],[24,0],[-4,77],[9,0],[-1,3],[57,2],[5,-92],[-6,0],[1,-6],[-11,0],[0,6],[-13,0],[-4,73],[-17,-1],[4,-77],[-76,-2]],[[35806,63763],[0,1],[-35,0],[-1,20],[16,1],[-2,39],[-15,-1],[-1,20],[96,3],[1,-20],[-15,-1],[1,-39],[15,0],[1,-20],[-34,0],[0,-3],[-27,0]],[[55615,85296],[-91,-2],[-3,87],[92,1],[2,-86]],[[70197,78212],[-1,20],[4,1],[-1,71],[-3,0],[5,8],[38,1],[1,-18],[-4,1],[3,-62],[5,0],[0,-21],[-47,-1]],[[74925,54166],[154,3],[2,-37],[-155,-2],[-1,36]],[[67124,76386],[0,7],[3,0],[-3,80],[149,4],[0,2],[36,1],[1,-28],[-32,-1],[0,2],[-115,-3],[-5,-5],[1,-31],[5,-3],[116,3],[0,4],[32,1],[1,-29],[-189,-4]],[[71384,32508],[-2,53],[122,2],[0,-2],[4,0],[1,-9],[-5,0],[1,-27],[5,0],[0,-9],[-5,0],[1,-5],[-24,-1],[0,3],[-15,0],[-1,16],[-4,4],[-40,0],[1,-9],[9,0],[1,-15],[-49,-1]],[[62062,69836],[-1,15],[21,0],[-2,59],[162,4],[3,-61],[-151,-3],[0,-13],[-32,-1]],[[55470,69631],[-5,134],[134,2],[2,-54],[-85,-2],[2,-63],[33,1],[0,-16],[-81,-2]],[[52601,69645],[-2,74],[166,3],[3,-75],[-56,-1],[0,27],[-70,-2],[1,-26],[-42,0]],[[76860,46460],[4,3],[140,3],[2,-52],[-46,-1],[-1,19],[-10,0],[0,-19],[-28,-1],[-1,19],[-10,0],[1,-21],[-17,0],[0,-6],[101,2],[12,-8],[1,-40],[-145,-3],[-3,105]],[[77038,46405],[-2,52],[15,0],[1,-22],[-3,-3],[1,-9],[-3,-2],[3,-1],[0,-15],[-12,0]],[[61290,99437],[0,61],[108,-1],[5,-3],[0,-58],[-58,0],[0,35],[-16,0],[0,-34],[-39,0]],[[68190,80675],[-31,52],[19,7],[-3,5],[80,28],[2,-3],[5,2],[-2,3],[17,7],[2,-3],[5,2],[-1,2],[30,11],[-2,2],[22,8],[13,-23],[-152,-53],[12,-22],[153,53],[13,-21],[-159,-55],[-3,5],[-20,-7]],[[64475,95382],[-29,92],[51,10],[23,-72],[15,3],[-26,82],[51,9],[39,-121],[-124,-3]],[[73710,65349],[0,-6],[3,0],[0,4],[9,0],[0,-5],[3,0],[-1,6],[60,1],[1,-24],[-60,-1],[0,2],[-13,0],[0,-18],[4,0],[0,-11],[3,0],[1,-5],[-2,0],[1,-21],[-6,0],[1,-5],[5,0],[0,-18],[3,-1],[0,-6],[-8,0],[2,-28],[14,0],[0,4],[56,0],[0,-24],[-50,-1],[-1,7],[-4,0],[1,-9],[-72,-1],[-6,159],[56,1]],[[69505,76342],[0,1],[-16,0],[-1,20],[5,0],[-5,92],[-3,0],[0,7],[3,0],[-1,16],[85,2],[5,-119],[2,0],[0,-16],[-13,0],[0,-2],[-19,-1],[-1,14],[2,0],[-4,96],[-27,0],[4,-96],[2,0],[1,-14],[-19,0]],[[37296,62099],[-8,4],[0,7],[-11,-1],[-1,21],[-3,0],[-1,14],[3,0],[-1,22],[-10,0],[1,-12],[2,0],[1,-14],[-3,-1],[0,-19],[4,0],[0,-3],[4,0],[0,-11],[-8,-1],[0,-3],[-31,-1],[-4,87],[78,2],[4,-74],[47,1],[-3,73],[43,2],[2,-24],[-10,-1],[0,2],[-4,0],[1,-8],[5,0],[0,-2],[3,0],[0,-14],[-3,0],[1,-10],[3,0],[1,-28],[-3,0],[0,-6],[-99,-2]],[[73775,13408],[0,10],[-18,0],[0,-3],[-59,0],[0,40],[39,0],[1,-16],[7,0],[0,11],[10,1],[0,-4],[13,1],[0,-3],[7,0],[-1,41],[37,0],[1,-40],[8,0],[0,2],[39,1],[-1,23],[44,1],[1,-53],[-11,0],[0,-3],[-59,0],[0,1],[-20,0],[0,-10],[-38,0]],[[59943,77759],[3,-59],[-166,-3],[-3,58],[19,-1],[-1,5],[7,0],[-3,28],[131,2],[2,-30],[11,0]],[[86997,31200],[-82,-2],[0,-2],[-28,-1],[-1,8],[0,27],[24,1],[3,2],[7,1],[3,-3],[34,0],[0,6],[-5,0],[-1,15],[5,0],[0,6],[-24,-1],[0,-1],[-37,-1],[0,9],[-3,2],[0,13],[3,3],[0,8],[36,1],[0,-2],[24,1],[-1,6],[-4,0],[0,14],[4,1],[0,6],[-35,-1],[-3,-3],[-5,0],[-3,3],[-25,-1],[-2,28],[2,0],[-1,8],[28,0],[1,-4],[81,2],[5,-149]],[[37781,62016],[0,13],[-88,-2],[-6,4],[-1,31],[4,1],[-1,17],[0,9],[-4,0],[-1,21],[4,0],[-1,26],[-4,0],[-3,59],[14,1],[0,-6],[22,0],[0,6],[29,1],[0,-6],[9,0],[0,6],[14,0],[2,-47],[3,-2],[1,-6],[-4,-3],[1,-22],[3,-2],[1,-15],[-3,-2],[1,-24],[13,0],[0,2],[8,0],[0,-1],[13,0],[-1,24],[-2,1],[-1,16],[2,1],[0,23],[-3,3],[-1,5],[3,2],[-2,47],[13,1],[0,-6],[10,0],[0,6],[15,0],[2,-46],[-3,0],[4,-94],[-104,-2],[-5,116],[-16,0],[5,-124],[72,2],[0,-6],[11,1],[1,-28],[-26,-1]],[[67543,83396],[-9,0],[0,4],[-37,-2],[-1,7],[3,0],[-3,57],[-2,0],[0,4],[38,1],[0,3],[9,0],[0,-3],[33,1],[0,3],[9,0],[0,-3],[56,1],[0,2],[25,1],[2,-27],[-38,-1],[0,4],[-121,-3],[1,-25],[120,2],[0,3],[39,1],[1,-26],[-25,-1],[0,3],[-57,-2],[1,-2],[-10,-1],[0,3],[-9,0],[-25,-1],[0,-3]],[[79454,42910],[-2,48],[-5,-1],[0,-8],[-24,-1],[1,-31],[-46,0],[-2,65],[118,3],[2,-75],[-42,0]],[[80140,26760],[-7,156],[119,3],[7,-156],[-119,-3]],[[75520,65291],[-3,100],[128,2],[3,-99],[-128,-3]],[[57581,95551],[-2,81],[32,1],[2,-55],[4,0],[0,-3],[7,1],[0,-3],[29,0],[-2,62],[92,2],[2,-59],[5,1],[1,-23],[-35,-1],[-1,60],[-31,-1],[2,-61],[-105,-2]],[[68170,73336],[-5,3],[-4,91],[8,5],[90,2],[4,-99],[-93,-2]],[[60654,98963],[-20,49],[6,6],[140,-1],[-1,-51],[-96,0],[-1,-3],[-28,0]],[[76981,40601],[25,0],[0,-1],[6,0],[1,-27],[-46,-1],[-1,3],[-11,0],[0,-4],[-10,-1],[0,5],[-10,0],[0,-5],[-9,0],[0,5],[-24,-1],[0,-4],[-11,0],[0,3],[-11,0],[0,-4],[-9,0],[-1,5],[-11,-1],[0,-5],[6,-2],[0,-17],[-3,-2],[-2,0],[0,-4],[11,0],[0,4],[11,1],[0,-5],[9,1],[0,4],[12,0],[0,-4],[24,0],[0,4],[10,1],[0,-5],[9,0],[0,4],[11,1],[1,-5],[9,1],[0,4],[46,1],[2,-27],[-7,0],[0,-2],[-61,-1],[-8,5],[-48,-1],[0,9],[-8,0],[1,-9],[-24,-1],[0,-4],[-19,-1],[1,4],[-29,-1],[0,29],[24,1],[0,2],[-1,39],[118,3],[0,3],[22,0],[0,2],[5,0],[0,1]],[[75341,38211],[0,3],[-98,-2],[0,2],[-8,0],[0,2],[-19,0],[-2,57],[21,0],[0,2],[5,0],[0,3],[99,3],[0,3],[31,1],[1,-20],[-8,-1],[0,-2],[-12,0],[0,-2],[-114,-2],[0,-5],[7,0],[0,-16],[-6,0],[0,-4],[113,2],[1,-1],[13,0],[0,-3],[6,0],[0,-20],[-30,0]],[[66624,65849],[73,63],[107,-69],[-72,-64],[-108,70]],[[90492,30073],[-1,25],[3,0],[-1,42],[161,3],[2,-67],[-42,-1],[-1,32],[-23,0],[1,-32],[-34,0],[-1,32],[-24,-1],[1,-32],[-41,-1]],[[62421,90849],[-23,173],[11,5],[169,-105],[-72,-67],[-85,-6]],[[63950,97465],[-2,2],[0,4],[-8,17],[-3,-1],[-6,10],[3,1],[-11,19],[-3,0],[-10,17],[2,1],[-9,17],[-2,-1],[-9,15],[1,2],[5,4],[73,1],[5,-2],[36,-61],[6,1],[1,4],[7,3],[4,-2],[2,-3],[8,3],[-30,54],[1,2],[6,2],[25,1],[4,-2],[39,-70],[-12,-3],[-92,-3],[0,9],[-7,-1],[-4,8],[2,1],[-15,28],[-3,-1],[-5,10],[2,0],[-6,9],[-5,0],[3,-8],[4,-8],[-2,-1],[13,-22],[1,1],[7,-12],[-2,0],[7,-13],[2,1],[6,-12],[4,2],[1,3],[30,0],[0,2],[14,0],[1,-1],[40,1],[0,1],[14,0],[0,-1],[8,0],[12,-22],[-2,-3],[-5,-2],[-146,-1]],[[81805,40820],[0,9],[-2,0],[0,10],[2,0],[-1,10],[33,1],[4,3],[7,0],[4,-3],[14,0],[3,3],[7,0],[3,-2],[7,0],[3,2],[7,0],[3,-2],[7,0],[2,3],[8,0],[5,-2],[16,0],[0,6],[-2,0],[0,11],[1,0],[0,6],[-16,0],[-5,-3],[-6,0],[-3,3],[-8,0],[-2,-3],[-9,0],[-2,3],[-6,-1],[-3,-3],[-7,0],[-4,3],[-13,0],[-4,-4],[-6,0],[-6,4],[-32,-1],[-2,19],[1,0],[0,10],[30,0],[0,-8],[2,0],[0,3],[62,2],[0,4],[16,1],[1,-6],[10,1],[0,2],[19,0],[0,3],[17,1],[3,-82],[-17,0],[0,2],[-20,0],[0,3],[-10,0],[0,-5],[-16,-1],[0,6],[-62,-1],[0,2],[-3,0],[0,-8],[-30,-1]],[[74237,58701],[-154,-5],[-3,65],[154,5],[3,-65]],[[58601,52486],[-111,-2],[-5,124],[111,2],[5,-124]],[[46641,28048],[-72,51],[66,54],[72,-51],[-66,-54]],[[73245,63107],[1,-46],[-3,-8],[-4,-5],[-5,-4],[-6,-1],[-10,3],[-4,3],[-103,-1],[1,5],[-21,1],[1,50],[24,2]],[[75565,50603],[-113,-2],[0,66],[112,2],[1,-66]],[[79863,27309],[-3,72],[-9,0],[-1,19],[161,3],[7,-5],[3,-86],[-158,-3]],[[61503,94359],[1,-10],[-10,0],[0,-7],[-17,-1],[0,8],[-9,-1],[-2,38],[2,0],[-2,21],[-14,0],[2,-17],[-21,0],[2,-43],[-2,0],[0,-3],[-11,0],[0,3],[-17,-1],[0,-2],[-12,-1],[0,3],[-2,0],[-1,43],[-20,0],[0,16],[-15,-1],[1,-21],[2,0],[1,-38],[-9,0],[0,-7],[-17,0],[0,7],[-10,0],[0,9],[6,1],[0,7],[-6,0],[-1,7],[7,1],[0,1],[-2,0],[-1,27],[-5,0],[0,7],[4,0],[0,12],[44,1],[0,2],[83,1],[0,-1],[43,1],[1,-12],[5,0],[1,-6],[-6,0],[1,-29],[5,0],[1,-7],[-6,0],[0,-8],[6,0]],[[62650,78019],[-66,96],[168,3],[4,-97],[-106,-2]],[[62038,95266],[51,1],[4,-2],[1,-29],[-2,-3],[-44,-1],[0,-24],[45,1],[1,-1],[2,-29],[-4,-4],[-51,-1],[-3,92]],[[63567,60815],[-2,54],[41,1],[0,-2],[98,2],[0,-12],[2,0],[2,-40],[-141,-3]],[[62512,77699],[55,1],[1,-37],[-6,-3],[0,-6],[-4,0],[2,-35],[3,0],[1,-6],[-4,0],[0,-27],[5,0],[0,-7],[-4,0],[1,-26],[5,0],[0,-7],[-5,0],[2,-32],[5,0],[0,-6],[-5,0],[1,-20],[-28,0],[-7,171],[-15,0],[-3,40]],[[62598,77509],[0,5],[4,1],[-2,33],[-4,0],[0,6],[4,0],[-1,27],[-4,0],[-1,6],[4,0],[-1,27],[-4,0],[0,6],[4,0],[-1,35],[-5,0],[-1,6],[-3,0],[-4,3],[-1,37],[46,0],[0,-23],[-6,0],[8,-188],[-27,-1],[-1,20],[-4,0]],[[62665,77702],[3,-91],[-35,-1],[-4,92],[36,0]],[[64833,90923],[4,-99],[-72,1],[-5,98],[73,0]],[[67477,66608],[-4,84],[78,2],[20,-11],[5,-106],[-99,31]],[[67591,77635],[28,0],[0,-23],[12,1],[-1,29],[27,0],[32,-37],[2,-3],[0,-2],[-4,-3],[-95,-1],[-1,39]],[[67628,77649],[-5,0],[0,-2],[-25,0],[-2,10],[12,0],[0,8],[-27,0],[-1,18],[22,0],[0,4],[20,0],[17,-19],[-2,-2],[18,-21],[-26,0],[-1,4]],[[67474,77785],[-8,2],[-2,16],[14,1],[3,3],[5,-1],[2,-2],[20,2],[2,-2],[11,0],[5,2],[2,0],[3,-2],[0,-3],[6,-9],[5,-1],[2,-3],[0,-3],[9,-12],[4,0],[3,-9],[4,0],[2,-4],[-1,-1],[11,-13],[3,0],[3,-5],[-1,-3],[1,-1],[4,0],[3,-4],[-1,-2],[10,-13],[3,-1],[3,-4],[-1,-1],[1,-2],[-45,-20],[-7,0],[-78,95]],[[62875,85623],[-1,25],[30,0],[-2,28],[91,2],[6,-53],[-124,-2]],[[68101,68912],[-89,-3],[-3,74],[123,2],[0,-23],[-32,-1],[1,-49]],[[73297,63996],[-4,66],[152,5],[4,-66],[-152,-5]],[[80344,11171],[-5,147],[290,6],[5,-147],[-290,-6]],[[73676,68128],[2,-69]],[[73678,68059],[-31,-1],[0,11],[-4,0],[-1,31],[-24,-1],[1,-31],[-3,0],[1,-11],[-32,0],[-3,69],[94,2]],[[39578,87958],[-131,80],[-4,-1],[-11,6],[2,3],[-120,75],[29,29],[-74,46],[90,85],[-14,10],[80,74],[111,-67],[33,29],[17,-10],[65,-167],[11,-7],[37,-71],[-121,-114]],[[55835,85539],[-7,141],[36,1],[2,-30],[-3,-1],[4,-90],[30,1],[-4,90],[-2,0],[-1,29],[35,1],[6,-140],[-96,-2]],[[84156,39371],[-108,-2],[-2,105],[107,2],[0,2],[22,1],[1,-27],[-43,-1],[0,2],[-61,-1],[0,-16],[64,0],[11,0],[5,-5],[1,-15],[-4,-3],[-12,0],[0,-1],[-63,-1],[0,-17],[60,1],[0,2],[42,1],[0,-29],[-20,0],[0,2]],[[84138,39482],[-33,-1],[-1,19],[8,3],[-1,4],[9,0],[0,4],[17,0],[0,8],[-6,-1],[-16,-1],[0,9],[-6,0],[-1,24],[55,2],[0,-7],[5,0],[1,-22],[-5,-1],[0,-14],[5,0],[1,-21],[-5,0],[0,-8],[-27,0],[0,3]],[[71784,64508],[-3,72],[123,2],[5,-4],[2,-68],[-127,-2]],[[67743,61071],[-5,128],[110,3],[5,-128],[-110,-3]],[[76418,50543],[-2,45],[25,1],[-1,33],[-12,-1],[-1,22],[-15,0],[-2,45],[107,2],[1,-36],[-18,0],[1,-11],[-11,0],[0,-9],[6,-2],[0,-5],[-6,-2],[13,1],[0,-17],[-12,0],[6,-2],[0,-6],[-5,-3],[-1,-8],[11,0],[0,-10],[18,1],[1,-16],[-3,0],[1,-20],[-101,-2]],[[77035,35176],[-1,30],[2,0],[0,6],[21,0],[0,-5],[108,2],[0,11],[-131,-3],[-2,71],[133,3],[0,7],[20,0],[2,-34],[-116,-2],[0,-18],[116,2],[3,-62],[-7,-5],[-148,-3]],[[70380,78322],[-42,-2]],[[70338,78320],[-6,1],[-1,11],[-40,0],[-1,13],[7,0],[-1,8],[-6,0],[0,12],[38,0],[0,10],[33,2],[19,-55]],[[60078,81700],[-125,177],[128,4],[7,-179],[-10,-2]],[[71147,73308],[-2,42],[29,1],[0,-15],[6,0],[3,3],[10,0],[5,-4],[42,0],[4,3],[12,0],[-1,14],[-12,-1],[-5,3],[-22,0],[-1,24],[-45,-1],[-1,26],[37,1],[-1,7],[-37,0],[0,26],[44,1],[-1,24],[24,0],[3,3],[12,0],[0,13],[-12,0],[-4,2],[-43,-1],[-3,-4],[-10,0],[-2,2],[-8,0],[1,-14],[-29,-1],[-2,40],[135,3],[1,-18],[10,0],[1,-31],[-11,-1],[1,-17],[-41,0],[1,-12],[11,0],[1,-11],[-11,-1],[1,-13],[9,-1],[1,-10],[-11,-1],[0,-11],[41,1],[1,-19],[11,1],[2,-31],[-11,-1],[1,-19],[-134,-2]],[[64868,9183],[0,-449],[-185,-527],[-239,44],[63,178],[90,-16],[58,129],[-96,23],[60,150],[155,-25],[23,52],[-180,15],[2,108],[82,4],[-11,162],[56,-2],[3,148],[119,6]],[[36339,63391],[-3,80],[4,0],[-1,25],[22,1],[0,6],[72,2],[0,-7],[36,1],[0,-5],[8,0],[1,-35],[-68,-2],[0,2],[-21,0],[1,-34],[2,0],[1,-27],[-7,0],[0,-5],[-47,-2]],[[75412,65301],[-50,-2],[0,88],[47,1],[3,-87]],[[49841,91073],[-2,63],[128,2],[3,-62],[-129,-3]],[[63228,99418],[10,2],[-3,8],[21,5],[1,-2],[61,10],[-2,6],[26,7],[21,-58],[-32,-17],[-7,8],[-8,22],[-30,-5],[8,-30],[8,-9],[-37,-18],[-7,0],[-2,7],[-9,-2],[-4,12],[10,1],[-3,6],[-8,-2],[-4,12],[9,2],[-2,8],[-9,-1],[-4,11],[10,2],[-2,5],[-8,-1],[-4,11]],[[91275,31196],[-53,58],[105,56],[-6,7],[-107,-56],[-17,19],[129,68],[42,-46],[-26,-13],[-1,-3],[-6,-3],[-3,0],[-23,-12],[-1,-4],[-7,-3],[-5,0],[-24,-12],[2,-3],[-1,-2],[-7,-4],[-4,1],[-4,-2],[14,-16],[5,3],[1,3],[6,3],[5,0],[4,2],[1,2],[7,4],[4,-2],[8,5],[1,3],[5,3],[6,-1],[13,6],[1,4],[5,2],[5,0],[5,2],[1,4],[4,2],[3,-1],[24,13],[19,-21],[-23,-12],[-1,1],[-106,-55]],[[73430,64198],[-3,68],[137,3],[3,-68],[-137,-3]],[[74366,63679],[-40,0],[0,8],[-5,0],[0,61],[45,0],[0,-69]],[[68277,80380],[-33,54],[14,5],[1,-1],[11,4],[10,-17],[-4,-1],[7,-11],[4,1],[5,-8],[4,1],[-60,98],[91,33],[61,-99],[3,1],[14,-22],[-32,-11],[-63,102],[-5,1],[-27,-10],[-1,-3],[62,-102],[-32,-11],[-8,12],[-9,-3],[4,-7],[-17,-6]],[[58165,75573],[-1,-8],[110,3],[-1,-20],[11,0],[6,-4],[30,24],[30,-21],[34,23],[53,0],[56,-37],[-31,-23],[125,-84],[-51,-43],[-122,87],[-26,-22],[-116,79],[-105,0],[-37,-31],[-83,54],[48,39],[70,-16]],[[61238,98560],[-5,73]],[[61233,98633],[-1,190],[-25,3],[-19,13],[-12,17],[0,10],[1,5],[7,7],[-17,0],[0,75],[-26,19],[-182,0],[5,44],[210,-2],[47,-35],[0,-84],[14,1],[18,-8],[15,-18],[4,-18],[-5,-12],[-7,-6],[-9,-3],[2,-8],[157,-2],[2,-234],[-65,-25],[-109,-2]],[[74523,52655],[-3,87],[173,3],[1,-29],[12,0],[2,-57],[-185,-4]],[[65797,84267],[-19,29],[-19,-8],[-11,17],[19,8],[-95,148],[-43,102],[-16,10],[-6,19],[33,0],[20,-8],[190,-297],[-53,-20]],[[63163,63427],[-2,42],[-11,0],[0,14],[12,0],[-2,45],[-44,-1],[0,16],[-9,0],[-2,41],[239,6],[6,-159],[-187,-4]],[[64665,19675],[0,5],[-23,0],[-5,146],[11,9],[87,1],[-1,21],[165,3],[0,3],[8,7],[-1,6],[15,1],[6,-191],[-49,0],[0,-2],[-49,-1],[1,-4],[-27,-1],[0,3],[-12,-1],[0,-1],[-79,-2],[0,2],[-20,0],[0,-4],[-27,0]],[[66503,77710],[-1,32],[-6,0],[-1,40],[120,2],[2,-71],[-114,-3]],[[65557,88908],[-3,76],[137,3],[3,-76],[-137,-3]],[[49796,83910],[50,1],[1,-23],[-48,-1],[-4,3],[1,4],[3,3],[0,11],[-3,2]],[[70847,66550],[-8,128],[124,4],[8,-127],[-124,-5]],[[86351,33262],[0,6],[-7,-1],[-4,3],[0,7],[8,0],[-2,66],[-8,0],[0,10],[9,0],[-1,8],[47,0],[0,-5],[2,0],[2,-3],[0,-5],[-5,-3],[1,-27],[5,0],[0,2],[3,1],[13,0],[3,-2],[0,-2],[5,0],[0,31],[3,0],[0,12],[44,1],[1,-13],[1,0],[1,-28],[4,0],[5,2],[14,1],[2,-4],[5,0],[0,27],[-3,0],[-3,2],[0,7],[2,1],[4,0],[0,7],[46,0],[0,-5],[7,0],[3,-2],[0,-10],[-7,0],[1,-39],[7,1],[0,-10],[-2,-2],[-8,0],[1,-8],[-13,0],[0,2],[-87,-2],[1,-24],[-100,-2]],[[69429,73778],[59,2],[1,-4],[12,0],[0,4],[60,1],[1,-30],[-59,-2],[0,4],[-13,-1],[0,-3],[-59,-1],[-2,30]],[[69410,73810],[49,1],[0,-4],[14,1],[4,2],[8,0],[3,-2],[8,0],[3,3],[10,0],[2,-3],[12,1],[-1,22],[-12,0],[-4,-4],[-7,0],[-4,3],[-7,0],[-3,-3],[-9,0],[-4,3],[-14,-1],[0,-4],[-48,-1],[-2,28],[30,1],[0,-4],[207,5],[0,3],[24,0],[0,-8],[-7,0],[0,-8],[-6,0],[0,-7],[-12,0],[-2,-3],[-10,0],[-2,1],[-8,1],[-3,-3],[-24,0],[-2,2],[-8,0],[-4,-3],[-9,0],[-2,3],[-12,0],[0,-22],[11,0],[4,2],[9,1],[4,-3],[6,0],[4,3],[23,0],[4,-2],[7,0],[3,3],[10,0],[3,-3],[11,0],[1,-7],[6,0],[0,-5],[8,0],[0,-3],[10,0],[1,-8],[-37,-1],[0,4],[-214,-6],[0,-3],[-20,0],[-2,28]],[[23001,80785],[-1,3],[-20,0],[0,17],[-5,0],[-1,19],[4,0],[-1,25],[-3,0],[-1,9],[4,0],[-2,43],[60,1],[1,-37],[5,0],[1,-20],[-5,0],[0,-10],[14,0],[0,6],[25,0],[0,-5],[24,1],[-1,4],[11,0],[0,-4],[18,1],[2,-46],[-22,0],[0,-5],[-13,0],[0,4],[-32,-1],[0,-4],[-24,-1],[0,5],[-32,-1],[0,-4],[-6,0]],[[69729,61729],[3,0],[-3,46],[74,2],[6,-145],[-77,-2],[-3,99]],[[67522,83311],[-1,11],[-7,0],[-1,15],[8,0],[-1,31],[34,1],[0,-12],[4,-3],[0,-9],[-3,-2],[1,-24],[-7,-3],[-7,2],[0,-7],[-20,0]],[[72288,65248],[-2,45],[-9,0],[-2,27],[101,2],[2,-72],[-90,-2]],[[67910,55044],[5,-93],[-61,-1],[-2,24],[-5,0],[1,37],[6,1],[0,33],[56,-1]],[[66861,85648],[-1,27],[9,1],[2,5],[0,27],[-2,4],[-9,0],[-1,22],[45,1],[1,-22],[-10,0],[1,-35],[2,-2],[9,0],[1,-27],[-47,-1]],[[64687,62307],[-3,71],[173,4],[2,-72],[-172,-3]],[[55227,32784],[-3,82],[34,1],[1,-43],[4,0],[1,-14],[8,0],[-2,57],[78,1],[2,-54],[11,0],[-2,55],[78,1],[3,-57],[7,0],[0,15],[4,0],[-2,43],[34,0],[3,-82],[-71,-2],[-1,28],[-3,1],[0,7],[2,2],[0,15],[-5,3],[0,6],[-18,0],[0,-7],[-4,-3],[1,-14],[2,-2],[0,-7],[-2,-3],[1,-26],[-63,-1],[-1,27],[-2,1],[-1,8],[3,1],[-1,14],[-4,2],[0,8],[-19,-1],[0,-6],[-3,-3],[0,-14],[3,-2],[1,-6],[-4,-3],[1,-27],[-71,-1]],[[74718,57681],[-165,-3],[-2,49],[44,1],[1,-7],[78,2],[0,8],[42,1],[-1,15],[12,0],[2,-65],[-11,-1]],[[74644,54972],[-5,183],[164,3],[5,-183],[-164,-3]],[[71090,66162],[-1,38],[99,1],[2,-96],[-97,-1],[-1,34],[5,0],[0,24],[-7,0]],[[67985,62651],[-2,73],[73,1],[-2,56],[-74,-1],[-4,124],[243,4],[6,-184],[-66,-2],[2,-67],[-176,-4]],[[68111,62783],[90,1],[-1,14],[-53,-2],[-2,61],[-139,-4],[1,-19],[101,2],[3,-53]],[[91683,30788],[-29,31],[116,61],[32,-30],[-31,-17],[-6,7],[-57,-30],[-7,7],[-5,-3],[12,-13],[-25,-13]],[[64822,84575],[109,2],[2,-103],[-108,-2],[-3,103]],[[81877,41334],[-3,69],[194,5],[0,-2],[2,0],[7,1],[0,2],[33,1],[0,-10],[4,0],[6,-3],[0,-5],[-5,-4],[-5,0],[0,-2],[-47,-2],[-2,-1],[-10,0],[-2,1],[-25,-1],[0,3],[-7,0],[-4,-4],[-9,0],[-5,3],[-5,0],[-5,-4],[-7,0],[-5,4],[-26,-1],[-3,-3],[-10,0],[-3,3],[-6,-1],[-3,-2],[-8,0],[-4,2],[-8,0],[0,-10],[-2,0],[0,-6],[3,0],[0,-11],[5,0],[5,5],[9,0],[4,-4],[5,0],[4,4],[7,0],[6,-4],[27,1],[4,4],[8,0],[7,-4],[4,0],[4,4],[7,0],[6,-4],[7,1],[0,2],[23,0],[2,1],[12,1],[2,-2],[22,1],[0,-3],[24,1],[1,-24],[-33,-1],[0,4],[-10,0],[0,-1],[-192,-4]],[[84921,29095],[129,2],[3,-89],[-80,-2],[0,22],[-51,0],[-1,67]],[[79741,43293],[7,0],[0,20],[-8,0],[-1,18],[8,0],[-1,21],[-7,0],[0,18],[8,0],[-1,21],[-8,-1],[-1,17],[9,1],[-1,20],[-9,0],[-1,18],[8,0],[0,10],[-7,0],[-1,19],[35,0],[7,-186],[36,2],[0,-2],[14,0],[-6,187],[35,1],[0,-20],[-7,0],[1,-9],[6,0],[1,-18],[-7,0],[1,-21],[6,0],[1,-18],[-6,0],[1,-19],[6,0],[0,-18],[-6,0],[1,-21],[6,0],[0,-17],[-5,-1],[0,-20],[6,0],[1,-24],[-120,-3],[-1,25]],[[79673,43415],[-3,58],[29,1],[1,-58],[-27,-1]],[[62520,87380],[-3,82],[230,6],[5,-4],[8,-57],[-126,-3],[-1,19],[57,1],[0,-2],[23,1],[0,8],[-148,-4],[0,-9],[51,2],[2,-38],[-98,-2]],[[66469,83292],[6,1],[0,9],[22,0],[1,-9],[9,0],[1,-29],[17,0],[2,-27],[16,0],[0,-25],[6,0],[3,-33],[23,-1],[1,-32],[-8,0],[2,-25],[-33,-1],[-1,26],[11,0],[-1,6],[-10,0],[-2,25],[-26,-1],[2,-25],[-11,0],[-1,-5],[11,-1],[0,-25],[-34,-1],[-3,84],[12,0],[-1,6],[-11,0],[-1,33],[10,0],[-1,5],[-9,0],[-2,45]],[[42404,68862],[-239,-4],[-1,34],[-26,0],[-4,155],[340,5],[4,-163],[-75,-1],[1,-26]],[[71932,71226],[-113,-2],[-2,60],[13,-1],[-1,3],[53,1],[0,-4],[13,1],[37,-58]],[[62433,89704],[-5,152],[45,0],[1,-18],[32,1],[-5,19],[46,0],[31,-135],[-145,-19]],[[79972,35802],[-7,0],[-1,17],[31,0],[0,-15],[59,1],[-5,153],[42,0],[1,-11],[4,0],[2,-51],[6,1],[1,-31],[-6,0],[1,-49],[-14,-1],[0,-12],[64,1],[1,-40],[-177,-3],[-2,40]],[[79974,35878],[42,1],[1,-30],[-42,0],[-1,29]],[[80279,43052],[-3,95],[99,2],[2,-55],[105,1],[2,-40],[-205,-3]],[[85912,39610],[-1,35],[34,1],[2,-3],[7,0],[0,3],[2,2],[9,0],[1,-2],[35,1],[0,4],[4,2],[8,0],[3,-3],[7,0],[-1,5],[3,1],[9,0],[4,-2],[32,2],[0,1],[4,2],[8,1],[2,-3],[8,0],[2,3],[11,1],[1,-3],[9,0],[2,-2],[7,8],[-7,8],[-4,0],[-5,6],[0,5],[-18,22],[-4,2],[-3,4],[1,3],[-12,17],[-3,1],[-19,24],[9,4],[0,2],[17,8],[7,0],[8,4],[19,-23],[-1,-4],[6,-9],[5,1],[5,-6],[0,-6],[14,-17],[5,-3],[3,-3],[-3,-3],[19,-23],[3,0],[5,-6],[1,-5],[6,-8],[6,-3],[30,-39],[-47,-1],[0,17],[-6,8],[-21,-10],[-62,-1],[-5,-3],[-27,0],[-3,-3],[-20,0],[0,-3],[-15,0],[-5,-2],[-24,0],[-4,-5],[-17,0],[0,-3],[-46,-1]],[[76062,39135],[0,24],[43,0],[3,-81],[7,0],[1,-19],[-51,-1],[-3,77]],[[56336,98772],[0,15],[-18,-2],[-5,135],[94,77],[33,-24],[-79,-67],[1,-32],[17,1],[0,-13],[-17,0],[4,-75],[-18,-1],[0,-14],[-12,0]],[[67149,69655],[-34,-16],[-45,55],[34,16],[45,-55]],[[67772,63320],[-4,105],[124,3],[4,-106],[-124,-2]],[[64939,85004],[-3,69],[143,3],[3,-69],[-51,-2],[-2,35],[-5,0],[0,-4],[-30,0],[0,4],[-6,0],[2,-35],[-51,-1]],[[42143,80975],[-8,231],[21,8],[142,-87],[1,-24],[8,-1],[2,-3],[0,-5],[-5,-4],[-2,0],[0,-5],[25,0],[1,-11],[-27,0],[2,-78],[-26,-1],[1,-18],[-135,-2]],[[71549,70313],[4,-131],[-207,-4],[-4,134],[207,1]],[[61698,96951],[-5,1],[-2,15],[-3,4],[3,6],[0,20],[-2,2],[-1,3],[1,16],[24,0],[5,2],[26,-1],[0,6],[-1,0],[-1,19],[1,0],[0,7],[-17,0],[0,-4],[-8,-2],[-5,1],[0,1],[-25,0],[-1,10],[-2,5],[2,5],[0,8],[90,2],[0,-4],[2,0],[1,-14],[-2,0],[2,-47],[3,0],[0,-9],[-3,0],[0,-8],[-48,-1],[0,-3],[-11,0],[-5,-2],[1,-8],[5,0],[1,-2],[20,1],[0,4],[8,1],[0,3],[29,0],[1,-16],[3,1],[0,-18],[-2,-2],[-6,0],[-4,2],[-10,1],[-1,-2],[-4,-1],[-5,0],[-2,2],[-19,0],[-5,-3],[-7,0],[-2,2],[-12,0],[-3,-2],[-4,-1]],[[67911,60992],[-3,82],[-33,-1],[-2,45],[111,3],[6,-127],[-79,-2]],[[48250,39629],[-1,20],[-40,-1],[-9,222],[177,4],[-3,66],[-25,0],[-2,56],[25,0],[-2,44],[80,2],[-1,36],[33,16],[232,5],[2,-54],[-246,-6],[6,-163],[-3,0],[3,-63],[15,0],[3,-98],[-15,0],[3,-77],[-116,-3],[0,-4],[-116,-2]],[[66102,63675],[-3,139],[116,2],[4,-135],[-6,-4],[-111,-2]],[[53381,58124],[-2,3],[-7,0],[-3,2],[-12,-1],[-5,3],[-33,0],[-2,1],[-1,19],[3,2],[14,1],[7,6],[20,0],[0,3],[15,1],[3,2],[22,0],[4,-3],[9,1],[3,-2],[14,0],[0,-2],[35,0],[1,-22],[-2,-1],[-14,-1],[-8,-6],[-15,-1],[-3,-2],[-17,0],[-4,-2],[-22,-1]],[[70105,74783],[56,18],[8,-12],[-8,-3],[27,-50],[11,3],[14,-24],[-57,-18],[-29,49],[7,3],[-13,23],[-9,-2],[-7,13]],[[67854,61284],[1,-32],[-120,-3],[-5,117],[28,0],[-1,9],[95,2],[2,-93]],[[74156,68574],[0,-13],[2,-7],[-2,-3],[2,-40],[-54,-1],[0,4],[-3,3],[0,4],[2,5],[-1,47],[54,1]],[[66094,88567],[-4,82],[39,1],[1,-25],[14,1],[-1,24],[40,1],[1,-25],[13,1],[-1,24],[39,1],[3,-82],[-38,-1],[-1,24],[-15,0],[1,-24],[-38,-1],[-1,24],[-15,0],[1,-24],[-38,-1]],[[66219,84352],[-1,33],[18,1],[0,-4],[96,2],[0,5],[30,0],[2,-36],[-18,0],[0,4],[-100,-2],[0,-3],[-27,0]],[[66172,86375],[123,3],[3,-69],[-94,-2],[0,19],[-22,-1],[0,-8],[-4,-2],[-3,1],[-3,59]],[[65828,93310],[-72,0],[-1,38],[-9,0],[-1,26],[137,1],[2,-26],[-26,-3],[0,-15],[25,0],[1,-29],[-26,0],[3,-38],[-30,1],[-3,45]],[[64972,93446],[-1,2],[-2,-2],[-46,34],[44,34],[23,-17],[-2,-1],[5,-4],[8,0],[0,3],[32,0],[1,-47],[-62,-2]],[[74164,48104],[2,-281],[-76,1],[-1,281],[75,-1]],[[75325,63414],[-111,1],[-4,121],[112,3]],[[74004,60692],[-2,60],[167,6],[4,-60],[-169,-6]],[[38549,62263],[0,4],[-4,0],[-1,33],[4,0],[0,8],[-4,0],[-1,9],[5,0],[0,13],[-5,0],[-1,9],[4,0],[0,16],[-5,0],[0,13],[33,0],[1,-36],[-4,0],[0,-6],[5,0],[1,-35],[5,-4],[5,0],[-1,35],[5,0],[-1,3],[-5,0],[-1,42],[99,1],[0,-11],[5,0],[0,-17],[-4,0],[0,-13],[-4,0],[0,-4],[5,0],[1,-7],[4,0],[1,-46],[-22,0],[0,-5],[-11,0],[0,4],[-5,0],[-1,9],[6,1],[0,8],[-6,0],[0,9],[5,0],[-1,16],[-6,0],[0,20],[6,0],[-1,8],[-5,0],[0,6],[-33,0],[1,-7],[-5,0],[1,-8],[5,0],[0,-20],[-5,0],[1,-16],[5,0],[0,-9],[-5,0],[1,-9],[4,0],[0,-9],[-4,0],[0,-3],[-12,0],[0,3],[-43,-1],[0,-3],[-12,-1]],[[44911,62581],[-1,3],[-19,0],[0,-3],[-12,0],[-3,48],[12,1],[0,3],[8,0],[1,-2],[12,0],[1,-21],[16,0],[-1,12],[8,0],[0,6],[6,0],[0,3],[7,0],[1,-2],[5,0],[0,-6],[8,0],[1,-12],[8,0],[-1,39],[-7,0],[1,-2],[-9,0],[0,-2],[-76,-2],[-4,89],[124,4],[2,-35],[-60,-1],[0,-1],[-11,0],[0,1],[-12,0],[0,-2],[-21,-1],[1,-19],[21,1],[0,-1],[10,0],[1,1],[12,1],[0,-3],[59,2],[5,-98],[-15,0],[-1,3],[-10,0],[0,-3],[-24,-1],[-1,4],[-19,-1],[0,-3],[-23,0]],[[84383,40507],[-169,0],[0,50],[169,0],[0,-50]],[[53844,41330],[-2,-44],[4,0],[-2,-10],[-236,-5],[-13,-10],[5,-6],[-44,-33],[-10,3],[-16,-15],[-2,-11],[7,0],[5,-67],[-7,0],[3,-67],[4,0],[-1,-13],[-227,-4],[-3,125],[27,1],[-4,81],[78,18],[111,1],[0,22],[267,60],[48,-1],[1,-24],[7,-1]],[[85359,39241],[-1,40],[32,1],[0,-2],[56,2],[-1,12],[44,0],[0,-10],[3,0],[0,-31],[-2,0],[1,-10],[-132,-2]],[[73275,60542],[-1,58],[66,1],[2,-57],[-67,-2]],[[84911,41012],[-4,11],[2,1],[-8,18],[-2,-1],[-5,12],[3,1],[-27,64],[0,2],[5,4],[0,2],[19,0],[0,-2],[21,0],[0,1],[19,1],[3,-4],[19,1],[0,2],[21,0],[0,-1],[20,0],[0,2],[20,0],[0,-1],[23,0],[0,3],[18,0],[0,-2],[23,1],[0,2],[82,1],[2,-3],[3,1],[5,-15],[-2,-1],[11,-27],[3,1],[6,-15],[-24,-5],[-2,4],[-53,-13],[-4,-2],[-7,-2],[-2,0],[-5,14],[5,1],[-1,5],[1,3],[48,10],[-4,12],[-9,-2],[-33,-1],[-2,2],[-5,0],[0,-9],[-2,-2],[1,-7],[-6,-5],[-13,0],[0,10],[-3,1],[-1,-1],[0,-16],[-18,-1],[0,13],[-3,4],[0,6],[-3,3],[-2,10],[-3,1],[0,-5],[-3,-4],[2,-12],[-2,-2],[1,-21],[-5,-3],[-23,1],[-4,-1],[-8,-1],[-1,2],[-3,0],[-2,24],[1,11],[-3,3],[0,5],[-3,2],[-3,-1],[0,-6],[-4,-4],[2,-1],[0,-21],[-19,0],[-2,9],[-4,0],[1,-9],[-18,-1],[-2,12],[-1,4],[0,5],[1,1],[-4,3],[-1,6],[-2,2],[-3,0],[1,-8],[-3,-2],[1,-22],[-18,-2],[1,-11],[10,1],[1,-6],[16,5],[-1,2],[7,1],[4,0],[21,3],[1,-2],[5,0],[2,-4],[4,0],[8,-17],[-3,-1],[2,-8],[-77,-19]],[[83362,40379],[-2,33],[17,0],[0,10],[11,0],[-3,64],[44,1],[4,-88],[2,0],[1,-18],[-74,-2]],[[65280,63654],[1,0],[-1,27],[217,4],[2,-44],[12,0],[1,-11],[-13,-1],[2,-48],[-218,-4],[-3,77]],[[59851,92038],[-2,29],[25,1],[3,2],[14,-2],[21,0],[13,3],[4,-2],[24,1],[0,-30],[-23,-1],[-3,-2],[-13,2],[-23,0],[-13,-3],[-2,3],[-25,-1]],[[59766,92045],[1,10],[-3,17],[-6,9],[3,3],[-4,15],[38,5],[4,-15],[4,-2],[-1,-10],[3,-16],[5,-11],[-2,-2],[3,-15],[-38,-5],[-3,15],[-4,2]],[[59996,92053],[-3,2],[5,10],[3,16],[-2,11],[3,1],[3,15],[38,-3],[-2,-15],[3,-3],[-6,-9],[-2,-17],[2,-10],[-4,-2],[-2,-15],[-38,3],[2,16]],[[59828,92128],[-2,2],[-23,1],[-10,-1],[-3,2],[-7,1],[-11,-2],[-2,2],[-16,1],[4,24],[121,-8],[-2,-23],[-17,1],[-11,-2],[0,2],[-7,1],[-14,-1]],[[60043,92142],[-15,-2],[-2,-3],[-11,1],[-8,-1],[-2,-2],[-13,1],[-20,-3],[-1,-2],[-13,1],[-6,-1],[-3,-2],[-11,0],[-16,-1],[-4,23],[121,13],[4,-22]],[[69516,61286],[-1,73],[145,1],[0,-73],[-144,-1]],[[67591,68681],[-199,238],[157,75],[98,-116],[-3,-1],[102,-122],[-155,-74]],[[65761,61889],[-52,-2],[-9,134],[54,1],[0,-26],[-10,0],[3,-72],[5,-5],[7,0],[2,-30]],[[73627,61450],[0,-29],[-24,0],[0,9],[-24,-1],[-1,53],[48,0],[1,-32]],[[73832,64495],[149,3],[3,-73],[-146,-3],[-6,73]],[[72696,52072],[0,-28],[10,0],[0,-11],[18,0],[4,-84],[31,0],[0,-39],[-89,-3],[-7,165],[33,0]],[[66819,84405],[-1,23],[8,0],[-1,66],[-5,0],[-2,102],[-4,0],[0,19],[51,1],[1,-28],[-8,-1],[2,-94],[55,1],[1,-35],[-53,-1],[1,-18],[64,0],[1,-33],[-110,-2]],[[84328,40340],[173,2],[1,-57],[-173,-3],[-1,58]],[[74881,55481],[151,3],[3,-77],[-152,-2],[-2,76]],[[84991,38992],[0,6],[-49,-1],[0,-3],[-5,0],[0,10],[-28,0],[-1,63],[25,1],[0,9],[6,0],[0,-2],[49,1],[0,4],[26,0],[0,-4],[18,0],[6,5],[21,0],[4,-3],[15,1],[0,4],[24,0],[0,-6],[12,0],[1,-13],[-7,0],[0,-5],[-4,-2],[0,-2],[-16,0],[-4,-2],[-26,0],[-7,-1],[-48,0],[0,-4],[-62,0],[0,-4],[-3,-3],[0,-8],[5,-4],[0,-6],[50,1],[0,-3],[11,0],[0,1],[82,2],[17,-1],[6,-4],[0,-5],[8,0],[1,-13],[-13,0],[0,-6],[-24,0],[0,4],[-11,-1],[-5,-3],[-24,-1],[-8,6],[-18,-1],[0,-6],[-24,-1]],[[74001,61773],[-1,31],[134,2],[1,-86],[-98,1],[0,53],[-36,-1]],[[83726,40652],[0,9],[-85,-2],[0,23],[3,0],[0,17],[-13,-1],[0,-5],[-4,0],[0,-5],[4,0],[1,-30],[-8,0],[0,7],[-5,0],[0,3],[-3,0],[-6,4],[0,18],[-4,3],[0,15],[3,3],[0,11],[3,2],[6,1],[4,-3],[8,0],[0,3],[48,1],[1,-31],[36,0],[-1,32],[48,0],[2,-74],[-38,-1]],[[70342,76209],[-1,27],[43,2],[-4,81],[125,3],[2,-37],[-79,-3],[1,-31],[79,2],[3,-40],[-40,-1],[0,9],[-89,-3],[0,-8],[-40,-1]],[[70380,78322],[42,-119],[-112,-1],[-2,26],[16,1],[0,2],[24,4],[-1,4],[18,4],[-9,28],[-41,-8],[-9,22],[-2,0],[-5,15],[43,10],[-4,10]],[[49872,67992],[-4,90],[28,1],[-1,20],[-77,-2],[-2,64],[-10,0],[0,7],[-90,-2],[-1,47],[140,3],[2,1],[13,0],[2,-2],[67,2],[1,-26],[4,0],[1,-10],[-8,0],[8,-192],[-73,-1]],[[74055,60189],[46,1],[-4,114],[68,1],[0,-10],[18,1],[4,-136],[-129,-3],[0,6],[-2,0],[-1,26]],[[73127,68740],[-2,33],[4,0],[-1,35],[-4,0],[-1,25],[4,0],[-2,35],[-4,0],[-1,32],[84,3],[1,-21],[-27,-1],[5,-99],[25,1],[2,-41],[-83,-2]],[[62288,62836],[0,9],[24,0],[0,-3],[33,1],[0,4],[15,0],[1,-4],[39,1],[0,4],[18,0],[2,-66],[-6,0],[1,-11],[11,-1],[2,-38],[-13,-1],[1,-10],[7,0],[2,-67],[-72,-1],[-1,4],[-10,0],[0,-5],[-25,0],[0,18],[-22,1],[-6,165],[-1,0]],[[72983,67803],[-1,5],[-28,-1],[-1,21],[-3,0],[-1,20],[4,0],[-1,18],[28,1],[0,3],[13,0],[0,-1],[33,0],[0,3],[13,0],[1,-3],[17,1],[3,-60],[-18,-1],[0,-4],[-14,0],[0,4],[-31,-1],[0,-4],[-14,-1]],[[73888,69744],[0,35],[-37,1],[2,54],[68,-1],[0,17],[21,0],[1,14],[45,-1],[0,-11],[8,0],[0,-17],[-12,0],[-1,-23],[7,0],[-2,-45],[12,0],[-1,-22],[-111,-1]],[[70693,53180],[0,2],[-36,-1],[-1,23],[-8,0],[-1,12],[9,0],[-1,16],[35,0],[0,3],[17,0],[0,-3],[34,0],[0,3],[32,1],[0,-3],[35,1],[0,8],[30,1],[0,-9],[32,1],[0,4],[33,0],[0,-3],[23,1],[0,3],[17,1],[0,-4],[36,0],[0,-14],[9,0],[0,-13],[-8,0],[1,-22],[-36,0],[0,-3],[-17,-1],[0,4],[-24,-1],[0,-4],[-31,0],[0,4],[-99,-2],[0,-4],[-31,0],[0,2],[-35,0],[0,-3],[-15,0]],[[70381,77364],[10,0]],[[70391,77364],[22,0],[0,-6],[15,0],[-1,7],[30,0],[1,-8],[2,0],[1,-76],[-10,0],[0,-8],[-44,0],[0,4],[-33,0],[0,-6],[-45,0],[0,6],[-13,0],[-1,58],[47,0],[0,-28],[50,1],[-1,21],[-29,0],[-1,35]],[[71559,68212],[-69,-4],[-7,58],[66,3],[1,29],[113,4],[6,-88],[-110,-2]],[[68421,61726],[-2,0],[2,-36],[3,0],[0,-34],[-36,-1],[-1,6],[-28,-1],[0,-6],[-24,0],[-6,94],[19,1],[0,-5],[28,1],[0,4],[44,0],[1,-23]],[[68425,61877],[-3,1],[2,-38],[4,0],[0,-32],[-52,-2],[0,4],[-15,0],[-1,-5],[-32,0],[-3,89],[98,2],[2,-19]],[[74141,56945],[155,3],[3,-90],[-155,-3],[-3,90]],[[83530,39215],[0,2],[-6,-1],[-1,39],[5,0],[0,2],[444,8],[0,-1],[4,0],[0,-39],[-3,0],[0,-2],[-443,-8]],[[18376,87400],[0,6],[-16,0],[-1,37],[10,0],[0,4],[5,0],[0,-4],[79,0],[0,22],[45,0],[0,-65],[-122,0]],[[18196,87491],[17,0],[-1,6],[-17,15],[29,25],[2,-2],[3,2],[17,-15],[7,0],[-1,15],[161,3],[1,-43],[-155,-3],[-6,-6],[4,-118],[-57,-1],[-4,122]],[[76573,65258],[-77,-1],[-3,1],[-4,-2],[-99,-2],[-4,3],[-2,74],[184,4]],[[75290,67381],[-1,3],[133,3]],[[75425,67343],[-20,0],[0,-7],[21,0],[1,-49],[-125,-2],[-1,45],[-6,0]],[[92027,30760],[-5,1],[-17,20],[-3,0],[-5,5],[1,5],[29,15],[3,-4],[21,11],[-17,19],[35,18],[18,-20],[20,10],[-10,11],[40,21],[38,-42],[-40,-21],[-9,11],[-20,-10],[18,-20],[-35,-18],[-16,17],[-20,-10],[2,-4],[-28,-15]],[[74984,67376],[29,1],[0,6],[57,1],[1,-6],[8,0]],[[75079,67378],[2,-75]],[[75081,67303],[-96,-2]],[[66349,92337],[-1,36],[-167,-3],[-2,46],[227,4],[3,-82],[-60,-1]],[[73787,52638],[-9,269],[51,1],[0,3],[49,1],[10,-272],[-101,-2]],[[68275,83489],[-3,83],[160,3],[3,-83],[-160,-3]],[[71759,71360],[-11,17],[-9,-3],[-11,18],[-9,-4],[-12,19],[-9,-3],[-12,16],[-7,-2],[-12,17],[11,5],[-11,18],[28,9],[-17,26],[-3,-1],[-27,43],[3,1],[-15,25],[24,10],[7,-10],[25,9],[7,-11],[19,7],[11,-18],[-4,-1],[11,-18],[5,2],[10,-18],[-19,-7],[5,-11],[-9,-3],[17,-30],[25,11],[10,-18],[-9,-4],[10,-18],[-11,-4],[10,-19],[-8,-2],[10,-18],[-10,-4],[11,-18],[-24,-8]],[[75374,66714],[1,-89],[-95,-1],[-1,39],[-3,0],[-2,61],[100,2]],[[70646,63950],[-76,1],[-5,118],[57,0],[24,-119]],[[69979,75700],[-42,69],[97,33],[7,-11],[5,2],[6,-11],[-4,-2],[13,-22],[4,1],[6,-10],[-4,-2],[6,-11],[-49,-17],[2,-3],[-47,-16]],[[73909,58920],[130,3],[14,-411],[-109,-2],[1,-6],[-22,0],[-14,416]],[[66939,87047],[0,14],[-5,0],[0,19],[-16,0],[-2,62],[4,0],[-2,68],[16,0],[-1,20],[4,0],[0,15],[30,0],[0,-14],[5,0],[0,-26],[32,1],[-1,19],[4,0],[-1,15],[30,0],[0,-14],[5,0],[1,-26],[31,0],[-1,20],[5,0],[-1,15],[30,0],[0,-14],[4,0],[1,-24],[24,0],[1,-15],[5,0],[0,-10],[-35,-1],[0,-16],[26,1],[4,8],[20,-8],[-1,-3],[2,-6],[-18,-10],[-5,8],[-27,-1],[0,-18],[14,0],[0,2],[14,1],[1,-3],[26,0],[1,-16],[5,0],[0,-10],[-32,0],[0,-4],[-13,-1],[-1,3],[-12,0],[0,-20],[-4,0],[1,-15],[-29,0],[-1,14],[-5,0],[0,19],[-32,0],[1,-26],[-4,0],[0,-15],[-29,0],[0,14],[-5,0],[0,20],[-32,-1],[1,-26],[-4,0],[0,-14],[-29,-1]],[[66943,87105],[31,1],[0,4],[30,1],[0,2],[39,2],[0,3],[35,1],[-1,17],[-7,0],[-1,26],[7,0],[-1,17],[-29,-1],[0,4],[-39,-1],[-1,3],[-29,-1],[0,3],[-38,-1],[2,-36],[-7,0],[1,-7],[5,0],[3,-37]],[[73680,67073],[2,-31],[-94,0],[0,90],[245,4],[29,-72],[-47,0],[-14,30],[-32,-2],[-64,-1],[-25,-18]],[[66224,92123],[-1,27],[-5,0],[-33,-6],[4,7],[0,10],[-5,10],[34,-5],[4,0],[0,28],[157,4],[3,-72],[-158,-3]],[[69906,78930],[-47,163],[40,9],[5,-16],[7,1],[2,-6],[34,5],[9,-37],[-31,-5],[13,-44],[34,4],[9,-36],[-31,-5],[1,-8],[-5,-1],[5,-19],[-4,-1]],[[75664,63621],[-3,11],[46,1],[0,2],[110,3],[0,-1],[31,0],[5,-3],[8,0],[3,-85],[-9,0],[0,-1],[-3,0],[-90,-4],[0,-1],[-85,3],[-13,2],[0,73]],[[85089,40655],[-51,127],[48,12],[52,-128],[-49,-11]],[[73477,67065],[0,-14],[48,1],[5,-86],[-194,-3],[-4,88],[32,1],[-1,10],[114,3]],[[67166,61693],[62,3],[-4,54],[113,2],[6,-135],[-6,0],[-2,-12],[-10,-11],[-8,-5],[-10,-5],[-13,-2],[0,-4],[-123,-3],[-5,118]],[[72718,69309],[-1,6],[-7,0],[-1,35],[125,2],[1,-42],[-117,-1]],[[71675,68296],[-1,66],[192,2],[3,-66],[-194,-2]],[[89968,33226],[-1,6],[-3,0],[-4,99],[46,1],[0,3],[-4,0],[-1,19],[-20,-1],[-3,58],[113,3],[2,-44],[31,1],[1,-13],[-47,-1],[1,-24],[44,1],[5,-104],[-160,-4]],[[75815,56122],[162,3],[3,-92],[-162,-3],[-3,92]],[[74458,67647],[-3,45],[-5,34],[-15,48],[67,13],[5,-15],[3,-1],[3,-8],[2,0],[8,-24],[5,-7],[5,-24],[-2,-9],[1,-25],[-2,-1],[0,-8],[-3,-2],[0,-15],[-69,-1]],[[83627,42285],[-2,0],[0,1],[-7,0],[-2,40],[8,1],[0,2],[2,0],[0,5],[255,5],[0,-6],[1,0],[0,-2],[9,1],[2,-39],[-10,0],[-1,-8],[-255,-5],[0,5]],[[83455,42459],[-2,0],[0,1],[-8,0],[-1,40],[8,0],[0,2],[2,0],[-1,5],[257,4],[0,-6],[7,0],[2,-38],[-8,0],[0,-9],[-256,-5],[0,6]],[[73299,60116],[-10,219],[60,1],[10,-218],[-60,-2]],[[75473,66582],[0,29]],[[75473,66611],[-1,48],[142,3],[1,-14],[18,0],[1,-16],[16,0],[1,-46],[-178,-4]],[[73215,68148],[1,-104],[-75,-1],[0,6],[-8,-1],[0,15],[7,0],[0,4],[6,0],[0,54],[-5,0],[0,6],[-11,0],[0,15],[6,0],[0,5],[79,1]],[[73866,67894],[2,58],[78,2],[5,-95],[-34,-1],[0,-10],[-16,-1],[0,10],[-29,0],[-2,37],[-4,0]],[[72846,66660],[0,4],[-29,-2],[-1,14],[4,0],[-1,24],[-5,0],[-1,22],[3,0],[-5,82],[73,2],[4,-61],[2,0],[1,-12],[-7,0],[1,-16],[11,0],[0,6],[53,1],[1,-4],[37,1],[-1,3],[39,2],[0,-6],[10,0],[0,17],[-7,0],[-1,11],[3,0],[-3,57],[21,1],[0,1],[33,2],[0,-2],[20,0],[7,-102],[-6,-1],[1,-22],[4,0],[1,-13],[-32,-1],[0,-2],[-19,-1],[0,7],[-22,-1],[0,-5],[-145,-4],[0,6],[-23,-1],[0,-6],[-21,-1]],[[74739,57033],[-162,-1],[-2,92],[161,4],[3,-95]],[[67726,69451],[-150,-3],[-3,65],[152,1],[1,-63]],[[72867,69918],[0,8],[-15,-1],[-9,3],[-2,44],[55,1],[1,-11],[72,1],[2,-2],[-1,-7],[2,-25],[-1,-3],[-61,-1],[0,-6],[-43,-1]],[[69517,63818],[-103,-1],[3,103],[103,1],[-2,-60]],[[73234,69349],[-2,57],[23,0],[-1,16],[35,0],[0,-8],[18,0],[0,10],[17,0],[0,-2],[2,-1],[0,-6],[11,0],[1,-9],[3,0],[1,-4],[1,-28],[-1,-4],[-3,0],[0,-10],[-13,0],[0,-1],[3,-2],[0,-4],[-2,-3],[-18,0],[-1,9],[-17,0],[0,-9],[-57,-1]],[[52110,95124],[-12,4],[-1,-2],[-26,8],[1,2],[-12,4],[39,75],[-3,0],[10,19],[2,0],[12,20],[-46,6],[0,19],[46,5],[-10,21],[-3,-1],[-9,19],[2,1],[-36,75],[12,4],[-1,2],[27,7],[2,-2],[12,4],[-28,56],[105,30],[86,-173],[-106,-31],[3,-5],[14,0],[1,-47],[-17,0],[-8,-15],[4,-2],[-8,-16],[-5,1],[-15,-28],[3,-1],[-7,-13],[-3,1],[-25,-47]],[[75019,56527],[78,2],[79,-55],[1,-51],[-153,-2],[-5,106]],[[74433,66331],[-138,3],[-51,89],[186,-1],[3,-91]],[[69734,78897],[-31,107],[2,0],[-3,10],[-5,0],[-7,24],[5,1],[-4,11],[3,0],[-1,4],[10,2],[1,-3],[14,2],[0,3],[10,2],[1,-2],[38,6],[0,3],[10,2],[1,-2],[14,2],[-1,3],[12,2],[1,-2],[2,0],[19,-64],[21,4],[33,-113],[-145,-2]],[[74724,57428],[-158,-2],[-7,125],[163,2],[2,-125]],[[70563,77104],[-5,115],[95,2],[5,-115],[-95,-2]],[[73999,65525],[-4,57],[295,5],[2,-54],[-293,-8]],[[73949,69287],[0,6],[-9,0],[-1,16],[13,1],[0,5],[-14,0],[-2,2],[0,7],[2,2],[7,0],[-1,31],[-4,3],[-1,12],[-3,2],[0,7],[2,2],[0,12],[52,1],[0,-12],[31,1],[-1,12],[11,0],[0,-1],[29,1],[1,-6],[8,0],[0,-20],[-7,0],[0,-5],[-7,-1],[0,-1],[-37,0],[-7,-6],[5,-5],[10,0],[12,-9],[7,0],[24,-18],[7,-1],[0,-6],[8,0],[0,-22],[-8,0],[1,-7],[-31,-1],[-1,6],[-8,0],[-27,21],[-1,5],[-12,8],[-1,9],[-6,4],[-8,-6],[3,-41],[-1,0],[0,-1],[-8,0],[0,-6],[-27,-1]],[[70606,76370],[0,13],[-8,0],[-2,41],[8,0],[-1,27],[-9,0],[-1,41],[8,0],[0,14],[42,1],[0,-14],[8,1],[2,-45],[38,1],[-2,58],[77,1],[5,-135],[-77,-2],[-2,47],[-7,0],[-1,25],[-38,-1],[0,-17],[9,0],[1,-42],[-8,0],[1,-13],[-43,-1]],[[66319,90972],[-1,30],[3,0],[0,6],[-64,-1],[0,5],[-5,0],[0,1],[-20,0],[-2,41],[20,1],[0,1],[6,0],[-1,6],[147,4],[0,-6],[5,0],[1,-2],[20,1],[1,-41],[-21,-1],[0,-2],[-5,0],[1,-5],[-65,-2],[0,-6],[4,0],[1,-29],[-25,-1]],[[72842,65819],[-4,154],[102,2],[4,-154],[-102,-2]],[[72608,67980],[0,2],[17,1],[1,-12],[51,3],[0,-7],[3,0],[2,-25],[-72,-4],[-2,42]],[[66898,87318],[0,16]],[[66898,87334],[2,0],[-1,33],[15,0],[0,4],[-11,0],[-1,28],[-3,0],[-1,24],[48,1],[0,8],[98,2],[1,-32],[12,1],[1,-19],[-3,0],[0,-4],[10,0],[1,-26],[10,0],[13,-32],[-191,-4]],[[71994,62820],[44,0],[0,15],[38,0],[0,-12],[14,0],[0,-38],[-48,0],[0,-34],[51,0],[0,-49],[-96,0]],[[71997,62702],[-3,118]],[[73781,65407],[-16,4],[-111,-2],[-5,152],[110,2],[4,-101],[34,24],[105,1],[36,-20],[2,-46],[-10,-11],[-149,-3]],[[85674,38769],[0,4],[-3,0],[0,18],[-4,0],[0,18],[4,0],[-1,16],[-56,-1],[-1,85],[127,3],[1,-39],[134,1],[1,-45],[-57,0],[0,-17],[7,0],[1,-20],[-6,0],[1,-16],[-2,0],[0,-4],[-41,0],[0,6],[-65,0],[0,-8],[-40,-1]],[[70605,63024],[-11,282],[147,3],[11,-282],[-147,-3]],[[66230,90988],[48,2],[13,-4],[6,-8],[1,-9],[73,1],[-1,8],[53,1],[2,34],[42,2],[-11,-208],[-192,-4],[-2,49],[-24,-1],[-2,44],[24,0],[-2,37],[-25,0],[-1,41],[-2,15]],[[76652,65414],[104,3],[3,-77],[-192,-5],[-184,-4],[-2,77],[271,6]],[[73341,66530],[-1,9],[-7,0],[-3,58],[170,1],[5,-65],[-164,-3]],[[67989,81513],[-9,192],[41,0],[-2,-5],[64,-12],[-3,-5],[57,-24],[-6,-4],[48,-34],[-6,-3],[13,-17],[1,-26],[-10,0],[2,-57],[-190,-5]],[[74938,58012],[186,0],[2,-94],[-181,0],[-7,94]],[[66288,89282],[-2,50],[70,2],[0,5],[-45,-2],[-1,20],[-25,-1],[-2,34],[39,1],[31,27],[0,6],[-33,24],[-38,0],[-2,34],[26,0],[-1,19],[45,2],[0,-14],[19,0],[-2,24],[40,1],[1,-25],[18,1],[-1,14],[45,1],[1,-19],[25,1],[2,-35],[-39,-1],[-31,-25],[0,-7],[33,-24],[38,0],[2,-34],[-25,-1],[1,-19],[-44,-1],[0,-5],[68,2],[2,-48],[-215,-7]],[[73471,68380],[-2,58],[136,2],[2,-72],[-19,0],[0,16],[-117,-4]],[[73178,67572],[0,7],[-20,0],[-1,60],[18,0],[0,8],[127,1],[1,-75],[-125,-1]],[[70268,65424],[-124,-3],[-3,72],[124,2],[3,-71]],[[70812,77393],[68,2],[2,-16],[38,2],[21,-47],[4,0],[23,-41],[-15,-4],[-165,-4],[-3,49],[2,2],[12,-4],[14,0],[-1,61]],[[75394,52543],[-2,57],[119,3],[2,-57],[-119,-3]],[[68560,63793],[83,2],[7,-152],[-82,-1],[-8,151]],[[67412,61679],[7,1],[-1,14],[4,0],[0,13],[-5,-1],[0,39],[3,0],[-1,15],[-3,-1],[-2,37],[5,-1],[-1,9],[1,0],[1,12],[95,3],[5,-110],[-8,-1],[5,-69],[5,0],[4,-51],[-92,-2],[-5,1],[-2,10],[0,8],[-5,0],[-2,37],[4,1],[-1,13],[-3,1],[0,13],[-8,0],[0,9]],[[73727,65939],[20,1],[0,44],[20,0],[0,4],[63,2],[86,-2],[0,-65],[-4,0],[-1,-49],[3,-1],[1,-7],[-3,0],[2,-24],[-145,-4],[1,80],[-43,-2],[0,23]],[[75366,57803],[0,15],[-6,0],[0,10],[3,0],[0,9],[-3,0],[0,16],[2,1],[0,17],[-5,0],[-1,20],[5,0],[-1,17],[-2,0],[0,17],[2,0],[0,9],[-2,0],[-1,10],[6,1],[-1,15],[66,1],[0,-17],[6,0],[0,-17],[-4,0],[0,-8],[4,0],[1,-17],[-6,-1],[0,-8],[2,0],[3,-3],[2,-6],[-3,-9],[-1,-3],[-2,0],[0,-8],[6,0],[0,-17],[-4,0],[0,-8],[4,0],[1,-17],[-6,0],[1,-17],[-66,-2]],[[73931,58210],[137,2],[4,-185],[-136,-2],[-5,185]],[[74118,68769],[-16,116]],[[74102,68885],[132,3],[1,-18],[4,0],[1,-25],[12,0],[1,-34],[-12,0],[1,-24],[-4,0],[1,-19],[-121,-3],[0,4]],[[66520,88888],[-137,-3],[-1,19]],[[66382,88904],[-3,79],[-76,-2],[0,4],[-5,0],[-2,42],[5,0],[0,4],[190,4],[1,-3],[4,0],[1,-43],[-4,-1],[0,-3],[21,2],[6,-99]],[[70749,76978],[-1,9],[-40,-1],[-5,106],[105,3],[5,-108],[-42,-1],[0,-7],[-22,-1]],[[68789,81460],[-3,68]],[[68786,81528],[64,2],[1,-17],[17,0],[-1,17],[45,1],[2,-20],[3,-1],[0,-18],[-3,0],[2,-28],[-46,-2],[-1,22],[-37,-1],[2,-21],[-45,-2]],[[73753,59336],[-12,0],[-2,3],[-5,0],[-4,-2],[-19,-1],[-7,3],[-19,0],[-2,-2],[-4,0],[-4,2],[-7,0],[-78,-2],[-4,3],[-2,47],[5,4],[72,1],[5,-3],[3,3],[5,0],[2,2],[8,0],[2,-2],[16,1],[3,2],[16,-2],[4,2],[4,0],[3,-2],[7,0],[3,2],[5,0],[3,-1],[18,0],[3,2],[13,-2],[2,-2],[0,-4],[3,-3],[0,-5],[-3,-2],[2,-22],[3,-7],[-5,-8],[-6,0],[-4,-2],[-5,0],[-4,2],[-10,-1],[-4,-4]],[[73033,68657],[3,-74]],[[72897,68581],[-2,75]],[[76118,66659],[39,1],[2,-10],[100,1],[24,-37],[0,-8],[-5,-4],[-8,-1],[-150,-2],[-2,60]],[[65974,91550],[-7,180],[65,2],[1,-16],[33,1],[0,-9],[30,0],[2,-53],[16,0],[1,-17],[-16,0],[3,-77],[-38,-1],[0,-8],[-90,-2]],[[74326,67652],[-6,0],[0,-4],[-17,0],[0,3],[-49,0],[0,-4],[-17,0],[0,3],[-48,-1],[0,-4],[-19,-1],[0,5],[-17,0],[-3,80],[174,3],[2,-80]],[[77717,64867],[-11,1],[-8,4],[-15,17],[0,9],[3,4],[3,3],[45,22],[7,5],[5,7],[5,7],[2,7],[0,42],[5,9],[8,5],[6,1],[22,1],[5,-1],[10,-5],[5,-7],[4,-40],[7,-14],[6,-6],[16,-11],[36,-15],[5,-4],[5,-8],[-2,-9],[-11,-15],[-4,-3],[-6,-2],[-12,-1],[-43,17],[-19,3],[-10,0],[-9,-1],[-10,-2],[-50,-20]],[[70322,75160],[-79,134],[112,38],[11,-20],[17,19],[56,-29],[71,25],[24,-42],[-36,-12],[29,-49],[-171,-58],[-3,5],[-31,-11]],[[52201,95590],[-106,32],[21,41],[-54,16],[6,11],[3,-1],[41,78],[-3,1],[9,17],[3,0],[3,6],[-45,7],[1,19],[45,7],[-4,6],[-1,0],[-9,16],[2,2],[-39,78],[-3,-1],[-5,12],[55,15],[12,-23],[2,1],[12,-23],[-3,-1],[18,-37],[3,2],[9,-18],[-3,-2],[10,-22],[15,0],[-1,-46],[-15,-2],[-2,-5],[103,-31],[-80,-155]],[[74912,64789],[-4,73],[118,2],[3,-73],[-117,-2]],[[73601,59445],[-5,145],[41,1],[4,-128],[12,0],[-1,15],[73,2],[1,-16],[16,1],[-2,77],[-18,-1],[-5,134],[-134,-2],[-2,45],[193,3],[10,-256],[-17,-1],[1,-16],[-167,-3]],[[73371,63905],[-13,0],[-10,2],[-11,4],[-9,5],[-7,5],[-7,8],[-4,8],[-2,11],[2,15],[4,7],[8,10],[6,4],[12,6],[8,3],[15,2],[10,0],[12,-2],[13,-4],[7,-4],[10,-8],[7,-10],[5,-16],[-3,-16],[-10,-14],[-16,-10],[-11,-4],[-16,-2]],[[73550,63971],[-11,0],[-12,3],[-16,7],[-8,5],[-8,9],[-5,10],[-2,6],[2,16],[7,13],[6,7],[15,8],[13,5],[10,1],[13,0],[10,-1],[14,-5],[8,-4],[12,-11],[6,-8],[3,-11],[-1,-16],[-6,-10],[-8,-9],[-8,-5],[-10,-6],[-14,-3],[-10,-1]],[[74331,58874],[161,4],[6,-112],[-164,-3],[-3,111]],[[74039,68156],[-3,53],[147,4],[3,-54],[-147,-3]],[[73829,64619],[111,3],[0,-13],[11,1],[2,-46],[-9,0],[0,-11],[-111,-3]],[[73864,70061],[-1,101],[135,1],[1,-101],[-135,-1]],[[80914,40407],[222,3],[0,-12],[21,0],[1,-42],[-21,0],[0,-13],[-240,-3],[-1,66],[18,1]],[[80796,40633],[0,7],[10,0],[0,2],[20,-1],[-1,13],[33,1],[4,-1],[4,-4],[0,-4],[4,0],[1,-44],[9,0],[0,-21],[31,1],[0,-2],[5,0],[0,2],[62,0],[1,-31],[-151,0],[-1,25],[-39,-1],[0,-19],[-31,0],[-2,76],[41,1]],[[74219,68326],[-6,140],[107,2],[1,-15],[7,0],[2,-39],[13,1],[2,-33],[-14,0],[2,-38],[-8,-1],[1,-16]],[[74426,61342],[171,5],[4,-119],[-170,-5],[-5,119]],[[63849,61842],[-5,136],[77,2],[1,-14],[25,1],[2,-32],[120,3],[3,-92],[-223,-4]],[[73735,70087],[99,3],[6,-137],[-98,-3],[-7,137]],[[73734,70156],[74,2],[3,-61],[-74,-2],[-3,61]],[[72995,65173],[-3,72],[177,4],[2,-72],[-176,-4]],[[74563,62486],[1,-71],[-163,1],[0,70]],[[71325,66203],[131,2],[3,-88],[-197,-4],[-1,53],[-7,1],[-1,34],[72,2]],[[69850,75343],[-44,73],[71,25],[45,-74],[-72,-24]],[[73814,65780],[114,2],[5,-155],[-113,-4],[-6,157]],[[74973,58241],[130,-1],[9,-192],[-85,4],[-2,74],[-48,-2],[-4,117]],[[67744,83476],[-6,176],[57,1],[3,-94],[215,4],[3,-81],[-272,-6]],[[76268,63084],[0,4],[-6,0],[0,14],[4,0],[-1,47],[-4,0],[0,15],[5,0],[0,5],[20,0],[0,-3],[61,0],[0,5],[19,0],[0,-5],[7,0],[0,-13],[-4,0],[1,-47],[5,0],[1,-16],[-6,0],[0,-5],[-19,0],[0,4],[-64,0],[0,-5],[-19,0]],[[75477,58023],[183,3],[10,-12],[4,-15],[0,-13],[-5,-12],[-7,-10],[-19,-1],[2,-22],[-114,-4],[-4,14],[-14,-1],[2,9],[-33,2],[-5,62]],[[70685,63663],[-87,133],[-21,47],[-4,39],[89,0],[46,-217],[-23,-2]],[[70707,73867],[-2,45],[22,0],[-1,15],[-21,-4],[-3,50],[66,12],[3,-27],[19,-9],[1,-8],[65,12],[3,-52],[-22,-3],[1,-28],[-131,-3]],[[72706,69711],[-1,79],[84,1],[1,-59],[-33,-1],[1,-19],[-18,0],[0,17],[-4,0],[0,-18],[-30,0]],[[73157,63479],[62,1],[1,-9],[3,0],[1,-22],[-4,0],[1,-27],[4,0],[1,-22],[-5,0],[0,-10],[-59,-1],[0,2]],[[75505,67097],[1,-42],[3,-32],[-225,-5],[-3,75]],[[75281,67093],[171,3]],[[69516,65765],[14,1],[0,-3],[11,1],[0,4],[30,1],[0,-5],[10,1],[-1,6],[13,0],[0,-2],[26,0],[0,3],[14,0],[0,-6],[9,0],[0,5],[30,0],[0,-4],[11,0],[-1,3],[15,1],[4,-74],[-15,0],[0,-2],[-140,-4],[-1,4],[-12,-1],[-1,-1],[-13,-1],[-3,73]],[[77140,63099],[-14,2],[-8,4],[-6,5],[-3,10],[1,7],[4,6],[7,6],[-57,64],[-2,7],[4,10],[5,6],[8,3],[14,2],[13,-4],[9,-7],[3,-10],[97,7],[9,-2],[8,-3],[4,-3],[5,-5],[2,-11],[-5,-10],[-10,-7],[-9,-2],[-9,1],[-8,1],[-43,-68],[-10,-7],[-9,-2]],[[71049,65994],[-3,95],[126,3],[3,-70],[-2,-6],[-7,-11],[-8,-5],[-15,-5],[-94,-1]],[[76178,64827],[-5,152]],[[76173,64979],[150,4],[8,-151],[-153,-5]],[[74476,67207],[-177,-5],[-3,59],[81,3],[-1,18]],[[74881,55501],[-4,106],[89,0],[3,-104],[-88,-2]],[[68779,81361],[-6,19],[0,20],[170,11],[4,-18],[1,-22],[-169,-10]],[[72278,59941],[-2,109],[77,1],[2,-109],[-77,-1]],[[70024,64788],[15,-45],[-17,-4],[-10,-19],[-8,-9],[-31,-15],[-34,-10],[-38,-3],[-37,11],[-28,11],[-11,29],[-17,-1],[-11,52],[222,21],[5,-18]],[[73224,69533],[-4,90],[116,3],[4,-91],[-116,-2]],[[74800,57980],[112,2],[1,-107],[5,0],[0,-12],[-10,1],[-1,-4],[5,-2],[1,-8],[-56,0],[-1,11],[-54,-1],[-2,120]],[[69634,75689],[-58,111],[23,7],[4,-8],[28,8],[4,-7],[25,8],[5,-8],[18,6],[36,-68],[-14,-5],[11,-19],[-82,-25]],[[75984,63178],[152,3],[1,-33],[8,0],[1,-6],[44,-9],[-12,-10],[1,-28],[-32,0],[-4,-4],[-131,-3],[-1,-4],[-12,0],[-1,3],[-11,0],[-3,91]],[[75220,63537],[-3,63],[18,16],[89,4],[188,1],[16,-12],[2,-16],[-4,-5],[0,-9],[-14,-10],[-190,-3],[2,-22],[-3,-5],[-101,-2]],[[74598,58588],[88,2],[3,-69],[-162,-4],[-3,69],[74,2]],[[76176,64413],[-15,352],[164,4],[6,-136],[-38,-3],[2,-16],[40,1],[8,-4],[4,-6],[-3,-7],[-8,-4],[-42,-1],[1,-18],[38,0],[7,-158],[-164,-4]],[[77044,64785],[186,4],[3,-88],[-184,-5]],[[73676,68128],[0,5],[121,3],[3,-74],[-122,-3]],[[69265,79865],[-93,151],[25,9],[-1,7],[209,74],[24,-37],[-51,-17],[60,-97],[48,18],[22,-41],[-202,-62],[-6,6],[-35,-11]],[[76073,55797],[92,22],[75,-179],[-94,-27],[-73,184]],[[73307,65469],[64,2],[0,-29],[4,-42],[-137,-2],[-2,70],[71,1]],[[73580,67404],[-5,12],[-1,19],[3,10],[-8,0],[-1,73],[87,4],[41,-84],[1,-20],[-6,-12],[-111,-2]],[[72536,64127],[-1,84],[13,29],[39,10],[134,0],[0,-120],[-185,-3]],[[65512,56562],[-228,-5],[-3,49],[184,4],[0,-3],[47,-1],[0,-44]],[[74822,65066],[101,2],[3,-65],[-194,-5],[-3,65],[93,3]],[[66208,91631],[2,70],[-9,-1],[-1,3],[-4,0],[-1,21],[5,1],[-2,12],[-4,1],[0,21],[3,0],[1,4],[7,0],[-3,41],[243,6],[-2,-12],[24,-4],[-19,-83],[-1,-77],[-239,-3]],[[74306,67915],[-3,36],[34,0],[1,-16],[15,0],[5,-22],[1,-21],[98,2],[1,-34],[-98,-2],[0,4],[-51,-2]],[[70524,77552],[-3,81],[24,1],[-1,26],[-22,-1],[-5,184],[122,2],[0,-13],[3,0],[1,-23],[-2,0],[0,-21],[3,0],[1,-24],[-2,0],[0,-20],[4,0],[0,-23],[-2,0],[1,-22],[3,0],[1,-23],[-3,0],[1,-12],[-96,-2],[0,-18],[188,4],[1,-46],[32,1],[1,-46],[-250,-5]],[[67064,62628],[-3,91],[242,7],[5,-92],[-244,-6]],[[72328,69873],[-2,156],[70,1],[3,-156],[-71,-1]],[[75100,50931],[-10,259],[63,1],[10,-259],[-63,-1]],[[71997,62702],[-138,1],[-2,40],[1,90],[136,0],[0,-13]],[[76115,66653],[3,-54],[-121,-3],[-1,55],[119,2]],[[75980,66666],[2,-67],[-144,-4],[-4,68],[146,3]],[[75640,66699],[-160,-4],[-2,-5],[-18,1],[-1,47],[178,5],[3,-44]],[[66291,90055],[0,7],[-4,1],[3,10],[-1,14],[-4,10],[5,1],[0,2],[53,1],[1,4],[10,-3],[12,0],[-3,88],[-13,-4],[-2,4],[-53,-1],[0,2],[-4,1],[2,10],[0,13],[-4,10],[5,1],[0,2],[53,1],[2,3],[9,-2],[16,0],[2,3],[8,-3],[17,1],[2,3],[10,-3],[81,2],[20,-171],[-223,-7]],[[76980,65046],[-2,75],[187,2],[48,2],[-24,-66],[-25,-9],[-184,-4]],[[70478,65210],[-21,2],[-23,3],[-23,6],[-16,5],[-16,9],[-27,18],[-16,12],[-18,17],[426,7],[2,-72],[-142,-3],[0,13],[-31,-3],[-59,-11],[-36,-3]],[[74931,57615],[-122,-1],[-7,133],[125,3],[4,-135]],[[72179,70425],[-68,0],[-1,1],[0,6],[-4,2],[5,12],[-1,7],[-2,6],[-8,9],[-12,5],[0,11],[4,0],[1,24],[-9,0],[0,9],[8,0],[0,8],[-3,0],[0,24],[-1,0],[0,9],[-32,0],[1,25],[11,0],[0,10],[-11,1],[0,8],[133,-1],[-3,-114],[-7,0],[-1,-62]],[[73721,66977],[-130,-2],[-3,64],[96,1],[-1,12],[38,1],[0,-76]],[[70452,65642],[-177,-5],[-3,73],[179,4],[1,-72]],[[72533,69489],[0,9],[3,0],[-1,74],[-6,2],[0,7],[61,1],[0,-7],[3,0],[2,-85],[-62,-1]],[[68803,80319],[-9,16],[-89,-32],[-49,81],[8,16],[-22,5],[-14,25],[7,16],[18,5],[19,-4],[2,12],[7,2],[16,-4],[6,12],[6,3],[18,-6],[4,13],[7,3],[18,-2],[3,10],[7,2],[16,-5],[5,12],[7,2],[23,-6],[3,-5],[0,-11],[8,-1],[2,-5],[-2,-6],[56,-14],[63,-104],[-26,-8],[23,-37],[-51,-18],[-28,51],[-62,-18]],[[70055,65195],[-67,89],[13,13],[20,-3],[157,0],[13,-10],[61,-74],[-30,-15],[-167,0]],[[66194,92275],[0,15],[-29,-1],[0,12],[28,0],[0,15],[218,4],[1,-41],[-218,-4]],[[74733,56376],[0,-7],[28,0],[4,-141],[-96,-2],[0,140],[39,2],[-2,9],[27,-1]],[[69193,80123],[-124,191],[169,57],[37,-44],[-37,-15],[54,-95],[33,9],[27,-44],[-159,-59]],[[73688,65617],[-47,1],[-1,86],[96,0],[0,-5],[67,1],[2,-78],[-66,-1],[0,-2],[-23,0],[-28,-2]],[[69948,66084],[31,1],[-1,10],[-11,5],[-5,5],[-5,14],[1,12],[4,7],[6,6],[9,6],[11,3],[10,2],[22,-3],[8,-5],[7,-6],[6,-9],[3,-9],[0,-85],[-4,-5],[-9,-6],[-17,-4],[-19,1],[-5,2],[0,-17],[-40,0],[0,7],[-187,-3],[0,-8],[-31,0],[-1,75],[30,1],[1,-7],[185,4],[1,6]],[[72577,68543],[0,1],[-5,0],[0,8],[5,0],[-2,45],[-8,0],[0,8],[-16,0],[-3,74],[55,2],[0,-3],[5,1],[1,-9],[-5,0],[2,-53],[23,1],[3,-64],[5,0],[1,-8],[-5,0],[0,-2],[-56,-1]],[[74118,68769],[-88,-2],[-13,131],[84,2],[1,-15]],[[75707,66883],[-3,80],[91,2],[2,-80],[-90,-2]],[[66256,92953],[0,46],[-16,0],[0,-14],[5,0],[0,-11],[-9,1],[0,-18],[-47,-1],[-1,17],[-10,1],[0,10],[5,1],[0,12],[-32,-1],[-1,35],[226,3],[1,-34],[-32,-1],[1,-12],[4,1],[1,-12],[-10,0],[1,-18],[-48,-1],[-1,18],[-9,0],[0,11],[4,0],[0,12],[-14,1],[0,-45],[-18,-1]],[[76678,64356],[312,9],[1,-86],[-308,-12],[-5,89]],[[70206,65328],[-9,9],[1,63],[153,2],[1,-72],[-146,-2]],[[70503,74034],[-3,78],[92,2],[3,-78],[-92,-2]],[[68077,83113],[-5,229],[162,2],[1,-13],[167,2],[1,-42],[-106,-2],[2,-95],[46,1],[1,-18],[109,2],[2,-45],[-139,-2],[0,-16],[-241,-3]],[[52784,96104],[-158,48],[7,15],[-11,3],[-1,-2],[-27,8],[1,2],[-13,4],[39,75],[-2,1],[10,19],[3,0],[10,19],[-48,6],[1,19],[48,6],[-10,20],[-2,-1],[-11,20],[3,0],[-38,75],[12,4],[0,2],[26,8],[2,-2],[12,3],[24,-46],[2,1],[8,-14],[-3,-1],[14,-27],[4,1],[10,-18],[-6,-2],[9,-18],[19,-1],[0,-13],[5,0],[-1,-23],[-5,-1],[0,-11],[-22,0],[-3,-7],[162,-38],[-70,-134]],[[68649,81545],[-2,51],[-32,-1],[-6,137],[245,7],[4,-83],[32,6],[-3,-14],[0,-8],[4,-11],[-33,5],[2,-46],[33,1],[3,-39],[-247,-5]],[[76665,63086],[0,5],[-124,-3],[-2,45],[58,2],[0,2],[75,2],[-4,112],[58,1],[5,-113],[75,2],[0,-3],[57,2],[2,-45],[-123,-3],[0,-4],[-77,-2]],[[66520,88888],[17,-134],[-123,-3],[-1,13],[-27,0],[0,-14],[-3,0],[0,-4],[-57,-1],[0,3],[-5,0],[-5,155],[5,0],[-1,3],[57,1],[0,-3],[5,0]],[[84817,42105],[-207,172],[187,130],[39,-31],[-46,-32],[60,-50],[22,15],[14,-12],[-23,-16],[98,-82],[-75,-52],[-4,4],[-65,-46]],[[65943,92300],[-5,112],[63,2],[0,-6],[23,1],[0,-2],[19,1],[0,-3],[21,1],[1,-15],[7,0],[1,-9],[-7,-1],[0,-5],[7,0],[0,-10],[-7,0],[1,-15],[-21,-1],[0,-2],[-20,0],[1,-46],[-84,-2]],[[72032,71009],[43,0],[1,-66],[-168,-2],[-1,-19],[-61,-1],[-2,132],[96,1],[1,-46],[91,1]],[[76367,65682],[-7,156],[431,11],[104,-156],[-528,-11]],[[74331,68121],[-4,15],[-30,-1],[-1,7],[-25,-1],[-1,16],[-18,-1],[-1,22],[-5,0],[-2,43],[18,1],[14,-1],[14,-3],[26,-7],[13,-6],[22,-14],[17,-17],[13,-19],[3,-11],[4,-21],[-57,-2]],[[75762,67301],[4,-4],[0,-6],[23,0],[4,2],[8,1],[3,-2],[20,0],[11,-9],[4,-5],[15,-8],[10,-13],[2,-26],[-4,-10],[-7,-3],[-38,-1],[-39,-2],[-11,-3],[-16,0],[-5,3],[-8,0],[-5,-3],[-18,0],[-6,3],[-1,6],[-19,20],[-25,0],[-4,63],[23,1],[0,-5],[20,1],[1,-16],[9,0],[-1,9],[4,2],[25,1],[3,4]],[[70416,76516],[-10,67],[5,66],[51,1],[10,-55],[19,0],[1,-29],[-20,-1],[-4,-47],[-52,-2]],[[73316,67644],[130,3],[1,-20],[12,0],[4,-74],[-143,-5],[-4,96]],[[77096,63329],[0,6],[-10,0],[-2,48],[12,0],[0,6],[155,3],[2,-59],[-157,-4]],[[74213,59519],[-165,-4],[-4,113],[164,6],[5,-115]],[[74087,64281],[-9,1],[-1,20],[2,10],[6,8],[12,5],[16,1],[12,-2],[11,-7],[10,0],[21,-4],[12,-6],[13,-19],[1,-82],[-169,-124],[-7,5],[-6,-3],[-26,0],[-9,1],[-8,4],[-13,11],[-3,42],[-6,2],[-2,38],[143,99]],[[74315,64438],[1,-32],[-70,-14],[-30,22],[2,-12],[-12,-10],[-7,1],[-42,30],[0,5],[11,9],[-1,5],[-8,0],[-7,5],[0,14],[-7,5],[1,11],[4,4],[-1,16],[7,4],[48,2],[8,-4],[55,2],[6,3],[48,1],[6,-4],[0,-15],[6,-5],[1,-10],[-6,-4],[1,-16],[-14,-13]],[[75748,67026],[-2,48],[205,5],[3,-48],[-206,-5]],[[72046,59336],[-9,2],[-4,3],[-20,-1],[-30,3],[-20,4],[-17,7],[-24,14],[-19,18],[-13,20],[-6,15],[-2,23],[3,15],[9,22],[14,18],[22,16],[25,13],[19,6],[29,4],[10,4],[13,9],[8,12],[1,9],[-2,9],[-5,8],[-7,7],[-15,8],[-17,2],[-10,-1],[-11,64],[6,3],[11,1],[-4,16],[233,3],[11,-320],[-71,-1],[-2,45],[-113,-3],[23,-67],[-6,-7],[-10,-3]],[[68789,81460],[-301,-9],[0,-16],[-31,-1],[3,-97],[-94,-1],[-5,111],[50,2],[-12,209],[-5,23],[-109,-2],[-3,45],[133,4],[2,-26],[129,4],[5,-185],[235,7]],[[74549,58113],[154,3],[3,-70],[-155,-2],[-2,69]],[[75642,65254],[-1,-10],[-3,-4],[-6,-4],[-6,-2],[-6,-1],[-118,0],[-3,59],[143,2],[0,-40]],[[68753,81063],[190,50],[3,1],[3,-1],[4,-2],[1,-2],[1,-9],[4,-1],[1,-19],[-5,0],[3,-25],[4,0],[0,-23],[-4,0],[2,-28],[6,-1],[1,-17],[-3,0],[0,-6],[-57,-22],[-34,-9],[-20,37],[62,22],[-2,17],[-6,0],[0,24],[5,0],[-1,18],[-30,-8],[0,-5],[-24,-5],[-2,4],[-35,-10],[2,-5],[-47,-12],[-22,37]],[[69286,61452],[-2,41],[18,0],[-1,38],[-19,-1],[-1,42],[145,2],[4,-119],[-144,-3]],[[52362,96058],[-218,2],[0,17],[-70,10],[39,74],[-3,1],[11,20],[3,-1],[11,20],[-49,6],[1,19],[48,6],[-11,19],[-3,0],[-9,20],[3,0],[-37,76],[53,14],[22,-46],[4,0],[7,-14],[-3,-1],[13,-27],[5,1],[10,-18],[-6,-1],[10,-20],[17,0],[-1,-47],[-22,-1],[-4,-3],[181,-1],[-2,-125]],[[70518,65641],[-1,50],[22,0],[0,5],[-4,6],[1,5],[4,6],[2,1],[4,2],[9,1],[5,-1],[3,-2],[26,1],[0,-2],[22,0],[0,3],[23,0],[0,-2],[18,0],[0,2],[15,0],[4,-72],[-153,-3]],[[52436,96562],[-211,2],[0,11],[-51,15],[39,75],[-3,1],[13,19],[3,-1],[9,20],[-48,7],[0,19],[48,6],[-56,115],[52,15],[23,-48],[2,1],[7,-14],[-2,-1],[14,-27],[4,1],[9,-18],[-5,-1],[10,-20],[17,0],[0,-11],[5,0],[0,-26],[-5,0],[0,-12],[129,0],[-3,-128]],[[74799,56035],[-98,0],[-3,142],[6,1],[-3,5],[82,4],[4,-7],[7,-1],[5,-144]],[[69882,61823],[201,3],[1,-87],[-198,-3],[-4,87]],[[74053,65855],[-9,0],[2,-13],[-50,0],[0,12],[-8,0],[-2,86],[66,1],[1,-86]],[[74128,65929],[-45,-2],[-24,19],[-64,0],[-2,53],[165,3],[1,-48],[-7,-7],[-24,-18]],[[85045,41536],[-1,54],[14,0],[0,20],[-72,-2],[-1,26],[105,1],[2,-98],[-47,-1]],[[67442,60708],[-4,61],[144,5],[-5,82],[114,1],[2,-143],[-251,-6]],[[75413,58128],[2,29],[3,12],[2,5],[7,0],[0,14],[12,0],[0,24],[140,4],[58,-135],[-129,-4],[1,-2],[-9,-3],[-15,-3],[-24,0],[-19,2],[-12,3],[0,13],[-9,-1],[-4,12],[-4,30]],[[72553,69009],[-1,9],[3,0],[-4,74],[-2,0],[-1,8],[7,0],[0,1],[53,2],[0,-2],[2,1],[5,-91],[-62,-2]],[[70244,75308],[-7,2],[-4,2],[-46,77],[147,50],[2,-2],[151,52],[27,-46],[-141,-48],[21,-35],[-150,-52]],[[73470,65405],[-1,72],[15,-2],[-1,36],[8,-1],[0,9],[72,2],[5,-120],[-98,-2],[0,6]],[[76277,55382],[-103,-3],[-3,195],[97,0],[9,-192]],[[74424,66715],[12,-156]],[[74436,66559],[-28,0],[0,-9],[-95,1],[-3,109],[-12,-1]],[[74298,66659],[-14,54]],[[74284,66713],[41,1],[0,7],[77,1],[1,-7],[21,0]],[[75486,58447],[97,-224],[-129,-5],[-2,31],[11,5],[6,7],[2,39],[-20,11],[-5,9],[-9,12],[-207,-6],[-3,112],[259,9]],[[75460,64803],[-8,156],[191,5],[8,-156],[-191,-5]],[[76784,63585],[77,4],[12,-140],[-76,1],[-13,135]],[[71786,70524],[7,-125],[-15,-2],[-123,-4],[1,-15],[-206,-3],[1,18],[-1,-1],[-2,62],[16,1],[-2,39],[203,6],[0,2],[30,1],[-1,17],[92,4]],[[74048,67648],[-17,0],[-2,1],[-3,-2],[-11,0],[-3,1],[-3,-1],[-11,0],[-3,1],[-3,-1],[-12,-1],[-3,2],[-2,-2],[-13,0],[-2,1],[-3,-2],[-11,0],[-3,2],[-3,-2],[-12,0],[-3,1],[-3,-2],[-31,-1],[-4,78],[156,5],[5,-78]],[[66306,91487],[-1,3],[-4,3],[1,8],[2,4],[0,12],[-3,3],[-1,8],[5,4],[-71,-5],[0,3],[-24,-1],[-2,52],[24,0],[0,4],[162,2],[0,-2],[22,0],[3,-96],[-113,-2]],[[73152,68354],[0,14],[-15,0],[-2,39],[-9,0],[-1,31],[8,1],[-1,40],[15,0],[-1,15],[101,3],[5,-130],[-4,0],[0,-3],[-17,-1],[0,-8],[-79,-1]],[[66351,88494],[42,40],[-74,44],[-4,3],[0,8],[5,7],[65,20],[-15,32],[-34,-1],[-8,2],[-7,4],[-2,4],[-1,48],[3,6],[6,4],[50,1],[8,-3],[2,-3],[2,-4],[0,-11],[24,1],[1,13],[2,3],[7,4],[101,3],[8,-2],[4,-2],[3,-7],[13,-79],[-3,-7],[-7,-3],[-20,-1],[2,-40],[30,1],[9,-4],[4,-5],[5,-27],[-56,-1],[1,-45],[-166,-3]],[[71528,60842],[247,9],[5,-79],[-202,-4],[-50,74]],[[71843,60862],[-3,69],[24,1],[0,17],[199,4],[1,-89],[-221,-2]],[[70274,61640],[-3,121],[307,6],[3,-121],[-307,-6]],[[74035,69536],[-139,-5],[-7,99],[26,1],[-1,5],[107,4],[2,-27],[2,0],[4,-47],[4,0],[2,-30]],[[72470,62777],[-93,1],[0,19],[-59,0],[0,-9],[-36,0],[0,3],[-114,0],[1,44],[302,0],[-1,-58]],[[58439,51061],[-5,4],[0,2],[-78,-2],[-7,177],[-26,-1],[-8,154],[86,2],[-1,12],[-10,0],[0,10],[-14,0],[1,-9],[-17,0],[0,8],[-14,0],[0,-12],[-14,0],[-2,48],[69,1],[-2,53],[59,1],[6,7],[5,-4],[0,-3],[76,2],[4,-110],[30,1],[2,-63],[20,-13],[-20,-17],[2,-62],[-26,0],[0,-9],[-3,0],[2,-58],[-54,-1],[4,-110],[-59,-1],[0,-2],[-6,-5]],[[70002,34948],[2,-26],[-36,-2],[0,-24],[38,-1],[2,-52],[-23,0],[0,9],[-247,-3],[0,-9],[-69,-2],[0,-36],[-62,-4],[-7,144],[67,2],[0,-17],[15,1],[0,10],[320,10]],[[74324,46373],[-11,288],[123,2],[10,-287],[-122,-3]],[[94643,2120],[0,47],[-2,0],[0,7],[-13,0],[-1,20],[-8,0],[0,118],[52,0],[0,-57],[25,0],[0,-13],[10,0],[0,12],[11,0],[0,17],[63,0],[0,-68],[-62,0],[0,15],[-37,-1],[0,-37],[75,0],[1,-59],[-114,-1]],[[71385,30390],[0,9],[-22,-1],[-3,49],[24,0],[-3,48],[46,1],[3,-56],[13,0],[-5,96],[8,0],[-1,30],[54,1],[1,-29],[8,0],[4,-96],[12,0],[-3,56],[47,1],[2,-65],[23,1],[1,-31],[-22,-1],[0,-8],[-187,-5]],[[64367,96702],[-14,39],[9,1],[-17,51],[8,1],[-3,11],[256,50],[4,-11],[7,2],[16,-47],[-22,-4],[3,-7],[-96,-19],[6,-18],[-10,-2],[1,-3],[-16,-3],[-1,3],[-94,-19],[6,-17],[-43,-8]],[[54789,56917],[-7,0],[-60,15],[-4,2],[-4,4],[-2,3],[1,5],[18,45],[2,0],[8,21],[27,10],[-3,4],[9,3],[2,4],[6,2],[4,0],[55,20],[3,4],[5,2],[6,-1],[9,5],[2,-5],[26,10],[92,-23],[6,-6],[0,-5],[-19,-46],[-3,-4],[-9,-4],[-7,0],[-23,5],[-13,0],[-92,-34],[-7,-4],[-6,-4],[-11,-24],[-5,-2],[-6,-2]],[[99746,18512],[-2,118],[52,1],[0,-11],[9,0],[0,19],[130,1],[1,-18],[10,0],[0,10],[51,0],[2,-118],[-52,-1],[-1,85],[-10,0],[0,-6],[-48,-1],[-3,-6],[-3,-3],[-10,-2],[-10,2],[-7,6],[-1,3],[-49,0],[0,7],[-9,0],[1,-86],[-51,0]],[[58782,38537],[-1,114],[56,0],[0,-25],[19,0],[0,11],[116,1],[0,-9],[18,1],[0,25],[58,1],[1,-113],[-49,-1],[-1,59],[-16,0],[0,7],[-10,0],[0,-18],[-29,0],[0,-49],[-54,-1],[-1,48],[-32,0],[0,17],[-10,0],[0,-7],[-13,0],[0,-60],[-52,-1]],[[64201,68849],[-3,125],[231,2],[1,-43],[4,-2],[0,-5],[-4,-2],[2,-71],[-60,-1],[-1,16],[-7,0],[-1,43],[-98,-1],[1,-51],[-7,0],[0,-10],[-58,0]],[[65843,57780],[132,3],[8,-34],[57,-2],[36,-5],[40,-11],[0,-8],[13,-7],[2,-12],[7,-1],[1,-86],[-123,-5],[0,45],[-33,-1],[-1,-18],[-136,-5],[-3,147]],[[40100,68245],[-5,140],[87,2],[1,-15],[24,1],[0,-19],[17,-4],[14,-7],[5,-5],[4,-6],[4,-12],[0,-9],[-6,-12],[-11,-10],[-8,-4],[-16,-5],[1,-18],[-24,-1],[0,-14],[-87,-2]],[[50530,63407],[-1,22],[27,1],[0,-2],[42,1],[0,2],[9,0],[0,-2],[21,0],[0,5],[-3,2],[0,3],[2,2],[-1,6],[-20,0],[0,-3],[-8,0],[0,2],[-43,-1],[0,-2],[-27,-1],[-1,22],[119,3],[2,-57],[-118,-3]],[[77219,38600],[-1,33],[-2,0],[-2,63],[8,0],[-2,75],[76,1],[0,-8],[89,1],[2,-59],[-18,-1],[1,-37],[-93,-2],[2,-65],[-60,-1]],[[90358,31548],[-5,9],[-6,-4],[-15,10],[1,1],[-20,15],[-2,-1],[-14,11],[6,4],[-11,7],[-2,69],[61,1],[2,-60],[-26,-21],[20,-15],[27,21],[78,2],[0,-31],[69,2],[-1,29],[5,0],[0,8],[238,4],[1,-14],[69,1],[1,-38],[-382,-6],[0,-2],[-94,-2]],[[64948,90845],[-9,264],[144,3],[3,-73],[73,1],[5,-3],[6,-188],[-222,-4]],[[38091,62797],[-1,13],[6,0],[-1,14],[-3,0],[-2,40],[3,0],[-1,12],[-4,-1],[-1,14],[8,0],[-1,15],[9,0],[-6,114],[-11,-1],[-2,41],[-2,0],[-2,39],[3,0],[-1,13],[-4,0],[-1,14],[16,0],[0,2],[19,1],[0,-3],[93,3],[0,2],[18,1],[0,-3],[18,1],[2,-47],[107,3],[2,-24],[44,1],[-1,25],[24,1],[3,-48],[9,0],[0,-13],[-10,-1],[9,-158],[8,1],[0,-15],[-9,0],[3,-47],[-89,-3],[0,-1],[-22,-1],[0,2],[-120,-4],[0,-1],[-22,-1],[0,3],[-88,-3]],[[38295,62881],[67,1],[-3,57],[-6,1],[0,11],[5,0],[-2,56],[-66,-2],[2,-57],[9,0],[0,-10],[-8,-1],[2,-56]],[[38192,62878],[47,1],[-8,102],[-66,-3],[3,-76],[22,0],[2,-24]],[[92883,22961],[0,-41],[-53,1],[1,-27],[-35,0],[-1,27],[-56,-2],[0,-3],[-91,-1],[0,2],[-60,-1],[1,-25],[-34,-1],[-1,26],[-10,0],[-2,42],[6,0],[-3,92],[4,0],[-1,22],[-2,0],[-3,107],[87,1],[0,14],[-90,-2],[-2,58],[106,2],[0,-6],[20,1],[1,-34],[3,0],[0,-17],[-2,0],[0,-10],[47,1],[2,-63],[-47,0],[2,-55],[-4,0],[1,-26],[-13,0],[1,-10],[129,2],[0,18],[48,1],[2,-92],[49,-1]],[[67852,83112],[-1,28],[-15,0],[1,-22],[-82,-2],[-1,23],[41,1],[-3,116],[-42,-1],[-1,65],[80,1],[2,-62],[16,1],[-1,26],[104,1],[3,-79],[14,0],[-1,17],[70,1],[2,-45],[-71,-1],[-1,17],[-12,-1],[2,-82],[-104,-2]],[[67834,83205],[14,1],[-1,42],[-15,0],[2,-43]],[[67849,83150],[-2,44],[-12,0],[1,-44],[13,0]],[[77103,12005],[-20,0],[-4,88],[105,4],[0,-7],[12,1],[0,-10],[-12,0],[1,-16],[6,0],[0,-10],[-7,0],[2,-47],[-21,-1],[0,-4],[-61,-2],[-1,4]],[[77558,12115],[-5,111],[87,1],[2,-127],[-8,-6],[-26,-3],[-20,12],[-66,1],[1,-19],[-64,-1],[0,-11],[-49,0],[0,8],[-63,-1],[-1,20],[-29,0],[0,-7],[-7,-9],[-34,-1],[-10,11],[-15,1],[-4,132],[86,2],[3,-120],[9,1],[-1,37],[49,0],[0,-29],[22,0],[-1,47],[-9,0],[-1,36],[48,1],[1,-35],[-8,-1],[1,-46],[23,0],[-1,30],[48,0],[1,-35],[41,0]],[[81217,902],[-38,20],[-26,0],[0,-5],[-16,0],[0,5],[-26,0],[-1,103],[-7,0],[-1,13],[8,0],[-1,69],[25,1],[0,5],[17,1],[0,-6],[126,1],[0,6],[17,0],[0,-6],[25,0],[1,-70],[8,0],[0,-12],[-8,0],[1,-57],[15,0],[1,-47],[-41,0],[0,-5],[-17,-1],[0,6],[-26,0],[-36,-21]],[[81242,930],[11,0],[-1,83],[-6,0],[0,-7],[-61,0],[-1,6],[-6,0],[1,-52],[69,1],[0,-14],[-6,0],[0,-17]],[[50611,10795],[-1,28],[-90,-3],[-1,20],[-18,0],[-4,68],[-51,-1],[0,-3],[-7,-1],[1,-20],[-33,-1],[-1,12],[-90,-3],[-2,50],[91,3],[-1,11],[11,0],[-1,11],[-11,0],[-1,11],[-89,-2],[-2,50],[89,2],[0,11],[35,1],[1,-23],[55,1],[-1,23],[97,3],[2,-46],[12,0],[-1,8],[106,3],[0,-8],[56,2],[0,4],[87,2],[2,-29],[16,0],[37,31],[-15,11],[-26,-1],[-4,82],[36,1],[-1,20],[71,1],[1,-3],[10,1],[0,2],[51,1],[1,-12],[6,0],[11,-8],[0,-5],[18,1],[5,-109],[22,1],[2,-24],[-8,0],[0,3],[-41,-1],[0,-4],[-12,0],[0,4],[-47,-2],[3,-53],[-48,-1],[-3,64],[23,1],[0,9],[-24,-1],[-17,12],[-38,-31],[-29,-1],[2,-47],[-87,-3],[1,-24],[51,2],[3,-54],[-108,-4],[2,-40],[-104,-3]],[[50937,10996],[69,2],[-5,100],[-22,-1],[1,-20],[-47,-1],[4,-80]],[[50605,10899],[26,1],[0,8],[53,1],[0,-6],[24,0],[-1,24],[-102,-3],[0,-25]],[[50443,10993],[37,0],[-1,12],[-36,0],[0,-12]],[[50446,10920],[37,1],[-1,10],[-36,0],[0,-11]],[[54587,57206],[-2,74],[-4,0],[-1,29],[4,0],[-3,93],[25,1],[-1,35],[-73,-1],[-1,39],[-48,-1],[0,4],[-9,0],[1,-33],[-147,-3],[-6,156],[148,3],[1,-33],[8,0],[0,5],[47,1],[-1,39],[118,2],[7,-178],[-30,0],[2,-34],[155,3],[8,-197],[-198,-4]],[[59055,60725],[-3,88],[-26,0],[-8,246],[253,5],[8,-247],[-26,-1],[1,-15],[22,0],[2,-53],[-22,-1],[0,-19],[-201,-3]],[[71492,10680],[-1,19],[-159,-4],[-2,53],[15,1],[-9,169],[73,2],[2,-60],[-48,-1],[1,-13],[46,1],[4,-98],[60,1],[-1,30],[132,4],[1,-19],[16,0],[-5,118],[-8,0],[-1,25],[8,0],[-5,117],[-10,0],[0,-20],[-112,-3],[-2,29],[-168,-4],[-2,54],[180,4],[0,17],[162,4],[1,-13],[6,0],[3,-57],[10,1],[13,-282],[-12,-1],[3,-53],[-9,0],[1,-16],[-183,-5]],[[69256,15368],[-1,13],[-16,0],[0,-9],[-187,-2],[-1,9],[-13,0],[-2,53],[14,0],[0,8],[95,1],[0,-10],[91,1],[0,11],[40,0],[2,-74],[-22,-1]],[[84598,35538],[-6,211],[-5,0],[-1,22],[3,0],[-3,115],[16,0],[-1,4],[36,1],[0,-4],[137,2],[0,4],[36,1],[0,-3],[14,0],[0,-9],[2,0],[3,-89],[9,0],[0,-7],[11,0],[2,-48],[-9,0],[1,-6],[-14,0],[3,-98],[-2,0],[0,-11],[18,0],[2,-67],[-83,-1],[0,6],[-76,-2],[1,-12],[-14,0],[0,-8],[-80,-1]],[[67073,14982],[-3,71],[-20,-2],[-1,-53],[-17,-1],[-5,128],[238,6],[4,-145],[-196,-4]],[[34083,37217],[-3,49],[47,2],[-8,174],[-4,12],[-1,7],[1,7],[3,6],[-5,101],[-13,0],[2,-56],[-39,0],[-1,17],[-106,-2],[0,-3],[-78,-2],[0,2],[-75,-1],[-1,5],[-10,0],[0,-2],[-179,-5],[0,-2],[-16,0],[-1,22],[-28,-1],[-54,-14],[-9,19],[-19,-4],[-5,13],[-4,0],[-3,18],[1,10],[5,0],[3,14],[20,-4],[4,12],[4,8],[54,-12],[28,1],[-1,18],[17,1],[0,2],[178,4],[0,-2],[28,1],[0,2],[180,5],[0,-2],[15,0],[1,-18],[71,2],[0,17],[118,3],[7,-152],[-24,-1],[12,-268],[-112,-3]],[[47594,65327],[-10,264],[175,2],[9,-262],[-174,-4]],[[47649,65438],[54,2],[0,43],[-56,-2],[2,-43]],[[75886,46860],[-1,23],[-4,0],[0,22],[3,0],[-1,52],[-4,0],[-1,22],[3,0],[-1,24],[5,0],[-8,256],[132,2],[2,-51],[-16,0],[0,-11],[-48,-1],[4,-157],[-11,0],[1,-12],[78,1],[-1,24],[82,1],[2,-48],[30,0],[1,-23],[3,0],[1,-21],[-3,0],[1,-54],[4,0],[0,-21],[-3,0],[1,-23],[-49,-1],[0,5],[-153,-2],[0,-5],[-49,-2]],[[32389,76267],[-2,34],[66,1],[-3,69],[-34,-1],[0,16],[-88,-2],[0,-8],[-95,-2],[-7,179],[96,3],[0,-7],[72,2],[-1,15],[49,1],[-3,68],[-66,-1],[-1,33],[141,3],[1,-22],[-7,0],[5,-136],[8,0],[3,-83],[-8,0],[5,-136],[9,0],[1,-21],[-124,-2],[0,-3],[-17,0]],[[69961,42374],[26,1],[-3,82],[-28,0],[-2,48],[90,2],[0,-9],[37,1],[0,5],[82,2],[0,-2],[108,2],[4,-114],[149,3],[-1,17],[29,1],[0,-10],[66,2],[2,-67],[-69,-2],[0,9],[-421,-9],[0,-10],[-67,-1],[-2,49]],[[70407,42459],[109,2],[0,-26],[-108,-3],[-1,27]],[[51113,86478],[0,4],[-98,-3],[0,10],[-5,0],[-1,27],[4,0],[0,10],[-15,0],[0,14],[19,1],[-3,70],[-11,0],[-2,33],[12,0],[-3,70],[-19,0],[-1,14],[16,1],[0,10],[-6,0],[-1,27],[5,0],[0,9],[104,3],[0,-3],[92,3],[2,-25],[30,0],[1,-20],[6,0],[0,-11],[-6,0],[1,-20],[-122,-3],[0,11],[-35,-2],[8,-155],[11,1],[0,5],[140,3],[1,-20],[5,0],[1,-21],[5,0],[1,-27],[-5,0],[1,-9],[-99,-3],[1,-3],[-34,-1]],[[64354,60955],[-6,153],[29,1],[-2,94],[-203,-6],[-9,197],[259,6],[2,-45],[62,2],[-3,79],[234,5],[7,-177],[-234,-6],[-3,79],[-62,-2],[5,-131],[-28,-1],[4,-93],[144,4],[7,-154],[-203,-5]],[[70328,34859],[-4,93],[216,4],[4,-93],[-216,-4]],[[79266,44735],[-5,185],[34,0],[0,-3],[3,0],[3,4],[4,0],[0,-3],[3,0],[2,3],[5,0],[0,-3],[3,0],[2,3],[5,0],[0,-3],[3,0],[2,3],[4,0],[0,-3],[4,0],[2,3],[4,0],[0,-3],[3,0],[3,3],[4,1],[0,-4],[3,0],[2,4],[38,0],[5,-185],[-136,-2]],[[59945,59506],[-4,93],[130,3],[0,5],[24,1],[-1,39],[60,1],[0,-26],[15,0],[1,-11],[7,0],[0,-8],[-7,0],[1,-44],[-15,0],[2,-49],[-213,-4]],[[53012,61715],[-8,0],[-1,10],[-4,0],[0,-4],[-48,-1],[-3,95],[9,3],[9,0],[0,4],[-55,-1],[-2,28],[56,1],[0,4],[-9,0],[-10,4],[-2,52],[38,1],[0,-3],[2,0],[0,9],[10,1],[0,-10],[4,0],[0,4],[39,1],[7,-191],[-30,-1],[0,4],[-2,0],[0,-10]],[[70193,19137],[0,3],[-3,0],[0,17],[2,0],[0,5],[-2,0],[-1,16],[3,0],[-1,7],[-2,-1],[-1,17],[3,0],[-2,39],[-2,-1],[-1,17],[3,0],[-1,6],[-2,0],[-1,15],[3,0],[-1,6],[-2,0],[0,16],[2,1],[0,6],[-3,0],[0,16],[2,0],[0,5],[-2,0],[0,16],[1,0],[0,4],[28,0],[0,-3],[38,1],[0,4],[30,0],[0,-3],[25,0],[0,-1],[36,0],[2,-76],[-60,-1],[4,-129],[-29,-1],[-1,4],[-37,-1],[0,-3],[-28,-1]],[[70050,58890],[-2,46],[-32,-1],[-3,83],[67,1],[1,-4],[15,0],[2,-67],[10,0],[0,-7],[87,2],[2,-49],[-147,-4]],[[74313,63063],[-4,106],[44,1],[4,-106],[-44,-1]],[[58656,83783],[-15,3],[-13,6],[-5,5],[-105,161],[88,0],[24,-40],[18,6],[35,-53],[-19,-6],[27,-39],[4,-12],[-1,-6],[-2,-5],[-8,-10],[-13,-7],[-15,-3]],[[63205,65942],[-3,88],[48,1],[4,-88],[-49,-1]],[[64965,61256],[-7,176],[309,7],[7,-175],[-309,-8]],[[68504,50163],[0,1],[-33,-1],[-1,19],[32,1],[0,22],[24,0],[0,-27],[20,0],[0,4],[14,0],[0,2],[33,1],[1,-20],[-90,-2]],[[70399,66771],[-2,56],[38,1],[1,-16],[-3,-1],[1,-23],[4,1],[1,-17],[-40,-1]],[[80491,46819],[-34,17],[24,27],[-34,54],[36,14],[32,-50],[8,-4],[72,-4],[-3,-30],[-76,4],[-25,-28]],[[56645,52547],[-3,90],[-10,0],[-4,93],[27,1],[4,-94],[9,1],[4,-91],[-27,0]],[[73867,19534],[-1,12],[-8,-1],[0,-1],[-25,-1],[-1,28],[25,0],[0,-6],[54,1],[2,-31],[-46,-1]],[[91021,14447],[-6,0],[-1,29],[17,0],[0,5],[16,0],[0,-5],[17,0],[0,-28],[-6,0],[0,1],[-37,0],[0,-2]],[[72880,47174],[-30,0],[-2,44],[-2,0],[-1,29],[2,2],[-1,32],[-47,0],[-1,24],[-7,0],[0,7],[7,0],[0,13],[60,1],[0,-11],[3,0],[0,-7],[28,0],[1,-57],[6,-1],[6,-17],[-4,-3],[11,-37],[-17,0],[0,-15],[-12,0],[0,-4]],[[61971,61632],[-3,88],[37,1],[1,-15],[4,0],[-1,2],[19,0],[0,-2],[4,0],[0,15],[37,1],[4,-87],[-38,-1],[-1,22],[-4,0],[0,-2],[-18,-1],[0,1],[-4,0],[0,-21],[-37,-1]],[[54424,54469],[-3,77],[-93,1],[-1,43],[93,1],[-3,79],[43,1],[6,-201],[-42,-1]],[[72813,49836],[4,-107],[-48,-1],[-4,107],[48,1]],[[72794,50057],[2,-90],[-55,-1],[-2,91],[55,0]],[[72785,50318],[4,-89],[-56,-1],[-4,89],[56,1]],[[72788,50583],[2,-105],[-46,-1],[-3,106],[47,0]],[[59948,93979],[-14,0],[0,8],[-5,0],[0,-4],[-23,0],[0,7],[-3,0],[0,20],[2,14],[-15,0],[0,2],[-19,0],[0,-3],[-24,0],[0,2],[-20,-1],[0,-2],[-11,0],[0,-9],[3,0],[0,-18],[-2,0],[0,-9],[-22,0],[0,3],[-5,0],[0,-4],[-12,0],[0,1],[-20,0],[0,-2],[-44,1],[0,-2],[-12,-1],[-1,18],[-8,0],[-1,14],[9,0],[0,9],[12,0],[0,-1],[19,0],[0,2],[25,0],[0,-1],[19,0],[0,2],[10,0],[0,9],[-3,0],[0,18],[3,0],[-1,8],[10,1],[0,7],[19,0],[0,-5],[11,0],[0,-1],[20,0],[0,2],[43,-1],[0,2],[13,0],[1,-17],[32,0],[-1,-29],[13,1],[0,-2],[19,0],[0,3],[24,0],[0,-2],[19,0],[0,2],[14,1],[0,-3],[5,0],[0,9],[2,0],[-1,15],[-2,0],[-1,18],[2,0],[0,14],[-3,0],[0,11],[24,0],[0,6],[18,1],[0,-6],[11,0],[0,-10],[-1,0],[0,-15],[3,0],[0,-18],[-2,0],[1,-15],[2,0],[0,-10],[-11,0],[0,-3],[6,0],[0,-17],[-10,0],[0,-2],[-25,0],[0,1],[-11,0],[0,1],[-7,0],[1,-18],[-13,0],[0,1],[-20,0],[0,-2],[-23,0],[0,1],[-19,0],[0,-2]],[[50689,64121],[0,4],[-19,-1],[-5,126],[19,1],[0,3],[8,0],[0,-3],[20,1],[5,-127],[-20,0],[0,-4],[-8,0]],[[69539,71346],[-2,64],[4,0],[0,17],[12,0],[-2,65],[42,0],[4,-80],[-14,-1],[2,-64],[-46,-1]],[[48413,62265],[-1,22],[-50,-1],[-1,25],[13,1],[0,12],[114,3],[0,-13],[14,0],[1,-25],[-50,-1],[1,-22],[-41,-1]],[[61411,91470],[-65,31],[4,6],[-9,4],[-26,-31],[-38,18],[45,54],[114,-54],[-9,-9],[2,-1],[-8,-10],[-2,1],[-8,-9]],[[67325,78196],[-7,8],[-3,-1],[-12,14],[3,2],[-6,8],[92,43],[6,-9],[3,2],[12,-15],[-3,-2],[6,-7],[-91,-43]],[[49846,60257],[0,8],[-2,0],[1,30],[47,0],[0,4],[25,0],[0,-3],[46,0],[0,-8],[2,0],[0,-21],[-2,0],[0,-9],[-117,-1]],[[80640,46231],[-10,4],[1,2],[-44,22],[-27,44],[4,39],[-1,0],[1,9],[22,-1],[1,5],[9,-1],[-1,-4],[21,-2],[-5,-46],[7,-12],[51,-26],[-12,-15],[5,-2],[-5,-5],[-5,3],[-12,-14]],[[65028,90508],[-49,13],[17,44],[-20,42],[47,15],[25,-46],[-5,-2],[4,-8],[-4,-10],[6,-1],[-21,-47]],[[79203,45047],[-48,59],[16,7],[-44,53],[11,5],[-1,2],[20,9],[1,-1],[10,5],[58,-71],[-15,-7],[35,-41],[-43,-20]],[[82247,34803],[-46,6],[13,56],[-11,2],[19,83],[20,-3],[0,3],[8,-1],[-1,-3],[20,-3],[-20,-86],[11,-1],[-13,-53]],[[75938,49766],[-66,76],[8,3],[-66,75],[39,20],[47,-53],[97,49],[26,-30],[-105,-52],[59,-68],[-39,-20]],[[71616,51974],[-1,35],[15,0],[0,7],[44,1],[0,9],[23,0],[0,-9],[45,1],[0,-7],[16,1],[1,-35],[-143,-3]],[[37102,63764],[-4,75],[10,0],[-5,106],[47,1],[6,-107],[-10,0],[3,-73],[-47,-2]],[[70923,72759],[-3,4],[-14,-4],[-12,21],[-3,1],[-7,11],[1,3],[-4,8],[8,3],[-16,26],[-9,-3],[-4,8],[-3,1],[-6,10],[1,2],[-13,23],[13,4],[-3,5],[12,4],[3,-5],[20,7],[13,-22],[2,0],[7,-12],[-1,-2],[8,-14],[3,0],[7,-12],[-1,-2],[18,-26],[-1,-2],[13,-22],[-20,-6],[3,-5],[-12,-4]],[[68262,72542],[-1,37],[106,2],[0,7],[-13,0],[-3,65],[14,1],[-1,7],[-21,0],[-1,36],[107,2],[1,-36],[-63,-2],[0,-7],[13,0],[2,-66],[-13,0],[1,-7],[21,1],[2,-37],[-151,-3]],[[64458,81349],[143,3],[2,-34],[-144,-3],[-1,34]],[[64407,81384],[-16,0],[-1,65],[14,0],[0,5],[35,0],[0,-4],[16,1],[1,-66],[-15,0],[0,-5],[-34,0],[0,4]],[[78854,41768],[-41,10],[5,13],[-4,1],[19,44],[1,1],[2,-1],[-1,15],[-2,0],[-21,43],[4,1],[-6,13],[39,12],[34,-66],[-5,-1],[4,-8],[-4,-9],[6,-1],[-30,-67]],[[79678,41620],[-5,137],[44,2],[2,-50],[2,0],[1,-34],[-2,0],[2,-54],[-44,-1]],[[70390,33791],[-51,30],[-6,-5],[-85,51],[8,7],[-8,5],[23,21],[65,-39],[6,6],[87,-52],[-23,-21],[-8,4],[-8,-7]],[[73123,34399],[-90,119],[16,7],[-1,2],[11,5],[1,-1],[16,6],[90,-120],[-16,-6],[1,-2],[-11,-5],[-1,1],[-16,-6]],[[81961,45103],[-71,94],[38,17],[8,-11],[8,4],[55,-73],[-7,-3],[8,-11],[-39,-17]],[[60488,69084],[-1,13],[-9,-1],[-3,86],[9,0],[-1,11],[45,1],[5,-109],[-45,-1]],[[63751,56871],[-4,108],[43,1],[0,-11],[11,0],[3,-83],[-10,-1],[1,-13],[-44,-1]],[[66439,86602],[0,7],[-20,0],[-4,88],[21,1],[0,7],[8,0],[0,-7],[21,1],[4,-89],[-22,-1],[1,-6],[-9,-1]],[[72462,68039],[-1,1],[-4,2],[2,8],[2,0],[0,5],[-5,2],[3,8],[2,0],[0,5],[-6,1],[3,10],[0,12],[-16,-1],[-2,-4],[-31,0],[-1,3],[-27,0],[-3,9],[5,1],[-1,15],[-2,0],[-3,9],[5,1],[-1,11],[-1,0],[-4,9],[5,1],[0,5],[-2,0],[-4,8],[5,2],[0,2],[42,0],[0,-1],[5,-1],[-3,-9],[-2,0],[0,-5],[6,-1],[-3,-10],[1,-11],[16,0],[2,4],[30,0],[1,-3],[27,0],[3,-8],[-5,-2],[1,-16],[2,0],[2,-8],[-4,-2],[0,-5],[2,0],[3,-8],[-5,-1],[1,-11],[2,0],[3,-8],[-4,-2],[0,-5],[1,0],[4,-8],[-5,-1],[0,-2],[-41,-1]],[[55987,56452],[-39,-1],[-1,17],[8,1],[-1,20],[-9,0],[-1,30],[8,0],[-1,21],[-6,0],[0,18],[50,0],[4,-106],[-12,0]],[[54576,67212],[-1,28],[2,0],[0,15],[-3,0],[-1,26],[3,0],[0,15],[-4,0],[-1,29],[254,3],[1,-38],[19,0],[1,-8],[5,0],[-1,19],[16,0],[1,-19],[7,0],[-1,9],[19,0],[-1,38],[72,1],[1,-6],[14,0],[0,-30],[-14,0],[0,-6],[-22,-1],[1,-27],[21,0],[0,-6],[15,0],[1,-30],[-15,0],[0,-7],[-71,-1],[-1,32],[-18,0],[-1,15],[-6,-1],[0,-19],[-15,0],[-1,19],[-6,0],[1,-14],[-20,-1],[1,-32],[-252,-3]],[[56122,56867],[-16,2],[-10,4],[-5,3],[0,1],[-5,0],[-1,6],[-19,0],[-1,56],[-31,0],[-100,-37],[-9,0],[-1,34],[49,18],[0,17],[-13,0],[-1,22],[13,0],[-1,17],[-54,0],[-1,35],[114,2],[1,-25],[31,1],[-1,20],[111,2],[2,-63],[29,0],[1,-41],[-28,0],[2,-56],[-19,0],[0,-6],[-6,-1],[0,-1],[-14,-7],[-17,-3]],[[72565,34581],[-1,17],[-202,-4],[0,17],[-9,0],[-1,27],[8,0],[-1,18],[101,2],[-3,86],[102,2],[0,-15],[30,0],[0,-10],[-30,-1],[3,-74],[37,1],[-5,153],[109,2],[0,-16],[-10,0],[0,-3],[10,0],[0,-2],[5,0],[2,-45],[20,1],[0,6],[-9,0],[0,17],[9,0],[-1,8],[30,1],[-1,35],[7,0],[0,13],[-23,0],[-1,26],[22,0],[-1,37],[161,3],[1,-28],[7,0],[1,-34],[-7,0],[1,-29],[-12,0],[0,1],[-149,-3],[2,-34],[38,1],[1,-21],[13,0],[0,5],[3,4],[8,0],[-1,14],[39,1],[2,-59],[-72,-2],[0,-7],[-18,0],[0,-5],[-11,0],[0,5],[-14,0],[1,-10],[-40,-1],[-1,22],[-58,-1],[0,-11],[39,1],[2,-45],[71,2],[0,-9],[33,0],[-1,26],[136,3],[0,-11],[8,0],[1,-24],[-6,0],[1,-38],[-335,-5],[0,-9],[-41,-1]],[[72771,34806],[117,2],[0,7],[4,1],[0,5],[-8,0],[-1,46],[-40,-1],[0,-7],[-12,0],[0,-5],[-18,-1],[0,6],[-11,0],[0,6],[-21,0],[1,-22],[-12,0],[1,-37]],[[54804,87185],[14,0],[0,8],[1,0],[-1,30],[-3,0],[-1,25],[2,0],[-1,48],[5,0],[0,-6],[29,1],[0,6],[8,0],[4,-130],[18,1],[0,-18],[81,2],[-1,19],[-16,-1],[-1,9],[-42,-1],[-2,32],[88,2],[0,-16],[9,0],[0,-2],[20,0],[0,5],[17,0],[1,8],[19,0],[1,-26],[70,0],[1,-19],[-24,0],[2,-31],[13,1],[1,-13],[-13,-1],[3,-27],[-238,-6],[0,-2],[-60,-2],[-4,104]],[[72415,64058],[4,-136],[-207,4],[-1,135],[204,-3]],[[61449,42789],[-37,-1],[-2,76],[35,1],[4,-76]],[[72619,61344],[-4,130],[303,5],[5,-130],[-304,-5]],[[74436,63910],[-81,39],[61,66],[25,-12],[18,-6],[28,-4],[26,1],[1,-62],[-57,0],[-21,-22]],[[77470,41165],[-1,36],[-10,-1],[0,14],[10,0],[-1,16],[20,0],[0,-11],[41,1],[-1,7],[21,1],[2,-49],[33,1],[0,-10],[10,1],[-1,23],[64,2],[-2,39],[295,6],[5,-128],[-116,-3],[-15,-13],[-95,-1],[-51,-42],[-80,-2],[-1,25],[-7,0],[-3,65],[5,0],[0,3],[-51,-1],[1,-7],[-72,-3],[0,31]],[[73750,63254],[-7,1],[-1,81],[72,0]],[[71193,63166],[32,144],[30,0],[14,-11],[3,-42],[-18,-91],[-61,0]],[[68044,61257],[-3,77],[111,3],[3,-78],[-111,-2]],[[72201,63928],[-73,3],[-3,133],[75,-2],[1,-134]],[[73819,61594],[-3,72],[136,2],[2,-73]],[[73964,63338],[114,0],[2,-126],[-109,-1]],[[71832,61207],[-2,74],[151,2],[2,-75],[-151,-1]],[[68469,61318],[2,-53],[-120,-3],[-6,131],[104,3],[3,-60],[16,1],[1,-19]],[[74501,62302],[0,17],[-41,0],[-3,47],[102,-2],[2,-62],[-60,0]],[[71931,61452],[98,1]],[[72033,61333],[-99,-1]],[[75716,66586],[-2,68],[95,2],[1,-22],[-14,-1],[1,-26],[14,1],[1,-20],[-36,-1],[-2,40],[-23,0],[2,-41],[-37,0]],[[75264,65382],[9,-63],[-6,0],[0,-18],[-3,-4],[-79,-1],[-3,3],[-3,81],[4,3],[28,1],[4,-4],[12,0],[4,4],[29,1],[4,-3]],[[52884,69556],[-15,1],[-9,5],[-3,4],[-2,10],[-1,20],[5,0],[-2,74],[-5,-1],[-1,17],[1,12],[7,9],[5,2],[278,5],[1,-32],[20,0],[3,-89],[-21,-1],[1,-31],[-262,-5]],[[18201,87675],[-5,1],[-4,3],[-2,2],[-2,7],[-4,107],[2,6],[4,2],[5,2],[270,6],[6,-1],[6,-5],[3,-6],[4,-106],[0,-6],[-6,-5],[-10,-2],[-267,-5]],[[76178,64827],[-248,-7],[-5,152],[248,7]],[[73516,63186],[122,1],[1,-71],[-121,-3]],[[74194,62824],[-8,176],[156,4],[8,-176],[-156,-4]],[[68188,60919],[-5,136],[112,2],[5,-136],[-112,-2]],[[65172,89309],[77,2],[11,-273],[-77,-1],[-11,272]],[[5023,91988],[-4,445],[131,0],[2,-192],[8,0],[1,-44],[-11,-1],[3,-208],[-130,0]],[[75887,14686],[9,1],[0,3],[19,1],[0,2],[33,0],[0,-4],[12,1],[-2,20],[-4,0],[-3,37],[7,1],[-1,20],[-11,-1],[0,-5],[-35,0],[-1,5],[-11,0],[-1,12],[-1,0],[-1,24],[172,3],[2,-36],[-15,0],[0,-5],[-33,-1],[-1,4],[-8,1],[4,-76],[17,1],[0,3],[35,1],[1,-5],[15,0],[2,-21],[-6,0],[0,-16],[-186,-3],[-1,17],[-7,0],[0,16]],[[70097,62868],[0,8],[-96,-1],[-2,84],[145,2],[3,-94],[-50,1]],[[74058,59321],[-3,68],[107,2],[-1,2],[38,1],[0,-15],[16,0],[1,-37],[-4,-7],[-8,-5],[-11,-1],[-9,5],[-4,2],[-1,4],[0,8],[-14,-3],[0,-22],[-18,0],[-1,4],[-23,-1],[-1,-4],[-21,0],[0,4],[-23,-1],[-1,-4],[-19,0]],[[66229,83681],[-107,-2],[-21,34],[-49,174],[41,13],[139,-211],[-3,-8]],[[73455,54964],[-5,1],[0,2],[3,4],[-4,4],[-5,-1],[-6,1],[-20,15],[13,11],[14,11],[16,10],[34,17],[37,13],[44,9],[7,-21],[0,-3],[-3,-4],[1,-5],[5,1],[2,-2],[0,-4],[-14,-3],[-2,4],[1,3],[-18,-4],[-35,-11],[-31,-15],[-28,-19],[-3,-3],[4,0],[2,-3],[-9,-8]],[[70538,74261],[-1,10],[-111,-2],[-1,13],[-36,0],[-1,19],[-19,-1],[-1,22],[19,0],[-1,24],[45,1],[1,-14],[5,-2],[0,-8],[-5,-3],[1,-20],[14,0],[0,5],[28,1],[0,-5],[43,1],[-1,23],[21,1],[4,2],[8,0],[3,-2],[20,0],[3,-64],[-38,-1]],[[75528,57937],[-1,-5],[89,1],[0,2],[66,0],[2,-2],[4,-1],[21,-91],[-2,-1],[1,-4],[-9,-1],[-1,-2],[-5,0],[0,-4],[-10,-1],[1,-2],[-34,-1],[-1,-4],[32,-1],[4,-1],[15,-1],[4,-29],[15,1],[26,-139],[-13,-1],[-1,-15],[-4,-1],[-1,-5],[-23,0],[-2,3],[-6,0],[0,-4],[-20,-1],[0,2],[-8,0],[0,2],[-5,0],[0,-5],[-19,0],[-2,3],[-6,0],[0,1],[-11,1],[1,15],[-3,3],[0,10],[-28,-2],[-2,20],[2,0],[-1,10],[-5,0],[-6,102],[8,2],[-1,9],[-1,0],[0,18],[42,2],[-3,43],[-12,1],[-2,12],[-5,0],[0,20],[4,-1],[1,12],[13,2],[-2,12],[-6,0],[-1,-5],[-10,-1],[-1,-2],[-22,1],[-1,1],[-8,-1],[-1,-4],[-18,1],[-4,2],[-2,-1],[0,2],[-7,-1],[0,-4],[-18,-2],[-2,4],[-5,1],[-1,1],[-15,-1],[-1,6],[-3,0],[1,20],[10,0],[0,9],[17,0],[2,-10]],[[69237,79323],[-70,111],[13,5],[7,5],[12,1],[25,9],[8,6],[9,0],[28,10],[7,5],[8,0],[11,4],[69,-110],[-127,-46]],[[73631,61254],[-1,59],[83,2],[16,-6],[2,-72],[-98,-2],[-2,19]],[[71976,63500],[-67,-1],[-1,110],[64,0]],[[68940,54159],[-6,156],[51,1],[-1,15],[-52,-1],[-5,115],[125,3],[3,-73],[-26,-42],[-36,-1],[0,-16],[26,1],[2,-41],[15,0],[4,-115],[-100,-2]],[[69975,63052],[1,-33],[-144,-2],[-1,73],[70,1],[1,-29],[27,0],[-1,18],[-12,-1],[0,10],[58,0],[1,-37]],[[74838,65432],[-1,16],[0,-17],[-79,-3],[-3,73],[80,2],[0,2]],[[71441,66002],[-120,-3],[-3,94],[120,3],[3,-94]],[[71287,65655],[-2,73],[166,3],[2,-57],[-73,-2],[0,-15],[-93,-2]],[[70843,65349],[-3,72],[203,4],[16,-2],[42,-8],[14,0],[2,-61],[-274,-5]],[[71922,64595],[9,2],[-1,25],[-9,0],[-2,47],[107,3],[3,-76]],[[75473,66582],[-85,-2],[-2,30],[3,0],[-3,29],[29,0],[0,-9],[-2,0],[1,-20],[21,1],[-2,28],[29,1],[1,-11],[-2,0],[1,-18],[11,0]],[[73897,69649],[0,8],[-19,0],[-2,39],[134,2],[2,-35],[6,-2],[1,-7],[-7,-2],[0,-2],[-41,0],[-1,7],[-26,0],[-1,11],[-19,-1],[0,6],[-6,0],[1,-23],[-22,-1]],[[74303,67983],[-1,32],[126,2],[16,-47],[-45,-1],[0,15],[-96,-1]],[[74220,68577],[-2,44],[82,2],[11,-44],[-91,-2]],[[69818,63650],[0,71],[19,0],[0,-8],[118,0],[0,-60],[-137,-3]],[[66257,90435],[-3,19],[1,21],[43,1],[9,2],[9,-2],[11,0],[10,2],[21,-1],[10,2],[9,-1],[45,1],[0,-6],[4,0],[1,-28],[-4,0],[0,-7],[-58,0],[-8,-2],[-10,1],[-24,-2],[-9,1],[-57,-1]],[[75309,55403],[137,2],[2,-94],[-136,-2],[-3,94]],[[70106,63847],[-149,6],[6,71],[149,-7],[-6,-70]],[[69945,63853],[-30,1],[1,8],[-13,0],[0,18],[-52,2],[-1,-15],[-6,0],[-1,-9],[-25,1],[0,-4],[-17,0],[2,69],[144,-2],[-2,-69]],[[69571,79729],[-1,3],[-73,-25],[-13,25],[20,8],[-12,21],[-21,-4],[-15,25],[80,26],[-17,27],[-22,-7],[5,-10],[-54,-19],[-22,38],[108,37],[13,-3],[38,-69],[0,-3],[-4,-5],[-49,-18],[15,-24],[51,15],[11,-3],[10,-18]],[[68883,81148],[-8,18],[26,7],[-4,10],[-53,54],[-26,9],[-61,-4],[-2,34],[71,6],[45,-15],[62,-69],[14,-29],[-11,-4],[1,-3],[-54,-14]],[[85344,41690],[-1,35],[50,1],[-1,41],[46,1],[2,-73],[-57,0],[0,-4],[-39,-1]],[[69941,65832],[121,3],[4,-73],[-231,-6],[-59,71],[165,4],[0,1]],[[86282,39260],[-5,1],[-4,3],[-96,-2],[-1,31],[67,1],[-1,17],[-66,-2],[-1,29],[94,2],[3,3],[5,2],[5,0],[5,-1],[4,-6],[-1,-4],[-5,-4],[2,-54],[6,-5],[0,-4],[-5,-6],[-6,-1]],[[71517,71718],[-4,6],[-16,58],[74,27],[36,-58],[-90,-33]],[[71657,64381],[-269,0],[0,64],[265,0],[4,-64]],[[73440,69588],[-2,44],[-11,0],[-2,40],[123,4],[4,-85],[-112,-3]],[[69356,61023],[101,3],[4,-82],[-103,-3],[-2,82]],[[67990,82638],[0,18],[-23,0],[-3,49],[12,0],[-3,50],[169,4],[2,-50],[-14,0],[2,-49],[-35,-1],[1,-18],[-108,-3]],[[70256,76131],[-7,181],[52,1],[7,-181],[-52,-1]],[[68129,81123],[0,3],[-116,-2],[-1,41],[31,0],[-1,22],[-30,0],[-3,37],[192,12],[4,-112],[-76,-1]],[[69784,74400],[-43,72],[136,47],[6,-11],[5,1],[7,-11],[-5,-2],[12,-21],[26,9],[18,-29],[-162,-55]],[[70275,77703],[-2,41],[12,0],[-3,74],[-12,-1],[-2,40],[168,5],[8,-154],[-169,-5]],[[72642,67370],[-3,47],[-82,-2],[-9,219],[145,3],[2,-47],[-5,-4],[-6,0],[7,-168],[10,0],[2,-46],[-61,-2]],[[70368,77619],[-1,18],[-19,0],[0,22],[18,0],[0,19],[35,1],[0,-2],[29,0],[0,-14],[4,0],[1,-26],[-3,0],[0,-15],[-29,0],[0,-3],[-35,0]],[[70913,65507],[123,2],[2,-60],[-13,0],[-109,-15]],[[70023,65558],[1,-12],[-86,-1],[-59,64],[-2,9],[-60,60],[0,24],[71,1],[135,-145]],[[72147,63379],[-4,108],[53,1],[1,-47],[27,1],[2,-61],[-79,-2]],[[68274,56684],[31,1],[2,-6],[43,2],[0,5],[34,0],[0,-4],[45,2],[0,4],[54,1],[5,-68],[-210,-5],[-4,68]],[[72386,24544],[-7,11],[-3,77],[-13,-1],[-4,100],[-13,0],[1,-25],[-15,0],[-2,60],[-46,-1],[-2,56],[-41,-1],[0,11],[14,0],[-3,71],[28,1],[-2,37],[-12,-1],[-8,201],[58,1],[2,-46],[92,2],[1,-29],[14,0],[4,-83],[-3,0],[2,-48],[2,0],[6,-186],[23,0],[0,-14],[-24,-1],[9,-183],[-6,-1],[0,-7],[-52,-1]],[[70841,76710],[-1,74],[98,1],[1,-74],[-98,-1]],[[74357,65478],[-4,82],[24,18],[107,4],[5,-93],[-10,-7],[-122,-4]],[[74461,65737],[2,-33],[12,0],[3,-68],[-125,-3],[-5,101]],[[55155,78546],[-2,84],[-8,0],[0,26],[8,0],[-2,73],[49,0],[0,5],[203,2],[-1,42],[246,3],[0,-27],[8,0],[0,-14],[-145,-2],[2,-82],[5,0],[0,-12],[-8,0],[2,-94],[-357,-4]],[[63442,61490],[-83,-1],[-4,93],[-73,-2],[0,-4],[-25,-1],[-3,83],[-45,26],[-19,14],[93,81],[150,3],[9,-292]],[[55295,78304],[-7,165],[27,0],[0,10],[28,0],[0,-9],[6,0],[0,4],[5,0],[0,3],[3,4],[5,1],[27,0],[0,7],[27,0],[0,-1],[55,1],[4,-1],[3,-2],[0,-2],[7,-176],[-190,-4]],[[73901,67484],[89,2],[1,-73],[-88,-2],[-2,73]],[[72932,67691],[-2,35],[42,1],[0,-3],[59,1],[-2,33],[44,1],[3,-65],[-144,-3]],[[60659,92578],[-1,44],[123,3],[2,-44],[-124,-3]],[[72698,64901],[96,2],[4,-74],[-97,-2],[-3,74]],[[20296,89624],[-120,17],[17,70],[121,-17],[-18,-70]],[[74925,67157],[0,5],[191,4],[1,-37],[-48,-1],[2,-35]],[[74927,67091],[-1,16]],[[67488,62771],[4,-132]],[[67492,62639],[-121,-3],[-5,140],[41,-1],[-3,54],[77,2],[3,-54],[4,0],[0,-6]],[[25140,90626],[3,68],[-70,1],[1,24],[9,0],[0,13],[61,-1],[2,60],[-70,1],[1,37],[28,-1],[0,5],[18,0],[0,15],[31,-1],[-1,-20],[123,-2],[2,57],[48,-1],[-2,-57],[45,-1],[-1,-37],[-45,1],[-3,-76],[38,-1],[-1,-11],[8,-1],[-1,-25],[-3,-1],[-2,-44],[-35,1],[0,13],[-6,0],[0,-3],[-49,1],[2,50],[-79,2],[-2,-58],[-17,0],[0,-9],[-33,1]],[[54186,87229],[-9,14],[-3,16],[3,15],[7,11],[0,18],[21,-1],[95,2],[3,-2],[131,3],[1,-16],[-25,0],[1,-40],[67,0],[1,-36],[-14,0],[0,-6],[-55,-1],[1,-11],[-37,-1],[0,13],[-137,2],[0,4],[-50,-3],[0,18],[-1,1]],[[75371,66917],[-56,-1],[1,-33],[-44,-1],[-3,70],[102,2]],[[71134,71961],[-2,53],[147,3],[2,-53],[-147,-3]],[[58550,70572],[89,3],[1,-34],[30,0],[-1,34],[102,2],[3,-2],[1,-31],[30,1],[-1,33],[51,2],[117,-76],[-6,-13],[-411,-10],[-5,91]],[[61120,74417],[9,21],[172,113],[63,-55],[85,-86],[77,-67],[-12,-9],[5,-3],[4,3],[52,-46],[-34,-22],[6,-5],[-131,-87],[-42,36],[9,7],[-20,18],[5,4],[-52,45],[-11,-6],[-15,13],[8,9],[-63,54],[-28,-13],[-87,76]],[[61238,98560],[-1,-79],[-150,0],[0,-10],[-88,4],[4,-17],[-20,0],[-1,-14],[-26,1],[0,33],[-60,3],[-19,42],[-4,-34],[-50,102],[22,0],[2,36],[386,6]],[[74165,63522],[-4,103],[65,1],[4,-102],[-65,-2]],[[74365,22568],[-100,93],[-32,55],[-10,-3],[-15,27],[-10,-4],[-69,124],[50,17],[-39,73],[37,13],[-9,13],[-59,-18],[-31,54],[-22,-5],[-13,25],[12,6],[-66,120],[214,70],[15,-29],[-13,-3],[5,-12],[12,3],[238,-419],[-3,-2],[72,-128],[-154,-49],[8,-9],[-18,-12]],[[42563,81764],[-4,163],[135,3],[4,20],[45,-5],[-1,-14],[109,1],[4,21],[16,1],[6,-112],[61,2],[23,-44],[0,-31],[-81,-3],[0,3],[-317,-5]],[[69311,64179],[1,-29],[2,1],[2,-42],[-3,0],[-1,-42],[-71,-2],[-1,2],[-99,-1],[1,-2],[-87,-2],[0,2],[-16,0],[0,2],[-21,-1],[-6,111],[299,3]],[[65575,73916],[-5,110],[101,2],[3,-77],[12,0],[1,-21],[-12,0],[0,-11],[-100,-3]],[[66849,73948],[-4,109],[132,3],[4,-109],[-132,-3]],[[66583,73551],[-6,0],[-2,2],[-16,-1],[0,16],[19,1],[2,2],[26,0],[0,-18],[-21,0],[-2,-2]],[[65591,73578],[4,1],[0,17],[23,2],[2,2],[22,0],[0,-2],[65,1],[0,-14],[3,0],[0,-20],[-7,0],[-1,-4],[-28,0],[0,3],[-31,0],[1,-25],[2,0],[0,-8],[-2,-3],[12,0],[-1,-18],[-9,1],[0,-35],[6,0],[0,-18],[-5,1],[2,-21],[-48,-1],[-2,18],[-2,0],[-2,19],[4,1],[0,23],[-3,0],[-1,10],[-1,0],[-1,19],[2,0],[0,34],[-3,0],[-1,17]],[[65574,73807],[0,17],[4,0],[0,39],[3,2],[10,0],[4,-4],[35,2],[0,3],[52,2],[0,-4],[38,0],[0,3],[26,0],[0,3],[23,0],[1,-3],[35,0],[7,5],[8,0],[6,-6],[0,-6],[-2,-5],[2,-26],[5,0],[1,-16],[-6,-1],[0,-11],[-246,-6],[-2,12],[-4,0]],[[66400,73669],[-1,26],[3,0],[-4,72],[-179,-5],[-5,113],[62,2],[1,-9],[113,3],[-1,9],[60,1],[4,-91],[12,0],[1,-20],[-13,0],[5,-97],[-3,0],[0,-4],[-5,0],[0,1],[-50,-1]],[[67348,73484],[-2,24],[-19,-1],[0,19],[19,0],[-3,88],[43,1],[5,-130],[-43,-1]],[[65926,73565],[-2,25],[3,0],[-1,25],[-2,0],[-2,26],[41,1],[0,-5],[86,3],[0,4],[25,2],[0,3],[56,2],[0,-7],[9,0],[1,-12],[2,0],[4,-5],[4,-14],[-2,-20],[-3,-8],[-4,-4],[1,-10],[-91,-4],[0,4],[-85,-3],[0,-1],[-40,-2]],[[65761,73466],[0,4],[-24,0],[-5,123],[79,2],[4,-124],[-21,-1],[0,-4],[-33,0]],[[66582,73679],[0,8],[-34,-1],[1,7],[2,1],[0,8],[-3,2],[-1,13],[3,3],[0,6],[-3,2],[-1,15],[3,2],[0,7],[-3,1],[-1,14],[3,3],[-1,8],[-3,1],[0,14],[2,3],[-1,20],[-2,2],[0,14],[2,2],[-1,6],[-2,2],[-1,16],[2,1],[0,5],[60,1],[0,9],[-39,-1],[-1,20],[78,3],[1,-30],[10,0],[-1,18],[85,3],[0,3],[5,3],[14,-1],[3,-4],[2,-27],[-9,-1],[1,-6],[-11,-1],[2,-30],[18,1],[1,-28],[-20,0],[2,-28],[13,1],[0,-9],[8,0],[1,-29],[-5,-4],[-14,0],[0,-10],[28,1],[1,-24],[-70,-2],[-1,26],[21,0],[0,15],[-54,-1],[-1,33],[12,0],[-2,25],[-26,-1],[0,-1],[-16,-1],[-1,10],[-9,5],[0,2],[-2,1],[0,4],[3,1],[0,3],[8,2],[-1,11],[44,2],[-1,25],[6,0],[-1,7],[-50,-2],[-1,17],[-17,0],[0,-16],[-15,0],[0,2],[-14,-1],[10,-180],[-16,-1]],[[66638,73251],[0,11],[-27,0],[0,12],[-43,-1],[-3,133],[53,1],[0,7],[123,1],[0,-7],[56,2],[4,-133],[-41,0],[0,-11],[-27,-1],[1,-12],[-96,-2]],[[65513,73682],[-106,-3],[-9,182],[110,1],[5,-180]],[[65934,73659],[0,6],[-6,0],[-1,26],[5,0],[-1,12],[-4,0],[-1,25],[7,1],[-1,16],[-16,0],[0,7],[-3,-1],[-1,26],[3,0],[0,7],[14,0],[0,15],[-6,0],[-1,26],[5,0],[0,13],[-6,0],[-1,25],[6,0],[0,8],[45,1],[0,-8],[8,0],[1,-25],[-8,0],[0,-14],[8,0],[1,-25],[-8,0],[1,-12],[15,0],[0,-6],[3,0],[1,-6],[21,0],[3,-3],[4,-6],[0,-7],[-5,-8],[-41,-1],[1,-20],[6,1],[2,-26],[-7,0],[1,-13],[6,0],[2,-26],[-7,0],[1,-7],[-46,-1]],[[63633,60037],[-2,39],[-7,0],[-1,40],[-5,0],[-1,3],[3,14],[7,10],[5,-3],[11,7],[10,4],[9,1],[0,-5],[26,1],[0,-5],[132,3],[2,-45],[-132,-3],[3,-60],[-60,-1]],[[52230,79030],[-1,8],[-30,0],[-5,150],[24,0],[0,8],[233,4],[0,-9],[29,0],[5,-148],[-208,-4],[1,-8],[-48,-1]],[[69175,63452],[174,3],[3,-102],[-177,-4],[0,103]],[[63387,48054],[0,10],[-20,0],[-1,35],[-6,-1],[-1,52],[7,1],[-1,33],[17,0],[0,10],[23,0],[1,-9],[23,0],[0,-16],[31,1],[2,-90],[-30,0],[0,-17],[-27,0],[0,-8],[-18,-1]],[[92867,29666],[-35,32],[-45,-28],[-9,9],[-3,-1],[-60,56],[35,21],[15,-14],[7,4],[-13,12],[57,35],[12,-12],[4,3],[89,-83],[-54,-34]],[[75653,9780],[-1,21],[14,0],[-5,113],[-12,0],[-1,22],[124,3],[1,-22],[21,0],[3,-20],[22,0],[0,-19],[-76,-2],[0,7],[-17,0],[0,-7],[-3,0],[1,-27],[48,1],[2,-36],[-40,-1],[1,-14],[-14,-1],[1,-8],[-12,0],[0,-9],[-57,-1]],[[70887,48628],[62,2],[8,-152],[-63,-1],[-7,151]],[[71203,17758],[-1,28],[3,0],[-3,100],[-3,0],[-1,31],[135,2],[5,-159],[-15,-1],[0,2],[-120,-3]],[[53812,56616],[-2,70],[138,3],[3,-69],[-139,-4]],[[46596,80437],[0,5],[-18,0],[0,11],[-4,-1],[-3,66],[-10,0],[1,-18],[-10,0],[0,-7],[-49,-1],[-1,23],[-6,0],[0,10],[6,1],[-1,23],[49,2],[0,-8],[10,1],[1,-18],[9,0],[-2,65],[4,0],[-1,10],[59,1],[1,-9],[7,0],[1,-32],[23,1],[4,-77],[-25,-1],[2,-30],[-6,-1],[0,-10],[-23,0],[0,-5],[-18,-1]],[[70376,34052],[-1,22],[-23,0],[-1,38],[-8,0],[-2,36],[33,0],[0,2],[54,1],[0,-1],[23,0],[1,-14],[35,0],[-5,131],[76,2],[5,-139],[11,0],[2,-42],[-92,-2],[1,-32],[-109,-2]],[[67936,49471],[-1,20],[-4,0],[-1,13],[4,0],[-1,26],[35,1],[0,-6],[78,2],[0,5],[35,1],[1,-26],[3,0],[1,-12],[-4,0],[1,-21],[-40,-1],[-1,21],[-19,-1],[-6,-5],[-16,0],[-6,5],[-19,-1],[1,-20],[-41,-1]],[[38386,71979],[0,11],[-85,-2],[-5,116],[-61,-1],[5,-104],[-60,-2],[-15,352],[42,2],[0,11],[59,2],[6,-165],[132,3],[0,12],[-13,-1],[0,3],[-25,0],[-1,28],[-4,0],[-3,76],[4,0],[-2,29],[27,0],[0,-5],[86,2],[0,5],[26,1],[1,-29],[3,0],[3,-76],[-3,0],[1,-29],[-7,-1],[5,-114],[9,1],[3,-63],[8,0],[1,-15],[-9,0],[2,-34],[-96,-2],[1,-10],[-35,-1]],[[71438,68787],[-50,-1],[-2,37],[66,1],[1,-36],[-4,0],[0,-8],[-10,0],[-1,7]],[[71360,68907],[10,0],[0,6],[21,0],[0,-6],[10,0],[0,-4],[205,4],[0,6],[11,0],[-1,4],[21,1],[0,-5],[9,1],[3,-63],[-41,-1],[0,5],[-206,-4],[1,-6],[-41,-1],[-2,63]],[[63936,69112],[-2,67],[-42,-1],[0,-3],[-38,-1],[-2,49],[37,1],[0,-3],[44,1],[-3,66],[71,1],[1,-26],[4,0],[1,-15],[-4,0],[0,-39],[12,0],[1,-16],[-12,0],[2,-37],[5,0],[1,-18],[-5,0],[0,-24],[-71,-2]],[[68758,74981],[-2,125],[-1,13],[-2,0],[-2,58],[65,1],[2,-59],[2,0],[1,-46],[66,1],[3,-90],[-43,-1],[-1,23],[-22,-1],[1,-23],[-67,-1]],[[27571,90734],[-82,46],[-8,-44],[-63,7],[9,45],[-96,-25],[-23,50],[126,31],[2,30],[10,3],[28,-4],[8,-3],[-2,-12],[19,-3],[6,-4],[-3,-13],[111,-61],[-14,-17],[3,-2],[1,-5],[-6,-6],[-6,0],[-3,1],[-17,-14]],[[97611,10343],[-1,83],[65,0],[0,35],[-35,0],[-1,73],[8,0],[0,47],[288,1],[0,-10],[35,0],[0,52],[41,0],[0,12],[37,0],[1,-44],[267,1],[0,-37],[-36,0],[0,-6],[10,0],[0,-49],[-15,0],[0,-80],[42,0],[1,-37],[-239,0],[0,45],[-30,0],[0,-85],[-438,-1]],[[98159,10419],[39,1],[-2,113],[-118,-1],[0,23],[-29,-1],[2,-112],[27,0],[0,3],[80,0],[1,-26]],[[97919,10441],[52,1],[-2,102],[-46,-1],[0,-13],[-51,-1],[1,-42],[-8,0],[1,-25],[53,1],[0,-22]],[[97807,10440],[0,18],[-13,0],[0,-18],[13,0]],[[52472,76157],[0,6],[-25,0],[-2,-6],[-10,0],[0,6],[-30,-1],[-4,111],[148,2],[1,-29],[16,1],[2,-61],[-14,0],[1,-28],[-83,-1]],[[58989,64892],[-1,20],[-105,-2],[-2,38],[94,2],[1,-14],[65,1],[-1,27],[129,3],[1,-26],[13,0],[0,-11],[-7,0],[0,-13],[32,1],[1,-19],[-28,0],[0,14],[-5,0],[1,-6],[-97,-2],[1,-5],[-28,0],[1,-6],[-65,-2]],[[49934,63901],[-2,38],[73,1],[-5,150],[16,0],[0,8],[31,1],[0,-8],[26,0],[5,-149],[16,0],[1,-38],[-161,-3]],[[81206,24281],[-4,135],[-12,0],[-2,62],[173,3],[1,-39],[-43,-1],[1,-33],[-51,-1],[4,-125],[-67,-1]],[[52383,24661],[-1,28],[42,1],[0,9],[43,1],[-4,94],[-91,-2],[-2,45],[146,3],[1,-18],[-5,0],[0,-7],[-12,0],[1,-10],[23,1],[4,-113],[14,0],[2,-29],[-161,-3]],[[49821,31296],[-2,61],[36,0],[17,4],[18,-1],[11,-3],[164,4],[0,-17],[8,0],[0,-16],[-7,0],[1,-17],[-197,-4],[0,-10],[-49,-1]],[[76271,52038],[-1,34],[51,2],[-5,114],[-26,-1],[-3,69],[7,0],[0,8],[63,2],[0,4],[13,0],[-1,12],[41,1],[2,-53],[-18,0],[2,-77],[29,0],[0,-2],[13,0],[1,-24],[-7,0],[2,-50],[-36,-1],[1,-36],[-128,-2]],[[64881,65834],[-2,53],[10,1],[-1,27],[2,0],[0,17],[-8,-1],[-1,24],[34,1],[0,12],[-5,-1],[-1,21],[6,5],[50,1],[7,-5],[1,-21],[-15,0],[1,-14],[14,0],[2,-44],[-8,0],[2,-33],[-36,-1],[-6,-4],[1,-13],[29,1],[4,-4],[1,-20],[-34,-1],[0,4],[-14,0],[0,-4],[-33,-1]],[[59230,59477],[-1,24],[-102,-2],[-28,21],[-1,13],[20,21],[-11,34],[61,19],[24,-46],[35,1],[-2,54],[96,2],[2,-53],[-23,0],[3,-87],[-73,-1]],[[73513,67317],[5,-117],[-1,-7],[-332,-7],[-2,80],[-6,-1],[-3,37],[300,7],[2,8],[37,0]],[[42469,66501],[59,-1],[6,-77],[-60,-1],[-2,19],[-22,0],[2,-7],[-257,-2],[-1,6],[-22,1],[1,-20],[-70,1],[1,78],[365,3]],[[54750,62529],[-3,118],[225,4],[1,-25],[12,1],[3,-92],[-51,-1],[0,5],[-22,0],[0,-7],[-165,-3]],[[62482,77269],[0,2],[-53,-1],[-1,13],[-12,-1],[-1,26],[13,1],[-1,12],[29,0],[-1,25],[135,3],[1,-25],[18,0],[1,-17],[7,-4],[1,-7],[-7,-4],[1,-18],[-50,-1],[0,-3],[-80,-1]],[[51358,54252],[-1,38],[19,0],[-1,19],[28,0],[-3,79],[-8,0],[0,8],[-55,-1],[1,-10],[-87,-1],[-1,25],[-14,0],[-1,22],[90,1],[0,15],[-4,0],[0,24],[50,0],[0,-10],[107,1],[1,-34],[16,0],[1,-18],[-15,-1],[3,-118],[-38,-1],[1,-36],[-89,-2]],[[78966,44019],[-11,12],[3,3],[-11,10],[-4,-2],[-11,11],[5,6],[-12,6],[-6,-5],[-17,5],[0,3],[-17,2],[-2,-2],[-19,5],[-1,15],[4,1],[-1,14],[-4,0],[0,13],[20,5],[1,-2],[16,4],[0,4],[19,4],[4,-4],[11,6],[-4,5],[12,12],[4,-1],[8,11],[-3,2],[12,13],[21,-5],[2,17],[-65,-1],[-10,4],[-3,51],[14,6],[62,1],[-1,21],[-5,-2],[0,-3],[-16,-5],[-13,13],[2,1],[-10,11],[-3,-1],[-15,11],[6,6],[-10,6],[-6,-5],[-19,5],[0,3],[-17,3],[-1,-3],[-20,6],[-1,14],[5,0],[0,13],[-3,0],[-2,16],[21,5],[0,-3],[15,3],[0,5],[19,6],[6,-6],[10,7],[-4,4],[11,13],[4,-2],[10,12],[-3,2],[12,13],[19,-5],[-1,-2],[17,-5],[2,3],[19,-5],[1,-15],[-4,0],[0,-14],[4,0],[0,-15],[-19,-5],[-1,3],[-17,-5],[0,-3],[-17,-5],[-11,13],[-13,-8],[12,-12],[-11,-12],[12,-7],[12,13],[17,-4],[0,-4],[17,-3],[2,3],[18,-4],[1,-15],[-3,0],[0,-13],[3,0],[0,-16],[-16,-5],[-1,4],[-7,-2],[1,-23],[15,0],[14,-4],[3,-51],[-14,-6],[-14,0],[0,-19],[17,-4],[1,-15],[-2,-3],[2,-14],[4,0],[2,-14],[-17,-5],[-3,2],[-16,-4],[0,-4],[-18,-5],[-10,13],[-12,-7],[10,-13],[-11,-12],[12,-7],[12,13],[18,-4],[0,-3],[17,-4],[2,3],[17,-4],[0,-15],[-2,0],[0,-15],[4,0],[0,-14],[-19,-4],[-1,2],[-19,-6],[1,-3],[-18,-4]],[[67401,81284],[-1,30],[9,0],[0,7],[12,1],[0,14],[60,1],[-1,25],[-57,-1],[-5,91],[54,2],[7,-11],[27,11],[56,-86],[-9,-3],[17,-26],[4,1],[1,-38],[-12,0],[1,-15],[-163,-3]],[[72228,44584],[-1,30],[11,0],[-1,16],[55,1],[0,16],[6,0],[-4,113],[66,2],[5,-119],[4,0],[1,-26],[-4,0],[1,-31],[-139,-2]],[[59080,54392],[0,14],[25,0],[0,2],[23,0],[0,4],[-18,0],[0,-2],[-13,0],[0,7],[-7,0],[0,7],[-51,-2],[0,-15],[22,0],[1,-14],[-65,-1],[-3,90],[195,4],[3,-84],[-7,-1],[0,-6],[-37,0],[-1,32],[-14,-1],[0,-13],[8,0],[1,-19],[-62,-2]],[[70326,52128],[-15,0],[0,2],[-7,0],[-5,4],[0,4],[-18,0],[-1,10],[-26,-1],[-4,114],[52,1],[0,2],[87,2],[1,-25],[13,0],[1,-30],[8,0],[11,-9],[0,-10],[-4,-4],[-30,0],[0,14],[-21,-1],[0,-5],[-11,0],[0,-8],[-27,-1],[1,-52],[-5,-4],[0,-3]],[[20397,79603],[0,4],[-14,-1],[-1,24],[11,0],[0,2],[-3,0],[-1,12],[14,1],[-1,7],[-3,0],[-6,116],[4,0],[0,8],[-18,0],[1,-11],[-28,-1],[0,-8],[-61,-2],[-1,18],[-4,1],[0,9],[3,2],[-1,18],[62,2],[0,-13],[4,0],[0,-5],[21,1],[-1,25],[12,1],[0,4],[76,2],[0,-4],[13,0],[1,-22],[-13,-1],[0,-3],[-6,-1],[4,-69],[3,-1],[1,-11],[-3,-3],[3,-68],[6,1],[0,-5],[13,1],[1,-23],[-14,-1],[1,-3],[-75,-3]],[[56601,84127],[-3,61],[-10,34],[-3,-2],[-1,17],[-2,0],[-1,7],[-25,-1],[-3,70],[28,0],[-1,17],[4,0],[-1,28],[71,2],[1,-28],[3,0],[2,-38],[60,2],[2,-34],[-61,-2],[3,-62],[-10,-14],[4,-59],[-57,2]],[[34175,34385],[0,-6],[-18,0],[-1,5],[19,1]],[[34467,34401],[1,-10],[-7,0],[-1,10],[7,0]],[[34251,34822],[-18,0],[-2,54],[98,3],[0,-5],[10,0],[2,-48],[8,0],[0,-10],[-6,-12],[-5,-5],[-6,-4],[-3,2],[-5,0],[2,-23],[-90,-2],[0,24],[16,0],[-1,26]],[[34699,34842],[-1,32],[-105,-2],[-2,38],[62,1],[-4,81],[-3,0],[-1,10],[-1,0],[0,21],[4,0],[-4,70],[82,1],[-1,7],[-32,-1],[-2,52],[70,1],[2,-51],[-5,-1],[1,-6],[24,0],[2,-11],[-74,-2],[3,-68],[6,0],[1,-21],[-6,0],[4,-68],[7,0],[0,-13],[45,-53],[-16,-7],[4,-7],[-20,-7],[-20,-3],[-3,8],[-17,-1]],[[34626,35027],[-63,-2],[-4,95],[62,2],[5,-95]],[[34359,34992],[-1,16],[-25,-2],[0,23],[24,1],[-1,59],[-19,-3],[-9,-1],[-11,1],[-8,1],[-21,13],[-9,13],[-1,15],[2,7],[5,7],[13,8],[8,4],[12,2],[11,0],[12,-1],[10,-4],[6,-5],[10,-11],[2,-4],[94,2],[7,-137],[-111,-4]],[[70394,48458],[-1,11],[-3,0],[-1,49],[6,0],[-2,63],[35,1],[-1,9],[53,1],[2,-52],[5,4],[10,1],[3,-79],[-24,0],[0,-7],[-82,-1]],[[55646,54324],[-1,17],[9,0],[0,4],[-11,0],[-1,37],[11,0],[0,27],[115,2],[0,3],[18,0],[0,4],[111,2],[2,-50],[4,0],[1,-10],[9,0],[1,-20],[-9,0],[0,-10],[-259,-6]],[[75885,41777],[-1,38],[44,1],[-1,17],[-24,-1],[-1,19],[5,0],[0,21],[-5,0],[-1,14],[-34,-1],[0,-5],[3,0],[0,-18],[-21,-1],[0,3],[-28,-1],[0,-2],[-24,0],[-1,17],[4,0],[-1,21],[-3,0],[-1,18],[24,0],[0,-3],[27,1],[-1,2],[22,1],[1,-17],[-1,0],[0,-6],[37,0],[0,6],[-3,0],[-1,18],[24,0],[0,-3],[27,1],[0,3],[22,0],[1,-18],[-2,0],[0,-5],[38,1],[0,5],[-4,0],[0,18],[24,1],[0,-3],[27,0],[0,3],[21,0],[0,-24],[-2,0],[1,-13],[4,0],[1,-18],[-24,0],[0,2],[-27,0],[0,-4],[-23,0],[-1,18],[4,0],[-1,5],[-39,-1],[1,-34],[6,0],[0,-18],[-24,0],[1,-19],[44,1],[1,-38],[-115,-2]],[[78371,31448],[-6,171],[-3,0],[-1,26],[6,0],[-1,15],[106,2],[5,-148],[-35,0],[2,-65],[-73,-1]],[[76018,23970],[0,17],[-12,-1],[0,15],[20,1],[-9,221],[-13,0],[0,13],[18,0],[-2,39],[56,1],[-2,58],[45,1],[2,-37],[-7,-1],[2,-61],[-16,0],[0,-9],[-18,0],[4,-104],[8,0],[0,-10],[42,0],[4,-88],[27,1],[1,-17],[9,0],[0,-6],[21,0],[-4,91],[-15,0],[1,-9],[-12,-1],[-1,34],[27,1],[-2,65],[54,1],[0,-8],[9,0],[6,-151],[20,1],[1,-20],[-28,-1],[1,-17],[-10,-1],[0,-10],[-25,0],[-1,4],[-14,-1],[1,-6],[-188,-5]],[[58583,62816],[-2,53],[191,5],[-1,41],[43,1],[-1,34],[53,1],[5,-132],[-78,-2],[0,3],[-210,-4]],[[52530,61638],[-4,127],[52,1],[1,-28],[44,1],[1,-39],[194,3],[1,-53],[-237,-4],[0,-8],[-52,0]],[[45298,61135],[-3,100],[-49,-1],[1,-27],[-57,-1],[0,2],[-8,0],[0,-2],[-70,-2],[-2,49],[-2,0],[-1,32],[203,4],[1,-5],[53,1],[4,-149],[-70,-1]],[[67118,9220],[-1,18],[-11,0],[-1,26],[-31,0],[-2,62],[-25,0],[-1,20],[9,1],[-1,14],[5,0],[-5,127],[3,0],[0,12],[78,2],[0,-6],[94,2],[1,-25],[-16,0],[1,-6],[-62,-1],[5,-102],[9,0],[0,7],[87,2],[0,-6],[12,0],[3,-98],[-8,0],[0,-9],[-32,-1],[2,-37],[-113,-2]],[[67150,9267],[48,0],[-2,74],[-30,-1],[0,-11],[-18,-1],[2,-61]],[[66209,76135],[0,4],[-3,0],[-1,10],[-30,0],[-1,27],[-37,-1],[-1,22],[-17,-1],[0,7],[-3,-1],[-1,26],[2,0],[0,5],[17,1],[-1,22],[38,1],[-2,28],[31,1],[-1,13],[69,2],[1,-28],[6,0],[4,-109],[-3,0],[1,-27],[-68,-2]],[[70137,39265],[-1,4],[-17,-1],[-5,4],[-1,19],[-7,0],[1,-8],[-39,-1],[-3,71],[40,1],[0,-6],[109,3],[0,6],[40,1],[3,-71],[-40,-1],[-1,8],[-8,0],[1,-21],[-4,-4],[-23,0],[0,-3],[-45,-1]],[[79837,41580],[0,2],[-42,0],[-2,68],[27,1],[0,8],[4,1],[-3,113],[78,1],[4,-113],[4,0],[1,-33],[53,0],[0,3],[149,2],[1,-19],[6,0],[0,-19],[-6,0],[1,-7],[-150,-3],[0,4],[-73,-1],[0,-5],[-32,0],[0,-2],[-20,-1]],[[46261,60980],[-1,64],[-9,0],[1,-37],[-22,0],[0,19],[-119,-2],[0,11],[-11,-1],[-1,22],[11,1],[0,10],[117,2],[0,-18],[40,1],[-1,18],[72,1],[3,-90],[-80,-1]],[[52143,56614],[-2,38],[45,2],[-1,32],[51,1],[-6,147],[69,2],[7,-179],[9,0],[1,-39],[-173,-4]],[[80925,33328],[-1,40],[44,0],[-1,10],[20,0],[-1,32],[21,0],[0,-8],[10,0],[-4,148],[71,1],[4,-159],[11,0],[1,-60],[-94,-1],[0,-2],[-81,-1]],[[75277,14952],[-2,53],[-50,-1],[-3,65],[43,1],[0,-3],[59,1],[0,-8],[20,0],[4,-107],[-71,-1]],[[54014,77724],[-1,16],[23,1],[-3,72],[-61,-2],[2,-48],[11,0],[1,-21],[-39,-1],[1,-9],[-42,-1],[-3,72],[26,1],[-1,16],[-6,0],[-1,17],[6,0],[0,14],[-27,0],[-1,13],[4,0],[-3,59],[67,2],[4,-99],[16,0],[0,1],[27,1],[0,-7],[18,0],[-1,22],[86,2],[1,-31],[4,0],[0,-8],[-4,0],[3,-79],[-107,-3]],[[55903,57919],[-5,126],[101,2],[0,-3],[27,1],[-1,26],[69,2],[0,-3],[17,0],[0,4],[35,0],[3,-76],[-35,-1],[0,1],[-17,0],[0,-2],[-68,-2],[0,3],[-28,-1],[3,-75],[-101,-2]],[[33771,89311],[-88,1],[0,32],[17,0],[2,207],[-16,0],[0,32],[88,0],[-1,-63],[-27,0],[0,-5],[27,0],[-2,-136],[-26,0],[0,-5],[26,0],[0,-63]],[[74088,45596],[0,13],[-64,-1],[-2,62],[120,2],[-6,190],[80,2],[6,-208],[8,0],[1,-40],[-27,-1],[0,-2],[-12,0],[0,-15],[-104,-2]],[[57966,38451],[0,2],[-2,0],[-1,24],[-2,0],[-2,41],[-3,0],[1,-10],[-31,-1],[-2,50],[31,1],[0,-11],[4,0],[-1,39],[2,0],[-1,23],[3,0],[-1,3],[68,1],[0,-12],[31,1],[1,-28],[54,1],[1,-29],[3,0],[1,-22],[-4,0],[1,-29],[-52,-1],[1,-28],[-31,-1],[1,-12],[-70,-2]],[[25108,94859],[-4,65],[355,14],[4,-66],[-40,-2],[-1,14],[-15,-1],[0,4],[-244,-9],[0,-5],[-15,-1],[1,-12],[-41,-1]],[[50226,50423],[0,1],[-27,0],[-2,41],[-76,-2],[-1,23],[-39,-1],[-2,73],[116,3],[-3,62],[27,1],[0,8],[33,1],[1,-8],[6,0],[8,-191],[-8,0],[0,-10],[-33,-1]],[[53757,12324],[0,3],[-13,0],[-1,23],[13,0],[0,5],[5,0],[-2,68],[-4,0],[-1,14],[3,0],[-3,69],[-1,0],[-1,14],[2,0],[-3,70],[-5,0],[-1,3],[-13,0],[-1,22],[13,1],[0,4],[76,2],[1,-4],[11,0],[1,-23],[-8,0],[1,-15],[-13,0],[0,-8],[5,0],[2,-55],[-4,-1],[0,-9],[13,1],[0,-10],[-13,-1],[0,-8],[4,1],[2,-50],[8,0],[1,-20],[-7,0],[2,-46],[-3,0],[0,-8],[12,1],[1,-12],[-5,0],[0,-2],[13,0],[1,-23],[-13,-1],[0,-4],[-75,-1]],[[37082,88230],[-40,0],[0,5],[-46,0],[1,51],[12,0],[0,9],[-9,0],[1,135],[9,0],[0,8],[-12,1],[0,51],[46,0],[0,5],[40,0],[0,-66],[-12,0],[0,-12],[-2,0],[-1,-110],[2,0],[0,-12],[12,0],[-1,-65]],[[72787,9882],[-2,31],[30,1],[-11,206],[-29,0],[-2,32],[87,2],[3,-61],[-26,-1],[0,-7],[26,1],[7,-134],[-28,0],[0,-7],[27,1],[3,-62],[-85,-2]],[[71388,33108],[-3,54],[102,3],[-14,9],[62,51],[-1,31],[-3,1],[-1,24],[88,2],[3,-81],[-7,-1],[0,-9],[-31,0],[18,-14],[-62,-50],[-18,12],[0,-23],[-12,-1],[0,-5],[-121,-3]],[[48857,57261],[-2,48],[106,2],[-3,101],[113,1],[4,-149],[-218,-3]],[[76028,47538],[0,5],[-90,-2],[-3,73],[39,1],[-2,57],[-93,-1],[0,8],[-13,0],[-1,44],[11,0],[0,9],[211,5],[1,-10],[12,1],[0,-16],[5,0],[0,-12],[-5,0],[1,-17],[-12,0],[0,-10],[-69,-1],[0,-19],[11,0],[0,-17],[-10,-1],[0,-18],[93,1],[3,-78],[-89,-2]],[[53480,53746],[-5,106],[234,6],[2,-106],[-231,-6]],[[62218,62400],[0,6],[-25,0],[-7,174],[24,1],[0,-6],[197,4],[-1,6],[24,0],[5,-111],[-27,0],[0,6],[-14,-1],[-2,51],[-165,-3],[1,-16],[17,1],[0,-12],[9,0],[3,-81],[9,0],[1,-18],[-49,-1]],[[68786,70900],[0,10],[-5,0],[0,5],[-90,-3],[-2,-3],[-16,0],[-3,3],[-90,-3],[-3,57],[15,1],[1,-10],[9,0],[2,3],[150,3],[3,-2],[8,0],[-1,19],[-26,-1],[-5,113],[67,2],[1,-24],[13,0],[5,-66],[-6,0],[2,-37],[5,0],[3,-56],[-6,0],[0,-10],[-31,-1]],[[68723,36091],[-2,68],[39,0],[-6,165],[-92,-1],[-1,16],[-10,0],[1,-22],[-35,0],[-2,58],[35,2],[1,-23],[10,0],[0,12],[8,0],[0,6],[64,1],[-1,12],[18,1],[0,-12],[4,0],[0,12],[64,2],[10,-287],[-37,-1],[0,-7],[-68,-2]],[[50160,51695],[0,8],[-12,0],[-2,51],[14,1],[-1,49],[-16,0],[-2,67],[34,1],[12,-1],[21,-7],[17,-12],[28,0],[-1,41],[8,0],[1,-41],[-3,0],[4,-126],[6,0],[0,-13],[-6,0],[1,-8],[-34,0],[0,-9],[-69,-1]],[[54873,52927],[0,7],[-28,0],[-1,24],[-30,-1],[1,-8],[-18,-1],[-3,69],[19,0],[1,-8],[28,1],[-2,51],[-25,0],[-7,5],[-4,56],[2,0],[0,19],[4,3],[27,1],[-1,34],[44,1],[1,-9],[27,0],[0,-5],[4,0],[1,-26],[-5,0],[3,-76],[6,1],[1,-26],[-4,-1],[4,-103],[-28,-1],[0,-7],[-17,0]],[[63906,83644],[0,10],[-6,0],[-1,45],[5,0],[0,6],[-28,0],[0,25],[-24,0],[1,-68],[-27,0],[0,2],[-11,-1],[0,-2],[-28,0],[-2,102],[67,0],[0,-23],[64,2],[0,11],[-23,-1],[-2,74],[24,0],[0,11],[-26,0],[0,-6],[-14,0],[-2,96],[33,0],[0,-7],[71,1],[1,-42],[-23,0],[0,-5],[27,1],[0,-23],[5,-3],[0,-9],[-5,-3],[2,-30],[9,-7],[0,-18],[-9,-6],[0,-30],[5,-4],[0,-9],[-4,-3],[1,-23],[-28,0],[1,-6],[5,0],[1,-45],[-5,0],[0,-12],[-54,0]],[[77114,16269],[-4,2],[-6,0],[-1,2],[-30,-1],[0,14],[30,0],[0,3],[27,0],[0,-2],[30,1],[1,-14],[-31,-1],[0,-2],[-8,0],[-1,-2],[-7,0]],[[77032,16400],[17,0],[-4,116],[-18,-1],[-1,31],[85,2],[3,-74],[43,2],[1,-30],[-43,-1],[1,-21],[23,0],[-1,9],[72,1],[2,-50],[-104,-3],[0,-10],[-75,-2],[-1,31]],[[61385,35342],[-1,22],[-43,32],[-30,-1],[-4,119],[175,4],[5,-119],[-72,-56],[-30,-1]],[[63941,42202],[-9,205],[-8,0],[-3,65],[52,1],[3,-65],[-3,0],[0,-7],[13,0],[2,-44],[-14,-1],[4,-91],[13,0],[1,-33],[-14,-1],[1,-28],[-38,-1]],[[70390,31138],[-4,103],[173,4],[1,-14],[11,0],[0,3],[27,0],[4,-91],[-27,0],[0,5],[-12,0],[0,-2],[-134,-3],[0,2],[-12,0],[0,-6],[-27,-1]],[[83898,29687],[0,4],[-14,0],[-1,24],[14,0],[0,4],[7,0],[-3,66],[-4,3],[-1,12],[3,3],[-2,69],[-3,0],[-1,25],[25,1],[0,3],[64,1],[0,-20],[-11,0],[1,-20],[-14,0],[1,-9],[3,0],[4,-123],[12,0],[1,-13],[6,0],[1,-23],[-13,0],[1,-5],[-76,-2]],[[75504,5570],[14,0],[0,10],[7,1],[-11,183],[-6,0],[-1,13],[-15,-1],[-1,31],[85,4],[4,-61],[-27,-1],[0,-7],[26,1],[9,-134],[-27,-1],[1,-7],[27,1],[1,-15],[33,2],[-2,33],[48,2],[2,-35],[-4,0],[1,-10],[4,0],[3,-37],[-49,-2],[-2,34],[-34,-1],[2,-32],[-86,-3],[-2,32]],[[75633,5696],[53,0],[1,-34],[-53,-1],[-1,35]],[[62287,42844],[-3,87],[-9,0],[-6,14],[-2,13],[1,21],[6,20],[9,0],[-2,66],[77,1],[8,-221],[-79,-1]],[[60972,29740],[-2,61],[14,0],[21,16],[-1,39],[272,5],[1,-39],[29,-23],[37,1],[2,-46],[-44,-1],[1,-8],[-131,-2],[-2,32],[-53,-1],[0,-32],[-144,-2]],[[63271,24018],[-4,87],[45,2],[0,-7],[128,4],[2,-56],[-127,-3],[1,-26],[-45,-1]],[[64556,33624],[-6,141],[-28,-1],[-3,68],[52,2],[0,-29],[46,1],[2,-39],[4,0],[5,-141],[-72,-2]],[[65425,39587],[0,22],[3,0],[-1,22],[-39,-1],[-3,74],[39,1],[0,12],[-4,0],[-1,21],[84,2],[1,-22],[-6,0],[4,-108],[5,1],[1,-22],[-83,-2]],[[86367,24168],[0,7],[-5,0],[-2,57],[40,1],[0,-5],[11,1],[1,-24],[41,1],[-4,91],[-52,-1],[-1,31],[15,1],[0,-2],[77,2],[0,-5],[25,0],[0,-25],[4,0],[0,-11],[-4,0],[3,-69],[3,0],[0,-11],[-3,0],[1,-24],[-25,-1],[0,-5],[-77,-1],[0,-3],[-14,0],[0,3],[-4,0],[0,-7],[-30,-1]],[[53427,51305],[0,7],[-31,0],[-1,22],[-16,0],[-5,144],[12,1],[-2,37],[88,2],[2,-38],[12,1],[1,-20],[-26,-1],[1,-20],[26,1],[2,-63],[-26,0],[1,-20],[26,1],[1,-22],[-17,-1],[1,-23],[-30,0],[0,-8],[-19,0]],[[70450,69070],[-1,6],[-46,-1],[-12,265],[-28,-1],[1,-20],[-44,-1],[2,-48],[-70,-1],[-4,104],[39,1],[0,5],[163,4],[1,-30],[8,0],[1,-11],[-3,0],[4,-91],[2,0],[0,-11],[-2,0],[2,-58],[-2,-1],[0,-7],[22,0],[11,-5],[1,-23],[-2,-1],[3,-69],[-6,-5],[-40,-1]],[[64891,41077],[-2,19],[7,1],[-3,71],[-7,-1],[-1,20],[80,2],[1,-20],[-11,0],[1,-24],[45,2],[1,-25],[-45,-1],[1,-24],[11,1],[1,-19],[-79,-2]],[[83653,36152],[125,2],[1,-38],[8,0],[0,-11],[61,1],[0,15],[5,0],[0,-15],[2,0],[-1,15],[24,1],[2,-66],[-121,-2],[-6,-1],[-5,1],[-92,-2],[-3,100]],[[70948,16517],[0,1],[-38,-1],[-1,27],[5,0],[-3,139],[8,0],[1,-3],[101,2],[2,-46],[-40,-1],[1,-38],[-2,0],[1,-4],[-5,0],[0,-20],[9,0],[1,-28],[4,0],[1,-6],[-27,0],[0,-19],[-5,0],[0,-3],[-13,0]],[[50865,68111],[-1,33],[-12,0],[0,33],[11,1],[-1,20],[30,1],[-1,8],[30,1],[0,6],[59,1],[0,-6],[30,0],[0,-3],[29,1],[3,-93],[-177,-3]],[[56647,62331],[-1,78],[-193,-1],[-1,49],[284,2],[0,-20],[4,0],[0,-54],[-3,0],[0,-8],[5,0],[0,-45],[-95,-1]],[[82385,21262],[0,14],[2,0],[-1,33],[-9,0],[0,-3],[-7,-6],[-26,0],[-7,5],[-1,19],[-8,0],[-1,23],[2,0],[-1,30],[-12,0],[-1,40],[8,7],[44,0],[7,-6],[8,1],[-1,32],[-3,0],[-1,15],[80,1],[1,-14],[-3,0],[1,-49],[14,0],[2,-77],[-12,0],[1,-49],[3,0],[1,-14],[-80,-2]],[[69657,43870],[39,1],[0,3],[-37,-1],[-1,35],[36,1],[-1,3],[-38,-1],[0,19],[38,1],[0,8],[-10,-1],[-1,28],[91,2],[1,-28],[-11,0],[3,-95],[12,0],[1,-25],[-93,-2],[1,-17],[-28,0],[-2,69]],[[69593,43990],[67,1],[0,-17],[-67,-1],[0,17]],[[69137,73619],[0,5],[-24,0],[-1,21],[-35,-1],[0,-19],[-13,0],[-2,69],[12,0],[0,8],[64,1],[0,-7],[137,2],[2,3],[25,1],[0,7],[42,1],[1,-7],[5,0],[1,-49],[-9,-1],[1,-29],[-65,-1],[-1,27],[-84,-2],[1,-28],[-57,-1]],[[78961,36324],[-2,40],[9,0],[-3,98],[-63,-1],[0,-7],[-31,0],[-1,28],[-5,0],[-2,80],[2,0],[-1,27],[27,1],[-1,16],[89,2],[1,-13],[3,0],[1,-2],[25,1],[1,-29],[4,0],[3,-80],[-5,0],[1,-26],[13,0],[0,-12],[5,1],[3,-93],[11,0],[1,-25],[-37,-1],[0,-3],[-48,-2]],[[58699,81816],[-1,31],[16,0],[-2,43],[-31,0],[-3,89],[29,1],[-1,26],[91,2],[1,-27],[-9,0],[3,-87],[8,0],[1,-27],[-21,0],[1,-19],[6,0],[1,-30],[-89,-2]],[[50536,55881],[-4,92],[-26,-1],[-2,62],[78,1],[0,-4],[157,3],[4,-123],[-159,-3],[1,-26],[-49,-1]],[[50594,55958],[78,1],[-1,47],[-78,-1],[1,-47]],[[80808,35813],[-84,-1],[-1,88],[81,1],[0,3],[3,0],[0,-3],[26,1],[2,-95],[-27,0],[0,6]],[[80793,35930],[0,-26],[-72,-1],[-1,26],[73,1]],[[80714,35929],[0,10],[-7,0],[-1,22],[7,1],[0,7],[104,2],[1,-40],[-3,0],[0,-8],[-20,0],[-1,8],[-80,-2]],[[69175,22648],[-1,23],[-209,-5],[-1,18],[-11,0],[-1,20],[12,0],[-1,19],[209,4],[-1,17],[91,2],[3,-96],[-90,-2]],[[30004,92064],[-1,64],[97,1],[-1,33],[39,1],[0,-33],[29,0],[0,18],[-13,-1],[0,33],[2,0],[-1,45],[25,1],[0,8],[51,1],[1,-39],[-11,0],[2,-72],[13,0],[1,-58],[-40,0],[-1,13],[-3,0],[0,-1],[-13,0],[0,1],[-118,-1],[0,-2],[-14,0],[0,2],[-4,0],[1,-14],[-41,0]],[[59436,79196],[0,2],[-53,-1],[0,5],[-39,-1],[-1,21],[-23,-1],[-2,33],[83,2],[-1,26],[127,2],[2,-45],[5,0],[1,-14],[-5,0],[1,-25],[-34,-1],[0,-2],[-61,-1]],[[45648,82587],[0,10],[-10,0],[-1,12],[12,1],[-1,9],[-6,0],[0,6],[-8,0],[-5,145],[73,2],[1,-26],[10,0],[1,-25],[26,1],[2,-48],[-26,0],[1,-22],[-12,-1],[1,-31],[27,1],[2,-33],[-87,-1]],[[81763,34487],[-57,19],[95,168],[-7,2],[9,14],[2,-1],[17,30],[-5,2],[-1,-3],[-11,-3],[-26,9],[-3,6],[10,18],[-7,3],[50,86],[9,2],[31,-10],[4,-7],[10,-3],[16,28],[-5,2],[2,3],[2,-1],[7,11],[70,-23],[-7,-12],[-3,1],[-27,-46],[12,-4],[-35,-58],[1,-1],[-7,-12],[-10,4],[-26,-45],[3,-1],[-8,-14],[-31,10],[-5,-10],[24,-8],[-37,-63],[-3,1],[-6,-10],[2,0],[-49,-84]],[[65012,60270],[-36,25],[12,9],[-10,6],[-10,-9],[-95,69],[90,72],[10,-7],[8,7],[-10,8],[33,27],[1,-30],[-7,-6],[7,-5],[78,2],[5,-126],[-77,-1],[-7,-6],[8,-6],[0,-29]],[[28383,80234],[53,1],[2,-37],[-27,-1],[0,-10],[-25,-1],[-3,48]],[[28539,80091],[-75,-2],[-2,52],[40,1],[0,9],[-9,0],[-6,134],[9,1],[0,9],[-13,0],[-2,50],[30,1],[0,2],[15,0],[0,4],[40,1],[3,-66],[-12,0],[5,-134],[13,1],[3,-66],[-39,-1],[0,4]],[[53389,64060],[0,66],[13,0],[0,6],[-5,0],[0,19],[3,0],[0,8],[-3,0],[0,18],[3,0],[0,8],[-4,0],[0,19],[2,0],[0,4],[-3,0],[0,11],[-8,0],[-1,48],[3,0],[0,14],[16,0],[0,22],[51,0],[0,-2],[29,1],[0,-3],[23,1],[1,-60],[-17,0],[1,-21],[-9,0],[0,-16],[12,0],[1,-46],[7,0],[1,-90],[-60,-1],[0,-5],[-56,-1]],[[59671,53104],[-1,30],[-7,0],[-2,58],[6,0],[-1,31],[179,4],[1,-31],[-3,0],[-14,-13],[24,-16],[1,-29],[-6,-1],[1,-29],[-178,-4]],[[62198,79225],[-3,92],[46,1],[0,5],[75,2],[0,-5],[43,1],[4,-93],[-35,0],[0,8],[-9,0],[-5,-4],[-15,0],[-4,3],[-27,-1],[-5,-4],[-15,0],[-3,2],[-14,0],[0,-6],[-33,-1]],[[67255,55971],[-1,23],[-7,9],[-20,-1],[-1,20],[-3,0],[-2,49],[4,0],[-1,24],[20,0],[8,5],[-1,13],[-20,0],[-2,57],[97,2],[2,-61],[3,0],[5,-124],[-43,-1],[0,-14],[-38,-1]],[[37881,61743],[-3,58],[57,2],[-1,21],[-35,-1],[-1,21],[-12,0],[-5,134],[100,2],[1,-11],[8,0],[1,-23],[-8,0],[0,-9],[2,0],[8,-191],[-112,-3]],[[76748,27521],[-2,66],[12,1],[-1,59],[-5,0],[0,13],[4,2],[-1,58],[-13,0],[-2,66],[42,1],[0,-4],[44,0],[0,-1],[90,1],[2,-49],[-61,-1],[0,13],[-6,0],[0,6],[-24,-1],[1,-19],[-12,-1],[0,-8],[9,0],[1,-20],[4,0],[1,-35],[-4,-1],[1,-24],[5,0],[0,-37],[-4,0],[1,-18],[-9,0],[0,-9],[11,1],[1,-54],[-43,0],[0,-5],[-42,0]],[[46339,52354],[-18,0],[0,6],[-22,-1],[0,9],[-4,0],[-1,30],[-27,0],[-2,76],[20,1],[1,-13],[6,1],[-2,43],[3,0],[0,10],[60,1],[0,-10],[5,1],[1,-57],[23,0],[-1,43],[10,0],[0,8],[48,1],[0,-8],[33,0],[1,-35],[-33,-1],[2,-48],[-49,-1],[0,8],[-10,0],[0,18],[-23,0],[2,-68],[-3,0],[0,-9],[-20,0],[0,-5]],[[63271,10534],[-40,12],[11,20],[-13,4],[-5,-9],[-65,20],[53,98],[64,-20],[-26,-49],[53,-16],[-32,-60]],[[51168,70258],[-1,27],[2,0],[-3,94],[-3,0],[-1,26],[2,0],[-2,62],[1,0],[0,13],[-8,0],[-2,41],[101,2],[2,-54],[-22,-1],[2,-61],[3,0],[1,-27],[-30,0],[0,-10],[8,0],[0,-6],[20,0],[1,-22],[14,0],[0,18],[41,0],[1,-50],[-40,-1],[-1,20],[-15,0],[1,-42],[4,0],[1,-27],[-77,-2]],[[76868,34897],[-6,168],[4,0],[0,6],[-5,0],[-1,43],[25,1],[0,-3],[147,4],[3,-68],[-107,-2],[6,-148],[-66,-1]],[[47664,58116],[-1,26],[-29,-1],[-2,38],[92,2],[1,-10],[69,4],[0,-2],[23,0],[0,2],[37,1],[0,-2],[13,1],[0,2],[120,2],[0,-3],[10,0],[0,12],[52,1],[1,-12],[23,1],[1,-44],[-23,0],[0,-12],[-51,-1],[-1,9],[-274,-6],[0,-7],[-61,-1]],[[74756,40988],[-7,4],[-7,-4],[-6,3],[-6,0],[0,6],[-167,-5],[0,3],[-20,0],[-4,-3],[-10,7],[4,3],[0,15],[-5,0],[-4,93],[-4,0],[-1,34],[88,2],[2,-35],[-20,0],[3,-68],[243,6],[3,-51],[-13,0],[0,-5],[-8,-3],[-7,3],[-5,-3],[-9,3],[-3,0],[-6,-3],[-8,2],[-6,-3],[-9,4],[-2,-1],[-6,-4]],[[53952,59082],[0,11],[-23,0],[-1,42],[22,0],[0,12],[50,1],[0,-8],[276,4],[0,8],[61,1],[1,-26],[29,0],[1,-38],[-90,-2],[0,11],[-11,-1],[0,-2],[-253,-4],[0,2],[-10,0],[0,-10],[-52,-1]],[[45794,59175],[-2,5],[-14,-4],[-39,76],[369,107],[4,-93],[-318,-91]],[[76887,39565],[-1,26],[14,0],[-1,21],[7,4],[-1,55],[-23,0],[1,-5],[-9,0],[-4,101],[102,2],[0,-8],[7,0],[1,-19],[-7,0],[0,-7],[5,0],[4,-115],[13,-9],[36,1],[0,-14],[4,0],[1,-30],[-149,-3]],[[50309,60500],[-3,7],[-8,-3],[-24,48],[68,20],[-9,18],[74,22],[-2,4],[3,8],[7,6],[9,1],[-2,60],[26,1],[-3,73],[2,0],[0,18],[54,2],[2,-36],[10,0],[0,-7],[9,0],[6,-158],[-12,-3],[-6,-3],[-4,-4],[-4,-10],[1,-8],[-194,-56]],[[61036,77496],[-1,34],[7,0],[-3,88],[-7,0],[-2,33],[90,3],[-1,12],[31,1],[3,-69],[5,1],[2,-44],[-5,0],[1,-27],[-25,0],[0,-30],[-95,-2]],[[65502,61787],[5,-130],[113,0],[-2,-91],[-89,-3],[0,-13],[-63,0],[-4,55],[-24,1],[-9,172],[26,0],[3,10],[44,-1]],[[65671,73168],[-1,21],[-2,0],[0,8],[3,0],[-2,20],[93,3],[1,-10],[16,1],[-6,98],[7,0],[-1,7],[-46,-1],[1,-18],[-70,-2],[0,-1],[-11,-1],[-4,71],[18,1],[0,-3],[29,1],[0,7],[71,2],[0,-7],[30,1],[0,1],[14,1],[0,-2],[25,1],[4,-82],[2,0],[2,-31],[-4,-1],[5,-80],[-27,-1],[0,-1],[-11,-1],[0,3],[-136,-5]],[[54212,89537],[0,11],[-32,0],[-2,63],[-36,0],[-1,29],[42,0],[-1,23],[-27,0],[0,-10],[-63,-1],[0,-16],[-24,-1],[-2,70],[24,1],[0,-4],[91,1],[-1,12],[86,2],[0,-10],[10,0],[1,-12],[-11,0],[0,-9],[-16,0],[4,-116],[18,0],[0,-10],[10,0],[0,-11],[-9,0],[0,-11],[-61,-1]],[[72225,53684],[-1,15],[-144,-3],[-1,25],[-10,0],[0,16],[9,1],[-1,24],[59,1],[1,-15],[28,1],[-1,15],[204,4],[2,-67],[-57,-2],[0,-13],[-88,-2]],[[65701,78306],[-3,57],[8,1],[-10,215],[63,1],[9,-202],[9,-1],[0,-41],[-24,-1],[-1,4],[-7,0],[0,-33],[-44,0]],[[52497,64906],[0,3],[-12,-1],[-3,53],[42,1],[-5,93],[42,1],[-1,29],[77,2],[6,-142],[-46,-1],[0,-1],[15,0],[2,-27],[-16,-1],[0,-6],[-101,-3]],[[62148,40876],[-6,244],[79,1],[2,-66],[15,1],[1,-69],[-13,0],[3,-110],[-81,-1]],[[57034,46596],[-2,49],[-62,-1],[-1,19],[3,0],[-1,22],[-3,0],[-1,17],[3,0],[-4,41],[34,1],[0,-1],[69,1],[2,-37],[-34,-1],[0,10],[-15,-1],[1,-13],[-17,-1],[1,-28],[27,1],[-1,12],[40,1],[4,-90],[-43,-1]],[[58540,40721],[-12,-2],[-1,23],[-32,-1],[-1,22],[-14,0],[0,12],[12,0],[-2,88],[-13,0],[-1,12],[15,0],[-1,48],[43,1],[1,-26],[29,1],[-1,26],[59,1],[1,-26],[29,0],[0,8],[-13,0],[0,18],[13,0],[0,-2],[43,1],[2,-74],[14,1],[2,-56],[-13,0],[1,-16],[12,0],[1,-12],[-12,0],[1,-22],[-24,-1],[1,-7],[35,0],[2,-73],[-53,-1],[0,4],[-42,-1],[0,-4],[-51,-1],[-2,64],[58,1],[0,9],[24,1],[-1,8],[-21,-1],[0,-3],[-58,-1],[0,3],[-31,-1],[1,-21]],[[50297,25630],[-1,15],[-8,0],[-1,16],[8,0],[0,17],[185,4],[-1,23],[-9,0],[-1,34],[-20,0],[0,-9],[-46,-1],[0,16],[-9,0],[0,16],[8,0],[-1,18],[91,1],[0,2],[13,1],[0,4],[27,0],[1,-50],[12,0],[1,-14],[-12,0],[1,-29],[5,0],[2,-59],[-245,-5]],[[55143,61146],[-2,45],[-5,0],[-1,9],[-1,0],[-2,25],[2,0],[-1,10],[20,0],[14,3],[2,-2],[14,1],[2,-2],[15,3],[0,-2],[18,0],[0,-9],[436,12],[4,-69],[-54,-2],[0,14],[-277,-8],[0,-10],[-40,-1],[0,-8],[-35,-1],[0,-5],[-109,-3]],[[90121,17495],[-1,11],[-90,-1],[-1,18],[-2,2],[0,8],[2,2],[-1,18],[62,1],[1,-19],[30,1],[-5,184],[-15,0],[0,-4],[-9,-1],[0,5],[-7,0],[1,-18],[-76,-2],[0,19],[-4,2],[0,7],[3,2],[0,19],[76,1],[0,-1],[13,0],[0,13],[79,2],[0,-4],[6,0],[0,-24],[-4,0],[6,-209],[-3,0],[1,-4],[5,0],[1,-23],[-5,0],[0,-4],[-63,-1]],[[69072,68516],[-1,12],[5,0],[0,8],[-109,-3],[-2,48],[247,6],[-1,10],[88,2],[-2,46],[112,2],[2,-45],[-89,-1],[0,-19],[20,1],[1,-15],[40,1],[2,-43],[-183,-3],[0,16],[-110,-2],[0,-8],[5,0],[1,-12],[-26,-1]],[[59050,72079],[34,0],[-5,106],[74,2],[5,-105],[7,0],[2,-35],[-116,-3],[-1,35]],[[58809,72075],[-26,0],[-2,71],[40,1],[1,-23],[16,1],[1,-8],[28,0],[-2,53],[21,1],[0,7],[14,0],[0,-7],[27,1],[2,-53],[29,1],[0,7],[16,1],[-1,23],[40,1],[3,-71],[-26,-1],[1,-11],[-16,0],[0,1],[-150,-3],[1,-2],[-17,-1],[0,11]],[[44289,85023],[-58,40],[17,15],[-5,5],[13,11],[6,-5],[15,12],[5,0],[-2,15],[-5,-1],[-3,91],[57,1],[2,-91],[-11,0],[0,-12],[4,-1],[3,-47],[-38,-33]],[[53050,51455],[-2,69],[28,0],[0,-18],[8,0],[0,22],[-37,0],[-1,35],[38,0],[0,4],[-39,0],[0,18],[29,0],[-3,35],[91,1],[1,-26],[-10,0],[3,-95],[11,0],[1,-27],[-83,-2],[0,-9],[-8,-1],[-1,-5],[-26,-1]],[[67209,25116],[107,1],[4,-47],[-26,-1],[7,-184],[23,1],[2,-48],[-104,0],[-2,45],[2,-1],[-8,184],[-2,1],[-3,49]],[[56315,73048],[-5,117],[39,2],[0,36],[29,1],[0,19],[80,0],[1,-26],[-6,0],[3,-72],[7,2],[0,-28],[-24,-1],[1,-10],[-35,0],[1,10],[-24,0],[-1,18],[-6,0],[0,-4],[-25,-1],[1,-33],[107,3],[1,-29],[-144,-4]],[[72506,47745],[-3,0],[0,3],[1,0],[-6,178],[-132,-3],[0,-5],[-25,0],[-1,23],[-2,0],[0,11],[2,0],[-1,23],[128,3],[-1,14],[88,2],[2,-37],[7,0],[1,-13],[-4,0],[4,-117],[5,0],[0,-12],[-5,0],[2,-57],[4,0],[1,-10],[-3,-1],[-62,-2]],[[46707,62747],[14,30],[65,2],[1,-25],[7,0],[1,-15],[34,0],[1,-20],[-7,0],[3,-82],[-26,-1],[0,-4],[-21,-1],[0,5],[-43,-1],[1,-4],[-22,0],[0,4],[-26,0],[-3,80],[-7,0],[-1,21],[29,0],[0,11]],[[44124,75648],[-3,61],[27,1],[-1,7],[-26,-1],[-5,134],[26,1],[-1,7],[-26,-1],[-2,61],[86,2],[1,-32],[-16,0],[8,-207],[16,0],[2,-31],[-86,-2]],[[37252,64198],[-1,15],[2,0],[-1,32],[-8,0],[-1,18],[8,0],[-1,30],[-3,0],[0,15],[73,2],[-1,31],[38,1],[6,-142],[-111,-2]],[[69201,28258],[-2,56],[-6,0],[0,28],[145,3],[1,-27],[11,0],[-1,27],[31,1],[1,-28],[35,1],[2,-56],[-217,-5]],[[32336,70254],[0,9],[-34,-1],[-2,66],[41,0],[0,-12],[12,0],[0,2],[6,0],[0,-3],[105,2],[5,5],[18,0],[6,-5],[103,2],[0,3],[7,0],[0,-2],[12,1],[-1,12],[41,1],[2,-66],[-81,-1],[0,20],[-8,0],[1,-20],[-177,-4],[0,21],[-10,-1],[1,-19],[-27,-1],[0,-8],[-20,-1]],[[46378,36687],[17,1],[-3,91],[-7,6],[0,13],[6,4],[-4,94],[-17,0],[-1,30],[87,3],[2,-63],[-27,0],[1,-6],[27,1],[5,-135],[-27,-1],[1,-6],[26,0],[2,-61],[-86,-2],[-2,31]],[[46594,37027],[37,0],[0,-26],[-37,0],[0,26]],[[58238,26263],[-5,133],[113,3],[4,-103],[89,2],[1,-31],[-202,-4]],[[58813,87194],[-3,90],[30,0],[0,14],[-45,-1],[-1,34],[-36,0],[4,-80],[-65,-1],[-2,2],[-1,7],[2,2],[-2,58],[-2,1],[-1,7],[3,2],[-1,25],[24,0],[0,6],[76,2],[0,2],[14,1],[0,-3],[4,0],[0,7],[30,1],[0,-7],[6,0],[3,-57],[-3,0],[1,-20],[87,2],[-3,79],[5,0],[0,2],[38,1],[0,-2],[7,0],[3,-60],[-11,0],[5,-109],[-166,-5]],[[63863,69511],[-7,1],[-8,4],[-4,7],[-5,122],[27,1],[137,-119],[1,-14],[-141,-2]],[[80105,15753],[-9,220],[174,4],[10,-220],[-175,-4]],[[80160,15842],[85,2],[-3,66],[-85,-2],[3,-66]],[[79072,47669],[-13,23],[-4,-2],[-63,116],[-16,-5],[-20,37],[57,18],[-1,3],[12,3],[-5,7],[168,53],[14,-25],[9,3],[31,-56],[-9,-3],[15,-27],[-149,-48],[5,-8],[19,6],[31,-58],[-5,-2],[7,-13],[-36,-12],[-2,4],[-45,-14]],[[79079,47816],[95,31],[-22,36],[-94,-31],[21,-36]],[[65911,31054],[-3,70],[36,1],[0,-9],[41,1],[-1,29],[45,1],[0,-29],[41,1],[0,8],[37,0],[2,-69],[-39,-1],[0,10],[-124,-2],[0,-10],[-35,-1]],[[58141,53473],[-6,162],[213,5],[6,-162],[-213,-5]],[[58199,53528],[112,2],[-2,56],[-112,-3],[2,-55]],[[70999,24619],[-67,74],[45,24],[-15,16],[-20,-10],[-33,37],[97,50],[33,-37],[-21,-11],[15,-17],[45,23],[67,-75],[-146,-74]],[[28462,70534],[0,21],[25,0],[0,11],[24,1],[-1,21],[-108,-2],[-1,15],[-56,-2],[0,14],[-7,0],[0,9],[7,0],[0,16],[55,2],[-1,14],[108,2],[-1,22],[-22,-1],[-1,11],[3,0],[-1,21],[91,1],[1,-18],[3,0],[1,-12],[-18,0],[2,-46],[9,0],[1,-20],[-8,0],[1,-46],[17,0],[0,-12],[-3,0],[1,-19],[-121,-3]],[[66831,35188],[-4,131],[-132,-3],[-2,54],[226,4],[2,-45],[9,0],[1,-30],[-9,0],[3,-73],[-9,0],[1,-37],[-86,-1]],[[49524,78036],[0,9],[-130,-3],[0,21],[-9,0],[0,9],[9,0],[-1,23],[129,2],[-2,43],[-61,-1],[0,14],[-13,0],[0,2],[-25,0],[-1,28],[-4,0],[-2,75],[3,0],[-1,29],[26,0],[0,-5],[87,1],[0,7],[26,0],[1,-29],[4,0],[3,-75],[-5,0],[1,-30],[-22,0],[1,-37],[58,2],[2,-75],[-57,-1],[1,-8],[-18,-1]],[[54939,94698],[0,11],[-89,-2],[-1,20],[-1,0],[-1,10],[2,0],[-1,21],[45,0],[1,-19],[43,1],[-1,31],[-43,-1],[0,30],[42,1],[0,22],[-24,-1],[1,-9],[-68,-1],[0,-18],[-26,0],[-3,85],[26,1],[1,-17],[28,0],[0,1],[14,1],[0,-1],[47,1],[0,20],[-26,-1],[-1,53],[36,0],[1,-7],[40,1],[2,-54],[35,0],[1,-31],[-17,-1],[0,-2],[2,0],[0,-11],[-2,0],[3,-88],[2,0],[0,-11],[-1,0],[0,-2],[17,0],[1,-31],[-85,-2]],[[72855,29084],[11,-1],[60,1],[-1,29],[38,1],[3,-105],[-36,-1],[0,-12],[37,0],[1,-20],[-109,-2],[-4,110]],[[49592,37118],[355,6],[2,-63],[-40,-1],[-1,13],[-14,-1],[-1,1],[-243,-3],[0,-4],[-14,0],[1,-11],[-43,-1],[-2,64]],[[50135,37205],[2,-56],[-224,-3],[-1,55],[223,4]],[[49791,37200],[1,-39],[-48,-1],[-1,39],[48,1]],[[72691,5340],[-5,112],[9,1],[-2,32],[-52,20],[-5,117],[52,1],[0,-16],[66,2],[13,-266],[-76,-3]],[[36478,78321],[18,1],[-4,113],[-19,0],[-1,32],[87,2],[3,-74],[61,1],[1,-29],[-61,-2],[1,-21],[23,0],[-1,10],[40,0],[4,-51],[-73,-2],[1,-11],[-79,-2],[-1,33]],[[36650,78473],[72,1],[7,-171],[-72,-2],[-7,172]],[[98712,15571],[-2,160],[-8,0],[0,19],[8,0],[0,6],[-9,0],[0,20],[9,0],[-1,9],[95,0],[1,-113],[3,0],[0,-18],[13,0],[1,-52],[-15,0],[0,-19],[-20,0],[0,-11],[-75,-1]],[[68816,14165],[-1,20],[29,1],[-1,11],[22,1],[-1,20],[-9,0],[0,8],[-71,-2],[0,-7],[-29,-1],[0,14],[-79,-2],[-1,17],[17,1],[0,8],[7,0],[-1,14],[56,2],[0,14],[29,1],[0,-8],[68,2],[0,7],[9,0],[-1,23],[-21,-1],[-2,31],[93,3],[1,-20],[6,0],[0,-12],[-21,-1],[6,-110],[21,0],[0,-11],[-8,-1],[1,-18],[-119,-4]],[[90510,24854],[-1,37],[52,0],[1,-36],[-52,-1]],[[49989,80237],[-2,42],[-3,0],[-3,64],[4,0],[-2,42],[23,1],[0,3],[15,0],[0,-4],[65,1],[0,4],[16,0],[0,-2],[20,0],[1,-42],[3,0],[3,-65],[-3,0],[1,-41],[-25,-1],[0,5],[-88,-3],[0,-3],[-25,-1]],[[72644,40697],[0,2],[-40,-1],[-2,51],[20,1],[-1,24],[35,1],[-1,27],[29,1],[-1,14],[9,0],[0,3],[31,1],[0,-4],[8,0],[1,-13],[29,1],[1,-28],[35,1],[1,-23],[21,1],[2,-52],[-41,-1],[0,-2],[-136,-4]],[[53503,39564],[-6,149],[38,1],[-2,39],[67,1],[0,-14],[4,0],[0,-24],[16,0],[0,-22],[-10,0],[2,-94],[3,0],[1,-30],[-22,0],[0,-5],[-91,-1]],[[71872,51940],[-1,19],[2,0],[-2,61],[-4,2],[0,8],[4,4],[-1,31],[26,1],[0,2],[-17,-1],[0,20],[-2,0],[0,48],[75,1],[4,-47],[-2,0],[1,-19],[-7,0],[1,-26],[5,0],[1,-27],[-13,0],[0,-11],[23,1],[0,-13],[7,0],[0,-12],[-29,-1],[0,-6],[39,1],[1,-34],[-111,-2]],[[53702,43089],[-11,271],[108,3],[2,-43],[-20,0],[10,-187],[17,1],[3,-44],[-109,-1]],[[70193,67841],[131,4],[1,-46],[-39,-2],[8,-191],[-84,-1],[-1,16],[-3,0],[-9,158],[3,0],[-1,16],[-4,1],[-2,45]],[[62387,48160],[-1,45],[26,0],[0,17],[-7,0],[-6,147],[5,0],[0,19],[-25,-1],[-2,46],[103,2],[10,-273],[-103,-2]],[[74160,42766],[-1,12],[-8,0],[-2,61],[82,2],[1,-21],[83,2],[1,-18],[7,0],[0,-15],[-5,0],[0,-20],[-158,-3]],[[52512,27870],[-4,85],[300,6],[-1,28],[65,1],[7,-111],[-61,-3],[0,20],[-243,-4],[0,-19],[-63,-3]],[[61403,95899],[64,0],[6,-45],[182,4],[0,46],[64,4],[9,-82],[-20,-2],[2,-33],[-289,-5],[-5,31],[-11,1],[-2,81]],[[75129,37584],[-1,28],[-4,0],[-1,31],[-35,-1],[-1,51],[34,0],[-1,28],[3,0],[-3,88],[71,1],[3,-74],[31,1],[1,-28],[36,1],[0,-4],[49,1],[1,-27],[10,1],[1,-19],[-10,-1],[1,-27],[-22,0],[1,-40],[-57,-1],[0,8],[-40,-1],[1,-14],[-68,-2]],[[78639,25203],[-1,21],[26,0],[0,11],[24,1],[-1,21],[-107,-2],[-1,14],[-56,-1],[-2,39],[57,1],[-1,14],[29,1],[0,-7],[69,1],[0,8],[10,0],[-1,21],[-21,-1],[-1,32],[90,2],[1,-19],[4,1],[1,-13],[-17,0],[4,-111],[17,0],[1,-12],[-6,0],[1,-20],[-119,-2]],[[53605,63023],[-1,41],[9,0],[0,5],[-194,-3],[0,2],[-23,-1],[2,-32],[-193,-5],[-5,84],[196,4],[0,-10],[22,0],[0,6],[254,5],[1,-20],[-7,0],[0,-9],[2,0],[1,-58],[-5,0],[0,-8],[-59,-1]],[[76268,49909],[-5,142],[27,0],[0,11],[-28,-1],[0,13],[-30,-1],[0,-8],[-29,0],[-2,37],[21,1],[0,6],[6,0],[-1,27],[-10,0],[-1,19],[-13,-1],[-2,39],[144,2],[2,-46],[-12,0],[7,-239],[-74,-1]],[[37528,83048],[-2,86],[137,3],[3,-87],[-138,-2]],[[39885,66752],[-3,66],[-14,-1],[1,-17],[-12,0],[0,-11],[-28,-1],[-1,11],[-12,0],[0,17],[-13,0],[0,9],[-11,0],[-1,11],[3,0],[-1,22],[-2,0],[0,11],[10,0],[0,9],[13,0],[0,18],[-13,-1],[-1,15],[54,1],[1,-14],[11,0],[0,-18],[15,1],[-3,65],[72,2],[3,-70],[10,0],[2,-53],[-11,-1],[3,-69],[-72,-2]],[[48418,70833],[-20,15],[-4,-3],[-26,19],[3,3],[-20,15],[42,34],[-7,5],[7,5],[-45,33],[19,15],[-5,3],[26,21],[4,-3],[20,15],[45,-32],[18,0],[-1,12],[13,10],[-15,11],[57,47],[31,-23],[-6,-5],[19,-14],[3,-77],[-26,0],[4,-60],[-11,-1],[0,-15],[-14,0],[1,-19],[-49,-1],[0,26],[-20,-1],[-43,-35]],[[38960,65145],[-2,40],[-8,0],[-1,22],[-6,-1],[0,18],[-15,0],[-6,132],[101,3],[0,-11],[8,0],[1,-21],[-7,-1],[5,-112],[-3,0],[1,-25],[9,0],[2,-34],[-37,-1],[1,-7],[-43,-2]],[[62506,28250],[29,-1],[58,1],[-1,10],[75,1],[1,-32],[-15,0],[3,-114],[17,0],[1,-31],[-85,-1],[-2,73],[-43,-1],[-1,29],[43,1],[0,21],[-24,0],[0,-9],[-42,-1],[-1,44],[-12,0],[-1,10]],[[65255,42282],[-1,24],[-75,-2],[-5,57],[-3,-1],[-1,25],[3,0],[-4,101],[100,3],[2,-77],[-29,-1],[1,-12],[28,1],[1,-19],[-27,0],[1,-39],[27,1],[3,-61],[-21,0]],[[81822,43320],[-14,0],[0,1],[-74,-1],[-1,19],[-2,0],[0,11],[2,0],[-1,20],[15,1],[-1,30],[28,0],[-1,30],[-85,-2],[1,-42],[-25,0],[0,24],[-4,0],[-1,22],[-7,0],[0,17],[-24,0],[-1,33],[48,0],[0,-1],[99,1],[0,3],[16,0],[-1,15],[57,1],[2,-77],[-2,0],[2,-103],[-26,-1],[0,-1]],[[48444,61173],[0,7],[-217,-4],[-1,28],[-3,-1],[-1,41],[-2,0],[0,-10],[-32,-1],[-2,50],[32,1],[0,-11],[3,0],[-1,39],[3,0],[-1,28],[71,1],[1,-15],[29,1],[1,-27],[36,0],[1,-22],[18,0],[0,-6],[3,0],[1,-23],[-4,0],[0,-7],[-17,0],[0,-5],[87,2],[1,-19],[8,0],[0,-10],[75,2],[1,-37],[-90,-2]],[[50321,82655],[-4,70],[-13,0],[-1,21],[-10,0],[-3,53],[27,1],[0,6],[16,1],[0,7],[5,0],[-2,20],[42,2],[0,5],[31,1],[9,-155],[-14,0],[2,-29],[-85,-3]],[[46609,25969],[-5,126],[-28,-1],[0,7],[-153,-4],[-1,18],[-7,0],[-1,15],[8,0],[-1,17],[167,4],[0,4],[79,2],[7,-186],[-65,-2]],[[91531,13608],[0,28],[5,0],[-1,16],[23,0],[0,7],[-70,-1],[-3,152],[69,1],[0,10],[19,1],[0,-8],[23,0],[0,2],[9,0],[0,-26],[-2,0],[1,-30],[1,0],[1,-49],[-2,0],[1,-30],[2,0],[1,-24],[-3,0],[1,-48],[-75,-1]],[[62240,37784],[-2,66],[-12,0],[1,-17],[-11,0],[0,-11],[-31,-1],[0,11],[-11,0],[-1,17],[-20,0],[0,13],[-7,0],[-1,36],[7,0],[-1,14],[18,1],[-1,15],[-11,0],[0,17],[66,1],[1,-32],[12,0],[-3,66],[77,2],[3,-71],[10,1],[1,-11],[18,1],[1,-35],[-18,0],[0,-10],[-11,0],[3,-71],[-77,-2]],[[75365,20092],[0,5],[-26,-1],[0,10],[-17,0],[-2,45],[15,0],[-4,92],[10,0],[-1,10],[29,0],[-1,21],[-4,0],[-1,24],[-3,-1],[0,12],[3,0],[-3,68],[-3,0],[0,12],[3,0],[-1,27],[-6,0],[-2,23],[10,0],[0,5],[75,2],[1,-12],[107,3],[3,-49],[-108,-2],[0,4],[-15,0],[6,-114],[2,0],[2,-33],[-11,0],[4,-69],[-25,0],[1,-21],[2,0],[3,-59],[-43,-2]],[[83831,26712],[79,1],[3,-155],[-79,-1],[-3,155]],[[83699,26636],[17,0],[-6,182],[74,1],[1,-37],[14,1],[1,-4],[76,2],[2,-51],[-77,-1],[0,-5],[-10,0],[1,-26],[15,0],[3,-98],[1,-10],[-110,-2],[-2,48]],[[77962,45192],[-1,29],[30,1],[-1,12],[11,0],[0,13],[-23,-1],[-1,10],[-61,-1],[-1,15],[9,0],[-1,12],[7,0],[-1,20],[70,1],[0,24],[-12,0],[0,12],[-31,-1],[-1,30],[95,2],[1,-20],[14,0],[0,-11],[-5,0],[5,-115],[4,1],[0,-12],[-15,0],[0,-19],[-92,-2]],[[66889,50554],[-8,2],[-1,2],[1,5],[-76,87],[77,39],[52,-60],[-7,-13],[10,-11],[-1,12],[35,1],[0,8],[16,0],[-1,18],[21,1],[1,-23],[13,0],[0,3],[26,0],[0,-2],[24,0],[1,-28],[9,1],[1,-38],[-36,0],[0,2],[-97,-1],[0,-4],[-35,0],[0,3],[-21,-1],[-4,-3]],[[75001,30267],[-2,49],[100,2],[0,-19],[5,0],[0,16],[15,0],[0,-15],[14,0],[-5,129],[-11,0],[-1,37],[78,2],[1,-31],[5,1],[0,-23],[-3,0],[3,-112],[4,0],[0,-14],[-4,0],[0,-18],[-199,-4]],[[58022,80194],[-2,87],[-37,-1],[-2,82],[34,1],[-3,87],[72,1],[3,-90],[21,1],[0,-16],[50,1],[0,-3],[16,0],[1,-38],[-15,0],[0,-5],[-50,-1],[0,-15],[-19,0],[2,-90],[-71,-1]],[[61496,67610],[-10,247],[-61,-2],[1,-31],[-79,-2],[-5,6],[0,5],[3,4],[-1,40],[-4,5],[-1,6],[5,6],[80,2],[-1,-10],[18,1],[1,-19],[-17,-1],[0,-4],[48,1],[-1,38],[79,2],[1,-30],[2,-1],[1,-22],[-2,0],[4,-113],[3,0],[0,-12],[-2,0],[4,-90],[2,0],[1,-12],[-43,-1],[0,-12],[-26,-1]],[[63491,35587],[-2,56],[118,2],[-1,31],[-45,-1],[0,-16],[-28,-1],[0,-2],[-17,0],[0,2],[-27,-1],[-2,59],[-2,0],[-1,43],[6,1],[-1,30],[23,0],[0,3],[16,0],[0,-2],[24,0],[1,-7],[29,0],[2,-55],[-25,0],[1,-44],[45,1],[-2,45],[120,2],[2,-39],[-38,-1],[3,-88],[-82,-1],[1,-15],[-118,-2]],[[99031,17825],[-30,1],[-2,129],[69,1],[1,-130],[-38,-1]],[[99172,17832],[0,4],[-31,-1],[0,16],[3,0],[0,32],[-7,0],[0,-4],[-8,-6],[-27,0],[-9,7],[0,18],[-7,0],[-1,53],[-10,0],[-1,42],[8,6],[45,1],[8,-7],[7,0],[0,33],[-3,0],[0,15],[80,1],[0,-16],[-4,0],[1,-48],[12,0],[-1,-64],[3,0],[0,-14],[-13,0],[0,-49],[4,0],[0,-15],[-30,0],[0,-4],[-19,0]],[[46787,68471],[-8,186],[70,2],[3,-67],[61,2],[3,-54],[-60,-1],[2,-66],[-71,-2]],[[53054,30868],[0,7],[3,3],[13,0],[-3,57],[84,0],[4,-55],[433,9],[1,-44],[12,0],[-2,-10],[2,-12],[8,-11],[-20,-5],[-13,-1],[-5,3],[-412,-9],[-3,23],[-99,-1],[7,33],[-7,0],[-3,13]],[[57621,66222],[0,25],[2,0],[-3,105],[-3,0],[0,24],[17,1],[0,8],[30,0],[3,-2],[0,-5],[62,1],[0,5],[3,2],[22,0],[0,-7],[27,0],[1,-25],[-3,0],[3,-105],[4,0],[0,-24],[-165,-3]],[[52842,80770],[0,66],[-22,0],[0,46],[19,0],[-1,73],[72,0],[1,-64],[61,0],[0,-54],[-58,0],[1,-66],[-73,-1]],[[50741,63192],[-1,38],[-33,0],[1,-15],[-13,0],[0,-15],[-64,-2],[0,17],[-13,0],[0,12],[-27,0],[1,-25],[-28,0],[0,-3],[-10,0],[0,3],[-29,-1],[-4,125],[26,0],[0,3],[10,0],[0,-2],[92,1],[0,4],[20,0],[0,-4],[93,2],[0,3],[10,1],[0,-3],[25,0],[3,-102],[-3,0],[1,-36],[-57,-1]],[[46461,72123],[0,12],[-37,-1],[-5,-5],[-6,-1],[-5,6],[-28,-1],[-2,59],[-6,5],[0,6],[6,3],[-2,62],[-7,3],[0,7],[7,4],[-3,73],[27,1],[6,6],[12,0],[5,-5],[26,1],[2,-53],[-4,0],[1,-24],[35,1],[1,-43],[-36,0],[1,-32],[30,1],[1,-20],[5,0],[1,-39],[-5,0],[1,-25],[-21,-1]],[[88511,31994],[0,5],[-44,-1],[-2,52],[11,0],[-1,9],[-9,0],[-5,134],[8,0],[-1,9],[-85,-2],[-1,32],[16,0],[-1,19],[103,3],[0,4],[43,2],[3,-74],[-4,0],[0,-4],[-3,-5],[-7,0],[4,-101],[5,1],[4,-4],[2,-11],[3,0],[3,-67],[-42,-1]],[[63190,26750],[-30,-1],[-1,40],[30,0],[-1,9],[11,0],[-1,37],[-29,-1],[0,17],[4,0],[-1,57],[-12,0],[0,28],[36,0],[0,-1],[71,1],[2,-47],[-62,-1],[0,-21],[52,0],[1,-42],[-40,-1],[1,-46],[27,1],[0,11],[25,1],[1,-39],[-16,0],[0,-4],[-68,0],[0,2]],[[63180,26949],[-29,-1],[-2,80],[147,2],[2,-87],[-40,0],[0,6],[-64,-1],[0,-8],[-13,-1],[-1,10]],[[61139,55906],[75,1],[0,-20],[339,5],[2,-80],[-70,-3],[-1,21],[-12,-1],[2,-3],[-247,-3],[-2,5],[-6,1],[0,-4],[-3,0],[1,-19],[-72,-1],[-6,101]],[[48659,72650],[-1,28],[-4,0],[-3,109],[2,0],[-1,28],[72,1],[0,-14],[31,0],[1,-27],[37,1],[0,-22],[18,0],[0,-7],[5,0],[1,-24],[-5,0],[1,-6],[-18,0],[1,-22],[-37,-1],[0,-27],[-29,0],[0,-16],[-71,-1]],[[48128,41647],[15,0],[-5,133],[-14,-1],[-3,67],[43,1],[0,-5],[134,3],[0,-22],[-16,0],[1,-30],[-84,-2],[0,-7],[9,0],[6,-136],[-10,-1],[1,-8],[11,1],[2,-52],[-46,-2],[0,-4],[-41,0],[-3,65]],[[48258,41735],[54,1],[1,-37],[-54,-1],[-1,37]],[[61355,33544],[53,1],[0,-11],[13,0],[1,-13],[-12,-1],[0,-12],[-53,-1],[-2,37]],[[61464,33402],[-74,-1],[-1,51],[73,2],[-8,208],[88,2],[0,-9],[16,1],[1,-23],[-35,-1],[8,-207],[18,0],[1,-31],[-87,-2],[0,10]],[[58166,35923],[-21,4],[-2,-2],[-11,7],[2,2],[-2,1],[-6,12],[-20,0],[1,-13],[-44,-2],[0,-6],[-40,-1],[-3,66],[14,0],[0,22],[-2,37],[-4,2],[-1,10],[4,5],[-2,46],[-9,4],[-5,7],[-2,66],[41,1],[0,-6],[45,1],[1,-50],[-10,0],[0,-9],[8,0],[4,-135],[-8,0],[0,-10],[11,0],[1,-7],[16,1],[0,10],[46,1],[-1,27],[51,1],[2,-72],[-20,-1],[1,-24],[-34,-1],[-1,6]],[[58149,36079],[53,1],[1,-37],[-54,0],[0,36]],[[81279,30912],[0,6],[-8,0],[-2,33],[10,0],[0,18],[-4,0],[-4,95],[105,3],[1,-21],[-22,0],[0,7],[-10,0],[0,-17],[9,0],[0,8],[28,1],[2,-51],[-6,0],[1,-23],[52,1],[-1,24],[-3,0],[-1,47],[69,2],[3,-83],[-7,0],[1,-20],[-93,-2],[-1,4],[-22,0],[1,-30],[-98,-2]],[[63143,39587],[-3,97],[23,1],[1,-19],[5,0],[0,17],[30,1],[6,4],[9,0],[4,-4],[30,1],[4,-84],[-10,0],[0,-11],[23,0],[3,-78],[-24,0],[0,-12],[-95,-2],[-4,82],[-2,0],[0,7]],[[49728,65199],[-104,0],[-4,78],[28,1],[-1,9],[86,2],[1,-30],[-5,0],[1,-31],[5,0],[1,-28],[-8,-1]],[[42124,64809],[0,4],[-30,0],[0,18],[11,1],[0,5],[-29,0],[0,18],[-17,-1],[-1,15],[17,0],[0,17],[46,1],[0,4],[71,1],[0,-5],[57,1],[0,5],[85,1],[0,6],[57,0],[3,-80],[-55,0],[-1,7],[-14,0],[0,10],[-34,0],[-6,-3],[-21,0],[-4,4],[-38,0],[1,-23],[-39,-1],[1,-5],[-60,0]],[[54938,43620],[-3,71],[-15,-1],[1,-22],[-13,-12],[-6,0],[1,-4],[-12,0],[-1,4],[-6,0],[-16,11],[0,11],[-6,0],[0,5],[-18,0],[-3,64],[24,1],[-1,15],[4,1],[-1,15],[41,1],[1,-16],[9,1],[1,-23],[15,1],[-4,71],[109,3],[1,-25],[-36,-1],[2,-57],[9,0],[1,-31],[-10,0],[3,-56],[37,1],[1,-25],[-109,-3]],[[96542,25436],[-1,46],[23,0],[0,16],[6,1],[-6,195],[-6,0],[0,14],[-24,0],[0,47],[103,2],[10,-318],[-105,-3]],[[65460,87418],[-22,0],[0,12],[-39,-1],[-2,45],[38,1],[0,7],[23,1],[-2,38],[68,2],[0,-11],[-5,0],[6,-115],[3,0],[1,-11],[-4,0],[1,-24],[-2,-1],[1,-2],[12,1],[5,-80],[-141,-2],[-4,113],[55,0],[0,-44],[6,-1],[0,15],[4,0],[-2,57]],[[88043,26633],[0,4],[-104,-2],[-1,20],[-13,0],[-1,32],[85,1],[0,9],[-11,-1],[-4,136],[10,0],[0,9],[-13,-1],[-2,52],[31,1],[1,2],[8,0],[0,3],[48,1],[2,-66],[-11,0],[1,-12],[-2,0],[1,-44],[5,0],[0,-22],[-5,0],[2,-44],[2,0],[0,-11],[10,0],[2,-67],[-41,0]],[[63866,64768],[-1,8],[-23,0],[-1,51],[-6,0],[-1,18],[6,0],[0,23],[-21,0],[0,18],[17,1],[-1,22],[9,0],[0,14],[-10,0],[-1,34],[-5,0],[-1,11],[5,0],[-1,15],[36,1],[-1,9],[47,1],[0,-19],[30,1],[4,-99],[-53,-1],[1,-21],[39,1],[2,-45],[3,0],[1,-31],[-23,0],[0,-3],[-28,-1],[1,-8],[-24,0]],[[61210,29506],[-1,24],[6,0],[14,12],[-2,52],[31,25],[94,2],[0,7],[11,0],[0,-7],[11,-8],[19,1],[0,-8],[-19,0],[3,-97],[-167,-3]],[[80682,39943],[-8,0],[-7,6],[-27,-1],[-1,31],[-4,0],[-2,67],[2,0],[-1,31],[3,0],[-2,52],[-15,-1],[-2,50],[95,2],[1,-47],[3,0],[0,-9],[-5,-1],[6,-56],[34,1],[0,-17],[5,0],[2,-69],[-7,0],[1,-22],[-26,-1],[0,5],[-7,0],[1,-15],[-32,-1],[-7,-5]],[[37314,72900],[-17,365],[48,1],[17,-365],[-48,-1]],[[55286,87244],[-31,-1],[0,4],[-115,-3],[-2,47],[144,3],[4,-50]],[[86882,29048],[0,3],[-53,-1],[-10,277],[127,3],[9,-277],[-52,-1],[0,-3],[-21,-1]],[[87655,30023],[-13,0],[0,4],[-22,0],[0,-1],[-58,-2],[-3,82],[104,2],[1,-19],[-8,0],[0,-1],[-33,-1],[0,-5],[-8,0],[1,-26],[26,0],[0,7],[12,0],[1,-40]],[[63024,42905],[-2,56],[40,0],[0,24],[-10,0],[-1,14],[-30,-1],[-4,88],[35,0],[-1,16],[33,1],[0,8],[17,1],[1,-9],[31,1],[1,-27],[-5,0],[2,-40],[6,0],[1,-24],[-6,-1],[4,-105],[-112,-2]],[[74070,15300],[1,-84],[-29,0],[2,-66],[-378,-6],[0,-38],[-63,-1],[-4,138],[-31,1],[0,44],[90,3],[0,-21],[353,7],[-1,22],[60,1]],[[66891,59305],[0,6],[-51,0],[-1,68],[51,1],[0,-23],[91,1],[-1,53],[-73,0],[0,-10],[-57,0],[-1,53],[22,0],[-1,20],[35,1],[0,-10],[31,1],[5,3],[6,0],[4,-3],[39,1],[0,4],[34,1],[0,-24],[9,0],[-1,-33],[-10,0],[1,-56],[3,0],[1,-27],[-26,0],[0,-26],[-110,-1]],[[44782,32459],[-3,-79],[-210,3],[9,-97],[-135,-1],[2,102],[-30,3],[1,48],[46,-2],[22,13],[298,10]],[[69061,78231],[0,87],[29,1],[0,2],[21,0],[0,-3],[32,1],[1,-23],[5,0],[2,-47],[-5,0],[1,-24],[-33,-1],[0,-2],[-14,0],[0,2],[-35,-1],[-3,3],[-1,5]],[[51968,86163],[7,0],[-5,58],[57,0],[1,-7],[42,1],[10,-296],[-85,0],[0,-4],[-16,-3],[-11,251]],[[24453,91973],[-102,2],[1,29],[38,0],[2,99],[-10,1],[1,31],[74,-2],[-4,-160]],[[63825,32779],[7,-256],[-4,0],[0,-55],[-57,0],[-2,26],[-40,-1],[-14,279],[37,0],[0,-3],[52,3],[0,2],[21,5]],[[67233,33627],[64,1],[1,-33],[7,0],[3,-51],[-8,0],[2,-35],[-22,0],[1,-10],[-18,0],[0,8],[-25,-1],[0,15],[-30,-1],[-4,93],[24,1],[0,-10],[6,0],[-1,23]],[[48322,77786],[-140,-157],[-88,50],[139,168],[89,-61]],[[75809,9798],[-2,53],[55,1],[-2,46],[109,2],[1,-35],[-4,0],[2,-64],[-159,-3]],[[35367,84378],[-9,270],[86,2],[1,-32],[-16,0],[7,-207],[18,0],[1,-31],[-88,-2]],[[51984,46850],[-107,-5],[-1,59],[-45,2],[-5,201],[74,-4],[0,-151],[83,-5],[1,-97]],[[72252,7455],[73,2],[3,-63],[-3,0],[3,-70],[-27,-1],[0,-2],[-17,-1],[0,4],[-26,0],[-6,131]],[[69462,23957],[-4,103],[120,2],[5,-102],[-121,-3]],[[69503,24000],[37,2],[-2,28],[-37,-1],[2,-29]],[[62323,96314],[-2,55],[7,0],[-1,5],[-2,0],[-1,34],[2,0],[-1,12],[8,1],[-1,4],[-13,0],[-2,30],[3,0],[-1,22],[-4,0],[-1,30],[15,0],[0,4],[-7,0],[-1,13],[-3,0],[-2,33],[39,1],[-1,9],[37,1],[2,-52],[-12,0],[0,-7],[-14,0],[0,-12],[32,1],[0,3],[29,1],[0,11],[24,1],[0,14],[60,1],[3,-76],[16,0],[2,-44],[-22,0],[0,-3],[-34,-1],[0,1],[-20,0],[-1,29],[-55,-1],[0,4],[-31,-1],[1,-18],[27,0],[4,-103],[-79,-2]],[[42784,42364],[0,8],[-18,0],[-1,31],[-104,-2],[-1,38],[60,2],[0,11],[2,0],[-3,69],[-5,0],[0,10],[-2,0],[-1,11],[3,0],[-1,9],[4,0],[-5,142],[-7,0],[-1,17],[79,2],[1,-20],[-8,0],[3,-70],[6,0],[0,-11],[-6,0],[3,-70],[7,0],[0,-20],[-7,0],[3,-69],[8,1],[0,-11],[-2,-1],[45,-53],[-16,-8],[6,-7],[-27,-7],[-15,-2]],[[62680,95076],[40,1],[9,-210],[-69,-1],[-2,57],[-11,0],[-2,57],[11,0],[-4,95],[28,1]],[[78914,33766],[-3,72],[4,0],[-1,12],[13,0],[-1,29],[4,0],[-2,62],[-3,0],[-2,30],[18,0],[-1,10],[38,1],[1,-11],[17,1],[0,-12],[28,1],[4,-96],[-29,-1],[0,-13],[-16,-1],[0,-10],[107,2],[2,-54],[-107,-2],[1,-18],[-72,-2]],[[37410,61201],[3,-116],[27,2],[0,21],[166,-3],[-3,-31],[-13,0],[1,-24],[-265,-6],[0,6],[-21,0],[-2,14],[-21,-1],[-5,79],[61,2],[-1,8],[-51,0],[-2,46],[126,3]],[[63670,80704],[-7,0],[-5,5],[-1,5],[3,2],[-1,18],[-41,-1],[-3,45],[-4,0],[-1,3],[-18,-1],[-6,147],[20,1],[0,2],[21,1],[1,-13],[18,0],[5,-127],[-18,-1],[-1,-12],[-5,0],[1,-36],[32,1],[-1,17],[-3,3],[0,5],[6,4],[0,20],[121,3],[3,-2],[2,-28],[-3,-2],[1,-17],[20,0],[-2,49],[47,0],[1,-22],[34,0],[0,-25],[5,0],[0,-13],[-4,0],[1,-21],[-82,-1],[0,3],[-10,0],[1,-9],[-18,0],[-4,2],[-20,0],[0,-3],[-60,-1],[0,2],[-21,0],[-4,-3]],[[46162,68718],[-4,88],[-15,0],[-2,67],[15,0],[-5,110],[78,2],[11,-265],[-78,-2]],[[39467,86167],[-1,25],[-3,0],[-6,124],[3,0],[-1,24],[65,2],[0,-2],[117,3],[1,-30],[-61,-2],[1,-7],[-10,0],[1,-21],[23,0],[2,-53],[-29,-1],[0,5],[-37,-1],[1,-12],[42,1],[1,-20],[-44,-1],[1,-32],[-66,-2]],[[49792,59024],[-2,41],[-3,0],[-2,72],[3,0],[0,20],[-9,0],[0,-9],[-40,-1],[-2,55],[16,0],[0,2],[34,1],[0,-3],[16,1],[0,-23],[115,3],[-1,22],[17,0],[0,3],[33,0],[0,-2],[17,0],[2,-54],[-40,-1],[-1,9],[-8,0],[0,-20],[3,0],[3,-72],[-3,0],[1,-41],[-36,-1],[-1,4],[-76,-2],[0,-3],[-36,-1]],[[41313,62860],[-2,37],[-2,-1],[0,7],[-15,0],[-1,22],[-15,0],[-1,24],[12,1],[-1,27],[18,0],[0,7],[23,0],[-7,137],[28,1],[1,-3],[11,1],[0,2],[49,2],[3,-46],[-24,0],[2,-44],[6,0],[7,-171],[-92,-3]],[[71030,22960],[-1,40],[-17,-1],[-3,101],[22,0],[-1,47],[16,0],[-2,68],[27,0],[0,-2],[11,0],[0,3],[27,0],[3,-101],[16,0],[2,-63],[-32,0],[2,-91],[-70,-1]],[[55621,75228],[-1,10],[-31,-1],[-1,27],[5,0],[-2,65],[-4,0],[-3,93],[-3,0],[0,13],[6,0],[-1,48],[-6,0],[0,13],[49,1],[0,-12],[27,0],[2,-48],[6,0],[2,-76],[9,0],[-2,69],[19,0],[1,-24],[7,0],[1,-56],[-5,0],[2,-52],[-13,-1],[2,-59],[-7,0],[0,-9],[-33,0],[0,8],[-8,0],[0,-9],[-18,0]],[[49832,50328],[-7,186],[71,1],[2,-64],[3,-2],[58,1],[2,-53],[-58,-1],[-2,-2],[2,-64],[-71,-2]],[[61960,42184],[-3,131],[35,0],[0,14],[-30,-1],[-2,106],[57,1],[0,13],[16,0],[-1,18],[35,0],[3,-102],[-32,-1],[0,-11],[32,1],[1,-21],[-49,-1],[0,-8],[-12,0],[1,-7],[38,1],[0,-11],[23,0],[1,-45],[-40,-1],[1,-75],[-74,-1]],[[40662,62239],[0,8],[14,0],[0,9],[29,0],[0,-4],[27,0],[0,2],[56,-1],[0,3],[15,0],[0,-13],[7,0],[3,-2],[0,-25],[-2,-2],[-7,0],[1,-13],[-14,-1],[0,4],[-85,-2],[0,-4],[-28,-1],[-2,43],[-14,-1]],[[65636,25678],[0,3],[-15,0],[0,2],[-118,-3],[-1,21],[16,0],[-2,30],[85,2],[0,9],[-9,0],[-6,134],[10,0],[-1,10],[-11,0],[-3,51],[29,0],[0,16],[-67,-2],[-3,72],[40,0],[-3,77],[74,1],[5,-129],[-32,-1],[2,-28],[41,0],[3,-65],[-11,0],[0,-12],[-2,0],[4,-110],[2,-12],[11,1],[3,-66],[-41,-1]],[[77442,48587],[-6,162],[213,4],[1,-28],[50,1],[5,-134],[-263,-5]],[[77491,48626],[114,2],[-3,86],[-113,-2],[2,-86]],[[37537,63113],[6,-55],[-191,-12],[-6,-68],[-7,1],[0,-24],[-62,-1],[0,-28],[-75,3],[-2,19],[-18,-1],[-5,154],[18,0],[6,-7],[1,11],[10,0],[0,-4],[12,2],[-1,6],[314,4]],[[29202,75371],[0,31],[14,0],[0,14],[3,0],[-6,180],[-6,-1],[0,6],[3,0],[0,8],[-17,0],[-1,32],[87,2],[0,-12],[61,2],[1,-20],[4,0],[0,-11],[-4,0],[1,-20],[-87,-2],[0,-6],[27,1],[5,-135],[-26,0],[0,-7],[27,1],[2,-61],[-88,-2]],[[46080,66994],[-1,4],[-14,-1],[-4,74],[133,4],[-2,39],[-28,-1],[-2,27],[-102,-3],[-3,48],[15,1],[0,2],[118,4],[1,-4],[176,6],[4,-70],[9,1],[3,-53],[-12,-1],[5,-69],[-75,-3],[-1,4],[-220,-9]],[[51208,57142],[-3,47],[56,1],[0,-9],[30,1],[-1,20],[-60,-2],[-3,73],[-4,0],[-1,8],[120,2],[6,-138],[-140,-3]],[[79359,21331],[-3,94],[60,1],[1,-40],[33,1],[0,-3],[10,0],[-2,39],[58,1],[-1,17],[-10,-1],[-3,63],[105,2],[1,-16],[8,0],[1,-17],[-11,0],[1,-16],[8,0],[4,-119],[-260,-6]],[[39026,80081],[-3,0],[-4,104],[4,0],[-1,29],[65,1],[0,-13],[35,0],[0,-27],[37,1],[1,-22],[16,0],[0,-6],[3,0],[1,-23],[-3,0],[0,-7],[-17,0],[0,-21],[-37,-1],[1,-28],[-33,-1],[1,-12],[-65,-1],[-1,27]],[[39294,80119],[128,3],[-4,89],[77,2],[6,-133],[-205,-5],[-2,44]],[[62296,87512],[0,4],[-28,0],[-3,81],[-6,0],[-1,20],[41,1],[-2,40],[70,2],[-1,14],[-6,4],[-1,22],[40,1],[3,-81],[8,1],[0,-22],[-8,0],[4,-80],[-27,-1],[0,-4],[-19,0],[0,3],[-45,-1],[0,-3],[-19,-1]],[[62490,92418],[-5,155],[74,1],[3,-125],[38,1],[0,24],[-7,0],[-1,28],[81,1],[0,-20],[-45,-2],[0,-6],[51,1],[-1,27],[101,2],[1,-13],[57,2],[0,7],[39,1],[3,-76],[-39,-1],[0,20],[-9,0],[0,8],[8,0],[-1,25],[-22,0],[1,-55],[-214,-3],[-1,19],[-39,-1],[1,-19],[-74,-1]],[[61418,16567],[72,2],[4,-106],[-72,-1],[-4,105]],[[61332,16508],[-4,93],[-5,4],[0,12],[4,4],[-4,94],[-17,-1],[-1,32],[88,2],[2,-62],[-27,-1],[1,-6],[26,1],[6,-134],[-27,-1],[0,-7],[27,1],[2,-61],[-86,-2],[-2,31],[17,1]],[[61500,16633],[2,-36],[-54,-2],[-1,37],[53,1]],[[66879,21793],[0,5],[-5,0],[-1,21],[5,0],[0,8],[15,0],[1,-5],[5,0],[0,-10],[8,0],[0,8],[53,2],[1,-26],[-67,-2],[0,-1],[-15,0]],[[62108,83287],[0,5],[-45,-1],[-2,39],[25,1],[-1,9],[10,0],[-1,19],[-4,0],[0,-4],[-65,-2],[0,-4],[-29,0],[-5,146],[23,1],[0,5],[23,0],[0,-5],[27,1],[0,-15],[37,0],[0,5],[39,1],[8,-200],[-40,-1]],[[49494,74925],[38,1],[0,12],[-20,0],[-2,72],[35,0],[0,-8],[123,2],[0,11],[41,1],[2,-72],[19,0],[0,-20],[-8,0],[0,-9],[5,1],[2,-41],[-233,-5],[-2,55]],[[49516,75051],[74,0],[0,-30],[-74,0],[0,30]],[[41598,59848],[-1,23],[7,0],[-1,6],[-28,-1],[-3,54],[25,1],[0,6],[-2,0],[0,3],[-83,-3],[1,-22],[-61,-1],[-2,43],[3,0],[0,7],[-3,0],[-1,21],[135,4],[1,-16],[14,0],[-1,18],[79,2],[0,2],[29,1],[7,-145],[-115,-3]],[[72874,37813],[-2,47],[8,0],[0,11],[16,1],[0,14],[-134,-3],[1,-15],[-14,0],[1,-4],[-41,0],[-2,63],[39,1],[0,6],[14,0],[0,-2],[121,2],[0,3],[14,0],[0,-3],[32,1],[0,-17],[9,0],[4,-103],[-66,-2]],[[65839,55206],[-1,12],[-145,-4],[-5,102],[145,4],[0,10],[87,2],[6,-124],[-87,-2]],[[36040,76323],[-2,76],[-20,-1],[0,11],[-4,0],[-10,342],[101,1],[3,-88],[-40,-1],[0,-5],[-4,-1],[2,-63],[-24,-1],[1,-9],[68,1],[2,-49],[-44,0],[2,-77],[46,1],[1,-49],[-3,0],[1,-11],[-18,-1],[2,-75],[-60,-1]],[[36033,76671],[36,1],[-2,47],[-36,0],[2,-48]],[[54760,91763],[0,11],[-104,-3],[-2,51],[131,3],[-1,7],[-26,-1],[-6,134],[27,1],[0,7],[-28,-1],[-1,21],[-117,-2],[-6,162],[74,2],[6,-155],[43,1],[-2,32],[88,2],[1,-32],[-15,0],[8,-207],[17,0],[1,-31],[-88,-2]],[[53194,73301],[-1,5],[-85,-1],[-1,22],[-4,0],[0,11],[-32,0],[-1,50],[236,3],[0,-5],[19,0],[5,-3],[1,-13],[42,0],[2,-66],[-32,-1],[0,7],[-118,-2],[0,-6],[-31,-1]],[[51925,38577],[-324,-6],[-5,62],[267,1],[-5,77],[135,6],[7,-69],[-78,-3],[3,-68]],[[51869,68792],[0,5],[-195,-4],[-1,49],[33,1],[1,-8],[12,0],[-2,38],[140,2],[0,6],[140,3],[0,-11],[-3,-7],[29,0],[-1,2],[68,2],[0,-3],[26,1],[2,-63],[-31,0],[0,-2],[-91,-1],[-4,4],[-4,-5],[-14,0],[0,-2],[-67,-1],[0,-5],[-38,-1]],[[67170,31065],[-2,57],[86,2],[-11,45],[-11,0],[-3,56],[99,3],[-5,126],[58,2],[0,-9],[6,0],[6,-144],[-10,-1],[2,-61],[-43,-1],[-1,32],[-90,-2],[13,-46],[24,0],[0,12],[113,3],[2,-68],[-233,-6]],[[34473,75811],[-29,0],[-7,148],[16,1],[-3,87],[88,2],[2,-46],[-28,-1],[8,-190],[-30,-1],[-17,0]],[[34308,75986],[16,0],[-6,195],[-1,0],[-1,12],[-16,0],[-1,32],[86,1],[0,-11],[61,2],[1,-20],[4,0],[0,-11],[-4,0],[1,-20],[-86,-2],[0,-6],[27,1],[4,-136],[-26,0],[0,-6],[27,1],[2,-62],[-87,-2],[-1,32]],[[63307,55368],[-2,54],[161,3],[0,3],[32,0],[1,-33],[-16,0],[1,-20],[-61,-1],[0,-5],[-22,-1],[-1,26],[-15,0],[-2,-3],[-26,-1],[0,-21],[-50,-1]],[[48603,71444],[39,1],[0,-1],[168,4],[-1,1],[21,0],[1,-15],[-2,0],[6,-143],[2,0],[1,-15],[-21,-1],[0,2],[-169,-4],[0,-2],[-38,-1],[-7,174]],[[71899,34577],[-1,39],[44,1],[-2,33],[51,1],[-5,148],[72,1],[6,-150],[8,0],[2,-70],[-175,-3]],[[96016,22464],[-1,21],[7,1],[-7,169],[5,1],[0,8],[23,1],[1,12],[-40,-1],[-2,66],[24,1],[-2,42],[-42,-1],[0,12],[42,1],[-1,22],[89,2],[1,-19],[-9,0],[1,-12],[-12,-1],[1,-20],[5,0],[1,-22],[-5,0],[1,-22],[10,0],[1,-13],[31,1],[2,-45],[-67,-1],[0,-10],[7,0],[4,-78],[6,0],[2,-35],[-6,0],[4,-78],[-74,-2]],[[63370,89237],[-27,0],[0,14],[14,0],[0,12],[-34,0],[1,26],[-39,1],[0,21],[-18,0],[1,5],[-5,0],[0,25],[3,0],[0,7],[16,0],[0,22],[36,0],[1,28],[29,0],[1,15],[70,0],[-1,-27],[5,0],[-1,-31],[38,0],[-1,-49],[-34,0],[-2,-56],[-53,1],[0,-14]],[[79438,29896],[-1,38],[45,1],[-1,33],[51,1],[-3,102],[70,2],[4,-113],[9,0],[2,-61],[-176,-3]],[[40423,68789],[1,-23],[-14,0],[1,-23],[-87,-1],[0,30],[16,0],[-6,208],[-17,0],[-1,31],[87,1],[6,-202],[-27,0],[1,-7],[26,1],[0,-15],[14,0]],[[76154,48458],[-5,182],[119,2],[6,-182],[-120,-2]],[[58482,92529],[-2,32],[16,0],[-6,115],[-17,0],[-1,30],[84,3],[4,-73],[43,1],[2,-29],[-42,-2],[1,-21],[22,0],[0,9],[72,2],[3,-51],[-105,-3],[1,-10],[-75,-3]],[[57595,39821],[54,1],[1,-37],[-54,-1],[-1,37]],[[57703,39680],[-72,-1],[-2,51],[100,3],[0,6],[-28,-1],[-5,134],[26,1],[0,6],[-27,-1],[-1,19],[-25,-1],[2,-44],[-121,-3],[-2,49],[30,0],[-7,176],[48,2],[0,-2],[30,1],[5,-102],[-3,0],[2,-41],[29,1],[1,-22],[11,0],[-1,29],[87,2],[2,-31],[-17,0],[9,-208],[16,1],[1,-33],[-88,-2],[0,11]],[[57396,31643],[2,-52],[-17,0],[0,2],[-60,-2],[0,-11],[-75,-1],[-1,31],[16,0],[0,13],[2,0],[-3,89],[-2,0],[-1,13],[-16,0],[-1,30],[85,2],[1,-29],[2,0],[1,-13],[-2,0],[3,-82],[25,1],[-1,8],[42,1]],[[57755,61346],[-3,90],[-7,0],[-1,43],[7,0],[-1,31],[-6,0],[0,10],[-3,0],[-3,94],[5,0],[-1,42],[30,0],[0,6],[122,2],[1,-59],[-50,-2],[1,-5],[-12,0],[-1,5],[-30,0],[2,-70],[-27,0],[1,-22],[136,2],[2,-58],[-8,-1],[0,-16],[-43,0],[0,-10],[-47,-1],[2,-80],[-66,-1]],[[55559,70412],[-7,0],[-5,5],[-1,5],[6,6],[7,0],[-4,95],[-6,0],[-6,4],[-1,6],[5,5],[7,0],[-1,25],[71,1],[3,-66],[5,-4],[39,0],[-1,7],[37,1],[2,-49],[-39,-1],[0,7],[-36,-1],[-6,-3],[3,-67],[-71,-1],[-1,25]],[[55628,70742],[0,-44],[4,0],[0,-3],[-4,0],[1,-19],[3,0],[3,-89],[-82,-2],[0,89],[2,0],[-1,20],[-47,0],[-2,46],[123,2]],[[74682,39998],[-2,47],[-31,-1],[-7,236],[31,0],[-2,47],[185,4],[4,-94],[-124,-3],[5,-140],[124,2],[3,-94],[-186,-4]],[[52597,55947],[67,2],[1,-9],[3,0],[4,-111],[-45,-1],[0,-4],[-27,-1],[0,5],[-3,0],[-2,62],[-8,0],[0,32],[7,0],[-1,16],[5,0],[-1,9]],[[92656,28474],[57,1],[5,-190],[16,0],[1,-31],[-87,-1],[0,7],[-124,-3],[-1,50],[21,0],[-2,57],[75,2],[1,-60],[27,1],[0,9],[27,0],[-1,11],[-25,-1],[-2,69],[14,0],[0,22],[-16,0],[-2,56],[16,1]],[[54675,46200],[-1,27],[-17,-1],[-2,40],[26,0],[0,-6],[103,3],[-2,55],[57,1],[3,-54],[61,2],[0,4],[28,1],[3,-65],[-36,-1],[-8,7],[-191,-5],[1,-8],[-25,0]],[[48238,83886],[-2,60],[3,0],[-3,78],[-3,0],[-1,40],[-5,0],[0,-11],[-32,0],[0,-8],[-11,0],[-3,77],[22,1],[0,-13],[21,0],[1,-18],[6,0],[-2,37],[4,0],[-2,55],[-1,23],[-3,0],[-2,60],[70,2],[2,-61],[-2,0],[2,-62],[33,0],[0,-28],[54,1],[0,1],[20,1],[0,-3],[15,1],[2,-77],[-23,0],[1,-37],[-47,-1],[0,9],[-18,0],[0,-2],[-22,-1],[2,-62],[-7,0],[3,-60],[-72,-2]],[[61155,57744],[-1,13],[-4,0],[0,23],[-71,-2],[0,8],[-6,0],[-1,19],[7,0],[0,8],[69,2],[0,23],[3,0],[-1,11],[-51,-1],[-1,19],[-12,0],[0,24],[-11,0],[-2,2],[0,10],[4,2],[7,1],[-1,23],[132,2],[1,-18],[14,0],[1,-25],[-14,0],[1,-18],[-9,0],[1,-32],[9,0],[0,-27],[17,0],[1,-25],[-17,0],[1,-38],[-8,-1],[0,-1],[-58,-2]],[[58517,96586],[-1,15],[-12,-1],[-3,30],[-21,-1],[3,-30],[-71,-4],[-1,12],[-31,-2],[-3,30],[-36,-2],[-2,21],[-17,0],[-3,35],[18,2],[-2,22],[37,2],[-3,27],[32,1],[-1,14],[70,4],[5,-51],[32,2],[5,-43],[12,0],[-1,10],[23,1],[9,-92],[-38,-2]],[[72956,31429],[-1,31],[-5,0],[-4,151],[116,2],[1,-29],[-52,-1],[3,-112],[21,0],[0,-9],[4,0],[1,-31],[-84,-2]],[[61893,99330],[-64,1],[0,23],[-4,0],[-1,79],[4,0],[-1,30],[4,0],[0,10],[39,0],[0,2],[59,1],[0,-3],[36,0],[1,-12],[3,0],[0,-28],[4,0],[0,-78],[-4,0],[0,-28],[-26,0],[0,4],[-49,0],[-1,-1]],[[49847,56578],[-6,145],[9,0],[0,15],[19,0],[-1,24],[2,0],[-4,105],[-3,0],[-1,24],[165,4],[1,-25],[-2,0],[4,-104],[3,0],[1,-26],[-27,0],[1,-8],[-27,-1],[1,-18],[-70,-3],[0,-7],[2,0],[5,-124],[-72,-1]],[[53726,82490],[-4,89],[56,1],[2,-34],[91,3],[0,9],[40,1],[0,-8],[47,1],[2,-56],[-162,-4],[0,3],[-14,0],[-1,-3],[-57,-2]],[[47912,86050],[-1,10],[-91,-2],[-1,53],[31,0],[1,-20],[33,1],[-1,32],[-42,-1],[-2,29],[43,1],[-1,22],[-28,-1],[0,-11],[-32,0],[-1,53],[60,1],[0,10],[85,2],[1,-31],[-17,0],[4,-116],[17,1],[1,-32],[-59,-1]],[[40811,59519],[-2,51],[-26,0],[0,-5],[-91,-1],[-4,127],[91,2],[0,-5],[56,2],[-1,39],[88,2],[1,-40],[55,2],[0,4],[90,1],[4,-127],[-90,-2],[0,5],[-27,-1],[1,-23],[17,1],[1,-11],[-6,0],[0,-17],[-11,-1],[-146,-3]],[[40955,59611],[25,0],[1,5],[58,1],[-1,34],[-58,-2],[-1,5],[-26,0],[2,-43]],[[40782,59607],[26,1],[-2,43],[-25,-1],[0,-4],[-58,-2],[1,-33],[58,2],[0,-6]],[[37024,64244],[-1,6],[-23,0],[0,11],[-20,-1],[1,-4],[-23,-1],[0,-6],[-24,-1],[0,6],[-23,0],[-1,23],[-9,-1],[-1,24],[9,0],[-1,23],[23,1],[-1,6],[24,1],[0,-6],[23,0],[-2,36],[-23,-1],[1,-6],[-24,0],[0,6],[-23,-1],[-1,24],[-8,-1],[-1,24],[8,0],[-1,23],[23,1],[0,5],[23,1],[0,-6],[23,1],[-2,36],[-23,-1],[1,-6],[-23,-1],[0,7],[-24,-1],[-1,23],[-8,0],[-1,23],[8,0],[-1,24],[23,0],[0,6],[23,1],[0,-6],[24,0],[0,-5],[20,1],[-1,11],[23,0],[0,7],[22,0],[1,-6],[23,0],[0,-11],[20,1],[0,5],[23,1],[0,6],[22,0],[1,-6],[23,1],[1,-23],[8,0],[1,-23],[-8,0],[1,-23],[-23,-1],[0,-6],[-22,-1],[-1,6],[-23,0],[2,-36],[23,0],[0,6],[23,1],[0,-6],[23,0],[1,-23],[8,0],[1,-23],[-8,0],[1,-23],[-23,-1],[0,-6],[-23,-1],[0,7],[-23,-1],[2,-36],[22,1],[0,5],[24,1],[0,-6],[23,1],[1,-24],[8,1],[1,-23],[-8,-1],[1,-23],[-23,0],[0,-7],[-22,0],[-1,6],[-23,-1],[0,5],[-20,0],[1,-11],[-24,-1],[0,-6],[-22,-1]],[[49074,55784],[-1,25],[-52,-1],[0,-3],[-17,0],[0,2],[-28,0],[1,-7],[-9,0],[0,-5],[-35,-1],[-2,68],[41,1],[0,4],[-50,-1],[0,-5],[-15,0],[-1,47],[14,0],[0,-6],[52,1],[-1,6],[-35,-1],[-1,25],[22,0],[-1,30],[113,2],[-1,26],[84,1],[2,-73],[-41,-1],[0,10],[-65,-1],[2,-81],[67,1],[0,10],[39,1],[2,-73],[-84,-1]],[[42151,72046],[0,10],[-38,0],[0,-5],[-205,-3],[-1,60],[204,3],[2,-20],[37,-1],[-3,119],[71,2],[2,-56],[21,-3],[1,-50],[153,2],[5,-47],[-163,0],[-5,29],[-11,1],[1,-40],[-71,-1]],[[73536,54118],[-61,0],[0,11],[-11,0],[-7,165],[-68,0],[3,-56],[-102,-1],[-2,88],[-4,1],[-3,86],[28,1],[-1,66],[71,2],[6,-81],[-16,0],[1,-70],[18,0],[2,-22],[66,1],[-2,31],[83,-3],[0,-7],[127,10],[2,-62],[-126,-3],[5,-145],[-9,-1],[0,-11]],[[79254,10587],[-5,176],[70,1],[2,-67],[5,-4],[38,1],[0,7],[37,0],[1,-48],[-36,0],[-1,6],[-38,0],[-5,-4],[3,-67],[-71,-1]],[[48449,38079],[34,-1],[1,-41],[-3,0],[0,-5],[-24,-1],[-1,7],[-53,-1],[0,-3],[-45,0],[0,2],[-54,-1],[0,-7],[-25,0],[0,7],[-4,0],[0,15],[3,0],[0,11],[-2,0],[-1,14],[3,2],[75,0],[-1,45],[-10,0],[-1,43],[32,1],[0,-16],[5,1],[0,-4],[31,0],[1,-22],[-8,-1],[1,-46],[46,1]],[[60575,85386],[-1,15],[23,0],[-1,5],[-16,0],[-1,42],[114,3],[0,-14],[6,0],[1,-20],[-6,0],[1,-28],[-5,0],[1,-26],[-8,0],[1,-28],[-5,0],[1,-38],[14,1],[1,-28],[-4,0],[2,-65],[-73,-1],[-3,64],[-7,0],[0,13],[-25,-1],[0,19],[41,1],[-1,22],[-5,0],[0,-1],[-12,0],[0,-2],[-31,-1],[-2,68]],[[41443,76416],[-4,65],[-15,0],[1,-16],[-12,-1],[1,-11],[-28,-1],[-1,12],[-11,0],[-1,17],[-12,0],[0,9],[-12,0],[-3,44],[13,0],[0,10],[11,0],[-1,16],[3,1],[-1,11],[38,1],[1,-12],[12,1],[1,-18],[14,0],[-4,66],[72,2],[4,-70],[10,0],[3,-55],[-13,0],[5,-69],[-71,-2]],[[55932,66909],[-7,4],[0,6],[-13,-1],[0,-3],[-64,-1],[-1,22],[2,0],[0,12],[-2,0],[-1,21],[64,1],[0,2],[14,1],[4,4],[6,0],[3,-3],[104,2],[3,2],[6,0],[4,-4],[1,-5],[-3,-2],[1,-16],[14,1],[0,-2],[19,1],[5,4],[-1,39],[-28,-1],[-2,50],[-8,0],[0,12],[-69,-1],[-2,45],[122,3],[0,-1],[28,0],[1,-14],[-3,0],[2,-72],[4,0],[0,-15],[-4,0],[2,-77],[3,-2],[0,-4],[-4,-4],[-6,0],[-2,2],[-46,-1],[-2,-2],[-6,0],[-4,4],[-1,4],[-8,0],[0,-5],[-5,-4],[-7,1],[-2,2],[-23,-1],[1,-2],[-58,-1],[0,2],[-23,-1],[-2,-2],[-6,0]],[[59588,34643],[0,6],[-77,-2],[-1,26],[76,1],[-1,31],[-66,-1],[1,-20],[-27,0],[-2,39],[-3,0],[-1,15],[28,0],[1,-8],[69,2],[0,5],[35,1],[4,-95],[-36,0]],[[57546,41862],[-21,2],[-8,196],[126,2],[2,-36],[58,2],[6,-163],[-163,-3]],[[53992,90428],[-17,1],[-14,6],[-10,9],[-4,5],[-2,12],[-31,-1],[-4,16],[4,3],[-14,13],[2,1],[-14,13],[2,1],[-12,15],[2,1],[-8,16],[6,4],[0,7],[-9,0],[1,-3],[-40,-1],[0,22],[39,0],[0,-3],[37,0],[-2,94],[-55,-1],[-1,52],[225,2],[-1,10],[223,2],[0,6],[4,0],[0,6],[-12,-1],[0,9],[93,1],[0,-9],[-70,0],[1,-6],[132,2],[2,-101],[-65,0],[1,-11],[-31,0],[0,-10],[-12,0],[1,-33],[-104,-1],[-5,-8],[-8,0],[1,-31],[-193,-2],[1,-79],[-6,-12],[-5,-5],[-13,-8],[-15,-3]],[[53978,90587],[68,1],[-1,72],[-68,0],[0,-16],[18,0],[0,-2],[3,0],[1,-35],[-3,0],[0,-2],[-18,0],[0,-18]],[[54130,90608],[42,0],[-1,56],[-42,-1],[1,-55]],[[77889,40669],[-7,176],[349,8],[7,-176],[-349,-8]],[[78082,40724],[114,3],[-2,74],[-115,-3],[3,-74]],[[77927,40722],[115,1],[-3,75],[-115,-3],[3,-73]],[[65151,57102],[-9,0],[-1,3],[-27,-1],[-2,31],[7,0],[-3,57],[39,1],[1,-20],[40,1],[0,-5],[131,4],[2,-32],[13,0],[0,1],[6,6],[5,-3],[-1,29],[64,2],[1,-28],[2,0],[1,-12],[-3,0],[1,-21],[-40,-2],[0,3],[-34,-1],[-17,-1],[0,-1],[-29,-1],[0,-2],[-17,0],[0,2],[-50,-1],[0,2],[-33,-1],[0,-2],[-38,-1],[0,-6],[-9,-1]],[[32952,71533],[-1,18],[-3,0],[0,13],[17,0],[-5,112],[-17,-1],[0,12],[3,1],[-1,17],[19,1],[-4,94],[313,7],[0,-53],[-214,-5],[0,-38],[11,-1],[1,-22],[-33,0],[0,-11],[-21,-1],[0,-13],[10,1],[0,-10],[68,2],[0,1],[31,1],[0,-15],[56,2],[0,-18],[8,1],[0,-6],[-8,0],[1,-17],[-55,-1],[0,-15],[-26,0],[3,-18],[-60,-7],[0,-8],[-3,-1],[1,-20],[-91,-2]],[[70425,38524],[-1,14],[-6,0],[-1,9],[7,1],[-1,27],[-7,-1],[0,10],[7,1],[-2,38],[-6,-1],[-1,10],[7,0],[0,9],[-7,0],[0,9],[6,1],[-1,38],[-7,0],[0,9],[6,0],[0,27],[-7,0],[-1,10],[7,0],[0,14],[147,3],[1,-14],[6,0],[1,-10],[-6,0],[1,-28],[6,1],[0,-10],[-7,0],[2,-38],[6,0],[0,-8],[14,0],[-1,27],[84,2],[1,-30],[5,0],[0,-4],[-5,0],[1,-29],[-83,-2],[-1,27],[-14,0],[1,-10],[-7,0],[2,-38],[6,0],[1,-10],[-7,0],[1,-27],[6,0],[0,-10],[-6,0],[1,-14],[-148,-3]],[[54644,71048],[-69,-2],[-5,4],[0,6],[4,4],[3,0],[-6,124],[-2,0],[-5,3],[0,7],[5,2],[28,1],[-1,8],[16,1],[1,-10],[31,1],[2,-24],[26,0],[4,-98],[-33,-1],[1,-26]],[[51839,86079],[0,-2],[8,1],[1,-26],[-5,0],[3,-104],[4,0],[1,-23],[-30,-1],[1,-3],[-136,-3],[0,26],[-3,132],[156,3]],[[52648,33491],[-2,61],[-19,0],[-1,27],[83,2],[1,-27],[8,0],[-2,43],[61,1],[0,-16],[41,1],[0,-27],[30,0],[2,-62],[-28,0],[0,7],[-63,-1],[0,-6],[-18,0],[0,4],[-65,-1],[0,-6],[-28,0]],[[55583,33395],[-2,37],[53,1],[2,-37],[-53,-1]],[[45146,74158],[-1,32],[-12,0],[-1,23],[-4,0],[-2,39],[-43,-1],[4,-91],[-67,-2],[-4,104],[-3,0],[-1,14],[29,1],[-1,23],[3,0],[-4,106],[-2,0],[-1,25],[24,0],[0,3],[114,2],[0,-2],[26,0],[1,-24],[-3,0],[4,-105],[3,0],[1,-24],[28,0],[1,-15],[-3,0],[5,-105],[-13,0],[0,1],[-65,-2],[1,-1],[-14,-1]],[[60414,68799],[-1,3],[-10,0],[0,12],[10,0],[-1,12],[13,0],[-2,61],[55,2],[-2,31],[-197,-5],[1,-6],[-93,-3],[-2,46],[93,2],[-1,5],[11,0],[0,3],[187,5],[0,-7],[13,0],[0,-4],[40,1],[1,-37],[-39,-1],[1,-30],[61,2],[3,-61],[13,0],[1,-27],[-155,-4]],[[40465,77426],[0,2],[-99,-2],[-1,46],[1,0],[0,12],[3,0],[-4,90],[-3,0],[-1,35],[3,0],[-3,90],[-4,0],[0,14],[-3,0],[-1,46],[198,3],[1,-45],[-75,-1],[0,-12],[-15,0],[1,-12],[-33,-1],[7,-193],[12,0],[0,9],[139,3],[1,-34],[5,1],[1,-45],[-98,-2],[0,-4],[-32,0]],[[60477,62617],[-1,20],[-1,0],[0,8],[1,0],[-4,103],[26,1],[0,2],[13,0],[0,-2],[25,1],[3,-70],[-12,-1],[1,-12],[128,2],[0,-4],[9,1],[-1,35],[-23,0],[-2,52],[-1,0],[-1,13],[10,0],[0,-4],[82,2],[0,-13],[-1,0],[1,-23],[8,0],[1,-53],[-8,-1],[1,-23],[2,0],[1,-9],[-3,0],[1,-20],[-106,-2],[0,-2],[-43,-1],[0,2],[-106,-2]],[[80742,27962],[-1,45],[43,1],[0,11],[105,2],[-3,85],[5,0],[0,10],[-10,0],[0,-5],[-99,-2],[0,-4],[-43,0],[-1,25],[-3,2],[-1,5],[3,3],[-1,24],[44,0],[0,-2],[99,2],[1,-5],[9,0],[-1,10],[-5,0],[-3,83],[-147,-3],[-5,135],[34,1],[0,-5],[34,1],[2,-57],[-9,0],[1,-15],[60,2],[0,3],[43,1],[0,-3],[73,1],[1,-47],[-16,0],[3,-95],[2,0],[3,-67],[-4,0],[3,-82],[3,0],[0,-11],[18,1],[2,-47],[-108,-2],[0,1],[-131,-2]],[[45489,70063],[-1,28],[119,2],[1,-27],[-119,-3]],[[70477,50798],[-4,118],[-173,-3],[-2,51],[5,0],[-2,59],[104,2],[0,-11],[19,0],[1,-27],[46,1],[-2,58],[7,0],[-1,9],[37,1],[0,-8],[23,0],[2,-69],[13,0],[1,-39],[-12,-1],[5,-140],[-67,-1]],[[49028,81115],[-1,18],[146,3],[3,-137],[-35,-1],[1,-36],[-153,-2],[-1,38],[-38,-1],[-4,130],[63,1],[3,-107],[13,1],[-1,38],[21,0],[0,2],[49,1],[1,-21],[3,0],[0,-19],[17,0],[-2,85],[-85,-1],[0,8]],[[59643,87012],[0,3],[-98,-3],[-2,46],[4,0],[-1,34],[140,3],[1,-8],[11,0],[-9,193],[-47,-1],[-1,22],[-76,-2],[-2,46],[92,2],[0,2],[107,3],[3,-46],[-5,0],[4,-104],[3,0],[1,-35],[-3,0],[5,-104],[4,1],[2,-46],[-99,-3],[0,-2],[-34,-1]],[[52297,89084],[36,6],[0,12],[76,1],[12,2],[42,-99],[-74,-15],[5,-21],[27,2],[3,-109],[49,0],[32,-70],[-30,-5],[5,-17],[-22,-2],[8,-144],[-8,1],[2,-16],[75,0],[5,-96],[-82,-2],[2,-22],[-22,-4],[-7,30],[-111,-4],[0,94],[39,4],[23,15],[-45,135],[42,13],[-15,39],[-20,0],[-5,175],[-42,97]],[[47500,58803],[-5,151],[54,0],[0,5],[204,4],[1,-32],[-3,0],[1,-49],[-135,-3],[-1,28],[-48,-1],[3,-101],[-71,-2]],[[51572,38260],[-1,14],[2,0],[-5,142],[-2,1],[-1,33],[279,6],[6,-176],[2,0],[0,-14],[-19,-1],[0,1],[-244,-5],[0,-1],[-17,0]],[[51637,38292],[144,3],[-3,108],[-145,-3],[4,-108]],[[64040,54422],[-7,167],[210,5],[7,-167],[-210,-5]],[[65779,11111],[7,0],[-4,101],[28,1],[1,-13],[39,1],[2,-64],[12,1],[0,6],[178,4],[0,-7],[11,0],[-2,54],[27,1],[0,5],[14,1],[0,-5],[26,0],[3,-79],[6,0],[1,-31],[-85,-2],[-1,11],[-175,-4],[0,-11],[-87,-1],[-1,31]],[[65926,11225],[47,0],[0,-41],[-46,0],[-1,41]],[[83179,40010],[-20,0],[0,13],[-7,0],[-1,13],[25,1],[-4,118],[-9,-1],[-4,6],[0,10],[21,0],[-1,8],[-85,0],[-3,56],[43,1],[0,40],[59,1],[1,-18],[28,1],[4,-87],[8,0],[6,-146],[-5,0],[1,-31],[-55,-1],[-2,16]],[[55325,97830],[-14,0],[0,3],[-92,1],[0,17],[-26,1],[0,24],[-3,0],[0,10],[4,0],[0,56],[-4,3],[1,9],[3,0],[0,24],[25,0],[0,18],[81,-1],[0,7],[20,0],[-1,-7],[44,-1],[-1,-58],[-81,2],[0,18],[-22,1],[-2,-93],[30,-1],[1,5],[4,0],[0,14],[142,-1],[-1,-49],[-108,1],[0,-3]],[[34021,79969],[0,2],[-26,0],[-1,24],[3,0],[-3,105],[-3,0],[-1,25],[165,3],[1,-25],[-3,0],[3,-104],[3,0],[1,-26],[-27,0],[0,-2],[-112,-2]],[[74754,47794],[-1,31],[-6,0],[0,9],[2,0],[-2,91],[-4,0],[-6,165],[126,3],[1,-38],[-42,-1],[1,-14],[-7,-1],[0,-10],[-10,-1],[6,-192],[21,1],[0,-12],[5,0],[1,-30],[-85,-1]],[[65362,90898],[-61,-2],[0,-5],[-37,-2],[-3,70],[48,2],[0,5],[-49,-1],[-2,44],[48,1],[0,8],[-47,-2],[-3,62],[78,2],[0,2],[20,0],[0,-1],[28,1],[3,-77],[8,1],[2,-31],[-9,0],[3,-76],[-27,-1]],[[68526,54891],[-45,56],[31,14],[-4,5],[-12,-2],[-11,2],[-8,6],[-2,4],[1,9],[2,4],[8,6],[12,2],[-1,5],[-20,0],[-1,37],[15,0],[-1,13],[-16,-1],[-3,91],[76,1],[2,-90],[-28,-1],[1,-12],[63,1],[0,-8],[12,0],[1,-20],[-12,0],[0,-9],[-61,-1],[1,-11],[3,-8],[9,-11],[17,9],[15,-2],[0,-18],[16,0],[-1,-18],[16,-1],[-1,-17],[-24,-12],[-4,4],[-5,-2],[3,-4],[-14,-7],[-3,4],[-5,-3],[3,-4],[-25,-11]],[[48111,50913],[0,26],[10,0],[-2,95],[-12,0],[0,27],[89,1],[1,-26],[-11,0],[1,-29],[41,0],[0,-36],[-39,0],[1,-31],[10,0],[1,-26],[-90,-1]],[[38588,74912],[-1,16],[-7,0],[0,16],[19,1],[-2,107],[-22,0],[0,17],[5,0],[0,16],[122,1],[0,-18],[-24,0],[0,-14],[-20,0],[0,1],[-7,0],[1,-22],[13,0],[0,-5],[69,1],[0,7],[27,0],[0,-13],[56,1],[1,-40],[-55,0],[1,-16],[-27,0],[0,7],[-73,-1],[0,-8],[-9,0],[1,-21],[8,0],[0,2],[19,0],[1,-14],[-7,0],[1,-20],[-90,-1]],[[69837,68109],[1,-8],[9,1],[1,-21],[-4,-1],[0,-13],[-127,-3],[-7,-6],[4,-99],[-43,-1],[-1,8],[-14,-1],[-5,103],[48,39],[138,2]],[[69756,67381],[25,-22],[117,10],[5,-65],[-135,-6],[-71,42],[-11,169],[66,-2],[4,-126]],[[65701,89415],[-1,33],[-9,0],[-2,38],[143,4],[3,-72],[-43,-1],[-1,39],[-55,-1],[2,-39],[-37,-1]],[[65528,89533],[-3,49],[51,1],[0,-9],[52,1],[0,4],[14,1],[0,4],[25,1],[2,-49],[-141,-3]],[[68347,68505],[-1,126],[97,1],[0,-43],[-63,-1],[0,-39],[64,1],[0,-43],[-97,-2]],[[71642,66371],[-3,72],[207,5],[4,-73],[-208,-4]],[[67907,68670],[-63,74],[149,73],[51,2],[30,-73],[-23,-5],[-10,-5],[5,-5],[-48,-24],[1,-1],[-21,-10],[-1,1],[-43,-21],[-4,5],[-23,-11]],[[25208,86867],[-4,89],[-32,-2],[-1,27],[12,1],[-11,228],[431,13],[-1,27],[121,3],[2,-28],[102,3],[-1,21],[105,3],[0,-1],[20,0],[0,-4],[12,1],[0,-17],[11,0],[-1,9],[19,0],[0,-8],[29,1],[-1,19],[136,4],[-1,9],[15,0],[0,6],[-24,-1],[-3,53],[68,1],[-1,12],[45,2],[-1,22],[-53,0],[0,-3],[-54,0],[0,102],[143,0],[0,-10],[-11,0],[0,-24],[22,0],[0,-52],[-34,0],[0,-35],[32,1],[6,-135],[-39,-1],[1,-13],[-21,0],[-1,4],[-114,-3],[2,-36],[-737,-21],[13,-261],[-201,-6]],[[83234,20757],[5,0],[0,9],[23,1],[2,6],[120,4],[0,21],[11,0],[0,-21],[41,1],[0,-6],[24,-1],[0,-9],[6,0],[2,-70],[-7,0],[0,-8],[-41,-1],[0,10],[-6,0],[-1,44],[-123,-4],[2,-45],[-6,0],[0,-8],[-43,0],[-1,9],[-6,-1],[-2,69]],[[53746,63288],[52,2],[3,-44],[71,0],[1,-40],[-126,-2],[-1,84]],[[53760,63309],[-2,76],[167,3],[2,-44],[-111,-2],[1,-32],[-57,-1]],[[72224,34585],[0,6],[-12,0],[-5,144],[11,0],[-1,7],[43,1],[5,-157],[-41,-1]],[[73845,66050],[-7,3],[-32,0],[0,7],[-13,0],[0,-3],[-45,0],[0,3],[-16,0],[0,8],[-62,0],[0,-4],[-26,0],[0,21],[2,0],[0,25],[-2,0],[0,6],[4,0],[0,12],[81,0],[0,11],[79,1],[-1,11],[54,1],[0,-20],[5,0],[0,-7],[6,0],[1,28],[36,1],[3,-22],[2,-65],[3,0],[0,-14],[-46,-1],[0,15],[3,0],[-1,23],[-9,0],[0,-35],[-6,-4],[-13,-1]],[[39163,83478],[0,83],[73,2],[5,-90],[-36,-1],[-1,7],[-41,-1]],[[74298,66659],[-12,-1],[4,-72],[-7,-10],[-9,-4],[-97,-1],[-54,114],[-1,6],[4,9],[10,7],[121,2],[0,3],[27,1]],[[63675,76590],[0,5],[-49,-1],[-1,28],[13,0],[-1,23],[2,0],[-1,22],[-25,-1],[0,-6],[-9,0],[0,4],[-9,0],[0,-8],[-31,0],[-1,27],[-3,0],[-1,17],[4,0],[-1,28],[32,1],[1,-7],[116,2],[0,7],[31,1],[1,-28],[4,0],[1,-17],[-4,0],[1,-27],[-33,-1],[0,8],[-41,-1],[4,-43],[11,0],[2,-33],[-13,0]],[[68839,74652],[-3,58],[31,1],[3,-58],[-31,-1]],[[98883,16551],[-15,8],[-16,6],[-27,5],[-18,1],[-9,-1],[-2,3],[-52,-9],[-40,134],[-13,2],[-1,87],[28,0],[0,9],[32,0],[0,15],[56,0],[0,-1],[2,0],[1,-112],[-39,-7],[3,-8],[13,2],[8,-29],[-14,-2],[16,-56],[26,2],[18,0],[18,-3],[25,-7],[8,35],[11,-2],[2,7],[22,-3],[-2,-7],[3,-1],[-15,-63],[-23,3],[-7,-6],[1,-2]],[[59721,73018],[0,9],[-69,-2],[-2,34],[95,3],[1,-12],[14,1],[1,-23],[-26,0],[1,-10],[-15,0]],[[27103,86673],[-111,0],[0,47],[19,0],[0,2],[69,0],[1,19],[-63,0],[0,3],[-17,0],[1,35],[3,0],[0,47],[-9,1],[0,17],[-2,0],[0,23],[106,0],[0,26],[37,-1],[-3,-208],[-31,0],[0,-11]],[[27076,86781],[1,14],[7,2],[1,19],[-43,0],[0,-11],[-22,0],[-1,-24],[57,0]],[[66883,27489],[0,18],[-20,-1],[-2,60],[19,0],[0,16],[148,3],[4,-93],[-149,-3]],[[82511,39302],[-9,7],[-17,0],[-10,-6],[-8,5],[8,8],[-1,19],[-5,3],[-17,-1],[-6,4],[-5,107],[80,2],[0,-8],[53,2],[0,7],[32,1],[0,-15],[-2,0],[2,-31],[-20,-1],[0,7],[-40,-1],[-2,-2],[-9,0],[3,-68],[-14,-15],[9,-9],[-22,-15]],[[48801,66313],[-4,114],[116,2],[3,-113],[-115,-3]],[[85062,41211],[-33,2],[8,69],[33,-2],[-1,-10],[29,-2],[-5,-48],[-29,2],[-2,-11]],[[59737,76533],[-1,8],[-22,0],[-5,115],[23,1],[-1,8],[35,0],[0,-7],[26,0],[1,-19],[4,0],[-1,12],[22,0],[4,-99],[-21,0],[0,10],[-6,0],[1,-19],[-25,-1],[0,-8],[-34,-1]],[[94643,25794],[0,20],[-2,0],[-1,25],[3,0],[-1,20],[22,0],[0,26],[27,0],[0,5],[68,1],[0,-3],[32,1],[1,-26],[19,0],[4,-46],[-3,0],[1,-21],[-43,-1],[0,7],[-32,0],[0,-4],[-22,0],[0,3],[-29,-1],[0,-6],[-44,0]],[[65696,65417],[-58,22],[-2,-3],[-6,0],[0,-3],[-22,0],[0,5],[-265,-5],[-4,149],[64,1],[3,-92],[-11,0],[0,-8],[193,3],[-1,9],[-5,0],[-3,93],[72,1],[2,-36],[15,0],[2,-76],[7,0],[0,-9],[33,1],[7,-5],[0,-3],[10,-1],[-3,-10],[5,0],[7,2],[4,-7],[-3,-15],[-8,-5],[-5,4],[-5,2],[-5,-10],[-6,2],[-2,-3],[-10,-3]],[[45378,51288],[-6,162],[214,4],[5,-162],[-213,-4]],[[45437,51341],[111,3],[0,56],[-114,-3],[3,-56]],[[37445,72670],[265,8],[2,-20],[15,-1],[3,-36],[-209,-6],[5,-86],[-128,-2],[-3,72],[-26,1],[-2,50],[29,1],[-1,-3],[51,-1],[-1,23]],[[60402,61443],[0,5],[-106,-2],[-4,107],[240,5],[3,-107],[-104,-2],[0,-5],[-29,-1]],[[61482,65074],[-6,0],[-4,4],[-32,-1],[-1,28],[4,0],[-5,113],[-2,-1],[-2,44],[86,2],[2,-44],[-14,0],[2,-41],[5,1],[1,-13],[-6,0],[0,-6],[156,4],[2,-54],[4,0],[1,-27],[-31,0],[-4,-5],[-7,0],[-5,4],[-39,-1],[0,-2],[-60,-2],[0,3],[-39,-1],[-6,-5]],[[38576,82286],[1,-37],[-164,-3],[-1,24],[4,0],[-3,106],[-4,0],[-1,24],[166,3],[1,-24],[-5,0],[3,-93],[3,0]],[[68393,29304],[0,5],[-69,-1],[-2,45],[22,1],[0,11],[23,1],[-5,156],[-77,-2],[-1,40],[102,2],[1,-27],[34,0],[1,-5],[6,0],[7,-209],[-30,-1],[1,-15],[-13,-1]],[[65050,24683],[-1,10],[-22,-1],[-4,100],[56,1],[0,-8],[78,2],[2,-37],[-80,-2],[0,-17],[3,0],[1,-13],[-3,0],[1,-23],[-18,0],[1,-11],[-14,-1]],[[73562,51892],[-11,54],[-18,-2],[-8,38],[59,7],[-2,10],[2,1],[-15,69],[-3,-1],[-6,21],[2,0],[-3,10],[5,1],[-21,102],[-29,-4],[-5,25],[54,7],[0,3],[14,1],[1,-3],[53,7],[6,-26],[-30,-3],[7,-34],[6,1],[2,-11],[-6,-1],[14,-68],[6,0],[4,-19],[-6,-1],[15,-68],[6,1],[3,-12],[-3,0],[54,-50],[-11,-6],[6,-8],[-40,-14],[-2,8],[-19,-4],[5,-21],[-86,-10]],[[73421,58199],[0,4],[-38,0],[-4,134],[162,3],[0,-15],[-9,0],[3,-73],[9,0],[2,-47],[-48,-1],[0,-4],[-77,-1]],[[52870,36849],[-1,6],[-5,4],[0,8],[5,4],[-1,9],[16,1],[-4,113],[-17,0],[0,7],[-4,3],[-1,9],[4,3],[0,8],[84,2],[2,-72],[45,1],[1,-30],[-44,-1],[1,-21],[24,1],[0,8],[40,1],[0,-20],[3,0],[1,-12],[-2,0],[0,-19],[-72,-2],[0,-10],[-75,-1]],[[66096,84240],[0,26],[27,0],[0,8],[-42,-1],[-1,34],[10,0],[-2,88],[-9,0],[-1,34],[94,1],[0,13],[27,0],[4,-138],[-16,-1],[0,10],[-12,0],[0,-5],[4,0],[1,-34],[-13,-1],[1,-33],[-72,-1]],[[82846,38492],[29,2],[2,-54],[-26,0],[0,11],[-28,-1],[2,-57],[28,1],[-1,27],[21,0],[0,-12],[6,1],[2,-52],[-23,1],[-4,-6],[-9,0],[-3,1],[-83,-1],[-12,0],[-2,-2],[-8,0],[-6,3],[1,27],[-3,1],[0,4],[6,6],[-1,23],[-5,2],[0,6],[6,5],[-1,21],[-6,3],[-1,7],[2,1],[-1,18],[-2,2],[0,4],[6,6],[8,0],[3,-1],[27,0],[3,3],[7,0],[4,-2],[56,1],[1,1],[5,0]],[[75187,36156],[-1,33],[-31,-1],[0,13],[2,0],[-3,92],[-4,0],[-1,12],[6,0],[-5,129],[2,0],[-1,31],[80,2],[1,-32],[-16,-1],[4,-128],[4,0],[2,-69],[34,1],[1,-32],[-34,0],[1,-13],[18,1],[0,-4],[26,1],[1,-25],[-25,0],[0,-9],[-61,-1]],[[63966,58709],[-1,13],[-8,0],[0,-2],[-79,-2],[0,2],[-9,0],[-2,45],[10,0],[0,2],[139,4],[0,-4],[14,0],[0,5],[82,2],[0,4],[40,2],[1,-39],[-14,0],[0,-22],[-59,-1],[0,-4],[-32,-1],[-1,4],[-14,0],[1,-7],[-68,-1]],[[36745,68529],[-5,101],[60,2],[2,-44],[55,2],[-2,43],[30,1],[0,12],[-29,-1],[-4,71],[-14,-1],[2,-22],[-15,-11],[-5,0],[0,-4],[-12,-1],[0,4],[-6,0],[-14,12],[-1,10],[-14,0],[2,-33],[-10,0],[-2,26],[-9,-1],[1,-24],[-12,0],[-2,44],[20,0],[-3,56],[19,1],[0,5],[7,1],[-1,26],[44,1],[1,-14],[8,0],[1,-22],[13,0],[-4,71],[45,1],[0,3],[64,2],[1,-20],[-8,0],[1,-9],[-29,-1],[9,-144],[29,1],[0,-9],[6,0],[1,-19],[-64,-2],[1,-20],[28,1],[2,-33],[58,2],[3,-57],[-248,-7]],[[32807,82696],[0,11],[-31,-1],[-1,20],[6,1],[-2,43],[-42,-1],[-2,30],[43,1],[0,21],[-29,-1],[1,-10],[-34,-1],[0,34],[-27,0],[-1,20],[87,2],[0,10],[86,2],[1,-10],[9,0],[1,-13],[-10,0],[1,-10],[-17,0],[4,-115],[17,1],[1,-9],[9,0],[0,-14],[-9,0],[1,-9],[-62,-2]],[[55359,53210],[0,7],[-94,1],[0,-2],[-36,0],[-7,5],[0,24],[4,0],[-4,147],[-5,3],[-1,27],[3,2],[0,11],[330,6],[0,-22],[13,0],[-1,21],[304,5],[1,-51],[-303,-3],[-1,18],[-11,0],[5,-153],[4,-3],[1,-28],[-5,-3],[-39,-1],[0,5],[-94,-2],[0,-13],[-64,-1]],[[63457,31584],[-2,43],[-5,4],[-38,-1],[0,-7],[-47,-1],[-2,48],[47,1],[0,-7],[39,2],[5,4],[-3,64],[71,2],[1,-23],[8,0],[0,-15],[-7,-1],[1,-41],[14,1],[0,-15],[-12,0],[1,-40],[8,0],[0,-16],[-79,-2]],[[38402,93517],[-26,12],[5,6],[-3,1],[-1,-2],[-145,68],[34,42],[142,-68],[8,9],[34,-16],[-39,-48],[-4,2],[-5,-6]],[[71794,32311],[-4,100],[-31,-1],[0,-24],[-64,-52],[-33,0],[-5,125],[4,0],[0,23],[-5,0],[-6,151],[34,26],[17,-13],[-4,-3],[16,-12],[4,3],[119,-84],[-4,-4],[15,-12],[5,4],[118,-85],[-4,-5],[16,-10],[5,3],[34,-25],[5,-100],[-68,-2],[-1,24],[-65,0],[1,-25],[-99,-2]],[[71758,32437],[62,50],[-67,49],[-47,-39],[51,-37],[1,-23]],[[74141,43007],[-4,113],[6,0],[0,21],[-6,0],[-3,124],[44,0],[0,-7],[27,0],[1,-51],[19,0],[1,-14],[4,0],[3,-123],[-21,0],[2,-62],[-73,-1]],[[47253,23880],[-1,24],[16,1],[-2,50],[-8,0],[-4,83],[40,1],[0,3],[55,1],[0,-3],[38,2],[4,-83],[-16,-1],[2,-50],[9,0],[1,-24],[-134,-4]],[[57572,44596],[41,1],[2,-57],[-41,-1],[-2,57]],[[57590,44609],[-91,-1],[0,-2],[-18,0],[0,1],[-106,-2],[-2,84],[10,0],[0,5],[15,1],[0,-6],[11,0],[0,7],[44,1],[0,-7],[98,1],[1,-29],[37,1],[0,6],[27,1],[3,-41],[-2,0],[0,-25],[-26,-1],[-1,6]],[[45621,78137],[72,2],[6,-172],[-72,-2],[-6,172]],[[45853,78070],[0,4],[-128,-2],[-2,65],[41,1],[0,-12],[12,0],[0,3],[6,0],[0,-4],[104,2],[6,6],[18,0],[7,-5],[102,2],[0,3],[8,0],[0,-3],[11,0],[-1,14],[42,0],[2,-66],[-127,-2],[0,-4],[-15,0],[0,4],[-73,-1],[0,-5],[-13,0]],[[67043,84862],[140,3],[1,-47],[19,0],[3,-83],[-58,-1],[-2,49],[-31,0],[1,-50],[-57,-1],[-2,50],[-31,-1],[1,-50],[-56,-1],[-2,61],[-19,0],[-2,70],[95,1]],[[66836,57713],[0,18],[21,1],[-4,124],[40,1],[0,14],[103,2],[0,3],[147,2],[1,-21],[7,-5],[0,-10],[4,0],[1,-15],[7,0],[1,-25],[-103,-2],[-1,18],[-41,-1],[0,-18],[-32,-1],[0,18],[-25,0],[0,-15],[-67,-1],[0,-10],[23,1],[1,-35],[8,0],[0,9],[33,0],[1,-48],[-62,-1],[0,-2],[-63,-1]],[[68841,68938],[240,6],[2,-55],[-240,-5],[-2,54]],[[68951,69160],[121,3],[8,-165],[-121,-3],[-8,165]],[[69051,69050],[-2,55],[-74,-1],[3,-55],[73,1]],[[50097,71691],[-1,12],[-21,0],[-1,33],[-24,-1],[1,-36],[-73,-2],[-5,162],[72,2],[5,-118],[38,1],[-1,16],[-25,0],[-3,96],[33,1],[-1,12],[25,1],[4,5],[6,0],[6,-5],[22,0],[2,-35],[4,1],[2,-50],[-4,0],[1,-36],[10,0],[1,-13],[6,0],[1,-44],[-80,-2]],[[59087,68987],[-2,25],[4,0],[-5,105],[-3,0],[-1,25],[165,4],[1,-25],[-3,0],[5,-105],[3,0],[1,-25],[-165,-4]],[[87495,19146],[0,12],[-166,-2],[-2,48],[154,3],[-4,5],[7,5],[5,-2],[5,1],[-1,4],[27,0],[3,-74],[-28,0]],[[64651,56111],[-1,3],[-14,0],[0,7],[-47,-1],[-2,56],[31,0],[-1,25],[122,3],[0,-5],[-2,0],[1,-20],[32,1],[1,-23],[-4,0],[0,-11],[4,0],[1,-24],[-26,0],[0,-5],[-25,0],[0,-2],[-36,-1],[1,-2],[-35,-1]],[[29307,87270],[-74,1],[0,4],[-10,0],[0,23],[10,0],[0,4],[-2,0],[3,132],[-13,0],[1,23],[13,-1],[0,5],[79,-1],[-1,-11],[63,-1],[0,3],[13,0],[-2,-54],[-74,2],[0,5],[-18,1],[-3,-104],[16,0],[-1,-31]],[[56122,71866],[-75,48],[28,25],[-57,36],[3,3],[-41,26],[-3,-3],[-28,18],[18,17],[-8,5],[12,10],[8,-5],[19,17],[19,-11],[24,21],[90,-58],[-60,-54],[-3,2],[-4,-4],[20,-13],[57,52],[75,-47],[-94,-85]],[[50660,53164],[0,3],[-47,-1],[-1,47],[15,0],[-4,103],[74,2],[5,-115],[73,2],[1,-39],[-116,-2]],[[67929,40337],[-1,37],[31,0],[-3,79],[73,1],[4,-115],[-104,-2]],[[69030,33053],[-3,81],[45,1],[-1,3],[101,2],[-3,84],[71,1],[6,-141],[-112,-3],[1,-26],[-105,-2]],[[71928,68748],[-3,56],[155,5],[3,-55],[-155,-6]],[[71778,65452],[-106,-2],[-1,72],[107,2],[0,-72]],[[75079,67378],[119,3]],[[75200,67309],[-5,0],[0,-5],[-13,0],[1,-3],[24,0],[1,-27]],[[75082,67272],[-1,31]],[[66667,73147],[16,0],[2,-27],[-2,0],[2,-34],[-48,-1],[0,-88],[-61,-2],[-6,127],[63,2],[-1,21],[5,2],[30,0]],[[75767,66804],[-2,58],[119,3],[2,-58],[-119,-3]],[[59860,59961],[3,3],[-1,24],[-3,-1],[-5,103],[3,-1],[167,5],[-1,-1],[7,-128],[-6,4],[-29,0],[1,-5],[-136,-3]],[[74516,60261],[18,0],[-1,17],[-67,-2],[-3,39],[166,6],[3,-58],[-42,-2],[14,1]],[[65082,92298],[-37,-2],[-3,51],[1,0],[0,5],[-58,-1],[-2,45],[95,2],[4,-100]],[[18219,87843],[-13,2],[-7,6],[-1,3],[-8,205],[1,3],[3,4],[6,3],[140,3],[10,-1],[6,-4],[4,-8],[9,-194],[-1,-7],[-3,-5],[-2,-3],[-8,-3],[-136,-4]],[[18266,87898],[31,1],[-2,47],[-31,-1],[2,-47]],[[18264,87969],[29,1],[-1,48],[-30,-1],[2,-48]],[[85225,41918],[-24,0],[0,10],[17,0],[0,5],[-113,-1],[0,11],[-10,0],[0,14],[10,0],[0,5],[91,4],[0,2],[3,0],[0,6],[31,0],[4,4],[-7,5],[8,8],[-7,4],[4,4],[8,-5],[5,5],[101,-64],[-20,-17],[-48,-2],[0,2],[-9,0],[0,4],[-17,0],[0,4],[-13,0],[0,-6],[-5,0],[0,-4],[-9,-1],[0,3]],[[85136,42056],[36,-23],[-111,-101],[-35,23],[110,101]],[[85027,42163],[74,-62],[-10,-7],[3,-3],[-111,-100],[-1,1],[-14,-14],[-94,78],[153,107]],[[60941,85401],[1,-6],[-119,-2],[1,-7],[-16,0],[-2,45],[-7,0],[-1,30],[7,1],[0,8],[85,2],[0,4],[52,1],[1,-32],[-3,0],[1,-44]],[[74062,59161],[161,3],[0,-35],[-160,-4],[-1,36]],[[74412,67566],[164,3],[2,-71],[-60,-2],[-1,27],[-104,-2],[-1,45]],[[90204,20790],[1,-30],[10,0],[1,-44],[-184,-3],[-1,43],[163,3],[-1,31]],[[89966,20736],[24,20],[34,0],[3,-87],[-59,-2],[-2,69]],[[72273,66509],[-25,0],[0,2],[-5,0],[0,16],[-4,0],[-1,10],[2,0],[0,9],[-6,0],[-2,35],[6,0],[0,10],[94,2],[3,-82],[-7,-1]],[[65856,61606],[-4,137],[34,1],[0,-4],[111,2],[4,-133],[-145,-3]],[[76848,48853],[-1,31],[57,1],[1,-31],[-57,-1]],[[75604,56413],[-171,-4],[-4,118],[171,3],[4,-117]],[[71457,66907],[-5,88],[94,3],[7,-89],[-96,-2]],[[67166,86795],[0,22],[7,0],[-2,50],[-7,0],[0,20],[54,1],[0,8],[30,1],[1,-31],[-36,-1],[1,-38],[54,2],[1,-31],[-103,-3]],[[74034,69492],[2,-37],[12,0],[2,-22],[-18,0],[0,-3],[-25,-1],[-1,12],[-43,-1],[1,-11],[-30,-1],[-1,26],[-3,3],[-1,20],[-3,3],[-1,6],[3,2]],[[62734,38768],[-14,0],[-3,107],[74,1],[1,-5],[12,0],[1,-19],[-19,0],[1,-56],[15,1],[0,17],[92,1],[-1,25],[6,0],[0,9],[6,0],[0,10],[56,1],[0,-10],[6,0],[0,-9],[6,0],[2,-38],[-7,0],[0,-21],[-9,0],[1,-10],[-226,-4]],[[66751,19200],[-2,56],[29,0],[1,-14],[79,1],[1,16],[29,1],[2,-36],[-5,0],[1,-34],[-40,0],[0,2],[-34,-1],[1,-6],[10,0],[0,-21],[-29,0],[-1,21],[9,1],[0,5],[-22,-1],[0,-2],[-28,1],[-1,11]],[[66702,19038],[0,-11],[-79,-3],[1,-39],[-34,0],[-1,16],[-64,-2],[3,-94],[-4,-1],[1,-6],[1,-2],[44,0],[0,-20],[-105,-4],[-1,24],[23,1],[-5,147],[-42,-2],[-2,27],[85,2],[2,-26],[72,3],[0,-12],[105,2]],[[63181,26336],[-1,33],[16,0],[-1,35],[-8,0],[-1,8],[-9,-1],[-3,91],[9,0],[0,8],[5,0],[0,13],[40,1],[0,-12],[49,2],[2,-61],[-35,0],[1,-40],[-10,-1],[1,-13],[-7,0],[1,-35],[17,0],[1,-26],[-67,-2]],[[56793,25587],[0,20],[-10,0],[-1,27],[11,1],[0,5],[121,3],[1,-23],[8,0],[9,-4],[7,0],[-4,89],[-14,0],[0,11],[-9,0],[-1,24],[69,4],[0,-12],[12,0],[1,-14],[3,0],[5,-113],[-38,-1],[0,-4],[-7,0],[-1,5],[-6,0],[1,-11],[-21,0],[0,-4],[-136,-3]],[[59867,63563],[-231,-5],[-4,88],[230,5],[5,-88]],[[61630,64392],[-3,161],[104,2],[1,-29],[-58,-2],[2,-54],[48,1],[1,-29],[36,1],[-3,78],[22,0],[-2,34],[138,3],[6,-159],[-292,-7]],[[74281,66803],[19,-30],[-54,-2],[-19,40],[10,3],[-4,7],[36,1],[12,-19]],[[75281,67093],[-3,79],[156,3],[0,-9],[14,0]],[[56154,68861],[-1,29],[22,1],[0,-8],[72,1],[0,8],[22,0],[1,-29],[-116,-2]],[[55515,68852],[-10,0],[-7,6],[-1,7],[7,6],[-3,2],[-1,40],[2,0],[0,9],[37,0],[1,-8],[2,0],[1,-22],[4,-3],[84,1],[-1,22],[35,1],[1,-22],[39,0],[0,7],[-9,0],[-1,15],[63,1],[2,-55],[-18,0],[-3,-4],[-13,0],[-2,4],[-60,0],[-3,-3],[-7,0],[-3,3],[-48,-1],[-2,-3],[-8,0],[-2,3],[-33,-1],[-3,-2],[-6,0],[-2,1],[-3,0],[-3,-3],[-9,0],[-4,3],[-4,0],[-3,2],[-6,-6]],[[74048,66840],[-40,87],[140,2],[43,-85],[-143,-4]],[[81203,38574],[0,43],[327,5],[1,-39],[-113,-2],[0,-9],[-17,1],[0,7],[-198,-6]],[[80915,38921],[-42,0],[10,-13],[0,-11],[-3,-11],[-8,-9],[-19,-9],[-20,0],[-8,1],[2,-71],[34,0],[2,-101],[-21,0],[-171,-3],[-12,104],[31,3],[-3,61],[3,34],[-18,2],[-2,37],[16,-3],[-2,155],[116,2],[0,-10],[90,1],[22,1],[3,-160]],[[80525,37824],[-2,63],[-11,0],[-4,152],[154,3],[4,-152],[-11,0],[2,-63],[-132,-3]],[[80696,38189],[-1,54],[18,0],[0,-4],[97,2],[0,3],[10,1],[-1,40],[-10,0],[0,-17],[-91,-2],[-2,69],[55,0],[-1,8],[46,9],[0,4],[20,0],[0,-20],[-30,-1],[0,-15],[12,0],[0,1],[37,1],[-2,55],[-48,-1],[0,-2],[-90,-1],[-3,96],[71,1],[1,-57],[32,1],[-4,165],[-2,0],[-1,34],[22,0],[0,4],[51,1],[1,-16],[26,0],[5,-168],[-14,-1],[1,-17],[28,0],[0,-38],[-28,0],[2,-55],[29,1],[1,-38],[-28,-1],[2,-54],[28,1],[1,-40],[-240,-3]],[[80919,37995],[-1,7],[-34,0],[-1,12],[23,0],[-1,33],[-68,-1],[0,4],[-4,0],[-2,78],[110,2],[2,-117],[1,-18],[-25,0]],[[80839,37699],[-1,36],[65,1],[-1,37],[58,1],[2,-73],[-123,-2]],[[80939,36344],[0,4],[-22,18],[-26,-1],[-2,1],[0,22],[-14,11],[1,18],[-4,0],[-1,83],[106,2],[2,-82],[-2,0],[2,-76],[-40,0]],[[80908,36445],[35,1],[-1,29],[-35,0],[1,-30]],[[81362,36439],[0,-11],[20,1],[1,7],[44,-2],[-5,-125],[12,-1],[0,-41],[-250,-10],[-3,4],[-41,-1],[-1,-4],[-41,0],[1,33],[7,0],[3,121],[41,1],[-1,5],[48,4],[3,-14],[110,14],[-1,19],[53,0]],[[81531,36429],[-4,99],[131,3],[3,-99],[-130,-3]],[[81557,37289],[2,-47]],[[81559,37242],[0,-7],[-189,-1],[-1,-5],[-53,-1],[-1,6],[-5,0],[-5,3],[-1,5],[-2,0],[3,42],[7,0],[1,4],[5,0],[0,8],[11,0],[0,-9],[39,0],[0,-9],[162,2],[-1,9],[8,0],[0,17],[19,0],[0,-17],[1,0]],[[81428,38686],[-3,123],[344,5],[3,-122],[-344,-6]],[[81920,37716],[-2,63],[-3,0],[-3,4],[-1,6],[23,1],[0,2],[12,0],[1,-3],[76,1],[0,2],[28,1],[1,-20],[18,0],[-1,17],[26,1],[1,-4],[54,1],[0,5],[58,1],[2,-62],[-21,0],[0,-6],[-23,0],[-3,41],[-67,-1],[0,-20],[-26,-1],[0,4],[-24,-1],[-20,0],[-1,16],[-68,-1],[1,-27],[33,1],[0,-17],[-29,-1],[0,-1],[-37,-1],[-5,-1]],[[81068,37599],[-5,159],[45,1],[5,-159],[-45,-1]],[[81097,37456],[-33,-1],[0,1],[-15,0],[-5,2],[-1,5],[5,1],[-1,18],[-3,0],[0,7],[12,0],[-1,16],[3,0],[0,3],[-11,0],[-1,21],[12,0],[0,2],[-3,0],[1,14],[-14,1],[0,6],[2,0],[0,19],[-5,0],[0,10],[87,0],[0,-10],[-3,-1],[2,-15],[-2,0],[4,-4],[-1,-2],[-3,-3],[-7,0],[0,-17],[6,-1],[2,-15],[2,0],[-1,-4],[-7,-1],[-1,-16],[0,-4],[4,0],[0,4],[8,0],[0,-8],[-2,0],[0,-18],[-1,0],[-1,-5],[5,0],[1,-7],[-4,-1],[-5,1],[-3,2],[0,2],[-5,0],[0,-1],[-17,0],[0,-1]],[[81080,37874],[1,-13],[2,0],[6,-3],[83,1],[0,-15],[28,0],[-1,19],[36,0],[0,-3],[24,0],[0,16],[-5,3],[-1,26],[13,11],[-1,9],[47,1],[0,-17],[4,-2],[0,-26],[-7,-6],[1,-14],[24,1],[0,3],[35,0],[2,-45],[-35,-1],[0,5],[-31,-1],[-8,-7],[-7,0],[-8,5],[-47,0],[0,-3],[-33,-1],[0,14],[-30,-1],[0,-9],[-65,-1],[-16,-13],[-2,-30],[-2,-1],[-45,-1],[-3,2],[-1,38],[-2,2],[-1,24],[2,0],[0,17],[2,2],[10,0],[0,13]],[[75907,54998],[-3,72],[130,2],[-1,9],[38,0],[0,-8],[5,0],[2,-72],[-171,-3]],[[81631,37823],[0,41],[13,0],[-1,27],[35,0],[13,2],[2,1],[9,1],[4,-3],[12,0],[0,3],[13,1],[0,-3],[13,0],[-1,19],[-22,0],[-7,5],[6,6],[0,11],[65,1],[0,-11],[-5,0],[2,-89],[-2,0],[0,-3],[-51,-1],[0,-6],[-34,-1],[1,-10],[-52,-1],[0,10],[-13,0]],[[81557,37289],[112,2],[0,4],[42,0],[1,-63],[-40,0],[0,16],[-101,-1],[0,-5],[-12,0]],[[80413,36636],[-2,-84],[-62,2],[-1,-35],[129,1],[-3,-88],[-230,0],[0,204],[169,0]],[[82510,37254],[-9,0],[-6,4],[-6,0],[0,7],[-23,0],[0,-2],[-4,0],[0,2],[-22,-1],[0,-4],[-19,0],[0,2],[-13,-1],[-4,-3],[-8,0],[-7,4],[-1,46],[63,1],[-2,48],[-63,-1],[-1,30],[81,2],[-1,1],[71,2],[3,-74],[11,0],[-1,14],[69,1],[1,-27],[2,0],[1,-39],[-6,-6],[-8,0],[-6,4],[-70,-1],[1,-5],[-13,1],[-5,-1],[-5,-4]],[[80668,36247],[0,14],[-5,0],[0,8],[4,0],[-2,94],[16,1],[0,-6],[3,0],[0,5],[64,1],[0,-13],[4,0],[0,-8],[-5,0],[1,-44],[41,0],[-1,24],[27,0],[0,-3],[7,0],[0,3],[25,0],[0,-2],[9,0],[-1,2],[26,1],[2,-69],[-25,0],[0,3],[-9,0],[0,-3],[-24,-1],[0,4],[-10,0],[0,-4],[-24,0],[-1,15],[-41,-1],[1,-19],[-13,0],[0,6],[-7,0],[1,-7],[-63,-1]],[[75139,49513],[0,6],[-21,0],[-2,47],[-2,0],[-2,40],[96,2],[2,-40],[-42,-1],[2,-47],[-15,-1],[0,-5],[-16,-1]],[[74019,52593],[6,-148],[-64,0],[-3,90],[-92,-3],[2,-105],[-61,0],[-5,160],[61,2],[1,-23],[95,2],[-1,22],[61,3]],[[83284,42941],[-14,0],[-4,4],[-9,0],[-6,4],[-9,0],[-1,3],[-13,-1],[-4,3],[-1,8],[-5,4],[0,8],[-4,3],[0,12],[4,1],[0,6],[3,3],[-1,6],[4,4],[13,0],[6,-4],[9,0],[4,-4],[8,1],[3,-3],[7,1],[2,-3],[10,0],[4,-2],[0,-12],[6,-4],[0,-10],[-3,-2],[1,-6],[-4,-2],[1,-6],[-4,-2],[0,-6],[-3,-4]],[[73757,60607],[4,-186],[-97,-1],[-10,187],[37,0],[0,-8],[35,0],[-2,8],[33,0]],[[69298,63292],[58,1],[4,-112],[-62,-1],[0,112]],[[70106,61739],[-4,86],[87,2],[4,-86],[-87,-2]],[[46776,42415],[-1,14],[-24,0],[-4,104],[27,1],[-1,13],[-25,-1],[-11,267],[114,3],[14,-398],[-89,-3]],[[55704,42559],[-1,27],[6,0],[-1,5],[-64,-2],[0,-3],[9,0],[1,-21],[-12,0],[0,-5],[-10,0],[0,5],[-11,0],[-1,21],[6,0],[-1,3],[-63,-1],[-1,28],[33,1],[-1,3],[14,1],[0,-2],[19,0],[0,8],[11,0],[0,-6],[64,1],[-2,56],[18,0],[0,8],[23,0],[0,-6],[8,0],[4,-120],[-48,-1]],[[52287,40734],[98,-122],[94,5],[10,67],[53,-9],[-17,-110],[-158,-7],[-114,141],[34,35]],[[52273,40937],[-1,-195],[-231,2],[1,193],[231,0]],[[31502,71676],[-476,172],[28,46],[-25,9],[-18,-29],[-31,12],[25,41],[-101,37],[33,54],[-34,12],[34,53],[87,-31],[7,12],[174,-63],[8,11],[-21,8],[40,65],[275,-99],[3,-82],[-7,3],[2,-8],[2,0],[0,-4],[-2,-1],[0,-8],[-7,-1],[6,-179],[6,0],[2,-30],[-10,0]],[[70669,65415],[75,2],[-1,-1],[95,2],[1,-72],[-168,-3]],[[43738,77565],[4,0],[-1,49],[11,1],[-5,161],[77,1],[6,-161],[1,0],[6,-123],[-10,0],[2,-53],[-86,-2],[-5,127]],[[68791,73746],[-17,0],[0,64],[19,1],[0,-16],[75,2],[-1,9],[-50,0],[0,18],[-6,0],[-7,3],[0,73],[-22,0],[0,5],[-4,0],[0,5],[-3,0],[0,12],[3,0],[0,4],[8,0],[0,3],[42,0],[0,4],[17,0],[0,-1],[34,0],[0,-38],[6,0],[0,-59],[4,-3],[0,-34],[4,0],[-1,-45],[-101,-1],[0,-6]],[[72808,19513],[0,2],[-32,-1],[0,20],[164,3],[0,-20],[-29,0],[0,-2],[-103,-2]],[[89141,32485],[-6,0],[-4,2],[-1,29],[3,0],[-1,31],[25,2],[2,-24],[4,0],[0,-7],[10,0],[-3,31],[33,1],[2,-25],[3,0],[1,-12],[20,0],[0,3],[18,0],[0,1],[6,0],[1,8],[-20,0],[0,4],[-18,-1],[-2,21],[33,1],[-1,3],[12,1],[1,6],[-12,0],[0,4],[-10,1],[-2,-3],[-14,-1],[-1,2],[-10,0],[0,32],[24,1],[0,-3],[12,0],[-1,3],[11,1],[1,4],[-7,-1],[-1,5],[-34,-2],[-2,16],[67,1],[0,-5],[5,0],[5,-3],[0,-5],[-4,-4],[-6,0],[1,-10],[6,0],[4,-3],[0,-5],[-4,-3],[-6,0],[0,-6],[7,0],[3,-3],[0,-6],[-3,-2],[-7,0],[1,-16],[6,0],[4,-2],[0,-6],[-3,-3],[-7,0],[0,-6],[7,0],[4,-3],[0,-5],[-3,-3],[-6,1],[-1,-5],[8,0],[3,-3],[0,-5],[-4,-2],[-7,0],[1,-7],[7,0],[4,-3],[0,-5],[-4,-3],[-66,-2],[-9,4],[-1,6],[-8,0],[1,-8],[-3,-2],[-8,0],[-5,2],[0,5],[-8,0],[0,-5],[-2,-2],[-8,0],[-4,2],[0,4],[-3,1],[0,-5],[-4,-2],[-7,0],[-4,2],[0,4],[-7,1],[-1,-7],[-3,-2]],[[74040,62011],[87,2],[1,-36]],[[73798,67012],[1,-33]],[[73799,66979],[-76,-1],[-2,66],[66,1],[1,-33],[10,0]],[[82664,42841],[-3,73],[24,1],[14,10],[-8,7],[11,8],[7,-6],[11,8],[-2,46],[-72,-1],[0,25],[164,2],[0,8],[239,4],[5,-179],[-242,-4],[0,4],[-13,0],[0,-4],[-135,-2]],[[74390,67903],[-2,59],[58,1],[2,-58],[-58,-2]],[[83802,36629],[0,11],[-10,-1],[-2,62],[13,0],[0,11],[79,3],[1,-6],[18,-1],[0,7],[90,3],[0,-10],[14,0],[0,-66],[-10,0],[0,-9],[-96,-3],[0,8],[-18,-1],[0,-7],[-79,-1]],[[55524,80275],[-2,117],[82,1],[-1,12],[23,0],[0,-12],[116,1],[0,13],[24,0],[0,-12],[18,0],[33,-87],[1,-30],[-294,-3]],[[72351,60300],[4,-142],[-16,-1],[0,-4],[-21,0],[0,-3],[-50,0],[0,34],[-12,0],[1,35],[8,1],[1,17],[-8,0],[-5,45],[8,-1],[27,3],[-4,15],[67,1]],[[75257,62955],[101,2],[6,-100],[-103,-1],[-4,99]],[[57509,54500],[0,2],[-31,-1],[0,21],[-20,-1],[-4,131],[330,7],[5,-139],[-19,0],[0,-13],[-29,-1],[0,-1],[-91,-2],[0,2],[-50,-1],[0,-3],[-91,-1]],[[75187,64882],[0,30],[23,0],[2,-29],[-25,-1]],[[80643,30875],[80,64],[160,-112],[-80,-64],[-160,112]],[[91987,31054],[-65,63],[52,27],[65,-63],[-52,-27]],[[71802,62162],[-6,139],[48,1],[6,-139],[-48,-1]],[[66302,90526],[-2,51],[130,3],[2,-51],[-130,-3]],[[64652,73898],[-5,3],[-7,155],[-9,0],[-1,33],[9,0],[-7,158],[-53,-2],[0,8],[-46,-1],[-6,5],[-4,74],[90,3],[2,-41],[13,0],[-2,39],[123,4],[3,-59],[7,0],[3,-62],[-8,-1],[4,-66],[6,0],[7,-141],[-8,0],[5,-106],[-116,-3]],[[71087,65438],[-3,72],[127,2],[2,-72],[-126,-2]],[[86054,38771],[0,28],[15,0],[0,26],[-8,4],[-33,0],[1,-6],[-56,0],[-1,41],[145,1],[0,-34],[-3,0],[2,-37],[12,0],[1,-23],[-75,0]],[[70938,76117],[-8,191],[73,1],[7,4],[5,0],[11,0],[11,-3],[55,2],[-1,18],[46,1],[1,-5],[17,0],[1,-7],[16,0],[3,-74],[4,-18],[8,-8],[8,-5],[54,-31],[-8,-10],[14,-6],[-21,-30],[-12,7],[-3,-6],[-182,-4],[1,-14]],[[46855,71021],[-49,50],[0,17],[142,1],[2,-67],[-95,-1]],[[75467,66827],[12,1],[-2,42],[39,1],[2,-36],[11,0],[2,-36],[-64,-2]],[[56978,26874],[0,-56],[-189,-5],[-31,1],[-2,55],[222,5]],[[66998,86794],[-1,45],[17,0],[0,9],[94,2],[1,-9],[17,0],[2,-45],[-41,-1],[-1,22],[-47,-1],[1,-21],[-42,-1]],[[71732,54061],[-1,26],[17,0],[-1,12],[5,1],[0,12],[46,0],[0,19],[31,1],[1,-20],[78,1],[0,4],[29,1],[2,-53],[-100,-2],[0,6],[-12,0],[0,-6],[-95,-2]],[[68706,80909],[-7,-2],[-4,10],[5,2],[-16,26],[103,36],[23,-38],[-1,-4],[-99,-35],[-4,5]],[[68691,80965],[-3,5],[-7,1],[-5,8],[-9,4],[-5,7],[-1,8],[-6,7],[0,8],[-3,2],[1,5],[8,4],[0,2],[4,1],[7,1],[4,2],[7,0],[5,3],[7,-1],[11,6],[7,-1],[3,-5],[8,-1],[3,-5],[6,-2],[8,-8],[-2,-5],[5,-6],[-3,-4],[4,-5],[-2,-5],[-13,-5],[-1,-4],[-6,-2],[-3,-5],[-5,-2],[-3,-5],[-3,-2],[-3,2],[-8,-5],[-7,2]],[[65929,65551],[-3,66],[90,2],[3,-65],[-90,-3]],[[86151,31750],[-2,34],[28,1],[0,-3],[89,2],[0,3],[23,0],[0,-2],[5,0],[1,-2],[0,-5],[-2,-4],[0,-12],[4,0],[0,-7],[-3,0],[0,-2],[-27,-1],[0,3],[-100,-2],[0,-2],[-16,-1]],[[65888,58386],[24,1],[0,-11],[76,1],[0,4],[15,0],[2,-29],[-28,0],[0,1],[-4,0],[0,-1],[-32,0],[0,-1],[-11,0],[0,1],[-4,0],[0,-1],[-13,-1],[-1,-14],[-22,0],[0,7],[-1,0],[0,7],[2,1],[-1,19],[-2,0],[0,16]],[[64714,84396],[-20,-1],[-1,5],[-88,-3],[0,-3],[-13,0],[-4,72],[26,1],[0,-5],[77,3],[0,4],[18,0],[5,-73]],[[35080,63126],[-3,2],[-17,0],[0,4],[-7,0],[-1,16],[6,0],[0,8],[-7,0],[-1,16],[7,0],[0,5],[38,1],[3,2],[6,0],[3,-2],[23,1],[3,2],[7,0],[2,-2],[9,0],[2,2],[7,0],[3,-2],[5,0],[-1,23],[-5,0],[-3,-2],[-6,0],[-3,2],[-8,0],[-4,-3],[-6,0],[-3,3],[-22,-1],[-3,-2],[-7,0],[-3,2],[-37,-1],[-1,5],[-6,0],[-1,14],[7,0],[-1,6],[31,1],[0,-3],[104,2],[3,-68],[-100,-2],[0,-5],[100,2],[1,-22],[-3,0],[-3,-2],[-7,0],[-2,2],[-8,-1],[-4,-1],[-5,-1],[-4,2],[-8,0],[-2,-2],[-7,0],[-3,2],[-8,0],[-3,-2],[-6,0],[-3,2],[-9,0],[-2,-3],[-7,0],[-3,3],[-8,0],[-3,-3],[-6,0]],[[50962,70826],[0,7],[-17,-1],[0,2],[-24,-1],[0,-5],[-10,0],[0,5],[-31,0],[-1,25],[36,1],[0,1],[9,1],[0,-2],[20,1],[1,-2],[22,0],[0,2],[8,0],[0,-2],[22,1],[1,-26],[-24,0],[0,-7],[-12,0]],[[63994,95210],[-5,102],[96,2],[1,-34],[-51,-2],[2,-33],[50,2],[2,-34],[-95,-3]],[[37769,59994],[0,9],[-6,0],[-1,10],[6,1],[0,8],[-6,0],[-1,10],[7,0],[-1,8],[19,1],[1,-3],[14,1],[1,-10],[-3,0],[1,-9],[4,0],[1,-5],[6,1],[-1,18],[7,0],[-1,5],[22,1],[0,-7],[6,1],[2,-18],[10,1],[-1,17],[7,0],[0,6],[27,1],[0,-6],[7,0],[3,-38],[-15,0],[0,5],[-20,-1],[0,-5],[-28,0],[0,5],[-20,-1],[0,-4],[-47,-2]],[[79690,42345],[2,-15],[6,-2],[-1,-10],[-3,2],[0,-21],[3,0],[0,-17],[-2,0],[2,-36],[5,1],[0,-19],[-5,-1],[0,-18],[4,-1],[-1,-8],[-4,1],[1,-14],[-44,2],[0,12],[-13,2],[1,9],[-6,1],[-3,15],[6,2],[0,18],[-4,1],[-2,7],[5,0],[-3,17],[-2,1],[0,8],[4,0],[0,19],[-7,0],[3,17],[4,0],[0,10],[13,1],[-2,16],[43,0]],[[72275,59599],[-5,103],[99,2],[4,-102],[-98,-3]],[[55395,63564],[119,1],[3,8],[7,6],[14,4],[-4,103],[67,0],[2,-146],[-28,-1],[0,-21],[-178,-6],[-2,52]],[[73883,66885],[-42,-1],[0,15],[-72,-2],[-1,22],[114,3],[1,-37]],[[35260,61573],[-6,0],[4,-111],[-140,-3],[0,29],[36,1],[1,1],[7,1],[3,-2],[52,1],[3,3],[-1,16],[-4,3],[-49,-1],[-4,-4],[-7,0],[-3,3],[-36,-1],[-3,71],[2,6],[9,2],[135,3],[1,-18]],[[64746,96415],[-8,8],[4,3],[-6,13],[-12,3],[-1,2],[-4,0],[-5,14],[61,15],[6,-13],[-3,-2],[1,-2],[-7,-8],[6,-13],[5,0],[0,-12],[7,-18],[-36,-9],[-8,19]],[[64567,96481],[2,-8],[3,-2],[-2,-13],[4,-2],[-2,-10],[3,-16],[4,-1],[-3,-10],[1,-4],[5,-2],[-3,-9],[2,-9],[-29,-3],[-14,86],[29,3]],[[64631,96430],[3,3],[-5,13],[-12,3],[-1,2],[-4,0],[-6,13],[62,16],[6,-13],[-3,-2],[1,-2],[-8,-8],[6,-13],[5,0],[0,-12],[8,-18],[-37,-9],[-8,19],[-7,8]],[[64101,74858],[-10,204],[87,3],[9,-204],[-86,-3]],[[65530,87083],[24,1],[0,-37],[-23,0],[0,3],[-119,-2],[-1,29],[119,1],[0,5]],[[37231,62504],[-3,2],[-1,4],[4,3],[-1,14],[-4,0],[0,10],[4,0],[-1,12],[-4,3],[0,4],[4,3],[27,0],[0,-4],[18,1],[0,-3],[16,0],[2,2],[8,0],[2,-2],[9,0],[0,2],[24,1],[0,-2],[16,0],[0,2],[5,1],[1,-18],[2,0],[1,-2],[-13,-1],[0,-5],[10,0],[1,-18],[-21,-1],[0,-1],[-24,-1],[-1,2],[-9,0],[-1,-2],[-8,0],[-2,1],[-15,0],[-2,-1],[-9,-1],[-2,2],[-3,0],[0,-6],[-30,-1]],[[52476,72427],[-3,82],[178,3],[0,-16],[3,0],[0,11],[7,1],[0,4],[20,0],[0,4],[-5,0],[0,2],[-9,0],[0,-3],[-17,0],[-7,3],[-122,-2],[0,18],[13,0],[0,-2],[8,0],[0,3],[67,1],[0,-3],[7,1],[-1,2],[35,1],[0,-3],[12,1],[0,2],[44,1],[0,-8],[7,0],[0,-9],[-6,-1],[0,-9],[7,1],[0,-10],[-6,0],[0,-8],[7,1],[0,-10],[-120,-2],[-4,-4],[-19,-1],[-7,4],[-19,0],[-3,-4],[-19,-1],[-7,4],[-16,-1],[0,-2],[6,-3],[1,-13],[-6,-2],[0,-4],[19,0],[4,4],[19,1],[4,-4],[20,0],[4,3],[20,0],[4,-3],[81,1],[0,2],[14,0],[0,-2],[25,1],[0,-9],[-7,-1],[0,-8],[8,0],[0,-8],[-7,0],[0,-5],[-25,0],[0,3],[-20,0],[0,4],[-8,0],[0,10],[-4,0],[0,-15],[-177,-3]],[[66300,86634],[-29,-1],[0,5],[-108,-3],[-1,30],[78,2],[-1,23],[-7,0],[0,-7],[-70,-1],[-1,31],[2,4],[128,3],[4,-2],[2,-2],[3,-82]],[[66065,90034],[-5,124],[50,1],[4,-86],[48,2],[1,-39],[-98,-2]],[[69608,76988],[-15,-1],[-1,24],[9,0],[-4,57],[101,3],[1,-17],[-27,-1],[2,-43],[18,1],[-2,34],[31,1],[2,-38],[5,0],[2,-26],[-121,-4],[-1,10]],[[69724,77045],[22,1],[1,-36],[-22,-1],[-1,36]],[[63245,77712],[29,1],[0,-6],[123,2],[0,8],[28,0],[2,-26],[-10,0],[1,-27],[-85,-2],[2,-28],[-48,-1],[-1,28],[-39,-1],[-2,52]],[[56551,73098],[-1,30],[32,0],[0,-5],[111,2],[0,4],[31,0],[1,-28],[-174,-3]],[[69415,78779],[-2,87],[93,2],[1,-34],[-16,0],[0,-20],[16,1],[1,-35],[-93,-1]],[[55864,71598],[-1,26],[5,4],[116,3],[6,-157],[-19,0],[1,-8],[-79,-2],[0,9],[-24,0],[-5,125]],[[70681,33564],[-8,214],[10,0],[0,10],[-10,0],[-7,213],[55,1],[8,-213],[-10,-1],[0,-9],[10,0],[8,-214],[-56,-1]],[[77031,35298],[-3,66],[128,3],[5,4],[19,0],[0,-4],[3,0],[1,-21],[-4,0],[0,-3],[-13,0],[0,2],[-13,0],[0,-2],[-16,-1],[0,3],[-9,0],[0,-3],[-73,-2],[-4,-3],[1,-11],[3,-1],[74,0],[0,-2],[9,0],[0,2],[16,1],[0,-3],[12,1],[0,2],[14,0],[0,-2],[3,0],[1,-21],[-4,0],[1,-4],[-23,-1],[0,3],[-128,-3]],[[63610,97715],[-65,113],[54,18],[65,-114],[-54,-17]],[[66747,84782],[-1,22],[24,1],[-2,41],[-24,0],[0,24],[94,2],[1,-25],[-24,0],[1,-41],[23,0],[1,-22],[-93,-2]],[[79905,40118],[-4,133],[98,2],[5,-132],[-37,0],[-4,105],[-25,0],[5,-107],[-38,-1]],[[76853,40056],[-177,-6],[-2,66],[177,5],[2,-65]],[[46688,86481],[-5,119],[109,2],[0,10],[46,1],[1,-10],[11,0],[0,-11],[80,2],[1,-31],[7,0],[-1,4],[16,0],[2,-43],[-17,-1],[0,5],[-5,0],[1,-32],[-14,-1],[0,-5],[-5,-4],[-6,1],[-5,4],[0,5],[-45,-2],[-1,52],[14,1],[0,7],[8,0],[-1,14],[-21,0],[-1,1],[-6,0],[0,-9],[-28,-1],[0,9],[5,1],[0,11],[-70,-2],[4,-96],[-74,-1]],[[65515,92199],[-1,12],[-9,1],[-3,-3],[-7,0],[-2,2],[-13,0],[-3,-2],[-5,0],[-3,2],[-14,0],[0,-3],[-23,0],[0,1],[-3,2],[0,4],[3,2],[0,14],[-3,2],[-1,5],[3,2],[0,1],[24,1],[0,-2],[22,0],[2,2],[8,0],[2,-1],[10,0],[2,2],[7,0],[2,-2],[3,0],[-1,12],[14,0],[0,-4],[12,0],[-1,5],[14,0],[0,-12],[4,-2],[0,-6],[-3,-2],[0,-9],[3,-3],[0,-6],[-3,-2],[1,-12],[-14,-1],[0,5],[-12,0],[0,-5],[-12,0]],[[65338,84760],[-2,105],[74,2],[11,-106],[-83,-1]],[[66453,83787],[-2,91],[99,1],[3,-90],[-100,-2]],[[62348,99066],[-123,0],[0,96],[99,0],[0,7],[24,0],[0,-41],[-84,0],[0,-28],[84,0],[0,-34]],[[92716,30314],[-105,115],[154,80],[17,-19],[-24,-13],[-3,3],[-6,-4],[-1,-4],[-6,-3],[-6,0],[-8,-4],[-1,-4],[-6,-3],[-6,0],[-6,-3],[0,-4],[-7,-3],[-6,1],[-7,-4],[-1,-5],[-7,-3],[-6,0],[-5,-2],[-1,-5],[-5,-3],[-7,1],[-9,-5],[10,-11],[4,-1],[3,-2],[-1,-4],[9,-10],[12,6],[0,2],[7,4],[5,-1],[7,4],[1,3],[5,3],[4,-1],[15,8],[1,4],[5,2],[4,0],[25,12],[-3,4],[24,12],[4,0],[4,-4],[-1,-4],[-4,-2],[13,-16],[4,3],[5,0],[3,-4],[-1,-4],[-22,-11],[-3,3],[-24,-13],[-1,-3],[-8,-4],[-3,1],[-13,-7],[-1,-4],[-6,-3],[-5,1],[-8,-4],[-1,-3],[-6,-3],[-3,0],[-12,-6],[10,-10],[4,-1],[3,-3],[-1,-5],[11,-10],[9,5],[1,5],[7,3],[5,0],[5,2],[1,4],[7,4],[6,-1],[7,4],[1,4],[7,4],[4,-1],[6,3],[1,3],[7,4],[7,-1],[7,4],[1,5],[6,3],[5,-1],[6,4],[-2,2],[29,15],[18,-20],[-20,-10],[-1,1],[-137,-72]],[[66701,57391],[-15,0],[-1,51],[29,1],[1,-8],[3,0],[0,-16],[3,0],[1,-7],[-4,0],[1,-19],[9,0],[0,2],[9,0],[0,-1],[52,1],[0,1],[10,0],[0,-1],[53,2],[0,1],[9,0],[0,-2],[9,0],[0,14],[-4,0],[0,7],[2,1],[-1,28],[-2,0],[0,7],[3,0],[-1,15],[38,1],[3,-73],[-19,0],[1,-24],[-188,-5],[-1,24]],[[66642,57492],[-12,0],[-1,26],[35,1],[1,-26],[-9,-1],[0,-4],[-14,0],[0,4]],[[66710,57486],[-2,22],[2,0],[-1,36],[-2,0],[-1,6],[3,0],[0,15],[6,0],[-1,20],[-3,0],[0,7],[3,0],[-1,20],[-10,0],[1,-3],[-9,0],[0,3],[-20,-1],[0,5],[-26,-1],[0,-1],[-8,-1],[0,1],[-28,-1],[0,-3],[-19,-1],[0,-2],[-10,-1],[0,2],[-7,0],[1,-20],[2,0],[0,-7],[-4,0],[1,-21],[-1,0],[0,-5],[3,0],[1,-17],[2,0],[1,-7],[-4,-1],[1,-15],[-2,0],[0,-9],[-30,-1],[-5,104],[15,1],[-1,24],[30,1],[0,3],[111,3],[0,-4],[31,0],[1,-24],[15,0],[4,-85],[-7,0],[2,-50],[-29,-1],[-1,9],[-4,0]],[[41788,61044],[-3,3],[-4,0],[-1,21],[3,2],[0,8],[-3,2],[-1,6],[4,3],[38,0],[3,2],[22,1],[-1,14],[-22,0],[-3,3],[-36,-2],[-5,4],[-1,5],[4,4],[-1,6],[94,1],[2,-55],[-68,-1],[0,-3],[5,0],[0,-3],[72,1],[-2,62],[104,1],[1,-61],[3,0],[0,-18],[-3,-3],[-5,0],[-3,2],[0,2],[-12,0],[-2,-4],[-6,-1],[-5,4],[0,8],[-4,2],[1,14],[2,2],[-2,22],[6,3],[-1,10],[-8,0],[-4,-2],[-20,-1],[-4,2],[-8,0],[0,-10],[5,-2],[0,-22],[3,-2],[0,-16],[-2,-2],[1,-6],[-3,-4],[-6,0],[-4,2],[0,2],[-11,0],[0,-2],[-2,-2],[-9,0],[-2,3],[-16,-1],[-2,-2],[-19,-1],[-2,3],[-5,0],[-2,-3],[-18,0],[-4,3],[-4,-1],[-3,-2],[-21,-1]],[[77005,45527],[-47,-37],[-16,2],[-47,32],[0,14],[44,33],[17,1],[50,-35],[-1,-10]],[[52706,67377],[-1,23],[-16,0],[0,23],[-2,23],[-6,-1],[0,7],[-17,0],[1,-12],[-160,-2],[-3,84],[351,6],[2,-55],[-33,0],[2,-72],[-72,-1],[1,-23],[-47,0]],[[58780,92315],[0,2],[-17,-1],[0,3],[-10,-1],[-1,38],[20,1],[0,-7],[7,1],[0,-3],[49,-1],[0,-1],[10,0],[-1,9],[38,1],[0,2],[22,0],[0,-1],[38,0],[0,-8],[9,0],[0,1],[21,1],[0,2],[28,0],[0,3],[6,0],[0,6],[22,1],[1,-38],[-10,0],[0,-3],[-17,-1],[0,-1],[-22,-1],[0,2],[-28,-1],[0,11],[-10,-1],[0,-3],[-37,0],[0,-2],[-22,0],[0,1],[-38,-1],[0,3],[-10,0],[1,-11],[-27,0],[0,-2],[-22,0]],[[66071,89637],[-4,77],[-19,0],[-1,39],[19,1],[-3,77],[25,1],[1,-14],[16,1],[0,-3],[18,0],[1,-2],[30,1],[0,-3],[20,0],[0,-22],[-19,-1],[0,-2],[-30,-1],[0,-2],[-18,-1],[0,-2],[-17,0],[2,-27],[16,0],[0,-2],[18,0],[0,-3],[30,1],[0,-3],[20,1],[1,-23],[-20,0],[1,-2],[-30,-1],[0,-3],[-18,0],[0,-3],[-17,0],[1,-27],[16,0],[1,-2],[18,0],[0,-2],[30,0],[0,-2],[19,0],[1,-22],[-19,-1],[0,-2],[-30,-1],[0,-2],[-18,-1],[0,-3],[-17,0],[1,-13],[-25,-1]],[[63836,96046],[-1,39],[214,5],[2,-40],[-215,-4]],[[65454,60930],[152,3],[1,-27],[-8,0],[1,-18],[8,0],[1,-27],[-152,-3],[-3,72]],[[70275,76361],[-1,19],[6,0],[-5,101],[-4,0],[-1,17],[46,1],[0,-18],[-5,0],[5,-100],[6,0],[1,-18],[-48,-2]],[[74867,55853],[-1,37],[156,4],[0,-83],[-153,-2],[-2,44]],[[17893,87360],[-4,122],[17,1],[0,6],[-18,14],[30,25],[2,-1],[2,2],[18,-16],[6,0],[-1,16],[161,3],[1,-44],[-154,-3],[-6,-5],[4,-119],[-58,-1]],[[71620,70625],[-7,1],[-2,2],[-38,-2],[-4,4],[1,5],[3,1],[0,19],[-4,3],[0,5],[4,3],[-4,2],[0,5],[3,2],[0,19],[-3,2],[-1,5],[3,3],[-3,2],[-1,4],[3,4],[0,18],[-4,2],[0,5],[4,3],[-4,3],[0,4],[3,3],[-1,19],[-3,2],[-1,4],[3,4],[37,0],[3,3],[7,0],[3,-2],[34,0],[2,3],[7,0],[1,-3],[3,0],[1,-29],[3,-2],[0,-5],[-3,-2],[0,-14],[-24,-1],[0,27],[-11,0],[0,-9],[-18,0],[-5,-2],[-12,0],[-4,-3],[3,-3],[13,1],[4,-2],[19,0],[1,-29],[-18,0],[-4,-2],[-13,0],[-3,-3],[3,-3],[12,1],[4,-2],[20,1],[1,-31],[-18,0],[-5,-2],[-12,0],[-3,-3],[4,-3],[13,1],[1,-2],[21,1],[1,-8],[10,-1],[-1,27],[24,0],[0,-14],[3,0],[1,-7],[-3,-2],[0,-29],[-5,-2],[-4,0],[-3,3],[-34,-1],[-3,-3]],[[69975,63654],[2,73],[21,0],[0,-7],[119,-1],[2,-63],[-144,-2]],[[49545,83345],[92,1],[5,-90],[-94,-2],[-3,91]],[[90284,30847],[0,22],[30,0],[0,2],[8,0],[0,-2],[50,2],[0,1],[8,0],[0,-1],[41,0],[0,8],[-1,8],[-39,-1],[0,-1],[-9,1],[-89,-2],[-1,45],[36,2],[2,-1],[50,1],[0,1],[8,0],[0,13],[-9,0],[0,2],[-50,-2],[-38,0],[-1,45],[128,2],[13,-23],[-16,-5],[-9,-1],[-4,8],[-86,-1],[0,-5],[82,2],[5,-10],[10,1],[1,-47],[-95,-1],[0,-5],[142,2],[6,-10],[1,-20],[7,0],[1,-25],[-156,-2],[0,-3],[-26,0]],[[73646,60536],[2,-53],[-94,-2],[-2,54],[94,1]],[[58424,70602],[1,-20],[-17,0],[-1,19],[-150,-3],[-2,61],[369,8],[3,-60],[-203,-5]],[[73552,60119],[-4,92],[95,2],[4,-91]],[[87360,30990],[-1,34],[76,2],[0,7],[3,0],[-1,6],[-53,-1],[1,-5],[-26,0],[-2,42],[26,0],[1,-6],[53,2],[-1,6],[23,0],[2,-85],[-101,-2]],[[71748,65793],[-89,-2],[-2,73],[89,2],[2,-73]],[[63137,77951],[264,5],[10,-5],[2,-34],[-104,-6],[3,-45],[-56,-5],[-119,1],[0,89]],[[63137,77951],[-2,0],[2,1],[0,-1]],[[42038,81349],[-97,60],[33,34],[38,-23],[-2,31],[34,0],[4,-99],[-10,-3]],[[75059,55339],[156,3],[1,-36],[-157,-2],[0,35]],[[72973,60001],[8,-247],[-48,-2],[2,-3],[-34,0],[-8,106],[-10,2],[-6,144],[96,0]],[[69053,63551],[1,11],[11,0],[0,4],[5,6],[5,1],[6,0],[0,-5],[12,0],[0,5],[13,0],[-1,-5],[13,0],[0,6],[13,0],[0,-7],[59,1],[-1,7],[38,0],[0,-8],[25,-1],[2,-82],[-152,-3],[0,18],[-22,0],[0,13],[-13,1],[-1,27],[-7,1],[-1,10],[-5,0]],[[71306,65944],[174,2],[2,-73],[-175,-2],[-1,73]],[[70516,65555],[-3,73],[96,2],[2,-72],[-95,-3]],[[67211,86451],[-1,43],[12,0],[0,-4],[47,1],[0,6],[92,2],[-1,2],[25,0],[0,-6],[6,0],[1,-27],[-7,0],[0,-6],[-23,-1],[0,2],[-60,-1],[0,-5],[-67,-2],[0,-3],[-24,-1]],[[70707,65560],[-3,72],[140,2],[2,-73],[-139,-2],[0,1]],[[70979,66376],[-1,53],[204,6],[4,-74],[-191,-5],[-16,20]],[[62521,70541],[-7,178],[48,1],[0,-3],[72,1],[7,-175],[-120,-2]],[[65710,91731],[0,4],[-22,-1],[-1,5],[-8,0],[0,-5],[-74,-2],[0,13],[-8,0],[-2,56],[20,2],[3,-1],[10,0],[1,-24],[-4,-2],[1,-6],[3,-3],[0,-4],[-3,-3],[1,-8],[28,0],[0,9],[-4,2],[0,5],[3,2],[0,7],[-4,1],[0,24],[9,0],[5,2],[8,-2],[11,1],[0,1],[48,1],[0,-3],[4,0],[3,-2],[0,-6],[-2,-2],[-5,0],[1,-5],[4,0],[2,-3],[1,-5],[-2,-2],[-5,0],[1,-17],[4,0],[3,-2],[0,-6],[-2,-2],[-5,0],[0,-5],[5,0],[2,-2],[1,-5],[-3,-1],[-4,-1],[1,-4],[-25,-1]],[[70391,74629],[-33,52],[100,36],[-8,12],[39,14],[-11,17],[51,19],[20,-30],[-5,-2],[12,-19],[-6,-3],[6,-8],[12,5],[0,10],[7,1],[2,-48],[-7,1],[-3,4],[-176,-61]],[[61230,87730],[-8,193],[72,2],[8,-194],[-72,-1]],[[67312,62483],[7,-129],[-121,-2],[-3,63],[-120,-2],[-6,156],[90,2],[5,-92],[148,4]],[[71224,72582],[-2,42],[37,1],[-2,38],[-52,-1],[-16,31],[0,4],[2,6],[64,1],[0,9],[58,1],[5,-130],[-94,-2]],[[59839,83811],[-3,2],[-8,0],[-3,75],[8,0],[3,2],[5,0],[2,-1],[119,2],[0,3],[31,0],[1,-30],[-145,-3],[1,-20],[145,3],[1,-30],[-30,-1],[0,3],[-118,-2],[-4,-3],[-5,0]],[[67892,75643],[91,2],[7,-121],[-93,-2],[-2,38],[23,0],[-1,12],[-12,-1],[-2,27],[13,1],[-1,12],[-22,-1],[-1,33]],[[83230,42386],[5,-4],[13,0],[4,-3],[16,0],[4,4],[8,0],[4,-3],[19,0],[3,3],[8,0],[4,-3],[25,1],[0,-11],[8,0],[1,-12],[-8,0],[1,-10],[-2,0],[0,-4],[-44,-1],[0,4],[-48,-1],[0,3],[-45,-1],[-3,2],[-1,7],[-11,0],[-2,1],[-3,77],[3,2],[9,1],[0,2],[3,2],[45,1],[0,3],[95,2],[1,-11],[7,0],[1,-13],[-9,0],[0,-10],[-24,0],[-3,-3],[-7,0],[-3,2],[-23,0],[-2,-2],[-6,0],[-3,2],[-19,-1],[-3,-2],[-13,0],[-6,-5],[1,-19]],[[81689,43078],[-1,18],[4,0],[0,8],[4,0],[-1,14],[-3,0],[-5,172],[87,2],[6,-172],[-4,0],[1,-16],[4,0],[0,-7],[3,0],[1,-17],[-37,-1],[-1,40],[4,0],[0,14],[-3,0],[0,6],[2,0],[-2,68],[-2,0],[0,6],[3,0],[-2,58],[-31,-1],[2,-57],[2,0],[0,-8],[-2,0],[2,-66],[2,0],[0,-7],[-2,0],[1,-13],[4,0],[1,-40],[-37,-1]],[[68168,65972],[-4,73],[138,4],[3,-73],[-137,-4]],[[66231,86047],[-1,54],[-8,0],[0,8],[8,1],[-2,69],[89,1],[4,-131],[-90,-2]],[[80880,42755],[-3,0],[0,17],[3,0],[-1,18],[146,2],[0,-8],[78,1],[1,-44],[-104,-1],[0,7],[-30,-1],[0,-3],[-18,0],[0,14],[-4,0],[0,7],[4,0],[-1,22],[-20,0],[1,-48],[-51,-1],[-1,18]],[[80878,42811],[21,0],[0,2],[29,1],[0,-3],[17,0],[0,3],[32,0],[0,-1],[18,0],[0,1],[32,1],[0,-2],[13,1],[0,1],[55,1],[3,2],[-1,22],[-4,3],[-197,-3],[-1,3],[-18,0],[-1,21],[252,4],[2,-70],[-252,-5],[0,18]],[[68165,61458],[-4,92],[113,2],[3,-92],[-112,-2]],[[68844,34886],[1,-16],[-9,-1],[-1,3],[-117,-1],[-2,3],[-47,-2],[1,-3],[-10,0],[-2,16],[-7,-1],[-1,23],[202,4],[1,-22],[-9,-3]],[[67838,81693],[-2,21],[31,1],[1,-4],[11,0],[0,-10],[-3,0],[1,-10],[7,0],[0,-9],[-3,0],[3,-66],[4,0],[0,5],[26,1],[0,-6],[4,0],[-3,66],[-3,0],[0,9],[7,0],[0,12],[-3,0],[0,9],[11,0],[0,5],[35,0],[1,-22],[-11,0],[0,-3],[9,0],[1,-23],[-9,0],[1,-31],[8,0],[1,-20],[-9,-1],[1,-9],[-14,0],[0,-17],[-23,-1],[0,-3],[-30,-1],[0,3],[-20,0],[-1,18],[-20,0],[-3,86],[-6,0]],[[60430,70614],[-6,157],[96,3],[5,-158],[-95,-2]],[[64333,96559],[-4,0],[0,8],[-3,0],[-1,15],[27,1],[3,2],[6,0],[2,-2],[70,2],[-1,20],[4,0],[0,3],[-121,-4],[-1,6],[-2,0],[-1,14],[144,4],[21,-64],[-23,-1],[0,3],[-78,-2],[1,-6],[102,1],[17,-54],[1,-9],[-23,-1],[0,3],[-82,-3],[0,-2],[-39,-1],[0,8],[-3,0],[-1,14],[26,1],[4,3],[4,0],[3,-4],[79,2],[0,2],[-9,0],[-1,20],[4,0],[0,2],[-120,-3],[-1,12],[-4,0],[0,10]],[[57962,81845],[2,19],[12,1],[-2,14],[21,1],[-2,25],[10,0],[-1,11],[-3,-1],[-1,6],[5,0],[0,8],[74,1],[0,-4],[11,0],[2,-12],[-4,0],[1,-7],[2,0],[1,-12],[-11,0],[0,-5],[-10,0],[4,-83],[9,1],[1,-5],[11,0],[1,-13],[-3,0],[0,-6],[2,0],[2,-12],[-9,-1],[1,-4],[-77,-1],[0,4],[-10,0],[-3,45],[-21,-1],[-1,15],[-10,0],[-4,16]],[[67068,86319],[-2,69],[-5,0],[-1,16],[114,2],[1,-15],[-7,0],[3,-69],[-37,-2],[-2,62],[-28,-1],[3,-61],[-39,-1]],[[66910,27219],[215,4],[2,-43],[-214,-5],[-3,44]],[[69985,27886],[90,3],[0,-35],[-38,-1],[-1,-29],[33,-1],[2,-35],[-34,-2],[2,-28],[37,0],[2,-35],[-88,-1],[-5,164]],[[63720,98338],[-23,76],[-11,-2],[-7,24],[70,1],[8,-23],[-13,-3],[2,-6],[-12,-3],[1,-6],[12,2],[8,-24],[-12,-3],[3,-6],[11,2],[3,-8],[3,1],[6,-21],[-49,-1]],[[73242,69281],[-1,39],[111,2],[1,-39],[-111,-2]],[[57901,81745],[3,0],[-1,8],[51,1],[0,-5],[7,0],[3,-37],[-4,0],[1,-32],[93,0],[-1,3],[48,1],[0,-8],[8,-1],[3,-37],[-12,0],[0,-2],[-44,-2],[2,3],[-96,-1],[0,-3],[-59,-3],[0,21],[3,0],[-2,61],[-2,0],[-1,33]],[[73515,68621],[0,3],[-68,0],[-3,84],[58,1],[1,-36],[14,0],[1,-12],[73,2],[1,-36],[-60,-1],[0,-5],[-17,0]],[[59561,62044],[3,-89],[-124,-3],[-1,2],[-2,0],[-1,25],[2,0],[0,2],[-2,0],[-1,12],[3,0],[0,2],[-2,0],[-1,20],[2,0],[0,1],[-2,0],[-1,22],[2,0],[0,2],[125,4]],[[68260,64976],[37,33],[-1,33],[150,3],[8,-182],[-1,-1],[-5,-3],[-4,1],[-4,4],[-79,49],[-2,55],[8,15],[-8,3],[-4,-7],[-7,0],[1,-10],[-67,-3],[-10,8],[-9,-1],[-3,3]],[[67488,62771],[59,2],[-2,61],[62,1],[7,-194],[-122,-2]],[[53071,59157],[122,3],[4,-93],[-203,-4],[-4,92],[81,2]],[[67750,56600],[0,68],[206,0],[-1,-68],[-205,0]],[[89215,33328],[-1,27],[11,0],[0,16],[-15,0],[0,10],[4,0],[0,11],[-4,0],[-1,19],[33,0],[1,-5],[10,0],[0,-5],[9,0],[3,-74],[-3,0],[0,-5],[-46,-1],[-1,7]],[[75534,55118],[-57,-1],[-5,146],[171,3],[3,-117],[-112,-4],[0,-27]],[[61185,80652],[-8,195],[153,3],[7,-195],[-83,-2],[-4,91],[39,1],[-1,7],[-45,-1],[4,-97],[-62,-2]],[[74369,57686],[164,4],[2,-60],[-164,-3],[-2,59]],[[74835,56870],[0,16],[97,2],[0,-16],[-15,0],[0,5],[-20,-1],[1,-4],[-30,-1],[0,5],[-18,-1],[0,-5],[-15,0]],[[68040,48473],[-4,103],[137,2],[3,-96],[-44,-1],[1,-6],[-93,-2]],[[53177,90692],[-117,69],[9,9],[-3,2],[48,47],[46,-27],[-2,-2],[31,-19],[2,2],[45,-27],[-15,-14],[-2,1],[-42,-41]],[[68195,60722],[-6,147],[113,3],[6,-147],[-113,-3]],[[66833,63379],[-104,-2],[-2,56],[111,2],[2,-47],[-7,-9]],[[70773,72121],[-3,52],[65,1],[2,-52],[-64,-1]],[[75174,50873],[0,4],[-8,0],[0,13],[-5,0],[0,18],[5,0],[0,13],[7,0],[0,4],[175,4],[0,-4],[8,0],[1,-13],[4,0],[1,-18],[-5,-1],[0,-12],[-7,0],[0,-5],[-176,-3]],[[61302,81482],[-137,-3],[-2,86],[137,4],[2,-87]],[[74566,64995],[0,-11],[26,0],[5,-115],[-159,-6],[6,-84],[-71,-3],[-3,41],[-55,-2],[-3,85],[56,2],[-1,33],[131,3],[-3,55]],[[69552,62842],[46,1],[1,-25],[-145,-4],[-1,26],[99,2]],[[75051,50613],[-1,24],[48,1],[1,-24],[-48,-1]],[[66058,89491],[17,0],[1,3],[2,1],[15,1],[3,-3],[16,0],[2,-6],[4,0],[0,9],[40,1],[1,-10],[4,0],[0,7],[15,1],[1,-7],[4,3],[5,3],[6,0],[5,-2],[2,-2],[0,-11],[-2,-2],[-7,-3],[9,0],[1,-14],[-6,0],[3,-22],[-5,1],[0,-5],[9,-1],[1,-29],[-6,0],[0,-14],[-136,-2],[-4,103]],[[70709,73687],[0,-24],[33,0],[2,-61],[-9,0],[9,-20],[1,-33],[-10,-6],[-4,0],[-9,0],[-9,4],[-18,1],[-30,-3],[-7,-3],[-6,-1],[-6,1],[-9,4],[-3,5],[1,8],[6,8],[-8,7],[-17,9],[-23,7],[0,-5],[-3,-4],[-8,-3],[-4,-1],[-8,1],[-7,3],[-4,6],[1,9],[-3,6],[-14,21],[-7,4],[-3,4],[-1,7],[1,6],[132,45],[-1,15],[92,3],[1,-20],[-48,0]],[[92925,30048],[87,-90],[-46,-25],[43,-44],[49,26],[17,-18],[-11,-8],[26,-26],[-86,-47],[-16,17],[-13,-7],[-113,118],[13,7],[-17,17],[-39,-23],[-39,40],[52,27],[10,-12],[83,48]],[[70161,78685],[-6,6],[-6,-1],[-3,6],[4,3],[-5,5],[-33,-1],[-2,-4],[-3,-1],[-8,0],[-2,5],[0,27],[83,1],[9,-11],[-5,-2],[15,-32],[-38,-1]],[[66616,77709],[0,-55],[-10,1],[1,-54],[8,0],[3,-51],[-101,-3],[-6,160],[105,2]],[[69940,60401],[-2,39],[308,6],[1,-39],[-307,-6]],[[65826,59468],[-2,72],[263,6],[2,-72],[-42,-1],[-1,16],[-9,0],[1,-15],[-14,0],[-1,14],[-8,0],[0,-16],[-189,-4]],[[75102,51559],[-3,58],[118,3],[3,-57],[-118,-4]],[[73798,67012],[0,12],[26,0],[0,8],[-3,0],[-1,21],[53,0],[2,-73],[-76,-1]],[[67748,79866],[43,1],[2,-38],[-95,-2],[0,-1],[-6,0],[-1,8],[4,0],[-2,31],[55,1]],[[70854,53851],[-66,77],[183,91],[7,-8],[4,-109],[-48,-1],[0,-9],[-22,0],[0,9],[-14,-8],[12,-15],[-56,-27]],[[73576,69429],[-4,72],[86,3],[1,-18],[6,0],[2,-36],[-11,-1],[1,-18],[-81,-2]],[[61270,52515],[-5,165],[147,3],[5,-166],[-147,-2]],[[61703,74900],[22,3],[0,-20],[163,3],[66,1],[3,-74],[-233,-3],[-21,90]],[[61855,74878],[-19,0],[2,-56],[19,0],[0,-8],[23,0],[-3,66],[-22,0],[0,-2]],[[52587,96618],[-25,0],[1,82],[24,0],[0,-4],[179,-1],[0,-18],[-5,0],[0,-21],[-145,0],[-1,-34],[-28,0],[0,-4]],[[26137,89558],[-26,0],[0,69],[11,0],[0,17],[-15,0],[0,4],[-66,0],[0,-4],[-35,0],[0,-13],[18,0],[0,-23],[-49,0],[0,26],[12,0],[0,11],[-73,0],[-1,27],[73,0],[0,-5],[13,0],[0,39],[-7,0],[0,48],[31,0],[0,-42],[16,0],[0,-33],[68,1],[0,38],[17,0],[0,8],[21,0],[0,27],[38,0],[0,-37],[-32,-1],[0,-70],[-14,0],[0,-6],[6,0],[0,-13],[-6,0],[0,-68]],[[51161,86858],[-2,82],[71,1],[1,-17],[9,0],[0,13],[24,0],[0,-12],[11,0],[0,17],[71,1],[3,-82],[-188,-3]],[[51295,87140],[0,1],[-7,0],[0,10],[6,0],[0,8],[-8,0],[0,9],[8,0],[0,2],[55,1],[0,-3],[10,0],[0,-8],[10,0],[0,-7],[-10,0],[0,-9],[-8,0],[0,-3],[-56,-1]],[[52069,86695],[2,0],[-4,102],[118,2],[11,-283],[-121,-2],[-6,181]],[[65496,93640],[-1,53],[13,1],[0,3],[230,3],[0,-3],[12,1],[1,-52],[-12,0],[0,-3],[-243,-3]],[[65075,93947],[6,-6]],[[65081,93941],[5,-11]],[[65086,93930],[-7,-3]],[[65079,93927],[-79,-36],[-21,27],[-12,-5],[-18,24],[10,5],[-66,84],[-10,-5],[-19,24],[10,5],[-8,12],[77,35],[8,-12],[12,5],[18,-24],[-10,-4],[65,-85],[12,5],[27,-35]],[[65079,94148],[0,8],[-83,-1],[-1,15],[-56,-2],[1,-10],[-131,-3],[-4,100],[131,2],[1,-10],[53,1],[0,11],[87,2],[0,-12],[29,1],[4,-102],[-31,0]],[[73750,66481],[4,-55],[-1,-11],[-133,-4],[-4,66],[134,4]],[[65694,93993],[-28,58],[-6,-1],[-9,18],[5,1],[-31,65],[105,29],[5,-10],[39,11],[3,-6],[2,1],[28,-58],[45,12],[7,-15],[5,1],[13,-27],[-4,-2],[7,-15],[-76,-21],[2,-4],[-51,-14],[-4,8],[-21,-6],[7,-13],[-43,-12]],[[64795,94323],[-1,27],[24,1],[0,2],[10,0],[0,-2],[22,0],[-2,53],[-12,-1],[0,-1],[-61,-2],[-1,18],[16,0],[0,23],[12,0],[0,3],[10,0],[0,-2],[59,1],[-2,53],[-47,-1],[0,-3],[-10,0],[0,2],[-25,0],[-1,26],[116,4],[9,-198],[-116,-3]],[[65394,93123],[-1,22],[-5,3],[-4,131],[5,3],[20,1],[5,-4],[13,1],[1,-8],[41,2],[-1,19],[-11,0],[-1,10],[3,0],[-2,30],[-6,0],[-4,-5],[-54,-1],[-8,6],[0,25],[7,7],[9,0],[14,4],[11,-1],[8,-3],[10,0],[8,-6],[15,3],[13,1],[5,3],[20,0],[4,-3],[5,-132],[-5,-2],[-6,0],[2,-38],[6,0],[4,-3],[2,-48],[-40,-1],[0,-14],[-83,-2]],[[65818,93258],[5,-193],[-60,-2],[2,14],[12,0],[0,12],[-14,1],[-1,21],[15,0],[-1,145],[42,2]],[[65075,93947],[21,6],[-54,110],[14,4],[-4,8],[-2,0],[3,3],[-4,2],[9,15],[3,-1],[2,3],[131,37],[5,-1],[1,2],[19,-7],[-1,-1],[4,-2],[5,-9],[13,3],[57,-118],[-29,-8],[11,-24],[-23,-13],[1,-4],[-85,-24],[-2,3],[-29,-1],[-12,24],[-29,-8],[-1,1],[-18,-6]],[[65166,93320],[1,39],[76,0],[6,4],[6,-2],[3,-6],[-2,-6],[5,-98],[40,-1],[2,-37],[-29,0],[0,-15],[-34,0],[1,-5],[-48,0],[-2,46],[-20,1],[-1,54],[37,0],[-2,25],[-39,1]],[[81150,45920],[-111,-38],[-45,74],[116,36],[40,-72]],[[45912,75532],[-15,399],[-2,0],[0,31],[40,1],[0,-31],[-10,0],[0,-11],[30,-1],[0,2],[79,2],[5,-98],[43,0],[32,-61],[1,-21],[6,0],[10,-41],[3,-65],[30,0],[2,-48],[-31,-2],[4,-42],[-10,-1],[0,-10],[-217,-3]],[[83700,37278],[0,18],[-49,-1],[0,-1],[-17,0],[0,8],[-13,-1],[0,17],[11,0],[-2,49],[-5,0],[0,2],[-3,0],[-1,23],[82,2],[0,-2],[20,0],[0,2],[4,0],[0,3],[9,1],[0,-4],[123,3],[-1,6],[18,0],[3,-74],[2,0],[2,-49],[-36,-1],[0,1],[-9,0],[0,1],[-24,0],[0,2],[-10,-1],[-3,-2],[-7,0],[-1,1],[-93,-3]],[[69545,76511],[-1,28],[13,0],[-1,14],[-12,0],[-1,27],[11,1],[0,13],[-12,0],[-2,28],[123,3],[1,-29],[-11,0],[1,-13],[11,0],[1,-28],[-11,0],[1,-14],[12,1],[1,-27],[-124,-4]],[[68416,31999],[107,3],[0,-4],[32,0],[0,5],[103,2],[4,-70],[-243,-5],[-3,69]],[[78104,41301],[-1,36],[-15,0],[1,-12],[-49,0],[0,7],[-7,0],[-1,31],[48,1],[0,16],[9,0],[0,6],[40,1],[1,-42],[23,0],[1,-37],[-11,0],[0,-6],[-39,-1]],[[60945,78694],[-2,63],[-9,-1],[-1,28],[472,10],[3,-91],[-162,-4],[-1,26],[-20,0],[0,-12],[-37,0],[-1,11],[-18,0],[1,-25],[-225,-5]],[[66607,84183],[-4,95],[50,1],[0,-10],[-9,0],[2,-66],[10,1],[-1,6],[8,0],[-2,55],[6,0],[-1,11],[11,0],[0,5],[92,2],[0,-5],[18,0],[0,-10],[5,0],[2,-55],[14,0],[-2,56],[6,0],[0,9],[10,0],[0,5],[92,2],[0,-5],[17,0],[1,-10],[4,0],[3,-55],[7,0],[0,6],[3,0],[0,2],[10,0],[0,-5],[23,0],[0,9],[-14,-1],[-1,12],[-6,0],[-1,19],[5,0],[0,6],[-16,-1],[-1,23],[42,0],[0,-3],[10,1],[1,-27],[-5,0],[1,-17],[6,0],[1,-44],[-14,0],[0,-4],[-32,-1],[0,4],[-12,0],[0,-4],[-44,-1],[-1,25],[-8,0],[0,10],[7,0],[0,12],[-7,0],[0,12],[-4,0],[-1,7],[12,0],[-1,12],[-12,-1],[0,-1],[-31,-1],[0,2],[-13,0],[1,-12],[12,0],[0,-7],[-6,0],[0,-11],[-6,0],[1,-13],[7,0],[0,-10],[-6,0],[0,-24],[-90,-2],[-1,24],[-7,0],[0,10],[7,0],[0,13],[-6,0],[-1,11],[-4,0],[-1,8],[12,0],[-1,11],[-12,0],[0,-2],[-31,-1],[0,2],[-12,0],[0,-12],[11,0],[1,-7],[-6,0],[0,-11],[-5,0],[0,-13],[7,1],[1,-10],[-8,0],[1,-25],[-94,-3]],[[69052,79764],[-5,0],[-3,4],[-9,-3],[-53,86],[89,30],[36,-62],[10,3],[-37,63],[84,28],[40,-68],[3,1],[10,-17],[-7,-3],[2,-3],[-1,-3],[-6,-2],[-4,1],[-3,3],[-9,-3],[-8,11],[-4,0],[-4,5],[1,2],[-4,7],[-3,1],[-3,4],[0,4],[-6,11],[-6,2],[-2,5],[1,3],[-4,6],[2,1],[-4,4],[-24,-8],[4,-9],[4,-2],[3,-4],[-1,-5],[7,-12],[4,-1],[3,-5],[0,-4],[4,-6],[2,-1],[2,-3],[-1,-3],[8,-13],[-9,-4],[1,-3],[-2,-3],[-5,-2],[-4,0],[-2,3],[-19,-6],[-2,-6],[-6,-3],[-5,1],[-3,4],[-7,-3],[-8,11],[-5,1],[-4,3],[1,2],[-3,6],[-3,2],[-3,4],[1,4],[-8,13],[-4,2],[-4,4],[1,2],[-6,11],[-23,-8],[4,-9],[3,-1],[3,-5],[-2,-4],[9,-13],[4,0],[3,-6],[-1,-3],[5,-6],[2,0],[3,-5],[-2,-2],[6,-13],[-9,-4],[2,-3],[-2,-4],[-5,-2]],[[71036,68272],[0,-3],[14,0],[0,-3],[34,0],[0,4],[20,0],[2,-14],[-4,0],[0,-30],[3,1],[1,-14],[-21,-1],[0,4],[-31,0],[0,-5],[-15,0],[0,-2],[-48,0],[0,1],[-15,0],[1,4],[-34,-1],[0,-4],[-16,0],[-1,14],[2,-1],[-2,30],[-3,1],[1,13],[17,0],[0,-3],[34,1],[-1,4],[14,-1],[0,3],[48,2]],[[56240,83490],[-4,91],[104,3],[0,-8],[57,1],[0,7],[68,1],[1,-3],[26,1],[3,-85],[-151,-4],[-1,4],[-10,-1],[0,-4],[-93,-3]],[[56872,70556],[-3,65],[58,1],[-3,86],[-40,0],[0,7],[-67,-1],[-2,51],[68,1],[0,-6],[36,1],[0,15],[65,1],[8,-218],[-120,-3]],[[53262,73630],[4,-89],[-266,-5],[-3,95],[265,5],[0,-6]],[[73724,59139],[0,4],[-10,8],[-3,53],[-20,-2],[-2,-1],[-7,0],[-2,2],[-27,-1],[-2,-2],[-7,0],[-3,2],[-27,0],[-3,-2],[-18,3],[-3,11],[3,2],[-1,22],[-3,1],[1,5],[2,2],[-1,3],[5,3],[4,0],[2,1],[7,1],[3,-2],[26,0],[2,2],[7,1],[3,-2],[27,0],[3,2],[6,1],[12,-4],[0,-5],[2,-1],[0,-5],[-2,-1],[0,-6],[38,1],[-2,23],[60,2],[4,-120],[-74,-1]],[[70381,77364],[-32,-1],[-2,73],[42,1],[1,-20],[50,1],[1,-33],[-51,-1],[1,-20]],[[67734,65317],[5,8],[127,3],[2,-48],[30,1],[3,-13],[16,-1],[2,-28],[-17,-1],[0,-13],[-33,0],[-1,16],[-3,1],[-8,-6],[-123,81]],[[30720,90363],[-40,23],[-7,-7],[-42,24],[5,4],[-49,28],[26,26],[-9,5],[-4,-5],[-27,15],[19,20],[25,-14],[-1,-2],[9,-5],[1,1],[13,-7],[-3,-3],[17,-10],[7,7],[-4,2],[29,30],[24,-14],[-2,-2],[24,-13],[-19,-20],[68,-39],[-16,-16],[4,-2],[-9,-9],[-11,6],[-21,-22],[-4,2],[-3,-3]],[[73023,31942],[-2,44],[-92,-2],[0,6],[-17,0],[-1,45],[7,6],[32,0],[6,-5],[6,0],[0,-7],[58,1],[-3,62],[22,1],[0,-2],[9,0],[0,2],[22,1],[1,-33],[5,0],[1,-20],[6,1],[2,-63],[-5,0],[2,-33],[-22,0],[0,-3],[-37,-1]],[[65726,61269],[-3,-2],[3,-1],[0,-13],[-15,-1],[1,-11],[15,-1],[2,-36],[-70,0],[-5,85],[73,1],[-1,-21]],[[74292,66929],[74,3],[6,-13],[22,0],[-1,14],[92,1],[0,-3],[66,1],[0,2],[18,1],[0,-7],[13,0],[1,-32],[-13,0],[0,-7],[-75,-2],[2,-74],[64,1],[0,11],[27,1],[0,-4],[3,-1],[0,-6],[-1,-1],[2,-30],[-2,-2],[0,-4],[-131,-3],[0,3],[-36,-1],[-57,-3],[-26,73],[-34,64],[-5,-1]],[[73721,66596],[15,0],[1,-24],[6,0],[-1,26],[13,1],[2,-51],[-9,0],[0,-3],[-5,0],[-1,2],[-19,-1],[-2,50]],[[72525,59117],[-212,-1],[-7,184],[209,5],[10,-188]],[[61588,72633],[-110,62],[-1,40],[-69,-1],[-108,62],[12,12],[-1,6],[283,7],[6,-143],[-17,-19],[20,-12],[-15,-14]],[[74524,63405],[-118,-1],[-5,115],[120,1],[3,-115]],[[60144,74142],[-42,26],[-21,-20],[-356,248],[10,9],[-69,43],[27,25],[32,-20],[-8,-7],[6,-4],[30,28],[-38,24],[7,7],[19,12],[65,-39],[-37,-36],[66,-40],[141,131],[-5,2],[42,40],[6,-3],[14,14],[171,-58],[65,-40],[28,-38],[-66,-60],[46,-28],[-45,-42],[57,-35],[0,-4],[-145,-135]],[[71698,62515],[-59,0],[-1,48],[60,0],[0,-48]],[[49721,54527],[-9,15],[2,1],[-7,12],[-3,-1],[-8,14],[21,8],[8,-12],[-2,-4],[6,-9],[5,-2],[9,-14],[-22,-8]],[[47812,69710],[-59,-1],[-5,69],[65,-1],[-1,-67]],[[52294,81845],[-1,17],[-8,-1],[-7,5],[-1,23],[4,2],[38,2],[2,-32],[39,2],[1,-15],[-67,-3]],[[39958,63884],[142,2],[7,-127],[-143,-4],[-6,129]],[[65086,93930],[14,-30],[9,3],[77,-157],[-10,-3],[-8,14],[-98,-28],[-70,142],[62,18],[-6,9],[32,10],[-9,19]],[[72163,65884],[1,-35],[-103,0],[-1,33],[103,2]],[[72445,66361],[0,6],[5,0],[-1,10],[-5,0],[-1,71],[95,2],[1,-14],[26,0],[1,-23],[8,0],[1,-17],[-57,-1],[1,-16],[-3,0],[0,-16],[-71,-2]],[[52101,65983],[-18,386],[6,0],[-2,33],[-5,3],[-8,183],[99,2],[-1,8],[40,1],[24,-16],[-1,-1],[35,-23],[1,1],[27,-18],[-9,-8],[11,-7],[21,-534],[-152,-5],[0,-3],[-68,-2]],[[69313,61362],[1,-80],[-168,-2],[-2,119],[167,3],[2,-40]],[[60275,70609],[-3,73],[154,5],[3,-74],[-154,-4]],[[79850,35014],[-2,79],[120,2],[1,-32],[-68,-1],[0,-15],[70,1],[0,-33],[-121,-1]],[[75293,55947],[-6,199],[139,2],[6,-199],[-139,-2]],[[31596,82114],[-1,6],[-5,0],[-1,13],[6,1],[-1,23],[-5,0],[-2,26],[6,0],[-1,23],[-21,0],[1,-5],[-33,-1],[-1,5],[-19,-1],[-2,50],[8,0],[0,5],[17,1],[0,-6],[33,2],[-1,4],[34,1],[0,-5],[48,2],[1,-17],[6,0],[1,-24],[-6,-1],[1,-32],[7,0],[0,-24],[-6,0],[1,-25],[6,0],[1,-13],[-6,0],[0,-6],[-66,-2]],[[66592,62425],[109,1],[1,-18],[-109,-3],[-1,20]],[[73987,56544],[-3,109],[69,-3],[45,2],[3,-106],[-114,-2]],[[72077,65377],[-3,153],[49,1],[0,-6],[25,1],[0,7],[18,0],[0,3],[17,0],[0,-2],[13,0],[0,3],[45,1],[1,-7],[125,1],[3,-151],[-293,-4]],[[73476,50181],[-1,36],[6,0],[-2,87],[-8,-1],[-1,37],[55,1],[5,-159],[-54,-1]],[[82925,40373],[-32,0],[0,44],[-16,0],[0,23],[31,1],[0,-4],[25,0],[0,-14],[-7,0],[-1,-6],[0,-44]],[[68134,64839],[-79,-1],[1,10],[77,1],[1,-10]],[[67330,63695],[-4,143],[120,2],[2,-69],[-7,0],[1,-41],[9,0],[1,-33],[-122,-2]],[[57084,71592],[2,154],[184,3],[4,-155],[-190,-2]],[[87351,31240],[-2,78],[276,5],[0,-11],[-3,0],[0,-9],[4,0],[0,-14],[-3,0],[1,-6],[2,0],[0,-9],[-3,0],[0,-11],[3,0],[1,-19],[-6,0],[0,-3],[-27,0],[0,2],[-14,0],[-1,17],[-24,0],[1,-17],[-205,-3]],[[87559,31266],[18,1],[-1,23],[-17,0],[0,-24]],[[68823,66718],[-384,34],[-5,123],[24,8],[17,3],[53,2],[54,1],[18,-2],[4,11],[-80,-4],[-11,216],[97,2],[0,-4],[10,0],[12,-19],[77,25],[9,0],[6,-3],[104,-189],[-5,-59],[62,-114],[-61,-20],[-1,-11]],[[70322,68493],[-78,-60],[-16,12],[78,60],[16,-12]],[[59513,60313],[103,2],[4,-66],[-4,0],[1,-76],[-99,-2],[-5,142]],[[67501,80861],[-4,102],[24,1],[0,1],[102,3],[0,2],[54,1],[0,-11],[78,2],[4,-95],[-159,-4],[-1,18],[-39,-1],[1,-17],[-60,-2]],[[51133,92170],[14,-10],[27,23],[25,-16],[-26,-25],[32,-21],[-26,-23],[-74,47],[28,25]],[[53794,42032],[0,10],[-4,0],[-2,39],[37,1],[2,-39],[-5,0],[0,-10],[-28,-1]],[[69591,59476],[-4,146],[309,6],[5,-147],[-310,-5]],[[49894,76546],[-90,55],[10,9],[-5,3],[6,6],[5,-3],[56,53],[90,-55],[-72,-68]],[[73494,67779],[2,-23],[-36,-1],[-1,23],[35,1]],[[73327,67851],[-2,45],[137,3],[16,-47],[-151,-1]],[[82953,43373],[22,16],[-3,2],[10,7],[3,-3],[9,6],[-4,3],[10,7],[3,-3],[5,3],[-4,2],[10,7],[3,-3],[15,10],[-3,2],[11,7],[3,-2],[4,2],[-4,3],[11,7],[2,-2],[9,6],[-3,1],[11,8],[2,-2],[4,3],[-4,2],[10,7],[4,-4],[9,6],[-4,3],[9,6],[3,-2],[5,3],[-3,2],[9,6],[2,-1],[10,7],[-2,1],[10,7],[3,-2],[3,2],[-2,2],[9,7],[3,-3],[6,4],[18,-16],[-4,-3],[-2,1],[-188,-130],[2,-1],[-12,-8],[-20,17]],[[82908,43409],[13,8],[3,-2],[199,136],[-1,1],[5,4],[13,-11],[-2,-2],[8,-8],[-16,-11],[-3,3],[-4,-3],[3,-3],[-10,-6],[-3,3],[-10,-7],[3,-3],[-8,-5],[-3,2],[-6,-3],[4,-3],[-9,-6],[-3,3],[-16,-11],[4,-3],[-9,-6],[-3,2],[-5,-4],[2,-2],[-8,-5],[-4,2],[-10,-7],[4,-2],[-9,-6],[-2,2],[-6,-4],[3,-2],[-8,-6],[-4,2],[-16,-11],[3,-2],[-8,-6],[-4,2],[-4,-3],[3,-2],[-10,-7],[-4,3],[-9,-7],[3,-3],[-8,-6],[-3,3],[-24,-16],[-21,18]],[[90554,31420],[0,5],[-11,0],[0,5],[-108,-2],[-1,39],[6,0],[-1,6],[91,1],[0,4],[143,2],[0,-31],[-19,-9],[-8,-1],[0,-4],[-63,-1],[0,-14],[-29,0]],[[58058,71407],[-12,8],[25,23],[-10,7],[8,8],[11,-8],[9,9],[12,-8],[-9,-8],[11,-7],[-9,-8],[-11,7],[-25,-23]],[[55649,42206],[-10,276],[162,3],[9,-276],[-161,-3]],[[68569,63574],[38,1],[0,4],[14,0],[0,-7],[14,0],[2,-44],[-27,0],[-2,21],[-6,0],[0,-3],[-23,-1],[0,10],[-10,0],[0,19]],[[68833,64819],[-6,0],[-2,2],[-63,-2],[-2,44],[58,1],[0,5],[13,0],[0,-4],[3,-4],[6,4],[9,0],[5,-5],[0,5],[15,0],[2,-43],[-36,-2],[-2,-1]],[[66225,88824],[3,-77],[-123,-2],[-2,22],[5,0],[0,39],[-5,0],[0,16],[122,2]],[[57633,81126],[74,2],[5,-55],[-76,-3],[-3,56]],[[57634,81170],[80,0],[1,-38],[-80,-2],[-1,40]],[[57633,81211],[80,1],[0,-37],[-80,-1],[0,37]],[[57630,81301],[76,3],[2,-37],[-77,-4],[-1,38]],[[70342,63658],[0,35],[16,14],[-1,6],[1,2],[12,0],[6,6],[0,7],[10,-1],[14,11],[0,7],[8,2],[4,3],[-1,7],[7,6],[10,-2],[16,12],[53,1],[0,-38],[-17,-14],[2,-5],[-4,-4],[-9,1],[-5,-5],[1,-5],[-4,-3],[-9,1],[-11,-9],[1,-7],[-4,-3],[-8,1],[-6,-4],[2,-6],[-6,-4],[-9,0],[-14,-13],[-55,1]],[[78510,47183],[0,-7],[4,0],[3,-34],[-24,-1],[0,-2],[-5,0],[1,-4],[-16,-1],[0,3],[-11,-1],[0,3],[-10,0],[-5,39],[63,5]],[[74409,63216],[123,2],[1,-35],[-123,-1],[-1,34]],[[69036,75600],[31,11],[-2,2],[54,17],[1,-2],[8,3],[2,4],[4,3],[12,1],[9,-4],[1,-3],[-1,-8],[7,-15],[2,-1],[3,1],[23,-35],[-111,-41],[-12,20],[-3,0],[-28,47]],[[55818,88371],[-1,46],[12,1],[-1,8],[109,2],[0,-9],[12,0],[1,-46],[-42,-1],[-1,23],[-47,-1],[0,-22],[-42,-1]],[[74784,55713],[-159,-3],[-4,107],[159,2],[4,-106]],[[75681,66004],[1,35],[246,6],[5,-153],[-41,-2],[0,-6],[-185,-5],[-11,6],[-4,119],[-11,0]],[[76345,66158],[-3,129],[23,0],[0,13],[123,3],[54,-83],[-31,-1],[0,-21],[46,0],[43,-66],[-229,-5],[-1,31],[-25,0]],[[76025,66175],[78,1],[0,-15],[14,0],[1,-57],[-17,0],[0,9],[-70,0],[1,-10],[-18,0],[-1,57],[12,0],[0,15]],[[75811,66173],[152,2]],[[75963,66175],[1,-75],[-79,-1],[0,10],[-35,0],[0,-9],[-30,0],[0,7],[-33,-1],[1,-9],[-31,-1],[0,6],[-56,0],[0,13],[-8,0],[-3,104],[96,1],[1,-49],[24,1],[0,1]],[[75811,66173],[-1,55],[-9,7],[-69,-1],[1,-3],[-31,0],[0,11],[-14,0],[0,8],[14,0],[-1,28],[41,0],[0,-12],[64,1],[0,21],[45,1],[0,-23],[64,0],[0,13],[42,1],[1,-24],[14,0],[0,-8],[-14,0],[0,-41],[4,0],[1,-32]],[[73913,49257],[-2,1],[-3,86],[1,2],[212,4],[3,-89],[-1,-1],[-210,-3]],[[73973,50259],[-3,2],[-7,210],[2,1],[114,2],[3,0],[7,-212],[-116,-3]],[[73870,50521],[-2,2],[-3,87],[2,1],[209,4],[1,-1],[3,-87],[-2,-2],[-208,-4]],[[73466,49196],[-6,231],[3,0],[0,4],[8,0],[0,-5],[50,1],[5,-230],[-60,-1]],[[73989,49801],[-3,2],[-7,220],[120,2],[7,-221],[-2,-1],[-115,-2]],[[73862,50740],[-2,1],[-2,88],[1,1],[209,4],[1,-1],[3,-87],[-2,-2],[-208,-4]],[[73884,49730],[-5,160],[71,1],[6,-159],[-72,-2]],[[73660,49324],[-6,211],[154,3],[6,-212],[-154,-2]],[[73643,49837],[-9,258],[155,3],[9,-258],[-155,-3]],[[74313,49991],[12,-173],[-67,-7],[-2,114],[57,66]],[[74313,49991],[-23,41],[-39,18],[-2,75],[65,1],[-1,-135]],[[74838,50485],[-3,88],[57,1],[3,-88],[-57,-1]],[[74858,50289],[-4,120],[45,1],[4,-120],[-45,-1]],[[74287,49532],[0,-34],[49,1],[0,-106],[-46,-3],[1,-35],[44,3],[5,-111],[-69,0],[-15,395],[78,2],[2,-112],[-49,0]],[[74392,50755],[-7,206],[110,3],[7,-207],[-110,-2]],[[73919,49049],[210,4],[2,-55],[-210,-4],[-2,55]],[[73965,49101],[-24,0],[-2,53],[164,2],[2,-52],[-94,-2],[1,-46],[-46,-1],[-1,46]],[[73950,48784],[-2,73],[165,2],[2,-73],[-165,-2]],[[73456,49482],[-6,136],[-3,0],[-2,43],[67,2],[2,-44],[-3,0],[2,-44],[4,0],[1,-83],[-9,0],[1,-9],[-54,-1]],[[59696,75782],[-40,29],[34,27],[0,5],[-57,42],[-6,-1],[-34,-26],[-84,60],[-15,-11],[-19,13],[14,12],[-16,12],[19,14],[16,-11],[14,11],[20,-14],[-14,-11],[64,-46],[37,29],[42,-31],[12,10],[19,-14],[-12,-10],[41,-30],[-36,-29],[21,-15],[-20,-15]],[[59347,76035],[-16,11],[-14,-11],[-20,15],[15,11],[-84,60],[34,27],[1,5],[-58,42],[-6,0],[-35,-27],[-39,28],[19,15],[19,-14],[37,29],[42,-30],[12,9],[20,-14],[-12,-10],[42,-30],[-37,-29],[64,-46],[14,11],[20,-14],[-14,-12],[15,-11],[-19,-15]],[[65032,88781],[85,2],[1,-56],[-84,-2],[-2,56]],[[66547,61744],[2,-26],[-169,-3],[-2,25],[169,4]],[[66229,61762],[-86,-2],[0,-24],[164,2],[-1,25],[-39,0],[0,26],[22,-1],[-1,4],[22,0],[1,-3],[11,-1],[0,-8],[15,-1],[2,-57],[-14,0],[0,-11],[-196,-4],[-2,10],[-10,1],[-2,57],[14,1],[1,9],[70,2],[-2,25],[-111,-4],[0,-16],[19,-1],[3,-85],[-47,0],[-5,129],[171,3],[1,-76]],[[66396,61812],[-108,-2],[0,7],[-2,0],[0,20],[123,2],[1,-22],[-16,0],[2,-5]],[[83958,37265],[-2,74],[42,1],[0,-13],[102,2],[2,-62],[-42,-1],[-1,35],[-3,-1],[0,-1],[-53,-1],[0,1],[-4,0],[1,-33],[-42,-1]],[[67641,83801],[1,-4],[-9,0],[3,-4],[1,-5],[-4,-4],[-9,0],[-4,3],[-1,4],[-27,-21],[21,-15],[-2,-1],[4,-4],[-11,-9],[10,-8],[-16,-12],[-8,3],[-4,-4],[-19,13],[-7,-6],[-64,-1],[-2,44],[-17,11],[-23,0],[-1,6],[3,1],[-2,40],[-2,0],[0,5],[2,0],[0,8],[28,1],[0,12],[5,1],[0,30],[3,7],[24,1],[4,-6],[15,1],[2,-5],[3,0],[2,-38],[16,0],[1,-23],[10,-14],[-3,-1],[11,-4],[39,0],[7,2],[2,5],[18,1],[0,-10]],[[62803,79459],[-3,68],[5,5],[-1,20],[-5,3],[-2,60],[101,2],[6,-153],[-42,-1],[0,-2],[-59,-2]],[[55269,73490],[-89,1],[1,16],[24,-1],[1,10],[46,0],[0,-9],[17,0],[0,-17]],[[37521,75264],[-1,7],[-6,0],[0,5],[-6,0],[-1,27],[6,0],[0,6],[6,0],[0,7],[50,2],[0,-8],[85,2],[2,-38],[-86,-2],[1,-7],[-50,-1]],[[81990,28707],[-1,30],[20,30],[17,0],[0,15],[17,13],[168,3],[1,-9],[-29,-1],[2,-78],[-195,-3]],[[74832,57439],[-1,37],[-8,3],[-1,2],[-1,35],[86,1],[2,-77],[-77,-1]],[[57882,71654],[-152,95],[3,7],[163,2],[3,-98],[-17,-6]],[[72299,61677],[-89,-2],[-5,141],[83,1],[4,-1],[0,-10]],[[58141,70424],[1,-19],[4,0],[4,-74],[-36,0],[-2,54],[-34,-1],[-1,20],[-35,-1],[0,16],[4,2],[95,3]],[[73586,56459],[-6,16],[75,18],[7,-16],[-76,-18]],[[81203,15885],[40,1],[-1,23],[-40,-1],[-1,29],[121,3],[1,-29],[-61,-2],[1,-23],[60,2],[1,-29],[-120,-3],[-1,29]],[[81686,16048],[-5,-1],[0,19],[-18,0],[1,-20],[-467,-10],[-10,285],[260,6],[0,7],[15,1],[0,-8],[213,5],[-2,64],[650,14],[13,-348],[-605,-13],[1,-4],[-16,-1],[0,5],[-14,-1],[0,-12],[-15,0],[-1,12]],[[71313,64998],[111,2],[4,-71],[-114,-3],[-1,72]],[[79706,35819],[-22,0],[-1,42],[-22,-1],[-1,27],[22,0],[0,6],[22,1],[1,-42],[21,0],[1,-27],[-22,0],[1,-6]],[[72855,60214],[3,-70],[-95,-2],[-4,69]],[[89852,32069],[-1,21],[129,2],[0,-9],[-3,0],[1,-20],[2,0],[1,-13],[-4,0],[1,-26],[5,0],[0,-15],[-42,-1],[-1,30],[3,0],[0,12],[-3,2],[-1,10],[3,2],[0,10],[-4,0],[0,-4],[-22,0],[0,4],[-6,0],[0,-10],[3,-3],[1,-10],[-2,-3],[1,-10],[2,0],[1,-29],[-43,-1],[0,28],[3,0],[0,13],[-3,2],[0,10],[4,3],[-1,9],[-6,0],[1,-4],[-19,0]],[[72069,67963],[-1,38],[3,0],[-3,61],[35,1],[1,-20],[21,0],[-1,21],[48,1],[0,-14],[-9,-1],[1,-23],[10,1],[1,-15],[-59,-1],[0,-17],[59,2],[1,-31],[-107,-3]],[[49523,9303],[3,40],[204,6],[2,-40],[-209,-6]],[[26523,93685],[-119,0],[0,26],[11,0],[-1,2],[35,0],[0,-2],[23,0],[0,2],[35,0],[0,-2],[14,0],[0,2],[-3,0],[0,25],[2,0],[0,3],[-13,0],[0,-3],[-33,0],[0,3],[-24,0],[0,-3],[-35,0],[0,4],[-12,0],[0,26],[121,0],[0,-17],[32,0],[0,-50],[-33,0],[0,-16]],[[66898,87318],[-32,0],[0,36],[-2,-1],[1,28],[-2,0],[0,16],[2,0],[-1,10],[-22,0],[-7,-6],[1,-15],[1,0],[1,-24],[-2,0],[1,-16],[2,0],[0,-11],[-1,0],[1,-18],[-35,0],[0,16],[4,0],[-1,32],[-5,0],[0,15],[3,0],[-1,42],[89,2],[3,-90],[2,0]],[[54388,81535],[-4,103],[10,0],[-1,7],[106,2],[1,-12],[3,0],[4,-98],[-119,-2]],[[59626,62047],[124,3],[4,-92],[-126,-2],[-2,91]],[[67081,56237],[-5,121],[116,3],[2,-35],[-13,0],[1,-23],[-22,-1],[0,11],[-32,0],[3,-75],[-50,-1]],[[57998,76314],[18,-5],[146,-164],[1,-11],[-23,-1],[-2,10],[-5,5],[-9,-7],[-132,139],[18,9],[-20,10],[8,15]],[[47486,85638],[0,10],[-6,0],[-1,10],[7,0],[0,8],[42,1],[0,2],[29,1],[0,-2],[7,0],[0,21],[-8,-1],[0,-1],[-29,-1],[0,4],[-42,-2],[0,8],[-7,0],[-1,10],[8,0],[-1,21],[-7,0],[-1,10],[8,0],[0,10],[99,2],[1,-25],[-11,0],[0,-5],[-28,0],[0,5],[-19,-1],[0,-11],[58,1],[2,-69],[-61,-1],[0,-4],[-39,-1]],[[61957,68422],[-3,65],[19,0],[1,-11],[105,3],[0,-7],[-9,0],[1,-22],[21,0],[1,-25],[-136,-3]],[[60973,70801],[-2,43],[12,0],[-1,16],[178,4],[2,-58],[-42,-1],[-1,5],[-8,0],[0,7],[-76,-2],[1,-12],[-63,-2]],[[69692,56521],[1,-53],[-35,-2],[-2,55],[-28,0],[1,-55],[-35,-1],[-1,56],[30,0],[1,6],[36,0],[0,-6],[32,0]],[[69942,56513],[95,2],[2,-30],[-96,-4],[-1,32]],[[69574,56516],[0,-10],[-7,0],[0,-8],[9,0],[1,-12],[-9,1],[0,-8],[8,-1],[0,-11],[-23,1],[-5,61],[16,1],[2,-14],[8,0]],[[69819,56469],[-37,0],[-1,55],[-26,-1],[2,-55],[-35,-1],[-4,55],[33,2],[0,6],[36,0],[0,-6],[30,1],[2,-56]],[[69939,56521],[2,-33],[-101,-2],[-2,34],[101,1]],[[67820,62379],[-4,116],[106,2],[0,-20],[5,0],[3,-95],[-110,-3]],[[71139,68440],[31,0],[11,-226],[-29,-1],[-2,22],[-5,0],[-1,28],[4,0],[-1,22],[-5,0],[-2,27],[5,0],[-3,30],[-3,-1],[-2,28],[4,0],[-1,14],[-1,14],[-5,0],[-1,28],[5,0],[1,15]],[[71139,68440],[0,14],[-4,0],[-2,28],[4,0],[2,21],[-6,1],[0,28],[4,-1],[0,22],[29,1],[5,-113],[-32,-1]],[[74235,58840],[3,-54],[-162,-6],[-3,55]],[[81640,37547],[2,-36],[-17,0],[0,9],[-18,0],[1,-17],[-18,0],[1,-45],[-58,0],[-1,31],[-6,5],[0,4],[5,4],[6,1],[0,4],[-41,-1],[0,9],[-5,4],[-1,9],[5,3],[-1,14],[41,0],[0,5],[30,0],[0,-4],[75,1]],[[86893,31042],[0,9],[-1,0],[-1,22],[1,0],[0,10],[20,0],[3,3],[6,0],[3,-3],[9,0],[3,3],[6,0],[5,-3],[30,0],[0,6],[-4,1],[0,5],[3,2],[0,5],[-39,1],[0,3],[-11,-1],[0,2],[-5,0],[-2,2],[-1,14],[3,3],[5,0],[0,1],[10,0],[0,3],[40,2],[-1,6],[-4,0],[0,5],[4,2],[0,6],[-31,-1],[-3,-2],[-7,-1],[-3,3],[-10,0],[-2,-2],[-7,-1],[-3,2],[-20,0],[-2,31],[1,0],[0,8],[22,1],[0,-3],[94,2],[3,-67],[-11,-1],[0,-5],[5,0],[0,-4],[6,0],[2,-63],[-95,-2],[1,-3],[-22,-1]],[[47264,33602],[-2,36],[-18,0],[1,-24],[-7,-1],[0,4],[-38,0],[0,-6],[-14,0],[-1,6],[-21,-1],[-5,119],[24,1],[0,4],[14,0],[0,-4],[24,0],[3,-92],[21,1],[-1,7],[40,1],[-4,102],[69,2],[4,-91],[8,0],[2,-58],[-11,-1],[0,-3],[-88,-2]],[[24854,87824],[-14,1],[1,51],[31,-1],[0,-15],[19,0],[2,98],[-10,0],[1,30],[86,-1],[-1,-26],[-11,0],[0,-3],[-2,0],[-1,-8],[3,0],[0,-10],[-2,0],[-1,-70],[4,0],[0,-11],[-3,1],[0,-25],[-26,0],[0,-9],[-76,1],[0,-3]],[[30874,38715],[0,4],[-7,0],[0,23],[5,1],[-3,61],[-4,0],[-1,11],[4,0],[-3,69],[-2,0],[-1,10],[2,1],[-1,47],[65,1],[7,-183],[7,0],[1,-13],[9,0],[0,-30],[-78,-2]],[[56765,47988],[0,4],[-34,-1],[-4,93],[22,1],[1,-11],[8,0],[0,-4],[3,0],[0,17],[86,3],[1,-31],[-5,0],[1,-29],[5,0],[1,-32],[-34,-1],[0,-8],[-51,-1]],[[17157,86347],[-1,62],[-5,0],[0,107],[63,0],[0,29],[79,0],[1,-29],[61,1],[0,-108],[-6,0],[1,-62],[-193,0]],[[17291,86397],[0,83],[-75,-1],[0,-82],[75,0]],[[99066,13453],[71,1],[1,-125],[-71,-1],[-1,125]],[[99160,13478],[-30,0],[0,-2],[-64,-1],[0,44],[145,0],[0,-1],[8,0],[0,-3],[2,0],[0,-26],[6,0],[0,-11],[-3,0],[1,-92],[4,0],[0,-11],[-68,0],[-1,103]],[[59799,48770],[-9,0],[-6,5],[0,8],[4,4],[-1,72],[-5,3],[-3,6],[9,7],[13,-4],[19,1],[0,4],[28,0],[3,2],[11,0],[5,-3],[0,-7],[-3,-3],[0,-7],[36,0],[2,-75],[-27,0],[0,-7],[-5,-4],[-8,0],[-6,3],[-52,0],[-5,-5]],[[57970,75415],[80,68],[43,-30],[-74,-62],[-1,1],[-6,-5],[-42,28]],[[72248,65657],[0,4],[81,2],[2,-18],[0,-54],[-79,-2],[-4,68]],[[62354,99016],[35,0],[1,-46],[-36,-1],[0,47]],[[54334,69909],[23,1],[0,9],[46,1],[0,4],[47,1],[1,-10],[2,0],[4,-91],[-95,-3],[-3,65],[-24,0],[-1,23]],[[55726,71639],[-3,88],[258,3],[3,-87],[-258,-4]],[[79027,64867],[-1,3],[-145,-3],[-1,20],[-28,-1],[1,-13],[-32,0],[-1,22],[-114,-2],[0,-2],[-36,-1],[0,2],[-145,-3],[0,3],[-19,-1],[0,-1],[-3,-1],[0,-12],[-32,-1],[-7,207],[32,1],[1,-14],[23,0],[0,4],[142,3],[0,2],[37,0],[0,-2],[138,3],[-1,3],[37,0],[0,-10],[474,10],[-1,23],[450,9],[887,22],[1,-16],[123,3],[3,-61],[230,6],[-1,44],[14,5],[8,1],[20,-4],[1,-7],[117,2],[23,-2],[11,-3],[20,-10],[17,-12],[11,-16],[6,-17],[1,-7],[-4,-20],[-4,-8],[-11,-16],[-8,-6],[-19,-11],[-21,-7],[-27,-3],[-71,-1],[-3,-3],[-31,0],[-1,-4],[-3,0],[-11,-5],[-13,-1],[-17,6],[-1,45],[-232,-6],[2,-60],[-122,-3],[1,-27],[-36,0],[0,9],[-38,-1],[1,-21],[-149,-3],[-1,23],[-38,-1],[0,-12],[-37,-1],[0,11],[-37,-1],[1,-21],[-149,-4],[-1,22],[-37,-1],[0,-10],[-37,-1],[-1,10],[-38,-1],[1,-22],[-148,-3],[-1,22],[-38,-1],[0,-11],[-36,-1],[0,11],[-37,-1],[0,-21],[-149,-4],[-1,21],[-37,0],[0,-10],[-36,-1],[0,4],[-392,-8],[0,-14],[-194,-4]],[[67498,62578],[116,4],[3,-87],[-116,-2],[-3,85]],[[47019,92998],[48,0],[1,-78],[-47,0],[-2,78]],[[64963,58944],[-3,72],[21,1],[3,-72],[-21,-1]],[[54845,77484],[-5,91],[91,3],[4,-91],[-90,-3]],[[75479,42854],[-2,42],[35,1],[2,-42],[-35,-1]],[[66339,62613],[-3,71],[46,1],[4,-71],[-47,-1]],[[49165,81467],[-53,37],[16,13],[18,-12],[65,54],[36,-25],[-82,-67]],[[54853,73164],[-1,50],[-8,0],[0,2],[-15,0],[-1,36],[21,1],[0,-20],[3,0],[-1,34],[22,1],[3,-103],[-23,-1]],[[63245,69860],[-3,62],[23,0],[3,-62],[-23,0]],[[62793,86399],[-4,32],[8,0],[0,3],[104,2],[4,-28],[-93,-2],[1,-7],[-20,0]],[[68350,63710],[-97,-2],[-1,38],[121,2],[1,-37],[-24,-1]],[[56856,95294],[105,2],[4,-88],[-5,-5],[-6,-1],[-94,-2],[-4,94]],[[50691,83275],[-2,40],[-5,0],[-1,37],[-4,2],[0,11],[26,1],[6,-5],[3,-85],[-23,-1]],[[69597,58239],[-48,-1],[-3,94],[48,1],[3,-94]],[[66882,65756],[-62,-2],[-1,21],[40,35],[14,-9],[7,-11],[2,-34]],[[73592,61935],[-1,56],[92,1],[0,3],[24,0],[1,-58],[-116,-2]],[[65880,63084],[-5,133],[182,3],[3,-95],[-85,-2],[1,-37],[-96,-2]],[[33803,95554],[-55,64],[-56,-28],[-7,9],[-13,-6],[-6,7],[-40,-20],[-53,60],[20,10],[-3,3],[35,18],[3,-4],[19,10],[46,-55],[35,18],[1,0],[-1,2],[-49,56],[51,25],[50,-59],[-19,-9],[7,-9],[6,2],[7,-8],[-5,-3],[7,-8],[19,9],[51,-59],[-50,-25]],[[72364,59864],[-98,-2],[-3,72],[98,2],[3,-72]],[[65829,45055],[-3,94],[32,0],[1,-25],[44,1],[1,-22],[-16,-1],[2,-46],[-61,-1]],[[67842,69212],[95,-2],[2,-50],[-175,-4],[-28,59],[106,-3]],[[80050,37596],[4,0],[0,15],[19,0],[-1,24],[341,6],[4,-115],[-65,-1],[0,-16],[65,1],[16,-12],[1,-37],[81,1],[1,10],[47,0],[-1,38],[-104,-1],[0,3],[-7,1],[0,5],[-11,0],[-2,40],[11,1],[-1,3],[7,1],[0,5],[9,0],[-1,-6],[98,1],[0,42],[-8,0],[-1,34],[42,0],[0,-1],[174,2],[0,1],[51,1],[0,2],[44,0],[0,-8],[21,0],[0,-15],[-5,0],[0,-9],[6,0],[-1,-8],[-5,0],[0,-9],[6,0],[0,-10],[-5,0],[0,-8],[6,0],[0,-9],[-5,0],[0,-9],[5,0],[0,-8],[-5,-1],[1,-9],[4,0],[0,-9],[-5,0],[0,-9],[6,0],[1,-13],[-23,-1],[0,-3],[2,-1],[0,-5],[-43,-1],[-1,7],[3,0],[0,2],[-20,1],[0,-26],[2,-2],[8,0],[0,4],[93,0],[0,-3],[56,1],[1,-33],[-4,0],[5,-117],[3,0],[1,-31],[-4,-1],[1,-79],[-153,-3],[0,-3],[-42,0],[-2,88],[-16,-1],[0,-5],[-127,1],[1,1],[-16,0],[0,-31],[14,0],[0,-12],[-4,0],[0,-2],[-9,0],[0,-41],[-44,-2],[0,3],[-110,-3],[0,-2],[-40,0],[-2,78],[-12,0],[0,-11],[-27,3],[-27,-2],[-18,-3],[-1,12],[-10,0],[2,-73],[-5,0],[0,-2],[-29,0],[0,2],[-35,-1],[0,-2],[-87,-2],[0,-4],[-78,-1],[-1,17],[7,0],[-1,21],[-1,1],[-1,14],[-3,2],[0,5],[2,1],[-3,84],[-2,2],[-2,64],[11,1],[-1,20],[-16,0],[-1,32],[15,1],[0,9],[208,4],[0,-10],[15,1],[1,-17],[26,1],[-2,42],[-101,-2],[-20,15],[0,11],[-145,-3],[-1,24],[-19,0],[0,15],[13,1],[-18,0],[-1,25],[-39,-1],[-2,11],[41,1]],[[80151,37343],[34,0],[1,-12],[66,1],[0,14],[-10,0],[-3,72],[32,1],[0,9],[-158,-3],[0,-9],[19,1],[1,-22],[4,0],[1,-3],[0,-7],[-4,2],[2,-60],[16,0],[-1,16]],[[80384,37338],[10,6],[6,8],[20,-13],[-2,84],[16,1],[-1,27],[-14,0],[0,-10],[-47,-1],[0,-5],[-15,0],[0,-14],[-38,0],[2,-74],[-3,0],[0,-3],[16,6],[10,-7],[8,-4],[-6,-15],[46,1],[-8,13]],[[80224,37236],[13,0],[0,5],[46,1],[-3,65],[-5,0],[0,7],[-21,-1],[0,-13],[-98,-1],[0,-2],[-20,-1],[2,-52],[41,1],[0,-26],[46,1],[-1,16]],[[80520,37384],[18,0],[0,-9],[28,0],[-2,71],[-46,-1],[0,9],[-71,-2],[1,-29],[15,1],[1,-43],[16,1],[1,-7],[39,0],[0,9]],[[79846,37711],[-58,-2],[-17,7],[-6,222],[16,0],[0,10],[28,0],[0,-2],[34,1],[1,-17],[46,0],[0,32],[11,0],[0,19],[27,0],[0,5],[59,1],[4,-134],[4,0],[-5,-25],[6,0],[0,-20],[-11,0],[-6,-35],[-14,0],[1,-7],[-10,0],[0,-4],[-12,1],[1,-34],[-9,-1],[-14,-5],[-8,-5],[-9,-9],[-26,11],[-7,0],[0,-1],[-3,-1],[1,-43],[-13,0],[-2,36],[-9,0]],[[80064,37901],[2,20],[7,16],[3,19],[7,11],[18,-8],[30,-1],[0,21],[17,0],[2,-22],[4,0],[7,-242],[-15,0],[0,6],[-4,6],[-65,-3],[-6,131],[-8,2],[-3,24],[4,2],[0,18]],[[79753,38127],[562,0],[-2,-126],[-551,-6],[-9,132]],[[63519,72109],[-13,28],[-74,-23],[-2,5],[-6,0],[0,12],[-34,43],[3,3],[-36,44],[83,39],[95,-114],[-2,-1],[15,-28],[-29,-8]],[[65200,68642],[-4,0],[-13,71],[-6,0],[-1,10],[-65,-1],[-7,37],[120,3],[22,-119],[-46,-1]],[[50520,85894],[-4,114],[77,1],[5,-113],[-78,-2]],[[63911,62006],[0,132],[158,0],[5,-182],[-119,0],[-2,50],[-42,0]],[[64407,72273],[-46,34],[-7,166],[65,1],[45,-73],[-59,-1],[1,-20],[76,1],[1,-41],[-45,0],[1,-43],[-32,-24]],[[68175,79022],[0,2],[-24,-1],[-1,25],[28,1],[0,-9],[5,0],[2,1],[7,1],[2,-2],[19,0],[2,2],[7,0],[3,-2],[16,0],[3,3],[6,0],[3,-2],[51,1],[0,-11],[3,0],[1,-7],[-29,-1],[0,3],[-14,1],[0,-3],[-63,-2],[0,2],[-6,0],[0,-2],[-21,0]],[[68175,79030],[0,3],[-6,0],[0,-3],[6,0]],[[43623,41405],[-1,22],[76,1],[-3,88],[-76,-2],[0,22],[103,2],[4,-131],[-103,-2]],[[64812,69722],[-6,16],[102,23],[7,-16],[-103,-23]],[[57845,70380],[0,17],[24,0],[1,-16],[-25,-1]],[[68206,70554],[5,0],[0,-81],[-86,1],[-1,-20],[-17,0],[0,8],[-12,0],[1,94],[110,-2]],[[64823,69707],[-6,14],[60,14],[5,-13],[-8,-2],[1,-1],[-52,-12]],[[73910,53937],[-1,47],[-36,-1],[-1,29],[36,1],[-2,47],[44,1],[2,-54],[-12,0],[0,-15],[13,0],[2,-54],[-45,-1]],[[70962,68300],[-39,-1],[-5,145],[38,1],[6,-145]],[[66688,77577],[-3,80],[4,3],[115,2],[3,-83],[-119,-2]],[[74405,63834],[108,2],[1,-37],[-124,-1],[-1,17],[16,19]],[[80242,44521],[-2,60],[8,0],[-4,157],[68,2],[5,-148],[19,1],[-1,22],[44,1],[2,-46],[-8,0],[1,-47],[-132,-2]],[[79777,14318],[-3,84],[111,3],[0,1],[6,1],[1,-32],[1,1],[1,-57],[-6,0],[-1,2],[-110,-3]],[[24673,78199],[-3,72],[-62,-2],[-2,45],[62,2],[-2,46],[67,2],[1,-11],[-4,0],[5,-116],[4,0],[0,-11],[-2,0],[1,-25],[-65,-2]],[[46192,82056],[-4,70],[26,0],[0,-2],[100,3],[-1,2],[28,1],[0,-9],[4,-2],[0,-5],[-3,-3],[0,-8],[-4,-2],[-4,-1],[-3,3],[-10,-1],[-3,-2],[-5,0],[-3,2],[-17,0],[-6,-1],[-7,1],[-5,-2],[-6,2],[-43,-1],[-6,-1],[-6,0],[0,-18],[6,1],[6,-1],[27,2],[14,-1],[6,1],[7,-1],[26,2],[6,-1],[19,0],[7,2],[5,-3],[0,-7],[4,-3],[0,-5],[-5,-4],[1,-7],[-27,-1],[0,3],[-124,-3]],[[68519,66429],[34,4],[1,-16],[122,2],[1,-26],[265,4],[8,-172],[-28,0],[0,-4],[-301,-7],[-1,5],[-56,-2],[-3,14],[-4,0],[-38,198]],[[16063,88471],[62,2],[1,-18],[8,-1],[1,-23],[-8,0],[3,-18],[8,0],[2,-8],[11,-1],[1,-13],[-11,0],[0,-10],[-10,0],[0,-16],[7,-1],[0,-23],[-7,0],[0,-19],[-66,0],[-2,149]],[[16477,88423],[11,1],[-2,59],[68,2],[2,-18],[6,0],[2,-25],[-6,0],[3,-26],[6,0],[0,-14],[-6,0],[0,-26],[6,-1],[0,-23],[-7,0],[0,-18],[-66,-2],[-5,61],[-9,1],[-3,29]],[[70983,53802],[-141,-3],[-2,32],[118,59],[22,0],[3,-88]],[[71827,53819],[-2,54],[22,1],[2,-55],[-22,0]],[[68515,79066],[-2,67],[-37,-1],[0,45],[215,5],[3,-112],[-179,-4]],[[16228,88380],[25,1],[0,6],[31,0],[0,-4],[25,0],[0,8],[40,0],[0,-6],[21,-1],[1,5],[31,0],[1,-5],[25,0],[3,-51],[-27,-1],[0,-6],[-31,0],[-2,5],[-34,-2],[0,-5],[-16,0],[-1,5],[-40,0],[3,-5],[-30,-1],[-1,6],[-22,0],[-2,51]],[[87709,21431],[-2,41],[9,0],[0,8],[5,0],[-4,101],[-28,-1],[-2,46],[-2,0],[0,12],[-2,0],[0,11],[2,0],[-1,10],[3,0],[-1,9],[21,1],[0,10],[92,2],[3,-78],[-17,-1],[2,-24],[-11,0],[3,-80],[10,0],[1,-19],[-11,0],[2,-47],[-72,-1]],[[55891,24750],[0,2],[-15,0],[-2,53],[-76,-2],[-1,54],[41,1],[0,-6],[37,1],[0,17],[35,1],[1,-17],[119,3],[1,-21],[7,0],[1,-12],[-8,0],[1,-21],[-82,-1],[0,5],[-18,0],[2,-54],[-13,0],[0,-3],[-30,0]],[[62474,60789],[-3,90],[218,5],[2,-39],[39,1],[-9,239],[94,2],[10,-250],[-93,-2],[0,-5],[51,-20],[-7,-9],[-85,33],[1,-41],[-218,-4]],[[64174,76812],[-4,86],[47,1],[1,-27],[-3,-2],[0,-25],[3,-1],[2,-31],[-46,-1]],[[51953,75289],[-83,50],[-1,6],[68,64],[8,2],[80,-49],[-72,-73]],[[83826,37933],[0,5],[-29,0],[0,-5],[-13,0],[0,3],[-77,-2],[-3,74],[24,1],[0,-5],[54,1],[0,2],[15,0],[0,-2],[26,0],[0,4],[39,0],[1,-27],[-51,-1],[0,-2],[-47,-1],[1,-16],[35,1],[0,-2],[13,0],[50,1],[1,-26],[-25,-1],[0,-2],[-14,0]],[[85007,41443],[-1,32],[82,3],[1,-33],[-82,-2]],[[85011,41342],[-1,31],[83,2],[1,-32],[-83,-1]],[[80230,40367],[0,-9],[3,0],[1,-13],[-4,0],[1,-11],[-22,-1],[0,-2],[-25,0],[0,1],[-18,0],[1,-2],[-7,0],[-6,1],[-12,-1],[-2,2],[-14,0],[0,-1],[-7,-1],[-7,1],[-20,0],[1,-3],[-6,0],[-7,2],[-6,-2],[-6,0],[-2,3],[-19,-1],[0,-1],[-6,-2],[-7,2],[-6,-2],[-6,2],[-1,4],[-15,0],[0,-8],[2,0],[-1,-29],[14,1],[0,4],[4,1],[9,-1],[9,1],[3,-1],[1,-1],[20,0],[0,1],[4,1],[10,-1],[5,2],[6,-1],[0,-1],[20,0],[0,1],[6,1],[7,0],[0,-2],[16,0],[0,1],[3,1],[9,0],[7,1],[6,-1],[0,-1],[18,0],[0,2],[24,1],[0,-2],[22,0],[1,-11],[1,0],[2,-6],[-1,-6],[-1,0],[-1,-9],[-21,-1],[0,3],[-21,0],[0,-3],[-6,-1],[-1,5],[-30,0],[0,-5],[-24,0],[0,5],[-42,0],[0,-6],[-18,0],[0,5],[-26,0],[0,-6],[-19,0],[0,4],[-35,0],[0,-5],[-14,0],[-6,3],[-2,93],[21,0],[1,-5],[31,1],[0,5],[20,0],[0,-5],[27,0],[-1,6],[19,0],[0,-5],[41,0],[0,5],[24,1],[0,-5],[30,1],[0,5],[9,0],[0,-3],[19,0],[0,3]],[[76021,65403],[42,1],[3,-2],[39,1],[7,3],[81,1],[7,-44],[-30,-4],[2,-10],[-147,-5],[-4,59]],[[68411,80461],[-61,98],[35,13],[8,-12],[22,7],[-8,13],[34,12],[61,-99],[-34,-12],[-8,13],[-22,-8],[8,-13],[-35,-12]],[[76323,52632],[20,1],[0,3],[29,0],[0,-3],[16,1],[1,3],[13,0],[0,-5],[9,-7],[1,0],[33,-22],[-2,-1],[10,-6],[6,0],[2,-19],[-5,0],[1,-29],[4,0],[1,-20],[-5,0],[0,-17],[-55,-1],[-1,16],[-6,1],[0,19],[6,0],[-1,38],[-10,7],[-18,0],[0,-4],[-25,0],[0,3],[-23,0],[-1,42]],[[70808,73549],[-5,143],[56,1],[3,-72],[17,1],[0,-12],[-17,-1],[2,-58],[-56,-2]],[[66754,84674],[-2,92],[105,3],[1,-21],[-11,0],[3,-53],[9,1],[1,-21],[-40,-1],[1,-10],[-33,-1],[0,12],[-34,-1]],[[66884,86639],[0,6],[-6,0],[-1,10],[6,0],[0,22],[-6,0],[-1,8],[6,1],[0,21],[-6,-1],[0,19],[44,1],[2,-69],[22,0],[-2,69],[44,1],[0,-19],[-4,0],[1,-21],[5,0],[0,-9],[-6,1],[1,-23],[6,0],[0,-9],[-6,0],[0,-6],[-99,-2]],[[64350,23302],[57,2],[0,-4],[93,2],[1,-48],[-82,-1],[2,-35],[-68,-1],[0,9],[4,0],[-1,15],[-3,0],[-1,11],[5,0],[-1,15],[-4,0],[0,11],[4,-1],[0,17],[-5,0],[-1,8]],[[90109,32150],[0,9],[-96,-2],[-2,99],[94,1],[-1,9],[34,1],[0,-1],[10,0],[0,-9],[-9,-1],[1,-18],[10,1],[0,-10],[-10,0],[0,-2],[-15,0],[0,-2],[-27,0],[0,1],[-43,-1],[1,-35],[44,1],[0,1],[28,1],[0,-2],[14,0],[0,-2],[8,0],[1,-10],[-9,0],[0,-16],[10,0],[0,-10],[-10,0],[0,-2],[-33,-1]],[[85973,38875],[-2,53],[32,1],[0,-12],[80,2],[0,12],[33,0],[2,-51],[-31,-1],[0,9],[-83,-2],[1,-10],[-32,-1]],[[28327,36341],[62,2],[0,-30],[-1,0],[4,-42],[-3,0],[4,-61],[3,0],[0,-32],[-61,0],[1,25],[3,1],[-2,46],[-6,1],[0,17],[5,0],[-3,46],[-5,0],[-1,27]],[[83370,38720],[-3,73],[101,2],[2,-31],[-26,-1],[0,8],[-33,-1],[-3,-9],[8,-1],[1,-39],[-47,-1]],[[83649,38978],[-3,86],[24,1],[0,-1],[129,2],[0,3],[31,0],[0,-8],[3,0],[1,-16],[-3,0],[0,-10],[-136,-2],[0,-21],[136,2],[0,-7],[3,0],[1,-17],[-2,0],[0,-9],[-159,-2],[0,-1],[-25,0]],[[77029,42507],[0,47],[203,1],[0,-47],[-203,-1]],[[80614,40946],[-31,0],[-2,-2],[-3,0],[-4,3],[-2,0],[0,2],[-2,0],[-1,31],[6,0],[-1,24],[-5,0],[-1,42],[82,2],[1,-21],[-3,0],[0,-20],[4,-2],[0,-9],[-2,-2],[0,-3],[3,-3],[1,-4],[21,0],[0,5],[4,3],[0,4],[-4,3],[0,7],[3,2],[-1,20],[-2,0],[-1,20],[53,0],[1,-15],[-4,0],[2,-82],[-18,0],[-1,21],[-7,0],[1,-22],[-32,0],[0,3],[-21,0],[0,-3],[-24,0],[-1,44],[-2,0],[-1,25],[-8,0],[2,-73]],[[74976,47079],[-2,81],[48,1],[1,-44],[48,1],[1,-37],[-96,-2]],[[70044,77276],[0,2],[-7,0],[-1,17],[6,0],[-1,4],[6,0],[-1,14],[-6,0],[-2,53],[-4,0],[-1,20],[46,1],[1,-12],[-6,0],[1,-19],[2,0],[0,-11],[-1,0],[2,-49],[6,0],[1,-17],[-9,-1],[0,-2],[-32,0]],[[17317,87472],[-1,28],[57,1],[0,3],[58,1],[0,-2],[8,0],[0,4],[40,0],[0,-2],[21,0],[-1,4],[35,0],[-1,20],[-34,0],[-1,3],[-21,-1],[0,-2],[-39,-2],[0,4],[-8,0],[0,-2],[-57,-2],[0,3],[-58,-1],[-1,29],[243,5],[3,-86],[-243,-5]],[[74415,62154],[-2,86],[148,3],[1,-87],[-147,-2]],[[64925,62619],[2,-37],[-133,-2],[-4,124],[122,2],[3,-87],[10,0]],[[57445,80401],[-4,120],[113,3],[5,-120],[-114,-3]],[[71921,53969],[0,-26],[-10,-1],[1,-8],[-7,0],[0,9],[-7,0],[-4,59],[19,1],[1,-34],[7,0]],[[64310,49880],[-1,55],[2,0],[-1,27],[-2,0],[-5,170],[9,0],[-4,159],[-141,224],[8,3],[-5,7],[86,31],[87,-138],[-6,-2],[3,-6],[-11,-4],[63,-99],[2,-85],[20,0],[2,-51],[19,1],[1,-37],[51,1],[2,-47],[23,-10],[1,-27],[5,0],[1,-26],[-5,-1],[2,-73],[12,-5],[31,1],[2,-63],[-251,-5]],[[69848,75496],[-58,-20],[-9,16],[-4,-2],[-21,36],[4,1],[-9,15],[57,21],[10,-16],[4,1],[6,-11],[-4,-1],[9,-14],[4,1],[7,-10],[-5,-2],[9,-15]]],"transform":{"scale":[1.0342953429534296,1.3621376213762153],"translate":[1100115.14,1815438.14]},"objects":{"footprints":{"type":"GeometryCollection","geometries":[{"arcs":[[0]],"type":"Polygon","properties":{"id":100001}},{"arcs":[[1]],"type":"Polygon","properties":{"id":100002}},{"arcs":[[2]],"type":"Polygon","properties":{"id":100019}},{"arcs":[[3]],"type":"Polygon","properties":{"id":100068}},{"arcs":[[4]],"type":"Polygon","properties":{"id":100148}},{"arcs":[[5]],"type":"Polygon","properties":{"id":100179}},{"arcs":[[6,7]],"type":"Polygon","properties":{"id":100211}},{"arcs":[[8]],"type":"Polygon","properties":{"id":100252}},{"arcs":[[[9]],[[10]],[[11]],[[12]],[[13]]],"type":"MultiPolygon","properties":{"id":100317}},{"arcs":[[14]],"type":"Polygon","properties":{"id":100320}},{"arcs":[[15]],"type":"Polygon","properties":{"id":100332}},{"arcs":[[16]],"type":"Polygon","properties":{"id":100334}},{"arcs":[[17]],"type":"Polygon","properties":{"id":100346}},{"arcs":[[18]],"type":"Polygon","properties":{"id":100372}},{"arcs":[[19]],"type":"Polygon","properties":{"id":100375}},{"arcs":[[20]],"type":"Polygon","properties":{"id":100393}},{"arcs":[[21]],"type":"Polygon","properties":{"id":100395}},{"arcs":[[22],[23],[24]],"type":"Polygon","properties":{"id":100396}},{"arcs":[[25],[26]],"type":"Polygon","properties":{"id":100397}},{"arcs":[[[27]],[[28]],[[29]]],"type":"MultiPolygon","properties":{"id":100417}},{"arcs":[[30]],"type":"Polygon","properties":{"id":100418}},{"arcs":[[31]],"type":"Polygon","properties":{"id":100429}},{"arcs":[[32]],"type":"Polygon","properties":{"id":100431}},{"arcs":[[33]],"type":"Polygon","properties":{"id":100433}},{"arcs":[[34,35]],"type":"Polygon","properties":{"id":100438}},{"arcs":[[36]],"type":"Polygon","properties":{"id":100447}},{"arcs":[[37]],"type":"Polygon","properties":{"id":100448}},{"arcs":[[38]],"type":"Polygon","properties":{"id":100469}},{"arcs":[[39]],"type":"Polygon","properties":{"id":100470}},{"arcs":[[40],[41],[42]],"type":"Polygon","properties":{"id":100485}},{"arcs":[[43]],"type":"Polygon","properties":{"id":100489}},{"arcs":[[44]],"type":"Polygon","properties":{"id":100507}},{"arcs":[[45]],"type":"Polygon","properties":{"id":100533}},{"arcs":[[46]],"type":"Polygon","properties":{"id":100572}},{"arcs":[[47]],"type":"Polygon","properties":{"id":100598}},{"arcs":[[48]],"type":"Polygon","properties":{"id":100623}},{"arcs":[[49],[50]],"type":"Polygon","properties":{"id":100631}},{"arcs":[[51,52]],"type":"Polygon","properties":{"id":100668}},{"arcs":[[-52,53]],"type":"Polygon","properties":{"id":100674}},{"arcs":[[54]],"type":"Polygon","properties":{"id":100683}},{"arcs":[[55]],"type":"Polygon","properties":{"id":100729}},{"arcs":[[56]],"type":"Polygon","properties":{"id":100730}},{"arcs":[[57]],"type":"Polygon","properties":{"id":100733}},{"arcs":[[58]],"type":"Polygon","properties":{"id":100851}},{"arcs":[[59]],"type":"Polygon","properties":{"id":100856}},{"arcs":[[60]],"type":"Polygon","properties":{"id":100867}},{"arcs":[[61]],"type":"Polygon","properties":{"id":100878}},{"arcs":[[62]],"type":"Polygon","properties":{"id":100946}},{"arcs":[[63]],"type":"Polygon","properties":{"id":100984}},{"arcs":[[64]],"type":"Polygon","properties":{"id":101013}},{"arcs":[[65]],"type":"Polygon","properties":{"id":101030}},{"arcs":[[66]],"type":"Polygon","properties":{"id":101032}},{"arcs":[[67]],"type":"Polygon","properties":{"id":101038}},{"arcs":[[68],[69]],"type":"Polygon","properties":{"id":101039}},{"arcs":[[70]],"type":"Polygon","properties":{"id":101043}},{"arcs":[[71]],"type":"Polygon","properties":{"id":101086}},{"arcs":[[72]],"type":"Polygon","properties":{"id":101090}},{"arcs":[[73]],"type":"Polygon","properties":{"id":101177}},{"arcs":[[74]],"type":"Polygon","properties":{"id":101179}},{"arcs":[[75]],"type":"Polygon","properties":{"id":101185}},{"arcs":[[76],[77]],"type":"Polygon","properties":{"id":101199}},{"arcs":[[78]],"type":"Polygon","properties":{"id":101217}},{"arcs":[[79]],"type":"Polygon","properties":{"id":101226}},{"arcs":[[80]],"type":"Polygon","properties":{"id":101263}},{"arcs":[[81]],"type":"Polygon","properties":{"id":101283}},{"arcs":[[82]],"type":"Polygon","properties":{"id":101329}},{"arcs":[[83]],"type":"Polygon","properties":{"id":101343}},{"arcs":[[84],[85],[86]],"type":"Polygon","properties":{"id":101356}},{"arcs":[[87]],"type":"Polygon","properties":{"id":101363}},{"arcs":[[88]],"type":"Polygon","properties":{"id":101368}},{"arcs":[[89]],"type":"Polygon","properties":{"id":101396}},{"arcs":[[90]],"type":"Polygon","properties":{"id":101407}},{"arcs":[[91]],"type":"Polygon","properties":{"id":101409}},{"arcs":[[92]],"type":"Polygon","properties":{"id":101420}},{"arcs":[[93]],"type":"Polygon","properties":{"id":101471}},{"arcs":[[94]],"type":"Polygon","properties":{"id":101492}},{"arcs":[[95]],"type":"Polygon","properties":{"id":101503}},{"arcs":[[96]],"type":"Polygon","properties":{"id":101507}},{"arcs":[[97]],"type":"Polygon","properties":{"id":101519}},{"arcs":[[98]],"type":"Polygon","properties":{"id":101527}},{"arcs":[[99]],"type":"Polygon","properties":{"id":101537}},{"arcs":[[100]],"type":"Polygon","properties":{"id":101545}},{"arcs":[[101]],"type":"Polygon","properties":{"id":101547}},{"arcs":[[102,103]],"type":"Polygon","properties":{"id":101549}},{"arcs":[[[104]],[[105]]],"type":"MultiPolygon","properties":{"id":101551}},{"arcs":[[106]],"type":"Polygon","properties":{"id":101557}},{"arcs":[[107]],"type":"Polygon","properties":{"id":101559}},{"arcs":[[108]],"type":"Polygon","properties":{"id":101560}},{"arcs":[[109]],"type":"Polygon","properties":{"id":101562}},{"arcs":[[110]],"type":"Polygon","properties":{"id":101567}},{"arcs":[[111]],"type":"Polygon","properties":{"id":101569}},{"arcs":[[112]],"type":"Polygon","properties":{"id":101572}},{"arcs":[[113]],"type":"Polygon","properties":{"id":101579}},{"arcs":[[114]],"type":"Polygon","properties":{"id":101592}},{"arcs":[[115]],"type":"Polygon","properties":{"id":101593}},{"arcs":[[116]],"type":"Polygon","properties":{"id":101643}},{"arcs":[[117]],"type":"Polygon","properties":{"id":101657}},{"arcs":[[118]],"type":"Polygon","properties":{"id":101671}},{"arcs":[[[119]],[[120]]],"type":"MultiPolygon","properties":{"id":101674}},{"arcs":[[121]],"type":"Polygon","properties":{"id":101676}},{"arcs":[[122]],"type":"Polygon","properties":{"id":101679}},{"arcs":[[[123]],[[124]],[[125],[126],[127],[128]]],"type":"MultiPolygon","properties":{"id":101681}},{"arcs":[[129]],"type":"Polygon","properties":{"id":101682}},{"arcs":[[130]],"type":"Polygon","properties":{"id":101691}},{"arcs":[[131]],"type":"Polygon","properties":{"id":101703}},{"arcs":[[132]],"type":"Polygon","properties":{"id":101705}},{"arcs":[[133]],"type":"Polygon","properties":{"id":101707}},{"arcs":[[134]],"type":"Polygon","properties":{"id":101708}},{"arcs":[[135]],"type":"Polygon","properties":{"id":101709}},{"arcs":[[136]],"type":"Polygon","properties":{"id":101710}},{"arcs":[[137]],"type":"Polygon","properties":{"id":101713}},{"arcs":[[138,139]],"type":"Polygon","properties":{"id":101715}},{"arcs":[[140]],"type":"Polygon","properties":{"id":101716}},{"arcs":[[141]],"type":"Polygon","properties":{"id":101717}},{"arcs":[[142]],"type":"Polygon","properties":{"id":101718}},{"arcs":[[143]],"type":"Polygon","properties":{"id":101720}},{"arcs":[[144]],"type":"Polygon","properties":{"id":101722}},{"arcs":[[145]],"type":"Polygon","properties":{"id":101724}},{"arcs":[[146]],"type":"Polygon","properties":{"id":101727}},{"arcs":[[147]],"type":"Polygon","properties":{"id":101729}},{"arcs":[[148]],"type":"Polygon","properties":{"id":101731}},{"arcs":[[149]],"type":"Polygon","properties":{"id":101733}},{"arcs":[[150]],"type":"Polygon","properties":{"id":101735}},{"arcs":[[151]],"type":"Polygon","properties":{"id":101736}},{"arcs":[[152]],"type":"Polygon","properties":{"id":101737}},{"arcs":[[153]],"type":"Polygon","properties":{"id":101738}},{"arcs":[[154]],"type":"Polygon","properties":{"id":101739}},{"arcs":[[155]],"type":"Polygon","properties":{"id":101742}},{"arcs":[[156]],"type":"Polygon","properties":{"id":101744}},{"arcs":[[157]],"type":"Polygon","properties":{"id":101745}},{"arcs":[[158]],"type":"Polygon","properties":{"id":101748}},{"arcs":[[159]],"type":"Polygon","properties":{"id":101753}},{"arcs":[[160]],"type":"Polygon","properties":{"id":101755}},{"arcs":[[161]],"type":"Polygon","properties":{"id":101756}},{"arcs":[[162]],"type":"Polygon","properties":{"id":101757}},{"arcs":[[163,164]],"type":"Polygon","properties":{"id":101760}},{"arcs":[[165]],"type":"Polygon","properties":{"id":101762}},{"arcs":[[166]],"type":"Polygon","properties":{"id":101765}},{"arcs":[[167]],"type":"Polygon","properties":{"id":101766}},{"arcs":[[168]],"type":"Polygon","properties":{"id":101770}},{"arcs":[[169,170]],"type":"Polygon","properties":{"id":101784}},{"arcs":[[171]],"type":"Polygon","properties":{"id":101787}},{"arcs":[[172]],"type":"Polygon","properties":{"id":101788}},{"arcs":[[173]],"type":"Polygon","properties":{"id":101789}},{"arcs":[[174]],"type":"Polygon","properties":{"id":101790}},{"arcs":[[175]],"type":"Polygon","properties":{"id":101791}},{"arcs":[[176]],"type":"Polygon","properties":{"id":101793}},{"arcs":[[177]],"type":"Polygon","properties":{"id":101794}},{"arcs":[[178]],"type":"Polygon","properties":{"id":101795}},{"arcs":[[179]],"type":"Polygon","properties":{"id":101797}},{"arcs":[[180]],"type":"Polygon","properties":{"id":101798}},{"arcs":[[181]],"type":"Polygon","properties":{"id":101799}},{"arcs":[[182]],"type":"Polygon","properties":{"id":101801}},{"arcs":[[183]],"type":"Polygon","properties":{"id":101804}},{"arcs":[[[-170,184]],[[185]]],"type":"MultiPolygon","properties":{"id":101807}},{"arcs":[[186]],"type":"Polygon","properties":{"id":101812}},{"arcs":[[187]],"type":"Polygon","properties":{"id":101813}},{"arcs":[[188]],"type":"Polygon","properties":{"id":101815}},{"arcs":[[189]],"type":"Polygon","properties":{"id":101816}},{"arcs":[[190]],"type":"Polygon","properties":{"id":101826}},{"arcs":[[191]],"type":"Polygon","properties":{"id":101827}},{"arcs":[[192]],"type":"Polygon","properties":{"id":101828}},{"arcs":[[193]],"type":"Polygon","properties":{"id":101830}},{"arcs":[[194]],"type":"Polygon","properties":{"id":101834}},{"arcs":[[195]],"type":"Polygon","properties":{"id":101835}},{"arcs":[[196]],"type":"Polygon","properties":{"id":101838}},{"arcs":[[197]],"type":"Polygon","properties":{"id":101839}},{"arcs":[[198]],"type":"Polygon","properties":{"id":101840}},{"arcs":[[199,200]],"type":"Polygon","properties":{"id":101841}},{"arcs":[[201,-140]],"type":"Polygon","properties":{"id":101846}},{"arcs":[[202]],"type":"Polygon","properties":{"id":101848}},{"arcs":[[203]],"type":"Polygon","properties":{"id":101850}},{"arcs":[[204]],"type":"Polygon","properties":{"id":101851}},{"arcs":[[205]],"type":"Polygon","properties":{"id":101852}},{"arcs":[[206]],"type":"Polygon","properties":{"id":101854}},{"arcs":[[207]],"type":"Polygon","properties":{"id":101856}},{"arcs":[[208]],"type":"Polygon","properties":{"id":101862}},{"arcs":[[209]],"type":"Polygon","properties":{"id":101865}},{"arcs":[[210]],"type":"Polygon","properties":{"id":101867}},{"arcs":[[211]],"type":"Polygon","properties":{"id":101868}},{"arcs":[[212]],"type":"Polygon","properties":{"id":101869}},{"arcs":[[213]],"type":"Polygon","properties":{"id":101871}},{"arcs":[[214]],"type":"Polygon","properties":{"id":101872}},{"arcs":[[215,216]],"type":"Polygon","properties":{"id":101873}},{"arcs":[[217]],"type":"Polygon","properties":{"id":101874}},{"arcs":[[218]],"type":"Polygon","properties":{"id":101876}},{"arcs":[[219,220]],"type":"Polygon","properties":{"id":101878}},{"arcs":[[221]],"type":"Polygon","properties":{"id":101881}},{"arcs":[[222,223]],"type":"Polygon","properties":{"id":101883}},{"arcs":[[224]],"type":"Polygon","properties":{"id":101887}},{"arcs":[[225,226]],"type":"Polygon","properties":{"id":101889}},{"arcs":[[227]],"type":"Polygon","properties":{"id":101890}},{"arcs":[[228,229]],"type":"Polygon","properties":{"id":101891}},{"arcs":[[230]],"type":"Polygon","properties":{"id":101894}},{"arcs":[[231]],"type":"Polygon","properties":{"id":101899}},{"arcs":[[232]],"type":"Polygon","properties":{"id":101900}},{"arcs":[[233,234]],"type":"Polygon","properties":{"id":101901}},{"arcs":[[235]],"type":"Polygon","properties":{"id":101904}},{"arcs":[[236]],"type":"Polygon","properties":{"id":101907}},{"arcs":[[237]],"type":"Polygon","properties":{"id":101910}},{"arcs":[[238]],"type":"Polygon","properties":{"id":101912}},{"arcs":[[239]],"type":"Polygon","properties":{"id":101913}},{"arcs":[[240]],"type":"Polygon","properties":{"id":101918}},{"arcs":[[241,242]],"type":"Polygon","properties":{"id":101919}},{"arcs":[[243]],"type":"Polygon","properties":{"id":101920}},{"arcs":[[244]],"type":"Polygon","properties":{"id":101923}},{"arcs":[[245]],"type":"Polygon","properties":{"id":101924}},{"arcs":[[246,247]],"type":"Polygon","properties":{"id":101929}},{"arcs":[[248,249]],"type":"Polygon","properties":{"id":101934}},{"arcs":[[250]],"type":"Polygon","properties":{"id":101935}},{"arcs":[[251]],"type":"Polygon","properties":{"id":101940}},{"arcs":[[252]],"type":"Polygon","properties":{"id":101943}},{"arcs":[[253]],"type":"Polygon","properties":{"id":101950}},{"arcs":[[254]],"type":"Polygon","properties":{"id":101954}},{"arcs":[[255]],"type":"Polygon","properties":{"id":101958}},{"arcs":[[256]],"type":"Polygon","properties":{"id":101960}},{"arcs":[[257]],"type":"Polygon","properties":{"id":101961}},{"arcs":[[258]],"type":"Polygon","properties":{"id":101968}},{"arcs":[[259]],"type":"Polygon","properties":{"id":101969}},{"arcs":[[260]],"type":"Polygon","properties":{"id":101971}},{"arcs":[[261]],"type":"Polygon","properties":{"id":101972}},{"arcs":[[262]],"type":"Polygon","properties":{"id":101975}},{"arcs":[[263]],"type":"Polygon","properties":{"id":101978}},{"arcs":[[264]],"type":"Polygon","properties":{"id":101980}},{"arcs":[[265]],"type":"Polygon","properties":{"id":101981}},{"arcs":[[266]],"type":"Polygon","properties":{"id":101987}},{"arcs":[[267,268]],"type":"Polygon","properties":{"id":101988}},{"arcs":[[269,270]],"type":"Polygon","properties":{"id":101998}},{"arcs":[[271]],"type":"Polygon","properties":{"id":101999}},{"arcs":[[272,273]],"type":"Polygon","properties":{"id":102029}},{"arcs":[[274]],"type":"Polygon","properties":{"id":102032}},{"arcs":[[275]],"type":"Polygon","properties":{"id":102055}},{"arcs":[[276]],"type":"Polygon","properties":{"id":102079}},{"arcs":[[277]],"type":"Polygon","properties":{"id":102083}},{"arcs":[[278]],"type":"Polygon","properties":{"id":102091}},{"arcs":[[279]],"type":"Polygon","properties":{"id":102093}},{"arcs":[[280]],"type":"Polygon","properties":{"id":102125}},{"arcs":[[281]],"type":"Polygon","properties":{"id":102136}},{"arcs":[[282]],"type":"Polygon","properties":{"id":102157}},{"arcs":[[283]],"type":"Polygon","properties":{"id":102160}},{"arcs":[[284,285]],"type":"Polygon","properties":{"id":102232}},{"arcs":[[286]],"type":"Polygon","properties":{"id":102238}},{"arcs":[[287]],"type":"Polygon","properties":{"id":102239}},{"arcs":[[288]],"type":"Polygon","properties":{"id":102270}},{"arcs":[[289]],"type":"Polygon","properties":{"id":102283}},{"arcs":[[290]],"type":"Polygon","properties":{"id":102284}},{"arcs":[[291]],"type":"Polygon","properties":{"id":102285}},{"arcs":[[292]],"type":"Polygon","properties":{"id":102286}},{"arcs":[[293],[294]],"type":"Polygon","properties":{"id":102309}},{"arcs":[[295]],"type":"Polygon","properties":{"id":102311}},{"arcs":[[296]],"type":"Polygon","properties":{"id":102323}},{"arcs":[[297]],"type":"Polygon","properties":{"id":102331}},{"arcs":[[298]],"type":"Polygon","properties":{"id":102332}},{"arcs":[[299]],"type":"Polygon","properties":{"id":102335}},{"arcs":[[300]],"type":"Polygon","properties":{"id":102336}},{"arcs":[[301]],"type":"Polygon","properties":{"id":102337}},{"arcs":[[302]],"type":"Polygon","properties":{"id":102340}},{"arcs":[[303]],"type":"Polygon","properties":{"id":102362}},{"arcs":[[304],[305]],"type":"Polygon","properties":{"id":102363}},{"arcs":[[306]],"type":"Polygon","properties":{"id":102365}},{"arcs":[[307]],"type":"Polygon","properties":{"id":102368}},{"arcs":[[308]],"type":"Polygon","properties":{"id":102380}},{"arcs":[[309]],"type":"Polygon","properties":{"id":102397}},{"arcs":[[310]],"type":"Polygon","properties":{"id":102408}},{"arcs":[[311]],"type":"Polygon","properties":{"id":102409}},{"arcs":[[312]],"type":"Polygon","properties":{"id":102435}},{"arcs":[[313]],"type":"Polygon","properties":{"id":102452}},{"arcs":[[314]],"type":"Polygon","properties":{"id":102455}},{"arcs":[[315],[316],[317]],"type":"Polygon","properties":{"id":102456}},{"arcs":[[318]],"type":"Polygon","properties":{"id":102460}},{"arcs":[[319]],"type":"Polygon","properties":{"id":102473}},{"arcs":[[320]],"type":"Polygon","properties":{"id":102487}},{"arcs":[[321,322]],"type":"Polygon","properties":{"id":102532}},{"arcs":[[323]],"type":"Polygon","properties":{"id":102544}},{"arcs":[[324]],"type":"Polygon","properties":{"id":102550}},{"arcs":[[325]],"type":"Polygon","properties":{"id":102552}},{"arcs":[[326]],"type":"Polygon","properties":{"id":102556}},{"arcs":[[327]],"type":"Polygon","properties":{"id":102568}},{"arcs":[[[328]],[[329]],[[330]],[[331]],[[332]],[[333]],[[334]],[[335]],[[336]],[[337]],[[338]],[[339]]],"type":"MultiPolygon","properties":{"id":102585}},{"arcs":[[340]],"type":"Polygon","properties":{"id":102590}},{"arcs":[[341,342]],"type":"Polygon","properties":{"id":102610}},{"arcs":[[343]],"type":"Polygon","properties":{"id":102613}},{"arcs":[[344]],"type":"Polygon","properties":{"id":102643}},{"arcs":[[345]],"type":"Polygon","properties":{"id":102690}},{"arcs":[[346]],"type":"Polygon","properties":{"id":102705}},{"arcs":[[347]],"type":"Polygon","properties":{"id":102725}},{"arcs":[[348]],"type":"Polygon","properties":{"id":102745}},{"arcs":[[349]],"type":"Polygon","properties":{"id":102766}},{"arcs":[[350]],"type":"Polygon","properties":{"id":102803}},{"arcs":[[351]],"type":"Polygon","properties":{"id":102809}},{"arcs":[[352]],"type":"Polygon","properties":{"id":102825}},{"arcs":[[353]],"type":"Polygon","properties":{"id":102838}},{"arcs":[[354]],"type":"Polygon","properties":{"id":102854}},{"arcs":[[355]],"type":"Polygon","properties":{"id":102914}},{"arcs":[[356]],"type":"Polygon","properties":{"id":102926}},{"arcs":[[357]],"type":"Polygon","properties":{"id":102946}},{"arcs":[[358]],"type":"Polygon","properties":{"id":102987}},{"arcs":[[359]],"type":"Polygon","properties":{"id":103052}},{"arcs":[[360]],"type":"Polygon","properties":{"id":103182}},{"arcs":[[361]],"type":"Polygon","properties":{"id":103205}},{"arcs":[[362]],"type":"Polygon","properties":{"id":103264}},{"arcs":[[363]],"type":"Polygon","properties":{"id":103271}},{"arcs":[[364]],"type":"Polygon","properties":{"id":103273}},{"arcs":[[365]],"type":"Polygon","properties":{"id":103278}},{"arcs":[[[366]],[[367]]],"type":"MultiPolygon","properties":{"id":103310}},{"arcs":[[368,369,370,371]],"type":"Polygon","properties":{"id":103312}},{"arcs":[[372]],"type":"Polygon","properties":{"id":103314}},{"arcs":[[373]],"type":"Polygon","properties":{"id":103315}},{"arcs":[[374]],"type":"Polygon","properties":{"id":103317}},{"arcs":[[375]],"type":"Polygon","properties":{"id":103409}},{"arcs":[[376]],"type":"Polygon","properties":{"id":103449}},{"arcs":[[377]],"type":"Polygon","properties":{"id":103475}},{"arcs":[[378]],"type":"Polygon","properties":{"id":103495}},{"arcs":[[379],[380]],"type":"Polygon","properties":{"id":103573}},{"arcs":[[381]],"type":"Polygon","properties":{"id":103580}},{"arcs":[[382]],"type":"Polygon","properties":{"id":103593}},{"arcs":[[383]],"type":"Polygon","properties":{"id":103594}},{"arcs":[[384,385,-103,386]],"type":"Polygon","properties":{"id":103595}},{"arcs":[[387]],"type":"Polygon","properties":{"id":103596}},{"arcs":[[388]],"type":"Polygon","properties":{"id":103597}},{"arcs":[[389]],"type":"Polygon","properties":{"id":103598}},{"arcs":[[390]],"type":"Polygon","properties":{"id":103600}},{"arcs":[[391]],"type":"Polygon","properties":{"id":103601}},{"arcs":[[392]],"type":"Polygon","properties":{"id":103602}},{"arcs":[[393]],"type":"Polygon","properties":{"id":103604}},{"arcs":[[394]],"type":"Polygon","properties":{"id":103605}},{"arcs":[[395]],"type":"Polygon","properties":{"id":103606}},{"arcs":[[396]],"type":"Polygon","properties":{"id":103611}},{"arcs":[[397]],"type":"Polygon","properties":{"id":103614}},{"arcs":[[398]],"type":"Polygon","properties":{"id":103615}},{"arcs":[[399]],"type":"Polygon","properties":{"id":103617}},{"arcs":[[400]],"type":"Polygon","properties":{"id":103620}},{"arcs":[[401]],"type":"Polygon","properties":{"id":103621}},{"arcs":[[402]],"type":"Polygon","properties":{"id":103628}},{"arcs":[[403]],"type":"Polygon","properties":{"id":103630}},{"arcs":[[404]],"type":"Polygon","properties":{"id":103632}},{"arcs":[[405]],"type":"Polygon","properties":{"id":103634}},{"arcs":[[406]],"type":"Polygon","properties":{"id":103638}},{"arcs":[[407]],"type":"Polygon","properties":{"id":103639}},{"arcs":[[408]],"type":"Polygon","properties":{"id":103640}},{"arcs":[[409]],"type":"Polygon","properties":{"id":103641}},{"arcs":[[410]],"type":"Polygon","properties":{"id":103643}},{"arcs":[[411]],"type":"Polygon","properties":{"id":103644}},{"arcs":[[412]],"type":"Polygon","properties":{"id":103645}},{"arcs":[[413]],"type":"Polygon","properties":{"id":103647}},{"arcs":[[414]],"type":"Polygon","properties":{"id":103651}},{"arcs":[[415]],"type":"Polygon","properties":{"id":103653}},{"arcs":[[416]],"type":"Polygon","properties":{"id":103655}},{"arcs":[[417]],"type":"Polygon","properties":{"id":103656}},{"arcs":[[418,419]],"type":"Polygon","properties":{"id":103661}},{"arcs":[[420]],"type":"Polygon","properties":{"id":103664}},{"arcs":[[421]],"type":"Polygon","properties":{"id":103679}},{"arcs":[[422]],"type":"Polygon","properties":{"id":103681}},{"arcs":[[423]],"type":"Polygon","properties":{"id":103682}},{"arcs":[[424]],"type":"Polygon","properties":{"id":103684}},{"arcs":[[425]],"type":"Polygon","properties":{"id":103685}},{"arcs":[[426,427]],"type":"Polygon","properties":{"id":103687}},{"arcs":[[428]],"type":"Polygon","properties":{"id":103692}},{"arcs":[[429]],"type":"Polygon","properties":{"id":103696}},{"arcs":[[430]],"type":"Polygon","properties":{"id":103698}},{"arcs":[[431]],"type":"Polygon","properties":{"id":103699}},{"arcs":[[-243,432]],"type":"Polygon","properties":{"id":103705}},{"arcs":[[433]],"type":"Polygon","properties":{"id":103711}},{"arcs":[[434]],"type":"Polygon","properties":{"id":103712}},{"arcs":[[435,436]],"type":"Polygon","properties":{"id":103716}},{"arcs":[[437]],"type":"Polygon","properties":{"id":103721}},{"arcs":[[438]],"type":"Polygon","properties":{"id":103727}},{"arcs":[[439]],"type":"Polygon","properties":{"id":103731}},{"arcs":[[440]],"type":"Polygon","properties":{"id":103733}},{"arcs":[[441]],"type":"Polygon","properties":{"id":103738}},{"arcs":[[442]],"type":"Polygon","properties":{"id":103739}},{"arcs":[[443]],"type":"Polygon","properties":{"id":103743}},{"arcs":[[444]],"type":"Polygon","properties":{"id":103745}},{"arcs":[[445]],"type":"Polygon","properties":{"id":103748}},{"arcs":[[446]],"type":"Polygon","properties":{"id":103759}},{"arcs":[[447]],"type":"Polygon","properties":{"id":103761}},{"arcs":[[448,449]],"type":"Polygon","properties":{"id":103767}},{"arcs":[[-385,450]],"type":"Polygon","properties":{"id":103770}},{"arcs":[[451]],"type":"Polygon","properties":{"id":103778}},{"arcs":[[452]],"type":"Polygon","properties":{"id":103781}},{"arcs":[[453]],"type":"Polygon","properties":{"id":103782}},{"arcs":[[454]],"type":"Polygon","properties":{"id":103789}},{"arcs":[[455]],"type":"Polygon","properties":{"id":103798}},{"arcs":[[456]],"type":"Polygon","properties":{"id":103804}},{"arcs":[[457]],"type":"Polygon","properties":{"id":103812}},{"arcs":[[458]],"type":"Polygon","properties":{"id":103815}},{"arcs":[[459]],"type":"Polygon","properties":{"id":103816}},{"arcs":[[460]],"type":"Polygon","properties":{"id":103849}},{"arcs":[[461]],"type":"Polygon","properties":{"id":103933}},{"arcs":[[462]],"type":"Polygon","properties":{"id":103962}},{"arcs":[[463]],"type":"Polygon","properties":{"id":103965}},{"arcs":[[464]],"type":"Polygon","properties":{"id":103970}},{"arcs":[[465]],"type":"Polygon","properties":{"id":104095}},{"arcs":[[466]],"type":"Polygon","properties":{"id":104100}},{"arcs":[[467]],"type":"Polygon","properties":{"id":104105}},{"arcs":[[468],[469]],"type":"Polygon","properties":{"id":104206}},{"arcs":[[470,471]],"type":"Polygon","properties":{"id":104226}},{"arcs":[[472]],"type":"Polygon","properties":{"id":104237}},{"arcs":[[-471,473]],"type":"Polygon","properties":{"id":104238}},{"arcs":[[474]],"type":"Polygon","properties":{"id":104239}},{"arcs":[[475]],"type":"Polygon","properties":{"id":104250}},{"arcs":[[476]],"type":"Polygon","properties":{"id":104261}},{"arcs":[[477],[478]],"type":"Polygon","properties":{"id":104263}},{"arcs":[[479]],"type":"Polygon","properties":{"id":104267}},{"arcs":[[480,481]],"type":"Polygon","properties":{"id":104278}},{"arcs":[[482]],"type":"Polygon","properties":{"id":104285}},{"arcs":[[483]],"type":"Polygon","properties":{"id":104288}},{"arcs":[[484]],"type":"Polygon","properties":{"id":104300}},{"arcs":[[485]],"type":"Polygon","properties":{"id":104340}},{"arcs":[[486]],"type":"Polygon","properties":{"id":104374}},{"arcs":[[487]],"type":"Polygon","properties":{"id":104384}},{"arcs":[[488]],"type":"Polygon","properties":{"id":104385}},{"arcs":[[489]],"type":"Polygon","properties":{"id":104430}},{"arcs":[[490]],"type":"Polygon","properties":{"id":104431}},{"arcs":[[491]],"type":"Polygon","properties":{"id":104511}},{"arcs":[[492]],"type":"Polygon","properties":{"id":104549}},{"arcs":[[493]],"type":"Polygon","properties":{"id":104635}},{"arcs":[[494]],"type":"Polygon","properties":{"id":104710}},{"arcs":[[495]],"type":"Polygon","properties":{"id":104735}},{"arcs":[[496,497]],"type":"Polygon","properties":{"id":104789}},{"arcs":[[498]],"type":"Polygon","properties":{"id":104834}},{"arcs":[[499]],"type":"Polygon","properties":{"id":104836}},{"arcs":[[500]],"type":"Polygon","properties":{"id":104838}},{"arcs":[[501]],"type":"Polygon","properties":{"id":104849}},{"arcs":[[502]],"type":"Polygon","properties":{"id":104879}},{"arcs":[[503]],"type":"Polygon","properties":{"id":104931}},{"arcs":[[504]],"type":"Polygon","properties":{"id":105006}},{"arcs":[[505]],"type":"Polygon","properties":{"id":105011}},{"arcs":[[506]],"type":"Polygon","properties":{"id":105012}},{"arcs":[[507]],"type":"Polygon","properties":{"id":105034}},{"arcs":[[[508]],[[509]]],"type":"MultiPolygon","properties":{"id":105044}},{"arcs":[[510]],"type":"Polygon","properties":{"id":105061}},{"arcs":[[[511]],[[512]],[[513]]],"type":"MultiPolygon","properties":{"id":105067}},{"arcs":[[514]],"type":"Polygon","properties":{"id":105070}},{"arcs":[[515]],"type":"Polygon","properties":{"id":105078}},{"arcs":[[516]],"type":"Polygon","properties":{"id":105150}},{"arcs":[[517]],"type":"Polygon","properties":{"id":105233}},{"arcs":[[518]],"type":"Polygon","properties":{"id":105244}},{"arcs":[[519]],"type":"Polygon","properties":{"id":105252}},{"arcs":[[520]],"type":"Polygon","properties":{"id":105288}},{"arcs":[[521]],"type":"Polygon","properties":{"id":105302}},{"arcs":[[477],[478]],"type":"Polygon","properties":{"id":105315}},{"arcs":[[522]],"type":"Polygon","properties":{"id":105339}},{"arcs":[[523]],"type":"Polygon","properties":{"id":105340}},{"arcs":[[524]],"type":"Polygon","properties":{"id":105360}},{"arcs":[[525]],"type":"Polygon","properties":{"id":105391}},{"arcs":[[[526]],[[527]]],"type":"MultiPolygon","properties":{"id":105441}},{"arcs":[[528]],"type":"Polygon","properties":{"id":105454}},{"arcs":[[529]],"type":"Polygon","properties":{"id":105472}},{"arcs":[[530]],"type":"Polygon","properties":{"id":105478}},{"arcs":[[531]],"type":"Polygon","properties":{"id":105483}},{"arcs":[[532]],"type":"Polygon","properties":{"id":105484}},{"arcs":[[533]],"type":"Polygon","properties":{"id":105488}},{"arcs":[[534]],"type":"Polygon","properties":{"id":105490}},{"arcs":[[535]],"type":"Polygon","properties":{"id":105530}},{"arcs":[[536]],"type":"Polygon","properties":{"id":105533}},{"arcs":[[537]],"type":"Polygon","properties":{"id":105551}},{"arcs":[[538]],"type":"Polygon","properties":{"id":105586}},{"arcs":[[539]],"type":"Polygon","properties":{"id":105596}},{"arcs":[[540]],"type":"Polygon","properties":{"id":105600}},{"arcs":[[541]],"type":"Polygon","properties":{"id":105604}},{"arcs":[[542]],"type":"Polygon","properties":{"id":105608}},{"arcs":[[543]],"type":"Polygon","properties":{"id":105609}},{"arcs":[[544]],"type":"Polygon","properties":{"id":105615}},{"arcs":[[545]],"type":"Polygon","properties":{"id":105617}},{"arcs":[[546]],"type":"Polygon","properties":{"id":105619}},{"arcs":[[547]],"type":"Polygon","properties":{"id":105653}},{"arcs":[[548]],"type":"Polygon","properties":{"id":105673}},{"arcs":[[549,550]],"type":"Polygon","properties":{"id":105695}},{"arcs":[[-550,551]],"type":"Polygon","properties":{"id":105697}},{"arcs":[[552,553]],"type":"Polygon","properties":{"id":105709}},{"arcs":[[554]],"type":"Polygon","properties":{"id":105725}},{"arcs":[[555]],"type":"Polygon","properties":{"id":105739}},{"arcs":[[556,557]],"type":"Polygon","properties":{"id":105749}},{"arcs":[[558]],"type":"Polygon","properties":{"id":105768}},{"arcs":[[559,560]],"type":"Polygon","properties":{"id":105785}},{"arcs":[[561]],"type":"Polygon","properties":{"id":105788}},{"arcs":[[562]],"type":"Polygon","properties":{"id":105790}},{"arcs":[[563,564]],"type":"Polygon","properties":{"id":105792}},{"arcs":[[565]],"type":"Polygon","properties":{"id":105819}},{"arcs":[[566]],"type":"Polygon","properties":{"id":105820}},{"arcs":[[567]],"type":"Polygon","properties":{"id":105852}},{"arcs":[[568]],"type":"Polygon","properties":{"id":105858}},{"arcs":[[569]],"type":"Polygon","properties":{"id":105921}},{"arcs":[[570,571]],"type":"Polygon","properties":{"id":105936}},{"arcs":[[572]],"type":"Polygon","properties":{"id":105938}},{"arcs":[[573,574]],"type":"Polygon","properties":{"id":105983}},{"arcs":[[575]],"type":"Polygon","properties":{"id":105987}},{"arcs":[[576]],"type":"Polygon","properties":{"id":105989}},{"arcs":[[577,578]],"type":"Polygon","properties":{"id":105991}},{"arcs":[[579]],"type":"Polygon","properties":{"id":106000}},{"arcs":[[580,581]],"type":"Polygon","properties":{"id":106014}},{"arcs":[[582]],"type":"Polygon","properties":{"id":106017}},{"arcs":[[583]],"type":"Polygon","properties":{"id":106025}},{"arcs":[[584]],"type":"Polygon","properties":{"id":106027}},{"arcs":[[585]],"type":"Polygon","properties":{"id":106030}},{"arcs":[[586]],"type":"Polygon","properties":{"id":106042}},{"arcs":[[587]],"type":"Polygon","properties":{"id":106046}},{"arcs":[[588]],"type":"Polygon","properties":{"id":106052}},{"arcs":[[589]],"type":"Polygon","properties":{"id":106067}},{"arcs":[[590,591]],"type":"Polygon","properties":{"id":106101}},{"arcs":[[592,593]],"type":"Polygon","properties":{"id":106102}},{"arcs":[[594]],"type":"Polygon","properties":{"id":106103}},{"arcs":[[-571,595]],"type":"Polygon","properties":{"id":106108}},{"arcs":[[596]],"type":"Polygon","properties":{"id":106109}},{"arcs":[[597]],"type":"Polygon","properties":{"id":106112}},{"arcs":[[598]],"type":"Polygon","properties":{"id":106113}},{"arcs":[[599,600]],"type":"Polygon","properties":{"id":106118}},{"arcs":[[601]],"type":"Polygon","properties":{"id":106121}},{"arcs":[[602]],"type":"Polygon","properties":{"id":106122}},{"arcs":[[603]],"type":"Polygon","properties":{"id":106125}},{"arcs":[[604]],"type":"Polygon","properties":{"id":106128}},{"arcs":[[605]],"type":"Polygon","properties":{"id":106158}},{"arcs":[[606]],"type":"Polygon","properties":{"id":106159}},{"arcs":[[607]],"type":"Polygon","properties":{"id":106184}},{"arcs":[[608]],"type":"Polygon","properties":{"id":106223}},{"arcs":[[609]],"type":"Polygon","properties":{"id":106236}},{"arcs":[[610]],"type":"Polygon","properties":{"id":106618}},{"arcs":[[611],[612],[613]],"type":"Polygon","properties":{"id":106819}},{"arcs":[[614,615]],"type":"Polygon","properties":{"id":107850}},{"arcs":[[616]],"type":"Polygon","properties":{"id":107939}},{"arcs":[[617]],"type":"Polygon","properties":{"id":107970}},{"arcs":[[618]],"type":"Polygon","properties":{"id":108602}},{"arcs":[[619]],"type":"Polygon","properties":{"id":109191}},{"arcs":[[620]],"type":"Polygon","properties":{"id":109238}},{"arcs":[[621]],"type":"Polygon","properties":{"id":109276}},{"arcs":[[622]],"type":"Polygon","properties":{"id":109278}},{"arcs":[[623]],"type":"Polygon","properties":{"id":109326}},{"arcs":[[624]],"type":"Polygon","properties":{"id":109413}},{"arcs":[[625]],"type":"Polygon","properties":{"id":109510}},{"arcs":[[626]],"type":"Polygon","properties":{"id":109549}},{"arcs":[[627]],"type":"Polygon","properties":{"id":109550}},{"arcs":[[628]],"type":"Polygon","properties":{"id":109573}},{"arcs":[[629]],"type":"Polygon","properties":{"id":109576}},{"arcs":[[630]],"type":"Polygon","properties":{"id":109613}},{"arcs":[[631]],"type":"Polygon","properties":{"id":109891}},{"arcs":[[632]],"type":"Polygon","properties":{"id":110223}},{"arcs":[[633]],"type":"Polygon","properties":{"id":110254}},{"arcs":[[634]],"type":"Polygon","properties":{"id":110743}},{"arcs":[[635]],"type":"Polygon","properties":{"id":110848}},{"arcs":[[636]],"type":"Polygon","properties":{"id":110854}},{"arcs":[[637]],"type":"Polygon","properties":{"id":110887}},{"arcs":[[638]],"type":"Polygon","properties":{"id":111000}},{"arcs":[[639]],"type":"Polygon","properties":{"id":111038}},{"arcs":[[640]],"type":"Polygon","properties":{"id":111083}},{"arcs":[[641]],"type":"Polygon","properties":{"id":111157}},{"arcs":[[642]],"type":"Polygon","properties":{"id":111431}},{"arcs":[[643]],"type":"Polygon","properties":{"id":111452}},{"arcs":[[644]],"type":"Polygon","properties":{"id":111466}},{"arcs":[[645]],"type":"Polygon","properties":{"id":111536}},{"arcs":[[646,647]],"type":"Polygon","properties":{"id":111545}},{"arcs":[[648]],"type":"Polygon","properties":{"id":111553}},{"arcs":[[649]],"type":"Polygon","properties":{"id":111555}},{"arcs":[[650]],"type":"Polygon","properties":{"id":111633}},{"arcs":[[651]],"type":"Polygon","properties":{"id":111687}},{"arcs":[[652]],"type":"Polygon","properties":{"id":111695}},{"arcs":[[653]],"type":"Polygon","properties":{"id":111708}},{"arcs":[[654]],"type":"Polygon","properties":{"id":111724}},{"arcs":[[655]],"type":"Polygon","properties":{"id":111837}},{"arcs":[[656]],"type":"Polygon","properties":{"id":111862}},{"arcs":[[657]],"type":"Polygon","properties":{"id":111893}},{"arcs":[[658]],"type":"Polygon","properties":{"id":111959}},{"arcs":[[659]],"type":"Polygon","properties":{"id":111976}},{"arcs":[[660,661]],"type":"Polygon","properties":{"id":111978}},{"arcs":[[662]],"type":"Polygon","properties":{"id":111987}},{"arcs":[[663]],"type":"Polygon","properties":{"id":112013}},{"arcs":[[664]],"type":"Polygon","properties":{"id":112016}},{"arcs":[[665]],"type":"Polygon","properties":{"id":112078}},{"arcs":[[403]],"type":"Polygon","properties":{"id":112110}},{"arcs":[[666]],"type":"Polygon","properties":{"id":112141}},{"arcs":[[667]],"type":"Polygon","properties":{"id":112157}},{"arcs":[[[668]],[[669]]],"type":"MultiPolygon","properties":{"id":112188}},{"arcs":[[670]],"type":"Polygon","properties":{"id":112300}},{"arcs":[[671]],"type":"Polygon","properties":{"id":112320}},{"arcs":[[672]],"type":"Polygon","properties":{"id":112395}},{"arcs":[[673]],"type":"Polygon","properties":{"id":112437}},{"arcs":[[674,675]],"type":"Polygon","properties":{"id":112468}},{"arcs":[[676]],"type":"Polygon","properties":{"id":112515}},{"arcs":[[[677]],[[678]]],"type":"MultiPolygon","properties":{"id":112530}},{"arcs":[[679]],"type":"Polygon","properties":{"id":112607}},{"arcs":[[680]],"type":"Polygon","properties":{"id":112622}},{"arcs":[[681]],"type":"Polygon","properties":{"id":112638}},{"arcs":[[682]],"type":"Polygon","properties":{"id":112698}},{"arcs":[[683]],"type":"Polygon","properties":{"id":112699}},{"arcs":[[[684]],[[685]]],"type":"MultiPolygon","properties":{"id":112724}},{"arcs":[[686]],"type":"Polygon","properties":{"id":112760}},{"arcs":[[687]],"type":"Polygon","properties":{"id":112762}},{"arcs":[[688],[689]],"type":"Polygon","properties":{"id":112765}},{"arcs":[[690]],"type":"Polygon","properties":{"id":112801}},{"arcs":[[691]],"type":"Polygon","properties":{"id":112834}},{"arcs":[[692]],"type":"Polygon","properties":{"id":112954}},{"arcs":[[693]],"type":"Polygon","properties":{"id":113026}},{"arcs":[[694]],"type":"Polygon","properties":{"id":113086}},{"arcs":[[695]],"type":"Polygon","properties":{"id":113146}},{"arcs":[[696]],"type":"Polygon","properties":{"id":113158}},{"arcs":[[697]],"type":"Polygon","properties":{"id":113199}},{"arcs":[[698]],"type":"Polygon","properties":{"id":113335}},{"arcs":[[699]],"type":"Polygon","properties":{"id":113396}},{"arcs":[[700]],"type":"Polygon","properties":{"id":113414}},{"arcs":[[701]],"type":"Polygon","properties":{"id":113452}},{"arcs":[[702]],"type":"Polygon","properties":{"id":113466}},{"arcs":[[703]],"type":"Polygon","properties":{"id":113474}},{"arcs":[[704]],"type":"Polygon","properties":{"id":113485}},{"arcs":[[705,-574,706]],"type":"Polygon","properties":{"id":113487}},{"arcs":[[707]],"type":"Polygon","properties":{"id":113489}},{"arcs":[[708]],"type":"Polygon","properties":{"id":113507}},{"arcs":[[709]],"type":"Polygon","properties":{"id":113509}},{"arcs":[[710]],"type":"Polygon","properties":{"id":113540}},{"arcs":[[711]],"type":"Polygon","properties":{"id":113548}},{"arcs":[[712]],"type":"Polygon","properties":{"id":113569}},{"arcs":[[713]],"type":"Polygon","properties":{"id":113573}},{"arcs":[[714]],"type":"Polygon","properties":{"id":113587}},{"arcs":[[715,716]],"type":"Polygon","properties":{"id":113591}},{"arcs":[[717]],"type":"Polygon","properties":{"id":113593}},{"arcs":[[718]],"type":"Polygon","properties":{"id":113598}},{"arcs":[[719]],"type":"Polygon","properties":{"id":113602}},{"arcs":[[720]],"type":"Polygon","properties":{"id":113617}},{"arcs":[[721]],"type":"Polygon","properties":{"id":113621}},{"arcs":[[722]],"type":"Polygon","properties":{"id":113632}},{"arcs":[[723]],"type":"Polygon","properties":{"id":113652}},{"arcs":[[724,725,726,727]],"type":"Polygon","properties":{"id":113668}},{"arcs":[[728,-728,729,730]],"type":"Polygon","properties":{"id":113670}},{"arcs":[[731,732,733]],"type":"Polygon","properties":{"id":113677}},{"arcs":[[734,735]],"type":"Polygon","properties":{"id":113688}},{"arcs":[[736]],"type":"Polygon","properties":{"id":113690}},{"arcs":[[737]],"type":"Polygon","properties":{"id":113706}},{"arcs":[[738]],"type":"Polygon","properties":{"id":113726}},{"arcs":[[739]],"type":"Polygon","properties":{"id":113745}},{"arcs":[[740,741,742,743]],"type":"Polygon","properties":{"id":113752}},{"arcs":[[744,-742]],"type":"Polygon","properties":{"id":113754}},{"arcs":[[745]],"type":"Polygon","properties":{"id":113764}},{"arcs":[[746]],"type":"Polygon","properties":{"id":113768}},{"arcs":[[747]],"type":"Polygon","properties":{"id":113933}},{"arcs":[[748]],"type":"Polygon","properties":{"id":114008}},{"arcs":[[749]],"type":"Polygon","properties":{"id":114120}},{"arcs":[[750]],"type":"Polygon","properties":{"id":114125}},{"arcs":[[751]],"type":"Polygon","properties":{"id":114191}},{"arcs":[[-744,752]],"type":"Polygon","properties":{"id":114196}},{"arcs":[[753]],"type":"Polygon","properties":{"id":114197}},{"arcs":[[754]],"type":"Polygon","properties":{"id":114198}},{"arcs":[[755]],"type":"Polygon","properties":{"id":114200}},{"arcs":[[756]],"type":"Polygon","properties":{"id":114201}},{"arcs":[[757]],"type":"Polygon","properties":{"id":114204}},{"arcs":[[758]],"type":"Polygon","properties":{"id":114228}},{"arcs":[[759]],"type":"Polygon","properties":{"id":114252}},{"arcs":[[760]],"type":"Polygon","properties":{"id":114282}},{"arcs":[[761]],"type":"Polygon","properties":{"id":114291}},{"arcs":[[762]],"type":"Polygon","properties":{"id":114316}},{"arcs":[[763]],"type":"Polygon","properties":{"id":114339}},{"arcs":[[764]],"type":"Polygon","properties":{"id":114455}},{"arcs":[[765]],"type":"Polygon","properties":{"id":114515}},{"arcs":[[766]],"type":"Polygon","properties":{"id":114543}},{"arcs":[[767]],"type":"Polygon","properties":{"id":114638}},{"arcs":[[768]],"type":"Polygon","properties":{"id":114789}},{"arcs":[[769]],"type":"Polygon","properties":{"id":114798}},{"arcs":[[770]],"type":"Polygon","properties":{"id":114817}},{"arcs":[[771]],"type":"Polygon","properties":{"id":114819}},{"arcs":[[772]],"type":"Polygon","properties":{"id":114858}},{"arcs":[[773]],"type":"Polygon","properties":{"id":114861}},{"arcs":[[774]],"type":"Polygon","properties":{"id":114866}},{"arcs":[[775]],"type":"Polygon","properties":{"id":114874}},{"arcs":[[776]],"type":"Polygon","properties":{"id":115022}},{"arcs":[[777]],"type":"Polygon","properties":{"id":115046}},{"arcs":[[778]],"type":"Polygon","properties":{"id":115065}},{"arcs":[[779]],"type":"Polygon","properties":{"id":115108}},{"arcs":[[[780]],[[781]]],"type":"MultiPolygon","properties":{"id":115231}},{"arcs":[[782]],"type":"Polygon","properties":{"id":115316}},{"arcs":[[783]],"type":"Polygon","properties":{"id":115341}},{"arcs":[[784]],"type":"Polygon","properties":{"id":115376}},{"arcs":[[[785]],[[786]]],"type":"MultiPolygon","properties":{"id":115605}},{"arcs":[[787]],"type":"Polygon","properties":{"id":115692}},{"arcs":[[788]],"type":"Polygon","properties":{"id":115754}},{"arcs":[[789]],"type":"Polygon","properties":{"id":115775}},{"arcs":[[790]],"type":"Polygon","properties":{"id":115784}},{"arcs":[[791]],"type":"Polygon","properties":{"id":115816}},{"arcs":[[792]],"type":"Polygon","properties":{"id":115860}},{"arcs":[[793]],"type":"Polygon","properties":{"id":115942}},{"arcs":[[794]],"type":"Polygon","properties":{"id":115956}},{"arcs":[[795]],"type":"Polygon","properties":{"id":116066}},{"arcs":[[796]],"type":"Polygon","properties":{"id":116122}},{"arcs":[[797,798]],"type":"Polygon","properties":{"id":116144}},{"arcs":[[799]],"type":"Polygon","properties":{"id":116166}},{"arcs":[[800]],"type":"Polygon","properties":{"id":116171}},{"arcs":[[801]],"type":"Polygon","properties":{"id":116215}},{"arcs":[[802]],"type":"Polygon","properties":{"id":116336}},{"arcs":[[803]],"type":"Polygon","properties":{"id":116385}},{"arcs":[[804]],"type":"Polygon","properties":{"id":116408}},{"arcs":[[805]],"type":"Polygon","properties":{"id":116413}},{"arcs":[[806]],"type":"Polygon","properties":{"id":116418}},{"arcs":[[807]],"type":"Polygon","properties":{"id":116428}},{"arcs":[[808]],"type":"Polygon","properties":{"id":116462}},{"arcs":[[809]],"type":"Polygon","properties":{"id":116534}},{"arcs":[[810]],"type":"Polygon","properties":{"id":116536}},{"arcs":[[811]],"type":"Polygon","properties":{"id":116550}},{"arcs":[[812]],"type":"Polygon","properties":{"id":116552}},{"arcs":[[813]],"type":"Polygon","properties":{"id":116559}},{"arcs":[[814]],"type":"Polygon","properties":{"id":116644}},{"arcs":[[815]],"type":"Polygon","properties":{"id":116662}},{"arcs":[[816]],"type":"Polygon","properties":{"id":116697}},{"arcs":[[817]],"type":"Polygon","properties":{"id":116702}},{"arcs":[[818]],"type":"Polygon","properties":{"id":116715}},{"arcs":[[819]],"type":"Polygon","properties":{"id":116716}},{"arcs":[[820]],"type":"Polygon","properties":{"id":116720}},{"arcs":[[821]],"type":"Polygon","properties":{"id":116749}},{"arcs":[[822]],"type":"Polygon","properties":{"id":116750}},{"arcs":[[823]],"type":"Polygon","properties":{"id":116752}},{"arcs":[[824]],"type":"Polygon","properties":{"id":116786}},{"arcs":[[825]],"type":"Polygon","properties":{"id":116810}},{"arcs":[[826]],"type":"Polygon","properties":{"id":116876}},{"arcs":[[827]],"type":"Polygon","properties":{"id":116966}},{"arcs":[[828]],"type":"Polygon","properties":{"id":117014}},{"arcs":[[829]],"type":"Polygon","properties":{"id":117024}},{"arcs":[[830]],"type":"Polygon","properties":{"id":117067}},{"arcs":[[831]],"type":"Polygon","properties":{"id":117115}},{"arcs":[[832]],"type":"Polygon","properties":{"id":117159}},{"arcs":[[833]],"type":"Polygon","properties":{"id":117167}},{"arcs":[[834]],"type":"Polygon","properties":{"id":117174}},{"arcs":[[835]],"type":"Polygon","properties":{"id":117179}},{"arcs":[[836]],"type":"Polygon","properties":{"id":117188}},{"arcs":[[837]],"type":"Polygon","properties":{"id":117189}},{"arcs":[[838]],"type":"Polygon","properties":{"id":117248}},{"arcs":[[839]],"type":"Polygon","properties":{"id":117309}},{"arcs":[[840]],"type":"Polygon","properties":{"id":117311}},{"arcs":[[841]],"type":"Polygon","properties":{"id":117313}},{"arcs":[[[842]],[[843]]],"type":"MultiPolygon","properties":{"id":117348}},{"arcs":[[844]],"type":"Polygon","properties":{"id":117358}},{"arcs":[[[845]],[[846]]],"type":"MultiPolygon","properties":{"id":117367}},{"arcs":[[847]],"type":"Polygon","properties":{"id":117390}},{"arcs":[[848]],"type":"Polygon","properties":{"id":117398}},{"arcs":[[849],[850]],"type":"Polygon","properties":{"id":117509}},{"arcs":[[851]],"type":"Polygon","properties":{"id":117535}},{"arcs":[[852]],"type":"Polygon","properties":{"id":117599}},{"arcs":[[853],[854]],"type":"Polygon","properties":{"id":117702}},{"arcs":[[855]],"type":"Polygon","properties":{"id":117750}},{"arcs":[[856]],"type":"Polygon","properties":{"id":117814}},{"arcs":[[857]],"type":"Polygon","properties":{"id":117948}},{"arcs":[[858]],"type":"Polygon","properties":{"id":118140}},{"arcs":[[859,860,861]],"type":"Polygon","properties":{"id":118332}},{"arcs":[[862]],"type":"Polygon","properties":{"id":118349}},{"arcs":[[863]],"type":"Polygon","properties":{"id":118351}},{"arcs":[[864]],"type":"Polygon","properties":{"id":118557}},{"arcs":[[865]],"type":"Polygon","properties":{"id":118695}},{"arcs":[[866]],"type":"Polygon","properties":{"id":118700}},{"arcs":[[867]],"type":"Polygon","properties":{"id":118776}},{"arcs":[[868]],"type":"Polygon","properties":{"id":118850}},{"arcs":[[869]],"type":"Polygon","properties":{"id":118872}},{"arcs":[[870]],"type":"Polygon","properties":{"id":118892}},{"arcs":[[871]],"type":"Polygon","properties":{"id":118998}},{"arcs":[[872]],"type":"Polygon","properties":{"id":119039}},{"arcs":[[873]],"type":"Polygon","properties":{"id":119055}},{"arcs":[[874]],"type":"Polygon","properties":{"id":119071}},{"arcs":[[875,876]],"type":"Polygon","properties":{"id":119128}},{"arcs":[[877]],"type":"Polygon","properties":{"id":119223}},{"arcs":[[878]],"type":"Polygon","properties":{"id":119238}},{"arcs":[[879]],"type":"Polygon","properties":{"id":119269}},{"arcs":[[880]],"type":"Polygon","properties":{"id":119323}},{"arcs":[[881]],"type":"Polygon","properties":{"id":119347}},{"arcs":[[882]],"type":"Polygon","properties":{"id":119349}},{"arcs":[[883]],"type":"Polygon","properties":{"id":119387}},{"arcs":[[884]],"type":"Polygon","properties":{"id":119405}},{"arcs":[[885]],"type":"Polygon","properties":{"id":119419}},{"arcs":[[886]],"type":"Polygon","properties":{"id":119422}},{"arcs":[[887]],"type":"Polygon","properties":{"id":119450}},{"arcs":[[888]],"type":"Polygon","properties":{"id":119504}},{"arcs":[[889]],"type":"Polygon","properties":{"id":119552}},{"arcs":[[890]],"type":"Polygon","properties":{"id":119564}},{"arcs":[[891]],"type":"Polygon","properties":{"id":119609}},{"arcs":[[892]],"type":"Polygon","properties":{"id":119629}},{"arcs":[[893]],"type":"Polygon","properties":{"id":119676}},{"arcs":[[894]],"type":"Polygon","properties":{"id":119685}},{"arcs":[[895]],"type":"Polygon","properties":{"id":119689}},{"arcs":[[896]],"type":"Polygon","properties":{"id":119757}},{"arcs":[[897]],"type":"Polygon","properties":{"id":119758}},{"arcs":[[898]],"type":"Polygon","properties":{"id":119799}},{"arcs":[[899]],"type":"Polygon","properties":{"id":119808}},{"arcs":[[900]],"type":"Polygon","properties":{"id":119885}},{"arcs":[[901]],"type":"Polygon","properties":{"id":119914}},{"arcs":[[902]],"type":"Polygon","properties":{"id":119987}},{"arcs":[[903]],"type":"Polygon","properties":{"id":120010}},{"arcs":[[904]],"type":"Polygon","properties":{"id":120083}},{"arcs":[[905]],"type":"Polygon","properties":{"id":120137}},{"arcs":[[906]],"type":"Polygon","properties":{"id":120218}},{"arcs":[[907]],"type":"Polygon","properties":{"id":120299}},{"arcs":[[908]],"type":"Polygon","properties":{"id":120343}},{"arcs":[[909]],"type":"Polygon","properties":{"id":120344}},{"arcs":[[910,911]],"type":"Polygon","properties":{"id":120347}},{"arcs":[[912]],"type":"Polygon","properties":{"id":120445}},{"arcs":[[913]],"type":"Polygon","properties":{"id":120503}},{"arcs":[[914]],"type":"Polygon","properties":{"id":120518}},{"arcs":[[915]],"type":"Polygon","properties":{"id":120624}},{"arcs":[[916]],"type":"Polygon","properties":{"id":120631}},{"arcs":[[917]],"type":"Polygon","properties":{"id":120830}},{"arcs":[[918]],"type":"Polygon","properties":{"id":120876}},{"arcs":[[919,920]],"type":"Polygon","properties":{"id":120931}},{"arcs":[[921]],"type":"Polygon","properties":{"id":121038}},{"arcs":[[922]],"type":"Polygon","properties":{"id":121043}},{"arcs":[[923]],"type":"Polygon","properties":{"id":121059}},{"arcs":[[924]],"type":"Polygon","properties":{"id":121093}},{"arcs":[[925]],"type":"Polygon","properties":{"id":121212}},{"arcs":[[926]],"type":"Polygon","properties":{"id":121222}},{"arcs":[[927]],"type":"Polygon","properties":{"id":121264}},{"arcs":[[928]],"type":"Polygon","properties":{"id":121286}},{"arcs":[[929]],"type":"Polygon","properties":{"id":121355}},{"arcs":[[531]],"type":"Polygon","properties":{"id":121374}},{"arcs":[[930]],"type":"Polygon","properties":{"id":121587}},{"arcs":[[931]],"type":"Polygon","properties":{"id":121761}},{"arcs":[[932]],"type":"Polygon","properties":{"id":121774}},{"arcs":[[933]],"type":"Polygon","properties":{"id":122005}},{"arcs":[[934]],"type":"Polygon","properties":{"id":122919}},{"arcs":[[935]],"type":"Polygon","properties":{"id":123202}},{"arcs":[[936]],"type":"Polygon","properties":{"id":123973}},{"arcs":[[937]],"type":"Polygon","properties":{"id":124019}},{"arcs":[[938,939]],"type":"Polygon","properties":{"id":124056}},{"arcs":[[940]],"type":"Polygon","properties":{"id":124139}},{"arcs":[[-860,941,942]],"type":"Polygon","properties":{"id":124236}},{"arcs":[[943]],"type":"Polygon","properties":{"id":124312}},{"arcs":[[944]],"type":"Polygon","properties":{"id":124456}},{"arcs":[[945]],"type":"Polygon","properties":{"id":124699}},{"arcs":[[946]],"type":"Polygon","properties":{"id":124911}},{"arcs":[[947]],"type":"Polygon","properties":{"id":124961}},{"arcs":[[948]],"type":"Polygon","properties":{"id":125013}},{"arcs":[[949]],"type":"Polygon","properties":{"id":125048}},{"arcs":[[950]],"type":"Polygon","properties":{"id":125148}},{"arcs":[[951]],"type":"Polygon","properties":{"id":125204}},{"arcs":[[952]],"type":"Polygon","properties":{"id":125235}},{"arcs":[[953]],"type":"Polygon","properties":{"id":125543}},{"arcs":[[954]],"type":"Polygon","properties":{"id":125763}},{"arcs":[[955]],"type":"Polygon","properties":{"id":125859}},{"arcs":[[956]],"type":"Polygon","properties":{"id":126126}},{"arcs":[[957]],"type":"Polygon","properties":{"id":126141}},{"arcs":[[958]],"type":"Polygon","properties":{"id":126258}},{"arcs":[[959]],"type":"Polygon","properties":{"id":126411}},{"arcs":[[960]],"type":"Polygon","properties":{"id":127031}},{"arcs":[[961]],"type":"Polygon","properties":{"id":127047}},{"arcs":[[962]],"type":"Polygon","properties":{"id":127778}},{"arcs":[[[963]],[[964]]],"type":"MultiPolygon","properties":{"id":127877}},{"arcs":[[965]],"type":"Polygon","properties":{"id":128007}},{"arcs":[[966],[967],[968],[969],[970]],"type":"Polygon","properties":{"id":128088}},{"arcs":[[971]],"type":"Polygon","properties":{"id":128170}},{"arcs":[[972]],"type":"Polygon","properties":{"id":128243}},{"arcs":[[973]],"type":"Polygon","properties":{"id":128292}},{"arcs":[[974]],"type":"Polygon","properties":{"id":128321}},{"arcs":[[-560,975]],"type":"Polygon","properties":{"id":128724}},{"arcs":[[976,977,978,979,980,981]],"type":"Polygon","properties":{"id":128798}},{"arcs":[[982]],"type":"Polygon","properties":{"id":128800}},{"arcs":[[983]],"type":"Polygon","properties":{"id":128870}},{"arcs":[[984]],"type":"Polygon","properties":{"id":128905}},{"arcs":[[985]],"type":"Polygon","properties":{"id":128978}},{"arcs":[[986]],"type":"Polygon","properties":{"id":129245}},{"arcs":[[987]],"type":"Polygon","properties":{"id":129303}},{"arcs":[[988]],"type":"Polygon","properties":{"id":129459}},{"arcs":[[989]],"type":"Polygon","properties":{"id":129621}},{"arcs":[[990]],"type":"Polygon","properties":{"id":129735}},{"arcs":[[991]],"type":"Polygon","properties":{"id":129920}},{"arcs":[[992]],"type":"Polygon","properties":{"id":129963}},{"arcs":[[993,994]],"type":"Polygon","properties":{"id":130162}},{"arcs":[[995]],"type":"Polygon","properties":{"id":130168}},{"arcs":[[996]],"type":"Polygon","properties":{"id":130218}},{"arcs":[[997]],"type":"Polygon","properties":{"id":130379}},{"arcs":[[998]],"type":"Polygon","properties":{"id":130442}},{"arcs":[[999]],"type":"Polygon","properties":{"id":130453}},{"arcs":[[1000]],"type":"Polygon","properties":{"id":130553}},{"arcs":[[1001]],"type":"Polygon","properties":{"id":130629}},{"arcs":[[1002,1003]],"type":"Polygon","properties":{"id":130634}},{"arcs":[[1004]],"type":"Polygon","properties":{"id":130684}},{"arcs":[[1005]],"type":"Polygon","properties":{"id":130726}},{"arcs":[[1006]],"type":"Polygon","properties":{"id":130758}},{"arcs":[[1007]],"type":"Polygon","properties":{"id":130949}},{"arcs":[[1008]],"type":"Polygon","properties":{"id":131155}},{"arcs":[[1009]],"type":"Polygon","properties":{"id":131236}},{"arcs":[[1010]],"type":"Polygon","properties":{"id":131291}},{"arcs":[[1011]],"type":"Polygon","properties":{"id":131375}},{"arcs":[[1012]],"type":"Polygon","properties":{"id":131428}},{"arcs":[[1013]],"type":"Polygon","properties":{"id":131633}},{"arcs":[[1014]],"type":"Polygon","properties":{"id":131906}},{"arcs":[[1015]],"type":"Polygon","properties":{"id":131935}},{"arcs":[[1016]],"type":"Polygon","properties":{"id":131999}},{"arcs":[[1017]],"type":"Polygon","properties":{"id":132017}},{"arcs":[[1018]],"type":"Polygon","properties":{"id":132117}},{"arcs":[[1019]],"type":"Polygon","properties":{"id":132118}},{"arcs":[[1020]],"type":"Polygon","properties":{"id":132161}},{"arcs":[[1021]],"type":"Polygon","properties":{"id":132207}},{"arcs":[[1022]],"type":"Polygon","properties":{"id":132278}},{"arcs":[[1023]],"type":"Polygon","properties":{"id":132388}},{"arcs":[[1024]],"type":"Polygon","properties":{"id":132408}},{"arcs":[[1025]],"type":"Polygon","properties":{"id":132435}},{"arcs":[[1026]],"type":"Polygon","properties":{"id":132489}},{"arcs":[[1027]],"type":"Polygon","properties":{"id":132533}},{"arcs":[[1028]],"type":"Polygon","properties":{"id":132551}},{"arcs":[[1029]],"type":"Polygon","properties":{"id":132594}},{"arcs":[[1030]],"type":"Polygon","properties":{"id":132798}},{"arcs":[[1031]],"type":"Polygon","properties":{"id":132823}},{"arcs":[[1032]],"type":"Polygon","properties":{"id":132870}},{"arcs":[[1033]],"type":"Polygon","properties":{"id":132904}},{"arcs":[[1034]],"type":"Polygon","properties":{"id":133059}},{"arcs":[[1035]],"type":"Polygon","properties":{"id":133159}},{"arcs":[[1036]],"type":"Polygon","properties":{"id":133242}},{"arcs":[[1037]],"type":"Polygon","properties":{"id":133858}},{"arcs":[[1038]],"type":"Polygon","properties":{"id":133879}},{"arcs":[[1039]],"type":"Polygon","properties":{"id":133957}},{"arcs":[[1040]],"type":"Polygon","properties":{"id":134126}},{"arcs":[[1041]],"type":"Polygon","properties":{"id":134136}},{"arcs":[[1042]],"type":"Polygon","properties":{"id":134280}},{"arcs":[[1043]],"type":"Polygon","properties":{"id":134363}},{"arcs":[[1044]],"type":"Polygon","properties":{"id":134516}},{"arcs":[[1045]],"type":"Polygon","properties":{"id":134533}},{"arcs":[[1046]],"type":"Polygon","properties":{"id":134727}},{"arcs":[[1047,1048,1049,1050]],"type":"Polygon","properties":{"id":134735}},{"arcs":[[1051,1052,-981,1053,-200,1054]],"type":"Polygon","properties":{"id":134775}},{"arcs":[[1055]],"type":"Polygon","properties":{"id":134776}},{"arcs":[[1056]],"type":"Polygon","properties":{"id":134779}},{"arcs":[[1057]],"type":"Polygon","properties":{"id":134783}},{"arcs":[[1058]],"type":"Polygon","properties":{"id":134790}},{"arcs":[[1059]],"type":"Polygon","properties":{"id":134792}},{"arcs":[[1060]],"type":"Polygon","properties":{"id":134835}},{"arcs":[[1061]],"type":"Polygon","properties":{"id":134895}},{"arcs":[[1062]],"type":"Polygon","properties":{"id":134911}},{"arcs":[[1063]],"type":"Polygon","properties":{"id":134914}},{"arcs":[[1064]],"type":"Polygon","properties":{"id":134965}},{"arcs":[[1065,1066]],"type":"Polygon","properties":{"id":134982}},{"arcs":[[1067]],"type":"Polygon","properties":{"id":135007}},{"arcs":[[1068]],"type":"Polygon","properties":{"id":135032}},{"arcs":[[1069]],"type":"Polygon","properties":{"id":135050}},{"arcs":[[1070,1071]],"type":"Polygon","properties":{"id":135080}},{"arcs":[[1072,1073]],"type":"Polygon","properties":{"id":135082}},{"arcs":[[1074]],"type":"Polygon","properties":{"id":135103}},{"arcs":[[1075]],"type":"Polygon","properties":{"id":135113}},{"arcs":[[1076]],"type":"Polygon","properties":{"id":135134}},{"arcs":[[1077]],"type":"Polygon","properties":{"id":135179}},{"arcs":[[1078]],"type":"Polygon","properties":{"id":135181}},{"arcs":[[1079]],"type":"Polygon","properties":{"id":135316}},{"arcs":[[1080]],"type":"Polygon","properties":{"id":135620}},{"arcs":[[1081]],"type":"Polygon","properties":{"id":135660}},{"arcs":[[1082]],"type":"Polygon","properties":{"id":135812}},{"arcs":[[1083],[1084]],"type":"Polygon","properties":{"id":136212}},{"arcs":[[1085],[1086]],"type":"Polygon","properties":{"id":136487}},{"arcs":[[[1087]],[[1088]]],"type":"MultiPolygon","properties":{"id":136695}},{"arcs":[[1089]],"type":"Polygon","properties":{"id":136830}},{"arcs":[[1090]],"type":"Polygon","properties":{"id":136845}},{"arcs":[[1091]],"type":"Polygon","properties":{"id":136887}},{"arcs":[[1092]],"type":"Polygon","properties":{"id":137063}},{"arcs":[[1093]],"type":"Polygon","properties":{"id":137104}},{"arcs":[[1094]],"type":"Polygon","properties":{"id":137144}},{"arcs":[[1095]],"type":"Polygon","properties":{"id":137211}},{"arcs":[[1096]],"type":"Polygon","properties":{"id":137212}},{"arcs":[[1097]],"type":"Polygon","properties":{"id":137292}},{"arcs":[[[1098]],[[1099]],[[1100]]],"type":"MultiPolygon","properties":{"id":137334}},{"arcs":[[1101]],"type":"Polygon","properties":{"id":137352}},{"arcs":[[1102]],"type":"Polygon","properties":{"id":137570}},{"arcs":[[1103]],"type":"Polygon","properties":{"id":137642}},{"arcs":[[1104]],"type":"Polygon","properties":{"id":137657}},{"arcs":[[1105]],"type":"Polygon","properties":{"id":137704}},{"arcs":[[1106]],"type":"Polygon","properties":{"id":138293}},{"arcs":[[1107]],"type":"Polygon","properties":{"id":138379}},{"arcs":[[[1108]],[[1109]]],"type":"MultiPolygon","properties":{"id":138514}},{"arcs":[[1110]],"type":"Polygon","properties":{"id":138605}},{"arcs":[[1111]],"type":"Polygon","properties":{"id":138730}},{"arcs":[[1112]],"type":"Polygon","properties":{"id":138872}},{"arcs":[[1113]],"type":"Polygon","properties":{"id":139602}},{"arcs":[[1114]],"type":"Polygon","properties":{"id":140247}},{"arcs":[[1115]],"type":"Polygon","properties":{"id":140359}},{"arcs":[[1116]],"type":"Polygon","properties":{"id":140570}},{"arcs":[[1117]],"type":"Polygon","properties":{"id":140771}},{"arcs":[[1118]],"type":"Polygon","properties":{"id":140794}},{"arcs":[[1119]],"type":"Polygon","properties":{"id":140901}},{"arcs":[[1120]],"type":"Polygon","properties":{"id":140928}},{"arcs":[[1121]],"type":"Polygon","properties":{"id":140991}},{"arcs":[[1122]],"type":"Polygon","properties":{"id":141031}},{"arcs":[[1123]],"type":"Polygon","properties":{"id":141122}},{"arcs":[[1124]],"type":"Polygon","properties":{"id":141170}},{"arcs":[[1125]],"type":"Polygon","properties":{"id":141321}},{"arcs":[[1126]],"type":"Polygon","properties":{"id":141524}},{"arcs":[[1127]],"type":"Polygon","properties":{"id":142211}},{"arcs":[[1128]],"type":"Polygon","properties":{"id":142232}},{"arcs":[[1129]],"type":"Polygon","properties":{"id":142710}},{"arcs":[[1130]],"type":"Polygon","properties":{"id":142759}},{"arcs":[[1131]],"type":"Polygon","properties":{"id":142943}},{"arcs":[[1132]],"type":"Polygon","properties":{"id":144123}},{"arcs":[[1133]],"type":"Polygon","properties":{"id":144572}},{"arcs":[[1134]],"type":"Polygon","properties":{"id":145637}},{"arcs":[[1135]],"type":"Polygon","properties":{"id":145926}},{"arcs":[[1136]],"type":"Polygon","properties":{"id":146019}},{"arcs":[[1137]],"type":"Polygon","properties":{"id":146136}},{"arcs":[[1138]],"type":"Polygon","properties":{"id":146828}},{"arcs":[[1139]],"type":"Polygon","properties":{"id":146897}},{"arcs":[[1140]],"type":"Polygon","properties":{"id":146958}},{"arcs":[[1141]],"type":"Polygon","properties":{"id":146962}},{"arcs":[[1142]],"type":"Polygon","properties":{"id":146965}},{"arcs":[[1143]],"type":"Polygon","properties":{"id":147516}},{"arcs":[[1144]],"type":"Polygon","properties":{"id":147625}},{"arcs":[[1145]],"type":"Polygon","properties":{"id":147673}},{"arcs":[[1146]],"type":"Polygon","properties":{"id":147685}},{"arcs":[[1147]],"type":"Polygon","properties":{"id":147738}},{"arcs":[[1148]],"type":"Polygon","properties":{"id":147816}},{"arcs":[[1149]],"type":"Polygon","properties":{"id":147834}},{"arcs":[[1150]],"type":"Polygon","properties":{"id":147855}},{"arcs":[[1151]],"type":"Polygon","properties":{"id":147895}},{"arcs":[[1152]],"type":"Polygon","properties":{"id":148480}},{"arcs":[[1153]],"type":"Polygon","properties":{"id":148481}},{"arcs":[[1154]],"type":"Polygon","properties":{"id":148504}},{"arcs":[[1155]],"type":"Polygon","properties":{"id":148673}},{"arcs":[[1156]],"type":"Polygon","properties":{"id":148904}},{"arcs":[[1157]],"type":"Polygon","properties":{"id":149001}},{"arcs":[[1158]],"type":"Polygon","properties":{"id":149143}},{"arcs":[[1159]],"type":"Polygon","properties":{"id":149732}},{"arcs":[[1160]],"type":"Polygon","properties":{"id":150282}},{"arcs":[[1161]],"type":"Polygon","properties":{"id":150324}},{"arcs":[[1162]],"type":"Polygon","properties":{"id":150992}},{"arcs":[[1163]],"type":"Polygon","properties":{"id":151257}},{"arcs":[[1164]],"type":"Polygon","properties":{"id":151285}},{"arcs":[[[1165]],[[1166]]],"type":"MultiPolygon","properties":{"id":151835}},{"arcs":[[1167]],"type":"Polygon","properties":{"id":152061}},{"arcs":[[1168],[1169]],"type":"Polygon","properties":{"id":152378}},{"arcs":[[1170]],"type":"Polygon","properties":{"id":152408}},{"arcs":[[1171]],"type":"Polygon","properties":{"id":155614}},{"arcs":[[453]],"type":"Polygon","properties":{"id":156021}},{"arcs":[[1172]],"type":"Polygon","properties":{"id":156076}},{"arcs":[[1173]],"type":"Polygon","properties":{"id":156139}},{"arcs":[[1174,1175]],"type":"Polygon","properties":{"id":156350}},{"arcs":[[1176]],"type":"Polygon","properties":{"id":156373}},{"arcs":[[1177,1178]],"type":"Polygon","properties":{"id":156406}},{"arcs":[[1179]],"type":"Polygon","properties":{"id":156413}},{"arcs":[[1180]],"type":"Polygon","properties":{"id":156414}},{"arcs":[[1181]],"type":"Polygon","properties":{"id":156500}},{"arcs":[[949]],"type":"Polygon","properties":{"id":156536}},{"arcs":[[1182]],"type":"Polygon","properties":{"id":156543}},{"arcs":[[1183,1184]],"type":"Polygon","properties":{"id":156549}},{"arcs":[[1185]],"type":"Polygon","properties":{"id":156557}},{"arcs":[[1186]],"type":"Polygon","properties":{"id":156573}},{"arcs":[[1187]],"type":"Polygon","properties":{"id":156576}},{"arcs":[[1188]],"type":"Polygon","properties":{"id":156693}},{"arcs":[[1189]],"type":"Polygon","properties":{"id":156696}},{"arcs":[[1190,1191]],"type":"Polygon","properties":{"id":156711}},{"arcs":[[1192]],"type":"Polygon","properties":{"id":156731}},{"arcs":[[1193]],"type":"Polygon","properties":{"id":156750}},{"arcs":[[1009]],"type":"Polygon","properties":{"id":156772}},{"arcs":[[1194]],"type":"Polygon","properties":{"id":156782}},{"arcs":[[[1195]],[[1196]],[[1197]],[[1198]],[[1199]],[[1200]],[[1201]],[[1202]],[[1203]],[[1204]]],"type":"MultiPolygon","properties":{"id":156829}},{"arcs":[[1205]],"type":"Polygon","properties":{"id":156840}},{"arcs":[[1206,1207]],"type":"Polygon","properties":{"id":156845}},{"arcs":[[1208,1209]],"type":"Polygon","properties":{"id":156854}},{"arcs":[[-564,1210]],"type":"Polygon","properties":{"id":156856}},{"arcs":[[1211]],"type":"Polygon","properties":{"id":156868}},{"arcs":[[1212]],"type":"Polygon","properties":{"id":156871}},{"arcs":[[1213]],"type":"Polygon","properties":{"id":156874}},{"arcs":[[1214]],"type":"Polygon","properties":{"id":156876}},{"arcs":[[1215]],"type":"Polygon","properties":{"id":156879}},{"arcs":[[1216,1217]],"type":"Polygon","properties":{"id":156891}},{"arcs":[[1218]],"type":"Polygon","properties":{"id":156900}},{"arcs":[[1219],[1220]],"type":"Polygon","properties":{"id":156942}},{"arcs":[[1221]],"type":"Polygon","properties":{"id":156999}},{"arcs":[[1222]],"type":"Polygon","properties":{"id":157011}},{"arcs":[[1223]],"type":"Polygon","properties":{"id":157152}},{"arcs":[[1224]],"type":"Polygon","properties":{"id":157159}},{"arcs":[[1225]],"type":"Polygon","properties":{"id":157161}},{"arcs":[[1226]],"type":"Polygon","properties":{"id":157165}},{"arcs":[[1227,1228]],"type":"Polygon","properties":{"id":157170}},{"arcs":[[1229]],"type":"Polygon","properties":{"id":157208}},{"arcs":[[1230]],"type":"Polygon","properties":{"id":157280}},{"arcs":[[1231]],"type":"Polygon","properties":{"id":157287}},{"arcs":[[1232]],"type":"Polygon","properties":{"id":157320}},{"arcs":[[1233]],"type":"Polygon","properties":{"id":157346}},{"arcs":[[1234]],"type":"Polygon","properties":{"id":157348}},{"arcs":[[1235]],"type":"Polygon","properties":{"id":157458}},{"arcs":[[1236]],"type":"Polygon","properties":{"id":157469}},{"arcs":[[1237]],"type":"Polygon","properties":{"id":157587}},{"arcs":[[1238]],"type":"Polygon","properties":{"id":157599}},{"arcs":[[1239]],"type":"Polygon","properties":{"id":157602}},{"arcs":[[1240]],"type":"Polygon","properties":{"id":157614}},{"arcs":[[1241]],"type":"Polygon","properties":{"id":157618}},{"arcs":[[1242]],"type":"Polygon","properties":{"id":157767}},{"arcs":[[1243]],"type":"Polygon","properties":{"id":157832}},{"arcs":[[[1244]],[[1245]]],"type":"MultiPolygon","properties":{"id":157887}},{"arcs":[[1246]],"type":"Polygon","properties":{"id":157955}},{"arcs":[[1247]],"type":"Polygon","properties":{"id":157964}},{"arcs":[[1248]],"type":"Polygon","properties":{"id":157971}},{"arcs":[[1249]],"type":"Polygon","properties":{"id":157975}},{"arcs":[[1250]],"type":"Polygon","properties":{"id":157986}},{"arcs":[[1251]],"type":"Polygon","properties":{"id":157988}},{"arcs":[[1252,-1073]],"type":"Polygon","properties":{"id":157993}},{"arcs":[[1253]],"type":"Polygon","properties":{"id":157997}},{"arcs":[[1254]],"type":"Polygon","properties":{"id":158061}},{"arcs":[[440]],"type":"Polygon","properties":{"id":158083}},{"arcs":[[121]],"type":"Polygon","properties":{"id":158095}},{"arcs":[[1255]],"type":"Polygon","properties":{"id":158099}},{"arcs":[[1256]],"type":"Polygon","properties":{"id":158121}},{"arcs":[[1257,1258]],"type":"Polygon","properties":{"id":158134}},{"arcs":[[1259,1260]],"type":"Polygon","properties":{"id":158142}},{"arcs":[[1261]],"type":"Polygon","properties":{"id":158158}},{"arcs":[[1262]],"type":"Polygon","properties":{"id":158184}},{"arcs":[[169,170]],"type":"Polygon","properties":{"id":158215}},{"arcs":[[1263]],"type":"Polygon","properties":{"id":158219}},{"arcs":[[1264]],"type":"Polygon","properties":{"id":158224}},{"arcs":[[1265]],"type":"Polygon","properties":{"id":158227}},{"arcs":[[1266,-164]],"type":"Polygon","properties":{"id":158236}},{"arcs":[[1267]],"type":"Polygon","properties":{"id":158265}},{"arcs":[[1268,-249]],"type":"Polygon","properties":{"id":158287}},{"arcs":[[1269]],"type":"Polygon","properties":{"id":158295}},{"arcs":[[1270]],"type":"Polygon","properties":{"id":158303}},{"arcs":[[1271]],"type":"Polygon","properties":{"id":158307}},{"arcs":[[1272]],"type":"Polygon","properties":{"id":158316}},{"arcs":[[1273,1274]],"type":"Polygon","properties":{"id":158336}},{"arcs":[[1275,1276]],"type":"Polygon","properties":{"id":158361}},{"arcs":[[1277]],"type":"Polygon","properties":{"id":158365}},{"arcs":[[-979,1278,-977,1279,-1052,1280]],"type":"Polygon","properties":{"id":158380}},{"arcs":[[1281]],"type":"Polygon","properties":{"id":158387}},{"arcs":[[1282]],"type":"Polygon","properties":{"id":158391}},{"arcs":[[1283]],"type":"Polygon","properties":{"id":158392}},{"arcs":[[1284]],"type":"Polygon","properties":{"id":158394}},{"arcs":[[1285]],"type":"Polygon","properties":{"id":158396}},{"arcs":[[1286,1287]],"type":"Polygon","properties":{"id":158402}},{"arcs":[[-271,1288]],"type":"Polygon","properties":{"id":158403}},{"arcs":[[1289]],"type":"Polygon","properties":{"id":158405}},{"arcs":[[1290]],"type":"Polygon","properties":{"id":158406}},{"arcs":[[1291,1292]],"type":"Polygon","properties":{"id":158407}},{"arcs":[[1293]],"type":"Polygon","properties":{"id":158412}},{"arcs":[[[1294,-226]],[[1295]]],"type":"MultiPolygon","properties":{"id":158414}},{"arcs":[[1296,-1067]],"type":"Polygon","properties":{"id":158422}},{"arcs":[[1297]],"type":"Polygon","properties":{"id":158424}},{"arcs":[[1298]],"type":"Polygon","properties":{"id":158426}},{"arcs":[[1299]],"type":"Polygon","properties":{"id":158429}},{"arcs":[[1300]],"type":"Polygon","properties":{"id":158431}},{"arcs":[[1301,-1003]],"type":"Polygon","properties":{"id":158433}},{"arcs":[[1302]],"type":"Polygon","properties":{"id":158438}},{"arcs":[[1303]],"type":"Polygon","properties":{"id":158453}},{"arcs":[[1304,1305]],"type":"Polygon","properties":{"id":158526}},{"arcs":[[1306]],"type":"Polygon","properties":{"id":158596}},{"arcs":[[1307,1308]],"type":"Polygon","properties":{"id":158630}},{"arcs":[[1309]],"type":"Polygon","properties":{"id":158640}},{"arcs":[[1310]],"type":"Polygon","properties":{"id":158644}},{"arcs":[[1311,1312]],"type":"Polygon","properties":{"id":158647}},{"arcs":[[1313]],"type":"Polygon","properties":{"id":158651}},{"arcs":[[1314,647]],"type":"Polygon","properties":{"id":158654}},{"arcs":[[1315]],"type":"Polygon","properties":{"id":158668}},{"arcs":[[1316]],"type":"Polygon","properties":{"id":158724}},{"arcs":[[1317]],"type":"Polygon","properties":{"id":158739}},{"arcs":[[1318]],"type":"Polygon","properties":{"id":158740}},{"arcs":[[1319]],"type":"Polygon","properties":{"id":158743}},{"arcs":[[1320]],"type":"Polygon","properties":{"id":158748}},{"arcs":[[1321],[1322],[1323]],"type":"Polygon","properties":{"id":158774}},{"arcs":[[1324]],"type":"Polygon","properties":{"id":158780}},{"arcs":[[1325]],"type":"Polygon","properties":{"id":158841}},{"arcs":[[310]],"type":"Polygon","properties":{"id":158842}},{"arcs":[[1326]],"type":"Polygon","properties":{"id":158867}},{"arcs":[[1327]],"type":"Polygon","properties":{"id":158873}},{"arcs":[[1328]],"type":"Polygon","properties":{"id":158958}},{"arcs":[[1329],[1330],[1331],[1332]],"type":"Polygon","properties":{"id":159000}},{"arcs":[[1333]],"type":"Polygon","properties":{"id":159002}},{"arcs":[[1334]],"type":"Polygon","properties":{"id":159005}},{"arcs":[[1335]],"type":"Polygon","properties":{"id":159044}},{"arcs":[[1336]],"type":"Polygon","properties":{"id":159091}},{"arcs":[[1337]],"type":"Polygon","properties":{"id":159099}},{"arcs":[[1338]],"type":"Polygon","properties":{"id":159100}},{"arcs":[[1339]],"type":"Polygon","properties":{"id":159103}},{"arcs":[[1340]],"type":"Polygon","properties":{"id":159111}},{"arcs":[[1341]],"type":"Polygon","properties":{"id":159123}},{"arcs":[[1342]],"type":"Polygon","properties":{"id":159156}},{"arcs":[[1343]],"type":"Polygon","properties":{"id":159187}},{"arcs":[[1344,1345]],"type":"Polygon","properties":{"id":159245}},{"arcs":[[1346]],"type":"Polygon","properties":{"id":159247}},{"arcs":[[1347]],"type":"Polygon","properties":{"id":159250}},{"arcs":[[1348]],"type":"Polygon","properties":{"id":159283}},{"arcs":[[1349]],"type":"Polygon","properties":{"id":159287}},{"arcs":[[1350]],"type":"Polygon","properties":{"id":159288}},{"arcs":[[1351]],"type":"Polygon","properties":{"id":159298}},{"arcs":[[1352]],"type":"Polygon","properties":{"id":159302}},{"arcs":[[1353]],"type":"Polygon","properties":{"id":159310}},{"arcs":[[1354]],"type":"Polygon","properties":{"id":159311}},{"arcs":[[1355]],"type":"Polygon","properties":{"id":159312}},{"arcs":[[1356]],"type":"Polygon","properties":{"id":159315}},{"arcs":[[1357]],"type":"Polygon","properties":{"id":159323}},{"arcs":[[1358]],"type":"Polygon","properties":{"id":159326}},{"arcs":[[1359,1360]],"type":"Polygon","properties":{"id":159411}},{"arcs":[[1361]],"type":"Polygon","properties":{"id":159415}},{"arcs":[[1362]],"type":"Polygon","properties":{"id":159416}},{"arcs":[[1363]],"type":"Polygon","properties":{"id":159417}},{"arcs":[[1364]],"type":"Polygon","properties":{"id":159418}},{"arcs":[[1365]],"type":"Polygon","properties":{"id":159419}},{"arcs":[[1366]],"type":"Polygon","properties":{"id":159421}},{"arcs":[[1367]],"type":"Polygon","properties":{"id":159423}},{"arcs":[[1368]],"type":"Polygon","properties":{"id":159424}},{"arcs":[[1369]],"type":"Polygon","properties":{"id":159425}},{"arcs":[[1370]],"type":"Polygon","properties":{"id":159494}},{"arcs":[[1371]],"type":"Polygon","properties":{"id":159510}},{"arcs":[[1372]],"type":"Polygon","properties":{"id":159513}},{"arcs":[[1373]],"type":"Polygon","properties":{"id":159524}},{"arcs":[[1374]],"type":"Polygon","properties":{"id":159525}},{"arcs":[[1375]],"type":"Polygon","properties":{"id":159528}},{"arcs":[[1376]],"type":"Polygon","properties":{"id":159529}},{"arcs":[[1377,1378]],"type":"Polygon","properties":{"id":159534}},{"arcs":[[1379]],"type":"Polygon","properties":{"id":159537}},{"arcs":[[1380]],"type":"Polygon","properties":{"id":159560}},{"arcs":[[1381]],"type":"Polygon","properties":{"id":159561}},{"arcs":[[1382]],"type":"Polygon","properties":{"id":159564}},{"arcs":[[1383]],"type":"Polygon","properties":{"id":159565}},{"arcs":[[1384]],"type":"Polygon","properties":{"id":159567}},{"arcs":[[1385,1386]],"type":"Polygon","properties":{"id":159571}},{"arcs":[[[652]],[[1387]]],"type":"MultiPolygon","properties":{"id":159573}},{"arcs":[[-1386,1388]],"type":"Polygon","properties":{"id":159575}},{"arcs":[[-591,1389]],"type":"Polygon","properties":{"id":159594}},{"arcs":[[1390]],"type":"Polygon","properties":{"id":159637}},{"arcs":[[1391]],"type":"Polygon","properties":{"id":159639}},{"arcs":[[1392]],"type":"Polygon","properties":{"id":159646}},{"arcs":[[1393]],"type":"Polygon","properties":{"id":159647}},{"arcs":[[1394]],"type":"Polygon","properties":{"id":159649}},{"arcs":[[1395]],"type":"Polygon","properties":{"id":159651}},{"arcs":[[1396,1397]],"type":"Polygon","properties":{"id":159652}},{"arcs":[[1398]],"type":"Polygon","properties":{"id":159655}},{"arcs":[[1399]],"type":"Polygon","properties":{"id":159659}},{"arcs":[[1400]],"type":"Polygon","properties":{"id":159661}},{"arcs":[[1401]],"type":"Polygon","properties":{"id":159728}},{"arcs":[[1402]],"type":"Polygon","properties":{"id":159729}},{"arcs":[[1403]],"type":"Polygon","properties":{"id":159733}},{"arcs":[[1404]],"type":"Polygon","properties":{"id":159735}},{"arcs":[[1405]],"type":"Polygon","properties":{"id":159736}},{"arcs":[[1406]],"type":"Polygon","properties":{"id":159738}},{"arcs":[[1407]],"type":"Polygon","properties":{"id":159739}},{"arcs":[[1408]],"type":"Polygon","properties":{"id":159740}},{"arcs":[[1409]],"type":"Polygon","properties":{"id":159745}},{"arcs":[[1410]],"type":"Polygon","properties":{"id":159799}},{"arcs":[[1411]],"type":"Polygon","properties":{"id":159800}},{"arcs":[[1412]],"type":"Polygon","properties":{"id":159807}},{"arcs":[[1413]],"type":"Polygon","properties":{"id":159810}},{"arcs":[[1414]],"type":"Polygon","properties":{"id":159812}},{"arcs":[[1415]],"type":"Polygon","properties":{"id":159892}},{"arcs":[[1416]],"type":"Polygon","properties":{"id":159893}},{"arcs":[[1417]],"type":"Polygon","properties":{"id":159894}},{"arcs":[[1418]],"type":"Polygon","properties":{"id":159897}},{"arcs":[[1419]],"type":"Polygon","properties":{"id":159898}},{"arcs":[[1420]],"type":"Polygon","properties":{"id":159902}},{"arcs":[[1421]],"type":"Polygon","properties":{"id":159905}},{"arcs":[[1422]],"type":"Polygon","properties":{"id":159936}},{"arcs":[[1423]],"type":"Polygon","properties":{"id":159954}},{"arcs":[[1424]],"type":"Polygon","properties":{"id":159963}},{"arcs":[[1425]],"type":"Polygon","properties":{"id":159980}},{"arcs":[[1426]],"type":"Polygon","properties":{"id":159982}},{"arcs":[[1427]],"type":"Polygon","properties":{"id":159983}},{"arcs":[[1410]],"type":"Polygon","properties":{"id":160026}},{"arcs":[[1428]],"type":"Polygon","properties":{"id":160029}},{"arcs":[[1429]],"type":"Polygon","properties":{"id":160067}},{"arcs":[[1430,-1217]],"type":"Polygon","properties":{"id":160070}},{"arcs":[[1431]],"type":"Polygon","properties":{"id":160082}},{"arcs":[[1432]],"type":"Polygon","properties":{"id":160085}},{"arcs":[[955]],"type":"Polygon","properties":{"id":160099}},{"arcs":[[1433]],"type":"Polygon","properties":{"id":160105}},{"arcs":[[1434]],"type":"Polygon","properties":{"id":160130}},{"arcs":[[1435]],"type":"Polygon","properties":{"id":160134}},{"arcs":[[1436]],"type":"Polygon","properties":{"id":160137}},{"arcs":[[1437]],"type":"Polygon","properties":{"id":160142}},{"arcs":[[1438]],"type":"Polygon","properties":{"id":160157}},{"arcs":[[1439]],"type":"Polygon","properties":{"id":160163}},{"arcs":[[1440]],"type":"Polygon","properties":{"id":160164}},{"arcs":[[1441,-1175,-427]],"type":"Polygon","properties":{"id":160184}},{"arcs":[[1442]],"type":"Polygon","properties":{"id":160186}},{"arcs":[[-248,1443,-230,1444]],"type":"Polygon","properties":{"id":160197}},{"arcs":[[1445,1446]],"type":"Polygon","properties":{"id":160198}},{"arcs":[[1447]],"type":"Polygon","properties":{"id":160208}},{"arcs":[[1448]],"type":"Polygon","properties":{"id":160211}},{"arcs":[[1449]],"type":"Polygon","properties":{"id":160214}},{"arcs":[[1450]],"type":"Polygon","properties":{"id":160217}},{"arcs":[[1451,-234]],"type":"Polygon","properties":{"id":160237}},{"arcs":[[1452]],"type":"Polygon","properties":{"id":160241}},{"arcs":[[1453]],"type":"Polygon","properties":{"id":160244}},{"arcs":[[1454]],"type":"Polygon","properties":{"id":160246}},{"arcs":[[1455]],"type":"Polygon","properties":{"id":160257}},{"arcs":[[1456]],"type":"Polygon","properties":{"id":160260}},{"arcs":[[1457]],"type":"Polygon","properties":{"id":160262}},{"arcs":[[1458]],"type":"Polygon","properties":{"id":160264}},{"arcs":[[1459]],"type":"Polygon","properties":{"id":160266}},{"arcs":[[1460]],"type":"Polygon","properties":{"id":160270}},{"arcs":[[1461]],"type":"Polygon","properties":{"id":160277}},{"arcs":[[1462]],"type":"Polygon","properties":{"id":160278}},{"arcs":[[[1463]],[[1464]]],"type":"MultiPolygon","properties":{"id":160279}},{"arcs":[[1465]],"type":"Polygon","properties":{"id":160280}},{"arcs":[[1466]],"type":"Polygon","properties":{"id":160283}},{"arcs":[[1467]],"type":"Polygon","properties":{"id":160284}},{"arcs":[[1468]],"type":"Polygon","properties":{"id":160285}},{"arcs":[[1469]],"type":"Polygon","properties":{"id":160286}},{"arcs":[[1470]],"type":"Polygon","properties":{"id":160293}},{"arcs":[[1471]],"type":"Polygon","properties":{"id":160294}},{"arcs":[[1472]],"type":"Polygon","properties":{"id":160296}},{"arcs":[[407]],"type":"Polygon","properties":{"id":160299}},{"arcs":[[1473]],"type":"Polygon","properties":{"id":160300}},{"arcs":[[1474]],"type":"Polygon","properties":{"id":160304}},{"arcs":[[1475]],"type":"Polygon","properties":{"id":160319}},{"arcs":[[1476]],"type":"Polygon","properties":{"id":160323}},{"arcs":[[1477]],"type":"Polygon","properties":{"id":160325}},{"arcs":[[1478]],"type":"Polygon","properties":{"id":160326}},{"arcs":[[1479]],"type":"Polygon","properties":{"id":160329}},{"arcs":[[1480]],"type":"Polygon","properties":{"id":160330}},{"arcs":[[1481],[1482],[1483]],"type":"Polygon","properties":{"id":160336}},{"arcs":[[1484]],"type":"Polygon","properties":{"id":160341}},{"arcs":[[1485,1486]],"type":"Polygon","properties":{"id":160342}},{"arcs":[[1487]],"type":"Polygon","properties":{"id":160343}},{"arcs":[[1488]],"type":"Polygon","properties":{"id":160345}},{"arcs":[[1489]],"type":"Polygon","properties":{"id":160347}},{"arcs":[[1490]],"type":"Polygon","properties":{"id":160354}},{"arcs":[[1491]],"type":"Polygon","properties":{"id":160355}},{"arcs":[[1492]],"type":"Polygon","properties":{"id":160363}},{"arcs":[[1493]],"type":"Polygon","properties":{"id":160368}},{"arcs":[[1494]],"type":"Polygon","properties":{"id":160369}},{"arcs":[[1495]],"type":"Polygon","properties":{"id":160370}},{"arcs":[[1496]],"type":"Polygon","properties":{"id":160372}},{"arcs":[[1497]],"type":"Polygon","properties":{"id":160375}},{"arcs":[[1498]],"type":"Polygon","properties":{"id":160388}},{"arcs":[[-1345,1499]],"type":"Polygon","properties":{"id":160392}},{"arcs":[[1500]],"type":"Polygon","properties":{"id":160394}},{"arcs":[[1501]],"type":"Polygon","properties":{"id":160395}},{"arcs":[[1502]],"type":"Polygon","properties":{"id":160397}},{"arcs":[[1503]],"type":"Polygon","properties":{"id":160399}},{"arcs":[[1504]],"type":"Polygon","properties":{"id":160412}},{"arcs":[[215,216]],"type":"Polygon","properties":{"id":160414}},{"arcs":[[1505]],"type":"Polygon","properties":{"id":160419}},{"arcs":[[1506]],"type":"Polygon","properties":{"id":160422}},{"arcs":[[1507,-1209]],"type":"Polygon","properties":{"id":160425}},{"arcs":[[1508]],"type":"Polygon","properties":{"id":160427}},{"arcs":[[1509]],"type":"Polygon","properties":{"id":160429}},{"arcs":[[1510,-7]],"type":"Polygon","properties":{"id":160434}},{"arcs":[[1511]],"type":"Polygon","properties":{"id":160436}},{"arcs":[[1512,-1179]],"type":"Polygon","properties":{"id":160440}},{"arcs":[[1513]],"type":"Polygon","properties":{"id":160444}},{"arcs":[[1514]],"type":"Polygon","properties":{"id":160445}},{"arcs":[[1515]],"type":"Polygon","properties":{"id":160448}},{"arcs":[[1516]],"type":"Polygon","properties":{"id":160450}},{"arcs":[[1517]],"type":"Polygon","properties":{"id":160451}},{"arcs":[[1518]],"type":"Polygon","properties":{"id":160453}},{"arcs":[[1519]],"type":"Polygon","properties":{"id":160454}},{"arcs":[[1520]],"type":"Polygon","properties":{"id":160455}},{"arcs":[[1521]],"type":"Polygon","properties":{"id":161053}},{"arcs":[[-1447,1522]],"type":"Polygon","properties":{"id":161103}},{"arcs":[[1523]],"type":"Polygon","properties":{"id":161131}},{"arcs":[[1445,1446]],"type":"Polygon","properties":{"id":161145}},{"arcs":[[1524]],"type":"Polygon","properties":{"id":161147}},{"arcs":[[1525,1526]],"type":"Polygon","properties":{"id":161150}},{"arcs":[[1527,1528]],"type":"Polygon","properties":{"id":161181}},{"arcs":[[1529]],"type":"Polygon","properties":{"id":161204}},{"arcs":[[1530]],"type":"Polygon","properties":{"id":161225}},{"arcs":[[1531]],"type":"Polygon","properties":{"id":161305}},{"arcs":[[1532]],"type":"Polygon","properties":{"id":161628}},{"arcs":[[1533]],"type":"Polygon","properties":{"id":161872}},{"arcs":[[1534]],"type":"Polygon","properties":{"id":161901}},{"arcs":[[1535]],"type":"Polygon","properties":{"id":162209}},{"arcs":[[1536]],"type":"Polygon","properties":{"id":162224}},{"arcs":[[1537]],"type":"Polygon","properties":{"id":162258}},{"arcs":[[1538]],"type":"Polygon","properties":{"id":162318}},{"arcs":[[1539]],"type":"Polygon","properties":{"id":162321}},{"arcs":[[1540]],"type":"Polygon","properties":{"id":162325}},{"arcs":[[1541],[1542],[1543]],"type":"Polygon","properties":{"id":162351}},{"arcs":[[1544]],"type":"Polygon","properties":{"id":162360}},{"arcs":[[1545]],"type":"Polygon","properties":{"id":162409}},{"arcs":[[1546]],"type":"Polygon","properties":{"id":162430}},{"arcs":[[1547]],"type":"Polygon","properties":{"id":162804}},{"arcs":[[[1548]],[[1549]]],"type":"MultiPolygon","properties":{"id":163223}},{"arcs":[[1550]],"type":"Polygon","properties":{"id":163266}},{"arcs":[[1551]],"type":"Polygon","properties":{"id":163619}},{"arcs":[[1552]],"type":"Polygon","properties":{"id":163944}},{"arcs":[[1553]],"type":"Polygon","properties":{"id":163996}},{"arcs":[[1554]],"type":"Polygon","properties":{"id":164090}},{"arcs":[[1555]],"type":"Polygon","properties":{"id":164102}},{"arcs":[[1556]],"type":"Polygon","properties":{"id":164283}},{"arcs":[[1557]],"type":"Polygon","properties":{"id":164460}},{"arcs":[[1558]],"type":"Polygon","properties":{"id":164512}},{"arcs":[[1559]],"type":"Polygon","properties":{"id":164517}},{"arcs":[[1560]],"type":"Polygon","properties":{"id":164537}},{"arcs":[[1561,1562]],"type":"Polygon","properties":{"id":164777}},{"arcs":[[1563]],"type":"Polygon","properties":{"id":164787}},{"arcs":[[-1562,1564]],"type":"Polygon","properties":{"id":164922}},{"arcs":[[1565]],"type":"Polygon","properties":{"id":164965}},{"arcs":[[1566]],"type":"Polygon","properties":{"id":164980}},{"arcs":[[1387]],"type":"Polygon","properties":{"id":164994}},{"arcs":[[1567]],"type":"Polygon","properties":{"id":165020}},{"arcs":[[1568]],"type":"Polygon","properties":{"id":165062}},{"arcs":[[1569]],"type":"Polygon","properties":{"id":165143}},{"arcs":[[1570]],"type":"Polygon","properties":{"id":165224}},{"arcs":[[1571]],"type":"Polygon","properties":{"id":165253}},{"arcs":[[1572]],"type":"Polygon","properties":{"id":165269}},{"arcs":[[1573]],"type":"Polygon","properties":{"id":165274}},{"arcs":[[1574]],"type":"Polygon","properties":{"id":165328}},{"arcs":[[1575]],"type":"Polygon","properties":{"id":165353}},{"arcs":[[1576],[1577]],"type":"Polygon","properties":{"id":165425}},{"arcs":[[1578,1579]],"type":"Polygon","properties":{"id":165439}},{"arcs":[[1580]],"type":"Polygon","properties":{"id":165606}},{"arcs":[[1581]],"type":"Polygon","properties":{"id":165659}},{"arcs":[[1582]],"type":"Polygon","properties":{"id":165664}},{"arcs":[[1583]],"type":"Polygon","properties":{"id":165717}},{"arcs":[[1584,1585]],"type":"Polygon","properties":{"id":165722}},{"arcs":[[1586]],"type":"Polygon","properties":{"id":165730}},{"arcs":[[1587]],"type":"Polygon","properties":{"id":165812}},{"arcs":[[1588]],"type":"Polygon","properties":{"id":165819}},{"arcs":[[1589]],"type":"Polygon","properties":{"id":165827}},{"arcs":[[1590]],"type":"Polygon","properties":{"id":165924}},{"arcs":[[1591],[1592]],"type":"Polygon","properties":{"id":166122}},{"arcs":[[1593]],"type":"Polygon","properties":{"id":166134}},{"arcs":[[1594]],"type":"Polygon","properties":{"id":166264}},{"arcs":[[1595]],"type":"Polygon","properties":{"id":166543}},{"arcs":[[1596]],"type":"Polygon","properties":{"id":166547}},{"arcs":[[1597]],"type":"Polygon","properties":{"id":166787}},{"arcs":[[1598]],"type":"Polygon","properties":{"id":167479}},{"arcs":[[1599],[1600]],"type":"Polygon","properties":{"id":167562}},{"arcs":[[1601]],"type":"Polygon","properties":{"id":167641}},{"arcs":[[1602]],"type":"Polygon","properties":{"id":168225}},{"arcs":[[1603]],"type":"Polygon","properties":{"id":168367}},{"arcs":[[1604,1605]],"type":"Polygon","properties":{"id":168538}},{"arcs":[[1606]],"type":"Polygon","properties":{"id":171878}},{"arcs":[[1607]],"type":"Polygon","properties":{"id":171880}},{"arcs":[[1608]],"type":"Polygon","properties":{"id":171886}},{"arcs":[[1609]],"type":"Polygon","properties":{"id":171887}},{"arcs":[[1610]],"type":"Polygon","properties":{"id":171956}},{"arcs":[[1611]],"type":"Polygon","properties":{"id":171972}},{"arcs":[[1612]],"type":"Polygon","properties":{"id":171995}},{"arcs":[[1613]],"type":"Polygon","properties":{"id":172037}},{"arcs":[[1614]],"type":"Polygon","properties":{"id":172051}},{"arcs":[[1615]],"type":"Polygon","properties":{"id":172053}},{"arcs":[[1616]],"type":"Polygon","properties":{"id":172055}},{"arcs":[[1617]],"type":"Polygon","properties":{"id":172056}},{"arcs":[[[1618]],[[1619]]],"type":"MultiPolygon","properties":{"id":172064}},{"arcs":[[1620]],"type":"Polygon","properties":{"id":172066}},{"arcs":[[1621]],"type":"Polygon","properties":{"id":172069}},{"arcs":[[1622]],"type":"Polygon","properties":{"id":172078}},{"arcs":[[1623]],"type":"Polygon","properties":{"id":172103}},{"arcs":[[1624]],"type":"Polygon","properties":{"id":172106}},{"arcs":[[1625,1626]],"type":"Polygon","properties":{"id":172110}},{"arcs":[[1627]],"type":"Polygon","properties":{"id":172114}},{"arcs":[[1628,1629,1630,-726]],"type":"Polygon","properties":{"id":172115}},{"arcs":[[1631]],"type":"Polygon","properties":{"id":172124}},{"arcs":[[1632]],"type":"Polygon","properties":{"id":172126}},{"arcs":[[1633]],"type":"Polygon","properties":{"id":172129}},{"arcs":[[1634]],"type":"Polygon","properties":{"id":172130}},{"arcs":[[1635]],"type":"Polygon","properties":{"id":172131}},{"arcs":[[1636,1637]],"type":"Polygon","properties":{"id":172132}},{"arcs":[[[1638]],[[1639]],[[1640]],[[1641]],[[1642,1643]],[[1644]]],"type":"MultiPolygon","properties":{"id":172137}},{"arcs":[[1645]],"type":"Polygon","properties":{"id":172145}},{"arcs":[[1646]],"type":"Polygon","properties":{"id":172151}},{"arcs":[[1647]],"type":"Polygon","properties":{"id":172154}},{"arcs":[[1648]],"type":"Polygon","properties":{"id":172157}},{"arcs":[[1649]],"type":"Polygon","properties":{"id":172167}},{"arcs":[[1650]],"type":"Polygon","properties":{"id":172169}},{"arcs":[[1651]],"type":"Polygon","properties":{"id":172177}},{"arcs":[[1652]],"type":"Polygon","properties":{"id":172181}},{"arcs":[[1653]],"type":"Polygon","properties":{"id":172221}},{"arcs":[[1654]],"type":"Polygon","properties":{"id":172252}},{"arcs":[[1655]],"type":"Polygon","properties":{"id":172253}},{"arcs":[[1656]],"type":"Polygon","properties":{"id":172256}},{"arcs":[[1657]],"type":"Polygon","properties":{"id":172276}},{"arcs":[[1658]],"type":"Polygon","properties":{"id":172289}},{"arcs":[[1659]],"type":"Polygon","properties":{"id":172296}},{"arcs":[[1660]],"type":"Polygon","properties":{"id":172298}},{"arcs":[[1661]],"type":"Polygon","properties":{"id":172306}},{"arcs":[[1662]],"type":"Polygon","properties":{"id":172307}},{"arcs":[[[1663]],[[1664]]],"type":"MultiPolygon","properties":{"id":172318}},{"arcs":[[1665]],"type":"Polygon","properties":{"id":172347}},{"arcs":[[1666]],"type":"Polygon","properties":{"id":172379}},{"arcs":[[1667]],"type":"Polygon","properties":{"id":172380}},{"arcs":[[1668]],"type":"Polygon","properties":{"id":172385}},{"arcs":[[1669]],"type":"Polygon","properties":{"id":172393}},{"arcs":[[1670]],"type":"Polygon","properties":{"id":172394}},{"arcs":[[1671]],"type":"Polygon","properties":{"id":172396}},{"arcs":[[1672]],"type":"Polygon","properties":{"id":172406}},{"arcs":[[1673]],"type":"Polygon","properties":{"id":172448}},{"arcs":[[1674]],"type":"Polygon","properties":{"id":172471}},{"arcs":[[[1675]],[[1676]]],"type":"MultiPolygon","properties":{"id":172485}},{"arcs":[[1677]],"type":"Polygon","properties":{"id":172495}},{"arcs":[[1678]],"type":"Polygon","properties":{"id":172500}},{"arcs":[[1679]],"type":"Polygon","properties":{"id":172529}},{"arcs":[[1680]],"type":"Polygon","properties":{"id":172540}},{"arcs":[[1681]],"type":"Polygon","properties":{"id":172541}},{"arcs":[[1682]],"type":"Polygon","properties":{"id":172542}},{"arcs":[[1683]],"type":"Polygon","properties":{"id":172544}},{"arcs":[[1684]],"type":"Polygon","properties":{"id":172547}},{"arcs":[[1685]],"type":"Polygon","properties":{"id":172551}},{"arcs":[[1686]],"type":"Polygon","properties":{"id":172557}},{"arcs":[[1687]],"type":"Polygon","properties":{"id":172565}},{"arcs":[[856]],"type":"Polygon","properties":{"id":172584}},{"arcs":[[1688]],"type":"Polygon","properties":{"id":172592}},{"arcs":[[1689]],"type":"Polygon","properties":{"id":172607}},{"arcs":[[1690]],"type":"Polygon","properties":{"id":172608}},{"arcs":[[1691]],"type":"Polygon","properties":{"id":172610}},{"arcs":[[1692]],"type":"Polygon","properties":{"id":172611}},{"arcs":[[1693]],"type":"Polygon","properties":{"id":172613}},{"arcs":[[1694]],"type":"Polygon","properties":{"id":172615}},{"arcs":[[1695]],"type":"Polygon","properties":{"id":172617}},{"arcs":[[1696],[1697]],"type":"Polygon","properties":{"id":172627}},{"arcs":[[1698]],"type":"Polygon","properties":{"id":172637}},{"arcs":[[1699]],"type":"Polygon","properties":{"id":172640}},{"arcs":[[1700]],"type":"Polygon","properties":{"id":172641}},{"arcs":[[1701]],"type":"Polygon","properties":{"id":172670}},{"arcs":[[1702]],"type":"Polygon","properties":{"id":172679}},{"arcs":[[1703],[1704]],"type":"Polygon","properties":{"id":172703}},{"arcs":[[1705]],"type":"Polygon","properties":{"id":172705}},{"arcs":[[1706]],"type":"Polygon","properties":{"id":172707}},{"arcs":[[1707]],"type":"Polygon","properties":{"id":172708}},{"arcs":[[1708]],"type":"Polygon","properties":{"id":172711}},{"arcs":[[1709]],"type":"Polygon","properties":{"id":172719}},{"arcs":[[1710]],"type":"Polygon","properties":{"id":172725}},{"arcs":[[1711]],"type":"Polygon","properties":{"id":172759}},{"arcs":[[1712]],"type":"Polygon","properties":{"id":172761}},{"arcs":[[1713]],"type":"Polygon","properties":{"id":172762}},{"arcs":[[1714]],"type":"Polygon","properties":{"id":172765}},{"arcs":[[1715]],"type":"Polygon","properties":{"id":172771}},{"arcs":[[1716]],"type":"Polygon","properties":{"id":172772}},{"arcs":[[1717]],"type":"Polygon","properties":{"id":172783}},{"arcs":[[1718]],"type":"Polygon","properties":{"id":172784}},{"arcs":[[1719]],"type":"Polygon","properties":{"id":172786}},{"arcs":[[1720]],"type":"Polygon","properties":{"id":172788}},{"arcs":[[1721]],"type":"Polygon","properties":{"id":172789}},{"arcs":[[-1361,1722]],"type":"Polygon","properties":{"id":172795}},{"arcs":[[1723]],"type":"Polygon","properties":{"id":172797}},{"arcs":[[1724]],"type":"Polygon","properties":{"id":172798}},{"arcs":[[1725]],"type":"Polygon","properties":{"id":172800}},{"arcs":[[1726]],"type":"Polygon","properties":{"id":172812}},{"arcs":[[1727]],"type":"Polygon","properties":{"id":172900}},{"arcs":[[1728]],"type":"Polygon","properties":{"id":173250}},{"arcs":[[-1072,1729]],"type":"Polygon","properties":{"id":173455}},{"arcs":[[1730]],"type":"Polygon","properties":{"id":173476}},{"arcs":[[1731]],"type":"Polygon","properties":{"id":173487}},{"arcs":[[1732]],"type":"Polygon","properties":{"id":173488}},{"arcs":[[1733]],"type":"Polygon","properties":{"id":173492}},{"arcs":[[1734],[1735]],"type":"Polygon","properties":{"id":173495}},{"arcs":[[1736]],"type":"Polygon","properties":{"id":173497}},{"arcs":[[1737]],"type":"Polygon","properties":{"id":173592}},{"arcs":[[-449,1738]],"type":"Polygon","properties":{"id":173594}},{"arcs":[[1739]],"type":"Polygon","properties":{"id":173597}},{"arcs":[[1740,1741,1742,1743]],"type":"Polygon","properties":{"id":173598}},{"arcs":[[1744]],"type":"Polygon","properties":{"id":173612}},{"arcs":[[1745]],"type":"Polygon","properties":{"id":173615}},{"arcs":[[1746]],"type":"Polygon","properties":{"id":173617}},{"arcs":[[-616,1747]],"type":"Polygon","properties":{"id":173618}},{"arcs":[[1748]],"type":"Polygon","properties":{"id":173620}},{"arcs":[[1749]],"type":"Polygon","properties":{"id":173622}},{"arcs":[[1750]],"type":"Polygon","properties":{"id":173625}},{"arcs":[[1751]],"type":"Polygon","properties":{"id":173630}},{"arcs":[[1752,-921]],"type":"Polygon","properties":{"id":173632}},{"arcs":[[1753]],"type":"Polygon","properties":{"id":173635}},{"arcs":[[1754]],"type":"Polygon","properties":{"id":173639}},{"arcs":[[1755]],"type":"Polygon","properties":{"id":173642}},{"arcs":[[1756]],"type":"Polygon","properties":{"id":173646}},{"arcs":[[-995,1757]],"type":"Polygon","properties":{"id":173655}},{"arcs":[[1758]],"type":"Polygon","properties":{"id":173657}},{"arcs":[[1759]],"type":"Polygon","properties":{"id":173658}},{"arcs":[[1760]],"type":"Polygon","properties":{"id":173671}},{"arcs":[[1761,1762]],"type":"Polygon","properties":{"id":173687}},{"arcs":[[-1313,1763]],"type":"Polygon","properties":{"id":173702}},{"arcs":[[1764]],"type":"Polygon","properties":{"id":173708}},{"arcs":[[1765,1766]],"type":"Polygon","properties":{"id":173710}},{"arcs":[[1767]],"type":"Polygon","properties":{"id":173712}},{"arcs":[[1768]],"type":"Polygon","properties":{"id":173713}},{"arcs":[[1769]],"type":"Polygon","properties":{"id":173715}},{"arcs":[[1770]],"type":"Polygon","properties":{"id":173718}},{"arcs":[[1771]],"type":"Polygon","properties":{"id":173719}},{"arcs":[[1772]],"type":"Polygon","properties":{"id":173723}},{"arcs":[[1773]],"type":"Polygon","properties":{"id":173724}},{"arcs":[[1774]],"type":"Polygon","properties":{"id":173725}},{"arcs":[[1775]],"type":"Polygon","properties":{"id":173730}},{"arcs":[[-497,1776]],"type":"Polygon","properties":{"id":173733}},{"arcs":[[1777]],"type":"Polygon","properties":{"id":173751}},{"arcs":[[1778]],"type":"Polygon","properties":{"id":173752}},{"arcs":[[1779]],"type":"Polygon","properties":{"id":173754}},{"arcs":[[1780]],"type":"Polygon","properties":{"id":173757}},{"arcs":[[1781]],"type":"Polygon","properties":{"id":173759}},{"arcs":[[1782]],"type":"Polygon","properties":{"id":173760}},{"arcs":[[1783,-481]],"type":"Polygon","properties":{"id":173763}},{"arcs":[[1784]],"type":"Polygon","properties":{"id":173764}},{"arcs":[[-675,1785,1786]],"type":"Polygon","properties":{"id":173766}},{"arcs":[[1787]],"type":"Polygon","properties":{"id":173767}},{"arcs":[[1788]],"type":"Polygon","properties":{"id":173768}},{"arcs":[[1789]],"type":"Polygon","properties":{"id":173769}},{"arcs":[[1790]],"type":"Polygon","properties":{"id":173773}},{"arcs":[[1791]],"type":"Polygon","properties":{"id":173774}},{"arcs":[[-661,1792]],"type":"Polygon","properties":{"id":173776}},{"arcs":[[1793]],"type":"Polygon","properties":{"id":173781}},{"arcs":[[1794]],"type":"Polygon","properties":{"id":173783}},{"arcs":[[1795]],"type":"Polygon","properties":{"id":173789}},{"arcs":[[1796]],"type":"Polygon","properties":{"id":173804}},{"arcs":[[1797]],"type":"Polygon","properties":{"id":173805}},{"arcs":[[1798]],"type":"Polygon","properties":{"id":173811}},{"arcs":[[1799]],"type":"Polygon","properties":{"id":173812}},{"arcs":[[1560]],"type":"Polygon","properties":{"id":173817}},{"arcs":[[1800]],"type":"Polygon","properties":{"id":173818}},{"arcs":[[1801]],"type":"Polygon","properties":{"id":173819}},{"arcs":[[1802]],"type":"Polygon","properties":{"id":173821}},{"arcs":[[1803]],"type":"Polygon","properties":{"id":173831}},{"arcs":[[1804]],"type":"Polygon","properties":{"id":173832}},{"arcs":[[1805]],"type":"Polygon","properties":{"id":173837}},{"arcs":[[1806]],"type":"Polygon","properties":{"id":173845}},{"arcs":[[[1807]],[[1808]]],"type":"MultiPolygon","properties":{"id":173846}},{"arcs":[[1809]],"type":"Polygon","properties":{"id":173857}},{"arcs":[[1810]],"type":"Polygon","properties":{"id":173858}},{"arcs":[[1811]],"type":"Polygon","properties":{"id":173861}},{"arcs":[[1812]],"type":"Polygon","properties":{"id":173862}},{"arcs":[[1813]],"type":"Polygon","properties":{"id":173863}},{"arcs":[[1814]],"type":"Polygon","properties":{"id":173868}},{"arcs":[[1815]],"type":"Polygon","properties":{"id":173870}},{"arcs":[[1816]],"type":"Polygon","properties":{"id":173871}},{"arcs":[[1817]],"type":"Polygon","properties":{"id":173872}},{"arcs":[[1818]],"type":"Polygon","properties":{"id":173874}},{"arcs":[[1819]],"type":"Polygon","properties":{"id":173875}},{"arcs":[[1820]],"type":"Polygon","properties":{"id":173880}},{"arcs":[[1821]],"type":"Polygon","properties":{"id":173883}},{"arcs":[[1822]],"type":"Polygon","properties":{"id":173884}},{"arcs":[[1823]],"type":"Polygon","properties":{"id":173888}},{"arcs":[[1824]],"type":"Polygon","properties":{"id":173907}},{"arcs":[[1825]],"type":"Polygon","properties":{"id":173908}},{"arcs":[[1826]],"type":"Polygon","properties":{"id":173914}},{"arcs":[[1827]],"type":"Polygon","properties":{"id":173915}},{"arcs":[[1828]],"type":"Polygon","properties":{"id":173925}},{"arcs":[[1829]],"type":"Polygon","properties":{"id":173927}},{"arcs":[[1830]],"type":"Polygon","properties":{"id":173929}},{"arcs":[[-1050,1831]],"type":"Polygon","properties":{"id":173930}},{"arcs":[[1832],[1833]],"type":"Polygon","properties":{"id":173934}},{"arcs":[[1834]],"type":"Polygon","properties":{"id":173935}},{"arcs":[[1835]],"type":"Polygon","properties":{"id":173948}},{"arcs":[[1836]],"type":"Polygon","properties":{"id":173949}},{"arcs":[[1837]],"type":"Polygon","properties":{"id":173951}},{"arcs":[[1838]],"type":"Polygon","properties":{"id":173961}},{"arcs":[[1839]],"type":"Polygon","properties":{"id":173970}},{"arcs":[[1840]],"type":"Polygon","properties":{"id":174002}},{"arcs":[[1841]],"type":"Polygon","properties":{"id":174028}},{"arcs":[[1842]],"type":"Polygon","properties":{"id":174123}},{"arcs":[[1843]],"type":"Polygon","properties":{"id":174135}},{"arcs":[[1844]],"type":"Polygon","properties":{"id":174155}},{"arcs":[[1845]],"type":"Polygon","properties":{"id":174157}},{"arcs":[[1846]],"type":"Polygon","properties":{"id":174164}},{"arcs":[[1847]],"type":"Polygon","properties":{"id":174165}},{"arcs":[[1848]],"type":"Polygon","properties":{"id":174167}},{"arcs":[[1849]],"type":"Polygon","properties":{"id":174200}},{"arcs":[[1850]],"type":"Polygon","properties":{"id":174203}},{"arcs":[[1851]],"type":"Polygon","properties":{"id":174204}},{"arcs":[[1852]],"type":"Polygon","properties":{"id":174206}},{"arcs":[[1853]],"type":"Polygon","properties":{"id":174209}},{"arcs":[[1854]],"type":"Polygon","properties":{"id":174215}},{"arcs":[[1855]],"type":"Polygon","properties":{"id":174228}},{"arcs":[[1856]],"type":"Polygon","properties":{"id":174247}},{"arcs":[[1857]],"type":"Polygon","properties":{"id":174260}},{"arcs":[[1858]],"type":"Polygon","properties":{"id":174279}},{"arcs":[[1859]],"type":"Polygon","properties":{"id":174294}},{"arcs":[[-1261,1860]],"type":"Polygon","properties":{"id":174306}},{"arcs":[[1861]],"type":"Polygon","properties":{"id":174321}},{"arcs":[[-912,1862]],"type":"Polygon","properties":{"id":174323}},{"arcs":[[1737]],"type":"Polygon","properties":{"id":174498}},{"arcs":[[1863]],"type":"Polygon","properties":{"id":174693}},{"arcs":[[1864]],"type":"Polygon","properties":{"id":175046}},{"arcs":[[1865]],"type":"Polygon","properties":{"id":175049}},{"arcs":[[1866]],"type":"Polygon","properties":{"id":175053}},{"arcs":[[[1867]],[[1868]]],"type":"MultiPolygon","properties":{"id":175085}},{"arcs":[[1869]],"type":"Polygon","properties":{"id":175106}},{"arcs":[[1870]],"type":"Polygon","properties":{"id":175113}},{"arcs":[[1871]],"type":"Polygon","properties":{"id":175120}},{"arcs":[[1872]],"type":"Polygon","properties":{"id":175130}},{"arcs":[[1873]],"type":"Polygon","properties":{"id":175157}},{"arcs":[[1874]],"type":"Polygon","properties":{"id":175181}},{"arcs":[[1875]],"type":"Polygon","properties":{"id":175185}},{"arcs":[[[1876]],[[1877]]],"type":"MultiPolygon","properties":{"id":175190}},{"arcs":[[1878]],"type":"Polygon","properties":{"id":175198}},{"arcs":[[1879]],"type":"Polygon","properties":{"id":175219}},{"arcs":[[1880]],"type":"Polygon","properties":{"id":175220}},{"arcs":[[1881]],"type":"Polygon","properties":{"id":175223}},{"arcs":[[1882]],"type":"Polygon","properties":{"id":175226}},{"arcs":[[1883]],"type":"Polygon","properties":{"id":175229}},{"arcs":[[1884]],"type":"Polygon","properties":{"id":175232}},{"arcs":[[1885]],"type":"Polygon","properties":{"id":175236}},{"arcs":[[1886]],"type":"Polygon","properties":{"id":175242}},{"arcs":[[1887]],"type":"Polygon","properties":{"id":175244}},{"arcs":[[1888]],"type":"Polygon","properties":{"id":175255}},{"arcs":[[1889]],"type":"Polygon","properties":{"id":175257}},{"arcs":[[1890]],"type":"Polygon","properties":{"id":175258}},{"arcs":[[1891]],"type":"Polygon","properties":{"id":175262}},{"arcs":[[1892]],"type":"Polygon","properties":{"id":175263}},{"arcs":[[1893]],"type":"Polygon","properties":{"id":175264}},{"arcs":[[1894]],"type":"Polygon","properties":{"id":175265}},{"arcs":[[[1895]],[[1896]]],"type":"MultiPolygon","properties":{"id":175272}},{"arcs":[[1897]],"type":"Polygon","properties":{"id":175276}},{"arcs":[[1898]],"type":"Polygon","properties":{"id":175281}},{"arcs":[[1899]],"type":"Polygon","properties":{"id":175291}},{"arcs":[[1900]],"type":"Polygon","properties":{"id":175292}},{"arcs":[[1901]],"type":"Polygon","properties":{"id":175294}},{"arcs":[[1902]],"type":"Polygon","properties":{"id":175296}},{"arcs":[[1903]],"type":"Polygon","properties":{"id":175320}},{"arcs":[[1904]],"type":"Polygon","properties":{"id":175329}},{"arcs":[[1905]],"type":"Polygon","properties":{"id":175330}},{"arcs":[[1906]],"type":"Polygon","properties":{"id":175334}},{"arcs":[[1907]],"type":"Polygon","properties":{"id":175340}},{"arcs":[[1908]],"type":"Polygon","properties":{"id":175346}},{"arcs":[[1909]],"type":"Polygon","properties":{"id":175347}},{"arcs":[[1910]],"type":"Polygon","properties":{"id":175357}},{"arcs":[[1911]],"type":"Polygon","properties":{"id":175358}},{"arcs":[[1912]],"type":"Polygon","properties":{"id":175365}},{"arcs":[[1913]],"type":"Polygon","properties":{"id":175371}},{"arcs":[[1914]],"type":"Polygon","properties":{"id":175383}},{"arcs":[[1915]],"type":"Polygon","properties":{"id":175398}},{"arcs":[[1916]],"type":"Polygon","properties":{"id":175400}},{"arcs":[[1917]],"type":"Polygon","properties":{"id":175411}},{"arcs":[[1918]],"type":"Polygon","properties":{"id":175415}},{"arcs":[[1919]],"type":"Polygon","properties":{"id":175421}},{"arcs":[[1920]],"type":"Polygon","properties":{"id":175431}},{"arcs":[[1921]],"type":"Polygon","properties":{"id":175433}},{"arcs":[[1922]],"type":"Polygon","properties":{"id":175441}},{"arcs":[[1923]],"type":"Polygon","properties":{"id":175447}},{"arcs":[[1924,-1258]],"type":"Polygon","properties":{"id":175450}},{"arcs":[[1925]],"type":"Polygon","properties":{"id":175454}},{"arcs":[[1926]],"type":"Polygon","properties":{"id":175462}},{"arcs":[[1927]],"type":"Polygon","properties":{"id":175470}},{"arcs":[[1928]],"type":"Polygon","properties":{"id":175472}},{"arcs":[[1929]],"type":"Polygon","properties":{"id":175473}},{"arcs":[[1930]],"type":"Polygon","properties":{"id":175475}},{"arcs":[[[1931]],[[1932]],[[1933]]],"type":"MultiPolygon","properties":{"id":175477}},{"arcs":[[1934]],"type":"Polygon","properties":{"id":175479}},{"arcs":[[1935]],"type":"Polygon","properties":{"id":175484}},{"arcs":[[[1936]],[[1937]],[[1938]]],"type":"MultiPolygon","properties":{"id":175492}},{"arcs":[[1939]],"type":"Polygon","properties":{"id":175493}},{"arcs":[[1940]],"type":"Polygon","properties":{"id":175494}},{"arcs":[[1941]],"type":"Polygon","properties":{"id":175495}},{"arcs":[[1942]],"type":"Polygon","properties":{"id":175506}},{"arcs":[[1943,1944]],"type":"Polygon","properties":{"id":175507}},{"arcs":[[1945]],"type":"Polygon","properties":{"id":175508}},{"arcs":[[1946]],"type":"Polygon","properties":{"id":175516}},{"arcs":[[[1947]],[[1948]]],"type":"MultiPolygon","properties":{"id":175521}},{"arcs":[[1949]],"type":"Polygon","properties":{"id":175523}},{"arcs":[[1950]],"type":"Polygon","properties":{"id":175529}},{"arcs":[[1951]],"type":"Polygon","properties":{"id":175535}},{"arcs":[[1952]],"type":"Polygon","properties":{"id":175539}},{"arcs":[[1953,1954]],"type":"Polygon","properties":{"id":175542}},{"arcs":[[1955]],"type":"Polygon","properties":{"id":175545}},{"arcs":[[1956]],"type":"Polygon","properties":{"id":175546}},{"arcs":[[1957]],"type":"Polygon","properties":{"id":175551}},{"arcs":[[1958]],"type":"Polygon","properties":{"id":175553}},{"arcs":[[1959]],"type":"Polygon","properties":{"id":175567}},{"arcs":[[1960]],"type":"Polygon","properties":{"id":175572}},{"arcs":[[1961]],"type":"Polygon","properties":{"id":175579}},{"arcs":[[1962]],"type":"Polygon","properties":{"id":175580}},{"arcs":[[1963]],"type":"Polygon","properties":{"id":175581}},{"arcs":[[1964]],"type":"Polygon","properties":{"id":175590}},{"arcs":[[1965]],"type":"Polygon","properties":{"id":175595}},{"arcs":[[1966]],"type":"Polygon","properties":{"id":175601}},{"arcs":[[1967,1968]],"type":"Polygon","properties":{"id":175603}},{"arcs":[[1969]],"type":"Polygon","properties":{"id":175658}},{"arcs":[[1970]],"type":"Polygon","properties":{"id":175676}},{"arcs":[[1971]],"type":"Polygon","properties":{"id":175679}},{"arcs":[[1972]],"type":"Polygon","properties":{"id":175683}},{"arcs":[[1973]],"type":"Polygon","properties":{"id":175686}},{"arcs":[[1974]],"type":"Polygon","properties":{"id":175692}},{"arcs":[[1975]],"type":"Polygon","properties":{"id":175693}},{"arcs":[[1976]],"type":"Polygon","properties":{"id":175695}},{"arcs":[[1977]],"type":"Polygon","properties":{"id":175699}},{"arcs":[[[1978]],[[1979]]],"type":"MultiPolygon","properties":{"id":175711}},{"arcs":[[1980]],"type":"Polygon","properties":{"id":175725}},{"arcs":[[1981]],"type":"Polygon","properties":{"id":175727}},{"arcs":[[1982]],"type":"Polygon","properties":{"id":175728}},{"arcs":[[1983]],"type":"Polygon","properties":{"id":175734}},{"arcs":[[1984]],"type":"Polygon","properties":{"id":175735}},{"arcs":[[1985]],"type":"Polygon","properties":{"id":175736}},{"arcs":[[1986]],"type":"Polygon","properties":{"id":175740}},{"arcs":[[1987]],"type":"Polygon","properties":{"id":175743}},{"arcs":[[1988]],"type":"Polygon","properties":{"id":175745}},{"arcs":[[1989]],"type":"Polygon","properties":{"id":175747}},{"arcs":[[1990]],"type":"Polygon","properties":{"id":175751}},{"arcs":[[1991],[1992]],"type":"Polygon","properties":{"id":175754}},{"arcs":[[1993]],"type":"Polygon","properties":{"id":175760}},{"arcs":[[1994]],"type":"Polygon","properties":{"id":175777}},{"arcs":[[1995]],"type":"Polygon","properties":{"id":175780}},{"arcs":[[878]],"type":"Polygon","properties":{"id":175785}},{"arcs":[[1996]],"type":"Polygon","properties":{"id":175789}},{"arcs":[[[1997]],[[1998]]],"type":"MultiPolygon","properties":{"id":175793}},{"arcs":[[1999]],"type":"Polygon","properties":{"id":175808}},{"arcs":[[2000]],"type":"Polygon","properties":{"id":175813}},{"arcs":[[2001]],"type":"Polygon","properties":{"id":175817}},{"arcs":[[2002]],"type":"Polygon","properties":{"id":175818}},{"arcs":[[2003]],"type":"Polygon","properties":{"id":175819}},{"arcs":[[[2004]],[[2005]]],"type":"MultiPolygon","properties":{"id":175824}},{"arcs":[[2006]],"type":"Polygon","properties":{"id":175825}},{"arcs":[[2007]],"type":"Polygon","properties":{"id":175826}},{"arcs":[[2008]],"type":"Polygon","properties":{"id":175837}},{"arcs":[[2009]],"type":"Polygon","properties":{"id":175845}},{"arcs":[[2010]],"type":"Polygon","properties":{"id":175850}},{"arcs":[[2011]],"type":"Polygon","properties":{"id":175857}},{"arcs":[[2012]],"type":"Polygon","properties":{"id":175858}},{"arcs":[[2013]],"type":"Polygon","properties":{"id":175867}},{"arcs":[[2014]],"type":"Polygon","properties":{"id":175872}},{"arcs":[[2015]],"type":"Polygon","properties":{"id":175876}},{"arcs":[[2016]],"type":"Polygon","properties":{"id":175878}},{"arcs":[[2017]],"type":"Polygon","properties":{"id":175882}},{"arcs":[[2018]],"type":"Polygon","properties":{"id":175884}},{"arcs":[[2019]],"type":"Polygon","properties":{"id":175885}},{"arcs":[[2020]],"type":"Polygon","properties":{"id":175887}},{"arcs":[[2021]],"type":"Polygon","properties":{"id":175888}},{"arcs":[[2022]],"type":"Polygon","properties":{"id":175889}},{"arcs":[[2023]],"type":"Polygon","properties":{"id":175890}},{"arcs":[[2024]],"type":"Polygon","properties":{"id":175892}},{"arcs":[[2025]],"type":"Polygon","properties":{"id":175894}},{"arcs":[[2026]],"type":"Polygon","properties":{"id":175895}},{"arcs":[[2027]],"type":"Polygon","properties":{"id":175896}},{"arcs":[[2028]],"type":"Polygon","properties":{"id":175898}},{"arcs":[[-1275,2029]],"type":"Polygon","properties":{"id":175899}},{"arcs":[[2030]],"type":"Polygon","properties":{"id":175905}},{"arcs":[[2031]],"type":"Polygon","properties":{"id":175907}},{"arcs":[[2032]],"type":"Polygon","properties":{"id":175910}},{"arcs":[[2033]],"type":"Polygon","properties":{"id":175914}},{"arcs":[[2034]],"type":"Polygon","properties":{"id":175915}},{"arcs":[[2035]],"type":"Polygon","properties":{"id":175927}},{"arcs":[[2036]],"type":"Polygon","properties":{"id":175953}},{"arcs":[[465]],"type":"Polygon","properties":{"id":175954}},{"arcs":[[2037]],"type":"Polygon","properties":{"id":175959}},{"arcs":[[2038]],"type":"Polygon","properties":{"id":175960}},{"arcs":[[2039]],"type":"Polygon","properties":{"id":175961}},{"arcs":[[[2040]],[[2041]],[[2042]],[[2043]],[[2044]]],"type":"MultiPolygon","properties":{"id":175973}},{"arcs":[[2045]],"type":"Polygon","properties":{"id":175975}},{"arcs":[[2046]],"type":"Polygon","properties":{"id":175981}},{"arcs":[[2047]],"type":"Polygon","properties":{"id":175986}},{"arcs":[[2048]],"type":"Polygon","properties":{"id":175995}},{"arcs":[[2049]],"type":"Polygon","properties":{"id":176010}},{"arcs":[[2050]],"type":"Polygon","properties":{"id":176015}},{"arcs":[[2051]],"type":"Polygon","properties":{"id":176018}},{"arcs":[[2052]],"type":"Polygon","properties":{"id":176020}},{"arcs":[[1967,1968]],"type":"Polygon","properties":{"id":176022}},{"arcs":[[2053]],"type":"Polygon","properties":{"id":177315}},{"arcs":[[2054]],"type":"Polygon","properties":{"id":177806}},{"arcs":[[2055]],"type":"Polygon","properties":{"id":181840}},{"arcs":[[1824]],"type":"Polygon","properties":{"id":182200}},{"arcs":[[2056]],"type":"Polygon","properties":{"id":188280}},{"arcs":[[2057]],"type":"Polygon","properties":{"id":200849}},{"arcs":[[-1954,2058]],"type":"Polygon","properties":{"id":206858}},{"arcs":[[2059]],"type":"Polygon","properties":{"id":208356}},{"arcs":[[2060]],"type":"Polygon","properties":{"id":210090}},{"arcs":[[2061]],"type":"Polygon","properties":{"id":214742}},{"arcs":[[2062]],"type":"Polygon","properties":{"id":214929}},{"arcs":[[2063]],"type":"Polygon","properties":{"id":216479}},{"arcs":[[2064]],"type":"Polygon","properties":{"id":221086}},{"arcs":[[2065]],"type":"Polygon","properties":{"id":221751}},{"arcs":[[2066,2067]],"type":"Polygon","properties":{"id":222150}},{"arcs":[[2068]],"type":"Polygon","properties":{"id":222552}},{"arcs":[[[2069]],[[2070]]],"type":"MultiPolygon","properties":{"id":222598}},{"arcs":[[2071]],"type":"Polygon","properties":{"id":222707}},{"arcs":[[2072]],"type":"Polygon","properties":{"id":222943}},{"arcs":[[[2073]],[[2074]]],"type":"MultiPolygon","properties":{"id":223537}},{"arcs":[[-1378,2075]],"type":"Polygon","properties":{"id":224416}},{"arcs":[[2076,-731,2077,-370]],"type":"Polygon","properties":{"id":224902}},{"arcs":[[2078]],"type":"Polygon","properties":{"id":226985}},{"arcs":[[2079,2080,2081,-1586]],"type":"Polygon","properties":{"id":227382}},{"arcs":[[2082]],"type":"Polygon","properties":{"id":227642}},{"arcs":[[2083]],"type":"Polygon","properties":{"id":227696}},{"arcs":[[2084]],"type":"Polygon","properties":{"id":227730}},{"arcs":[[2085]],"type":"Polygon","properties":{"id":228455}},{"arcs":[[-558,2086]],"type":"Polygon","properties":{"id":228537}},{"arcs":[[2087]],"type":"Polygon","properties":{"id":229016}},{"arcs":[[2088]],"type":"Polygon","properties":{"id":229057}},{"arcs":[[2089]],"type":"Polygon","properties":{"id":229402}},{"arcs":[[2090],[2091]],"type":"Polygon","properties":{"id":229823}},{"arcs":[[2092]],"type":"Polygon","properties":{"id":229826}},{"arcs":[[2093]],"type":"Polygon","properties":{"id":230101}},{"arcs":[[-600,2094]],"type":"Polygon","properties":{"id":230281}},{"arcs":[[2095]],"type":"Polygon","properties":{"id":231019}},{"arcs":[[2096]],"type":"Polygon","properties":{"id":231205}},{"arcs":[[2097]],"type":"Polygon","properties":{"id":231271}},{"arcs":[[2098]],"type":"Polygon","properties":{"id":231297}},{"arcs":[[594]],"type":"Polygon","properties":{"id":231486}},{"arcs":[[2099]],"type":"Polygon","properties":{"id":231520}},{"arcs":[[2100]],"type":"Polygon","properties":{"id":231536}},{"arcs":[[2101]],"type":"Polygon","properties":{"id":231775}},{"arcs":[[2102]],"type":"Polygon","properties":{"id":232062}},{"arcs":[[2103]],"type":"Polygon","properties":{"id":232398}},{"arcs":[[[2104]],[[2105]]],"type":"MultiPolygon","properties":{"id":232458}},{"arcs":[[2106]],"type":"Polygon","properties":{"id":232666}},{"arcs":[[2107,2108]],"type":"Polygon","properties":{"id":232841}},{"arcs":[[2109]],"type":"Polygon","properties":{"id":233452}},{"arcs":[[2110]],"type":"Polygon","properties":{"id":233591}},{"arcs":[[2111]],"type":"Polygon","properties":{"id":233760}},{"arcs":[[2112]],"type":"Polygon","properties":{"id":233890}},{"arcs":[[2113]],"type":"Polygon","properties":{"id":233920}},{"arcs":[[2114]],"type":"Polygon","properties":{"id":234084}},{"arcs":[[-1763,2115]],"type":"Polygon","properties":{"id":234374}},{"arcs":[[2116]],"type":"Polygon","properties":{"id":234566}},{"arcs":[[2117]],"type":"Polygon","properties":{"id":234641}},{"arcs":[[2118]],"type":"Polygon","properties":{"id":234740}},{"arcs":[[2119]],"type":"Polygon","properties":{"id":234748}},{"arcs":[[2120]],"type":"Polygon","properties":{"id":234823}},{"arcs":[[2121]],"type":"Polygon","properties":{"id":234838}},{"arcs":[[2122]],"type":"Polygon","properties":{"id":234885}},{"arcs":[[2123]],"type":"Polygon","properties":{"id":234897}},{"arcs":[[2124]],"type":"Polygon","properties":{"id":235008}},{"arcs":[[2125]],"type":"Polygon","properties":{"id":235137}},{"arcs":[[2126]],"type":"Polygon","properties":{"id":235438}},{"arcs":[[2127]],"type":"Polygon","properties":{"id":235635}},{"arcs":[[[32]],[[2128]]],"type":"MultiPolygon","properties":{"id":235845}},{"arcs":[[2129,2130]],"type":"Polygon","properties":{"id":235970}},{"arcs":[[2131,2132]],"type":"Polygon","properties":{"id":236031}},{"arcs":[[2133]],"type":"Polygon","properties":{"id":236345}},{"arcs":[[2134]],"type":"Polygon","properties":{"id":236366}},{"arcs":[[2135]],"type":"Polygon","properties":{"id":236382}},{"arcs":[[2136]],"type":"Polygon","properties":{"id":236480}},{"arcs":[[2137]],"type":"Polygon","properties":{"id":236816}},{"arcs":[[2138]],"type":"Polygon","properties":{"id":236822}},{"arcs":[[2139]],"type":"Polygon","properties":{"id":236913}},{"arcs":[[2140]],"type":"Polygon","properties":{"id":237018}},{"arcs":[[2141]],"type":"Polygon","properties":{"id":237359}},{"arcs":[[2142]],"type":"Polygon","properties":{"id":237373}},{"arcs":[[2143]],"type":"Polygon","properties":{"id":237384}},{"arcs":[[2144]],"type":"Polygon","properties":{"id":237422}},{"arcs":[[2145]],"type":"Polygon","properties":{"id":237722}},{"arcs":[[2146]],"type":"Polygon","properties":{"id":237798}},{"arcs":[[2147]],"type":"Polygon","properties":{"id":238049}},{"arcs":[[2148]],"type":"Polygon","properties":{"id":238097}},{"arcs":[[2149]],"type":"Polygon","properties":{"id":238266}},{"arcs":[[2150]],"type":"Polygon","properties":{"id":238355}},{"arcs":[[2151]],"type":"Polygon","properties":{"id":238365}},{"arcs":[[2152,2153]],"type":"Polygon","properties":{"id":238367}},{"arcs":[[2154,2155]],"type":"Polygon","properties":{"id":238480}},{"arcs":[[2156]],"type":"Polygon","properties":{"id":238554}},{"arcs":[[2157,2158]],"type":"Polygon","properties":{"id":238595}},{"arcs":[[2159]],"type":"Polygon","properties":{"id":238712}},{"arcs":[[-1627,2160,-1638,2161]],"type":"Polygon","properties":{"id":238747}},{"arcs":[[2162]],"type":"Polygon","properties":{"id":238787}},{"arcs":[[2163]],"type":"Polygon","properties":{"id":238799}},{"arcs":[[2164]],"type":"Polygon","properties":{"id":238850}},{"arcs":[[2165]],"type":"Polygon","properties":{"id":238910}},{"arcs":[[2166]],"type":"Polygon","properties":{"id":238957}},{"arcs":[[2167]],"type":"Polygon","properties":{"id":238973}},{"arcs":[[2168]],"type":"Polygon","properties":{"id":239016}},{"arcs":[[2169]],"type":"Polygon","properties":{"id":239078}},{"arcs":[[[2170]],[[2171]]],"type":"MultiPolygon","properties":{"id":239096}},{"arcs":[[2172]],"type":"Polygon","properties":{"id":239488}},{"arcs":[[2173]],"type":"Polygon","properties":{"id":239540}},{"arcs":[[2174,-1276]],"type":"Polygon","properties":{"id":239630}},{"arcs":[[2175]],"type":"Polygon","properties":{"id":239695}},{"arcs":[[[2176]],[[2177]]],"type":"MultiPolygon","properties":{"id":239704}},{"arcs":[[2178,-716]],"type":"Polygon","properties":{"id":239739}},{"arcs":[[2179]],"type":"Polygon","properties":{"id":239946}},{"arcs":[[2180]],"type":"Polygon","properties":{"id":239994}},{"arcs":[[[2181]],[[2182]]],"type":"MultiPolygon","properties":{"id":240019}},{"arcs":[[2183]],"type":"Polygon","properties":{"id":240068}},{"arcs":[[-1192,2184]],"type":"Polygon","properties":{"id":240122}},{"arcs":[[2185]],"type":"Polygon","properties":{"id":240215}},{"arcs":[[2186]],"type":"Polygon","properties":{"id":240284}},{"arcs":[[2187]],"type":"Polygon","properties":{"id":240299}},{"arcs":[[2188]],"type":"Polygon","properties":{"id":240338}},{"arcs":[[2189]],"type":"Polygon","properties":{"id":240400}},{"arcs":[[2190]],"type":"Polygon","properties":{"id":240429}},{"arcs":[[2191]],"type":"Polygon","properties":{"id":240518}},{"arcs":[[2192]],"type":"Polygon","properties":{"id":240540}},{"arcs":[[2193]],"type":"Polygon","properties":{"id":240557}},{"arcs":[[2194]],"type":"Polygon","properties":{"id":240573}},{"arcs":[[2195,-1228]],"type":"Polygon","properties":{"id":240752}},{"arcs":[[-733,2196,2197]],"type":"Polygon","properties":{"id":240842}},{"arcs":[[2198]],"type":"Polygon","properties":{"id":240953}},{"arcs":[[2199]],"type":"Polygon","properties":{"id":240956}},{"arcs":[[2200]],"type":"Polygon","properties":{"id":240959}},{"arcs":[[2201,2202]],"type":"Polygon","properties":{"id":241007}},{"arcs":[[2203,-419]],"type":"Polygon","properties":{"id":241042}},{"arcs":[[2204]],"type":"Polygon","properties":{"id":241133}},{"arcs":[[2205]],"type":"Polygon","properties":{"id":241168}},{"arcs":[[2206]],"type":"Polygon","properties":{"id":241377}},{"arcs":[[2207]],"type":"Polygon","properties":{"id":241405}},{"arcs":[[2208]],"type":"Polygon","properties":{"id":241410}},{"arcs":[[2209]],"type":"Polygon","properties":{"id":241550}},{"arcs":[[2210]],"type":"Polygon","properties":{"id":241747}},{"arcs":[[2211]],"type":"Polygon","properties":{"id":241767}},{"arcs":[[2212]],"type":"Polygon","properties":{"id":241820}},{"arcs":[[2213]],"type":"Polygon","properties":{"id":241873}},{"arcs":[[2214]],"type":"Polygon","properties":{"id":241892}},{"arcs":[[2215,-1606]],"type":"Polygon","properties":{"id":241915}},{"arcs":[[2216,-1944]],"type":"Polygon","properties":{"id":241989}},{"arcs":[[2217]],"type":"Polygon","properties":{"id":242048}},{"arcs":[[2218]],"type":"Polygon","properties":{"id":242148}},{"arcs":[[2219]],"type":"Polygon","properties":{"id":242162}},{"arcs":[[2220]],"type":"Polygon","properties":{"id":242172}},{"arcs":[[2221]],"type":"Polygon","properties":{"id":242188}},{"arcs":[[2222]],"type":"Polygon","properties":{"id":242236}},{"arcs":[[2223]],"type":"Polygon","properties":{"id":242238}},{"arcs":[[2224]],"type":"Polygon","properties":{"id":242264}},{"arcs":[[-735,2225]],"type":"Polygon","properties":{"id":242279}},{"arcs":[[2226]],"type":"Polygon","properties":{"id":242313}},{"arcs":[[2227]],"type":"Polygon","properties":{"id":242359}},{"arcs":[[150]],"type":"Polygon","properties":{"id":242510}},{"arcs":[[2228]],"type":"Polygon","properties":{"id":242537}},{"arcs":[[2229]],"type":"Polygon","properties":{"id":242554}},{"arcs":[[-2133,2230]],"type":"Polygon","properties":{"id":242563}},{"arcs":[[[2231]],[[2232]]],"type":"MultiPolygon","properties":{"id":242586}},{"arcs":[[2233]],"type":"Polygon","properties":{"id":242605}},{"arcs":[[2234]],"type":"Polygon","properties":{"id":242629}},{"arcs":[[2235]],"type":"Polygon","properties":{"id":242633}},{"arcs":[[2236]],"type":"Polygon","properties":{"id":242638}},{"arcs":[[2237]],"type":"Polygon","properties":{"id":242643}},{"arcs":[[2238]],"type":"Polygon","properties":{"id":242654}},{"arcs":[[2239]],"type":"Polygon","properties":{"id":242655}},{"arcs":[[2240]],"type":"Polygon","properties":{"id":242732}},{"arcs":[[2241]],"type":"Polygon","properties":{"id":242901}},{"arcs":[[2242]],"type":"Polygon","properties":{"id":242935}},{"arcs":[[2243]],"type":"Polygon","properties":{"id":242950}},{"arcs":[[2244]],"type":"Polygon","properties":{"id":243057}},{"arcs":[[2245]],"type":"Polygon","properties":{"id":243071}},{"arcs":[[2246]],"type":"Polygon","properties":{"id":243108}},{"arcs":[[2247]],"type":"Polygon","properties":{"id":243190}},{"arcs":[[2248]],"type":"Polygon","properties":{"id":243199}},{"arcs":[[2249]],"type":"Polygon","properties":{"id":243246}},{"arcs":[[2250,-2153]],"type":"Polygon","properties":{"id":243247}},{"arcs":[[2251]],"type":"Polygon","properties":{"id":243278}},{"arcs":[[2252]],"type":"Polygon","properties":{"id":243345}},{"arcs":[[2253]],"type":"Polygon","properties":{"id":243527}},{"arcs":[[2254]],"type":"Polygon","properties":{"id":243547}},{"arcs":[[2255]],"type":"Polygon","properties":{"id":243578}},{"arcs":[[2256]],"type":"Polygon","properties":{"id":243596}},{"arcs":[[2257]],"type":"Polygon","properties":{"id":243636}},{"arcs":[[2258]],"type":"Polygon","properties":{"id":243683}},{"arcs":[[2259]],"type":"Polygon","properties":{"id":243690}},{"arcs":[[-2155,2260]],"type":"Polygon","properties":{"id":243692}},{"arcs":[[2261]],"type":"Polygon","properties":{"id":243703}},{"arcs":[[2262]],"type":"Polygon","properties":{"id":243714}},{"arcs":[[2263]],"type":"Polygon","properties":{"id":243745}},{"arcs":[[2264]],"type":"Polygon","properties":{"id":243773}},{"arcs":[[2265]],"type":"Polygon","properties":{"id":243776}},{"arcs":[[-1630,2266]],"type":"Polygon","properties":{"id":243913}},{"arcs":[[2267]],"type":"Polygon","properties":{"id":243916}},{"arcs":[[2268]],"type":"Polygon","properties":{"id":243920}},{"arcs":[[2269]],"type":"Polygon","properties":{"id":243929}},{"arcs":[[2270]],"type":"Polygon","properties":{"id":243937}},{"arcs":[[[2271]],[[2272]]],"type":"MultiPolygon","properties":{"id":244017}},{"arcs":[[2273]],"type":"Polygon","properties":{"id":244073}},{"arcs":[[2271]],"type":"Polygon","properties":{"id":244099}},{"arcs":[[2274]],"type":"Polygon","properties":{"id":244102}},{"arcs":[[-2158,2275]],"type":"Polygon","properties":{"id":244182}},{"arcs":[[2276]],"type":"Polygon","properties":{"id":244200}},{"arcs":[[2277]],"type":"Polygon","properties":{"id":244282}},{"arcs":[[2278]],"type":"Polygon","properties":{"id":244311}},{"arcs":[[2279]],"type":"Polygon","properties":{"id":244318}},{"arcs":[[2280]],"type":"Polygon","properties":{"id":244325}},{"arcs":[[2281]],"type":"Polygon","properties":{"id":244333}},{"arcs":[[2282]],"type":"Polygon","properties":{"id":244340}},{"arcs":[[2283]],"type":"Polygon","properties":{"id":244360}},{"arcs":[[1264]],"type":"Polygon","properties":{"id":244387}},{"arcs":[[2284]],"type":"Polygon","properties":{"id":244426}},{"arcs":[[[2285]],[[2286]]],"type":"MultiPolygon","properties":{"id":244449}},{"arcs":[[2287]],"type":"Polygon","properties":{"id":244503}},{"arcs":[[2288]],"type":"Polygon","properties":{"id":244523}},{"arcs":[[2289]],"type":"Polygon","properties":{"id":244534}},{"arcs":[[2290]],"type":"Polygon","properties":{"id":244535}},{"arcs":[[2291]],"type":"Polygon","properties":{"id":244550}},{"arcs":[[2292]],"type":"Polygon","properties":{"id":244591}},{"arcs":[[2293]],"type":"Polygon","properties":{"id":244592}},{"arcs":[[2294,2295,2296,2297]],"type":"Polygon","properties":{"id":244593}},{"arcs":[[2298]],"type":"Polygon","properties":{"id":244600}},{"arcs":[[2299]],"type":"Polygon","properties":{"id":244613}},{"arcs":[[2300]],"type":"Polygon","properties":{"id":244747}},{"arcs":[[2301]],"type":"Polygon","properties":{"id":244758}},{"arcs":[[2302]],"type":"Polygon","properties":{"id":244760}},{"arcs":[[2303]],"type":"Polygon","properties":{"id":244809}},{"arcs":[[2304]],"type":"Polygon","properties":{"id":244817}},{"arcs":[[2305]],"type":"Polygon","properties":{"id":244826}},{"arcs":[[[2306]],[[2307]]],"type":"MultiPolygon","properties":{"id":244840}},{"arcs":[[2308]],"type":"Polygon","properties":{"id":244931}},{"arcs":[[2309]],"type":"Polygon","properties":{"id":245071}},{"arcs":[[2310]],"type":"Polygon","properties":{"id":250001}},{"arcs":[[2311]],"type":"Polygon","properties":{"id":250002}},{"arcs":[[2312]],"type":"Polygon","properties":{"id":250004}},{"arcs":[[2313]],"type":"Polygon","properties":{"id":250008}},{"arcs":[[2314]],"type":"Polygon","properties":{"id":250014}},{"arcs":[[2315]],"type":"Polygon","properties":{"id":250015}},{"arcs":[[2316]],"type":"Polygon","properties":{"id":250016}},{"arcs":[[2317]],"type":"Polygon","properties":{"id":250018}},{"arcs":[[2318]],"type":"Polygon","properties":{"id":250019}},{"arcs":[[2319]],"type":"Polygon","properties":{"id":250020}},{"arcs":[[2320]],"type":"Polygon","properties":{"id":250021}},{"arcs":[[2321]],"type":"Polygon","properties":{"id":250022}},{"arcs":[[2322]],"type":"Polygon","properties":{"id":250023}},{"arcs":[[2323]],"type":"Polygon","properties":{"id":250027}},{"arcs":[[2324]],"type":"Polygon","properties":{"id":250029}},{"arcs":[[2325]],"type":"Polygon","properties":{"id":250033}},{"arcs":[[2326]],"type":"Polygon","properties":{"id":250034}},{"arcs":[[2327],[2328],[2329]],"type":"Polygon","properties":{"id":250035}},{"arcs":[[2330]],"type":"Polygon","properties":{"id":250036}},{"arcs":[[2331],[2332],[2333]],"type":"Polygon","properties":{"id":250037}},{"arcs":[[[2334]],[[2335]]],"type":"MultiPolygon","properties":{"id":250038}},{"arcs":[[2336],[2337]],"type":"Polygon","properties":{"id":250039}},{"arcs":[[2338],[2339],[2340],[2341],[2342]],"type":"Polygon","properties":{"id":250040}},{"arcs":[[2343]],"type":"Polygon","properties":{"id":250041}},{"arcs":[[2344]],"type":"Polygon","properties":{"id":250042}},{"arcs":[[2345]],"type":"Polygon","properties":{"id":250043}},{"arcs":[[2346]],"type":"Polygon","properties":{"id":250044}},{"arcs":[[2347]],"type":"Polygon","properties":{"id":250045}},{"arcs":[[2348]],"type":"Polygon","properties":{"id":250047}},{"arcs":[[2349]],"type":"Polygon","properties":{"id":250048}},{"arcs":[[2350],[2351]],"type":"Polygon","properties":{"id":250049}},{"arcs":[[2352]],"type":"Polygon","properties":{"id":250050}},{"arcs":[[2353]],"type":"Polygon","properties":{"id":250052}},{"arcs":[[[2354]],[[2355]]],"type":"MultiPolygon","properties":{"id":250054}},{"arcs":[[2356]],"type":"Polygon","properties":{"id":250055}},{"arcs":[[2357]],"type":"Polygon","properties":{"id":250056}},{"arcs":[[2358]],"type":"Polygon","properties":{"id":250057}},{"arcs":[[2359]],"type":"Polygon","properties":{"id":250058}},{"arcs":[[2360]],"type":"Polygon","properties":{"id":250059}},{"arcs":[[2361]],"type":"Polygon","properties":{"id":250060}},{"arcs":[[2362]],"type":"Polygon","properties":{"id":250061}},{"arcs":[[2363]],"type":"Polygon","properties":{"id":250062}},{"arcs":[[2364]],"type":"Polygon","properties":{"id":250063}},{"arcs":[[2365]],"type":"Polygon","properties":{"id":250065}},{"arcs":[[2366]],"type":"Polygon","properties":{"id":250067}},{"arcs":[[2367]],"type":"Polygon","properties":{"id":250068}},{"arcs":[[2368]],"type":"Polygon","properties":{"id":250070}},{"arcs":[[2369]],"type":"Polygon","properties":{"id":250071}},{"arcs":[[2370]],"type":"Polygon","properties":{"id":250072}},{"arcs":[[2371]],"type":"Polygon","properties":{"id":250074}},{"arcs":[[2372]],"type":"Polygon","properties":{"id":250075}},{"arcs":[[2373]],"type":"Polygon","properties":{"id":250076}},{"arcs":[[2374]],"type":"Polygon","properties":{"id":250077}},{"arcs":[[2375]],"type":"Polygon","properties":{"id":250078}},{"arcs":[[2376]],"type":"Polygon","properties":{"id":250080}},{"arcs":[[[2377]],[[2378]],[[2379]],[[2380]]],"type":"MultiPolygon","properties":{"id":250082}},{"arcs":[[2381]],"type":"Polygon","properties":{"id":250083}},{"arcs":[[2382]],"type":"Polygon","properties":{"id":250085}},{"arcs":[[2383]],"type":"Polygon","properties":{"id":250086}},{"arcs":[[2384]],"type":"Polygon","properties":{"id":250087}},{"arcs":[[2385]],"type":"Polygon","properties":{"id":250088}},{"arcs":[[2386]],"type":"Polygon","properties":{"id":250089}},{"arcs":[[2387]],"type":"Polygon","properties":{"id":250090}},{"arcs":[[2388]],"type":"Polygon","properties":{"id":250091}},{"arcs":[[2389]],"type":"Polygon","properties":{"id":250092}},{"arcs":[[2390]],"type":"Polygon","properties":{"id":250093}},{"arcs":[[2391]],"type":"Polygon","properties":{"id":250095}},{"arcs":[[2392]],"type":"Polygon","properties":{"id":250098}},{"arcs":[[2393]],"type":"Polygon","properties":{"id":250099}},{"arcs":[[2394]],"type":"Polygon","properties":{"id":250100}},{"arcs":[[2395]],"type":"Polygon","properties":{"id":250101}},{"arcs":[[2396]],"type":"Polygon","properties":{"id":250102}},{"arcs":[[[2397]],[[2398]]],"type":"MultiPolygon","properties":{"id":250104}},{"arcs":[[2399]],"type":"Polygon","properties":{"id":250105}},{"arcs":[[2400]],"type":"Polygon","properties":{"id":250106}},{"arcs":[[2401]],"type":"Polygon","properties":{"id":250107}},{"arcs":[[2402]],"type":"Polygon","properties":{"id":250108}},{"arcs":[[2403]],"type":"Polygon","properties":{"id":250109}},{"arcs":[[2404]],"type":"Polygon","properties":{"id":250111}},{"arcs":[[2405]],"type":"Polygon","properties":{"id":250112}},{"arcs":[[2406]],"type":"Polygon","properties":{"id":250113}},{"arcs":[[2407]],"type":"Polygon","properties":{"id":250114}},{"arcs":[[161]],"type":"Polygon","properties":{"id":250115}},{"arcs":[[2408]],"type":"Polygon","properties":{"id":250117}},{"arcs":[[2409]],"type":"Polygon","properties":{"id":250118}},{"arcs":[[2410]],"type":"Polygon","properties":{"id":250120}},{"arcs":[[2411],[2412]],"type":"Polygon","properties":{"id":250121}},{"arcs":[[2413]],"type":"Polygon","properties":{"id":250122}},{"arcs":[[2414]],"type":"Polygon","properties":{"id":250129}},{"arcs":[[2415]],"type":"Polygon","properties":{"id":250133}},{"arcs":[[2416]],"type":"Polygon","properties":{"id":250134}},{"arcs":[[2417]],"type":"Polygon","properties":{"id":250137}},{"arcs":[[2418]],"type":"Polygon","properties":{"id":250138}},{"arcs":[[2419,-1744]],"type":"Polygon","properties":{"id":250140}},{"arcs":[[2420]],"type":"Polygon","properties":{"id":250141}},{"arcs":[[2421]],"type":"Polygon","properties":{"id":250142}},{"arcs":[[2422]],"type":"Polygon","properties":{"id":250143}},{"arcs":[[-940,2423]],"type":"Polygon","properties":{"id":250144}},{"arcs":[[2424,-1742]],"type":"Polygon","properties":{"id":250145}},{"arcs":[[2425]],"type":"Polygon","properties":{"id":250146}},{"arcs":[[2426]],"type":"Polygon","properties":{"id":250147}},{"arcs":[[2427]],"type":"Polygon","properties":{"id":250148}},{"arcs":[[2428,-221,2429,-1293]],"type":"Polygon","properties":{"id":250149}},{"arcs":[[2430]],"type":"Polygon","properties":{"id":250151}},{"arcs":[[2431]],"type":"Polygon","properties":{"id":250155}},{"arcs":[[2432]],"type":"Polygon","properties":{"id":250161}},{"arcs":[[2433]],"type":"Polygon","properties":{"id":250164}},{"arcs":[[2434,-2202]],"type":"Polygon","properties":{"id":250165}},{"arcs":[[2435,-216]],"type":"Polygon","properties":{"id":250167}},{"arcs":[[2436]],"type":"Polygon","properties":{"id":250171}},{"arcs":[[2437]],"type":"Polygon","properties":{"id":250173}},{"arcs":[[2438]],"type":"Polygon","properties":{"id":250175}},{"arcs":[[2439]],"type":"Polygon","properties":{"id":250176}},{"arcs":[[2440]],"type":"Polygon","properties":{"id":251210}},{"arcs":[[2441]],"type":"Polygon","properties":{"id":251212}},{"arcs":[[2442]],"type":"Polygon","properties":{"id":251213}},{"arcs":[[2443]],"type":"Polygon","properties":{"id":251214}},{"arcs":[[2444]],"type":"Polygon","properties":{"id":251215}},{"arcs":[[2445]],"type":"Polygon","properties":{"id":251216}},{"arcs":[[2446]],"type":"Polygon","properties":{"id":251218}},{"arcs":[[2447]],"type":"Polygon","properties":{"id":251219}},{"arcs":[[2448]],"type":"Polygon","properties":{"id":251220}},{"arcs":[[-269,2449]],"type":"Polygon","properties":{"id":251221}},{"arcs":[[2450]],"type":"Polygon","properties":{"id":251222}},{"arcs":[[2451]],"type":"Polygon","properties":{"id":251223}},{"arcs":[[577,2452]],"type":"Polygon","properties":{"id":251224}},{"arcs":[[2453]],"type":"Polygon","properties":{"id":251225}},{"arcs":[[2454]],"type":"Polygon","properties":{"id":251226}},{"arcs":[[2455]],"type":"Polygon","properties":{"id":251227}},{"arcs":[[2456,-876]],"type":"Polygon","properties":{"id":251228}},{"arcs":[[-2108,2457]],"type":"Polygon","properties":{"id":251229}},{"arcs":[[2458]],"type":"Polygon","properties":{"id":251230}},{"arcs":[[1376]],"type":"Polygon","properties":{"id":251234}},{"arcs":[[552,553]],"type":"Polygon","properties":{"id":251235}},{"arcs":[[2459]],"type":"Polygon","properties":{"id":251236}},{"arcs":[[2460]],"type":"Polygon","properties":{"id":251237}},{"arcs":[[2461]],"type":"Polygon","properties":{"id":251238}},{"arcs":[[2462]],"type":"Polygon","properties":{"id":251240}},{"arcs":[[2463]],"type":"Polygon","properties":{"id":251241}},{"arcs":[[2464]],"type":"Polygon","properties":{"id":251242}},{"arcs":[[2465]],"type":"Polygon","properties":{"id":251243}},{"arcs":[[-1397,2466]],"type":"Polygon","properties":{"id":251244}},{"arcs":[[2467]],"type":"Polygon","properties":{"id":251245}},{"arcs":[[2468]],"type":"Polygon","properties":{"id":251246}},{"arcs":[[2469]],"type":"Polygon","properties":{"id":251247}},{"arcs":[[1442]],"type":"Polygon","properties":{"id":251248}},{"arcs":[[2470]],"type":"Polygon","properties":{"id":251249}},{"arcs":[[2471]],"type":"Polygon","properties":{"id":251250}},{"arcs":[[2472]],"type":"Polygon","properties":{"id":251251}},{"arcs":[[2473]],"type":"Polygon","properties":{"id":251252}},{"arcs":[[2474]],"type":"Polygon","properties":{"id":251253}},{"arcs":[[2475]],"type":"Polygon","properties":{"id":251254}},{"arcs":[[2289]],"type":"Polygon","properties":{"id":251255}},{"arcs":[[2476]],"type":"Polygon","properties":{"id":251257}},{"arcs":[[2477]],"type":"Polygon","properties":{"id":251258}},{"arcs":[[2478]],"type":"Polygon","properties":{"id":251259}},{"arcs":[[2479]],"type":"Polygon","properties":{"id":251260}},{"arcs":[[2480]],"type":"Polygon","properties":{"id":251263}},{"arcs":[[2481]],"type":"Polygon","properties":{"id":251265}},{"arcs":[[-1309,2482]],"type":"Polygon","properties":{"id":251266}},{"arcs":[[2483]],"type":"Polygon","properties":{"id":251267}},{"arcs":[[1212]],"type":"Polygon","properties":{"id":251268}},{"arcs":[[2484]],"type":"Polygon","properties":{"id":251269}},{"arcs":[[2485]],"type":"Polygon","properties":{"id":251270}},{"arcs":[[2486]],"type":"Polygon","properties":{"id":251272}},{"arcs":[[2487]],"type":"Polygon","properties":{"id":251274}},{"arcs":[[2488]],"type":"Polygon","properties":{"id":251275}},{"arcs":[[-223,2489]],"type":"Polygon","properties":{"id":251276}},{"arcs":[[2490]],"type":"Polygon","properties":{"id":251277}},{"arcs":[[2491]],"type":"Polygon","properties":{"id":251278}},{"arcs":[[2492]],"type":"Polygon","properties":{"id":251279}},{"arcs":[[2490]],"type":"Polygon","properties":{"id":251280}},{"arcs":[[2493]],"type":"Polygon","properties":{"id":251281}},{"arcs":[[2494]],"type":"Polygon","properties":{"id":251282}},{"arcs":[[2495]],"type":"Polygon","properties":{"id":251285}},{"arcs":[[2496]],"type":"Polygon","properties":{"id":251286}},{"arcs":[[2497]],"type":"Polygon","properties":{"id":251287}},{"arcs":[[2498,-1208,2499,-35]],"type":"Polygon","properties":{"id":251290}},{"arcs":[[2500,2501]],"type":"Polygon","properties":{"id":251294}},{"arcs":[[2502]],"type":"Polygon","properties":{"id":251295}},{"arcs":[[2503]],"type":"Polygon","properties":{"id":251298}},{"arcs":[[-582,2504]],"type":"Polygon","properties":{"id":251299}},{"arcs":[[1309]],"type":"Polygon","properties":{"id":251300}},{"arcs":[[2505]],"type":"Polygon","properties":{"id":251301}},{"arcs":[[2506]],"type":"Polygon","properties":{"id":251314}},{"arcs":[[2507]],"type":"Polygon","properties":{"id":251315}},{"arcs":[[2508,-1968]],"type":"Polygon","properties":{"id":251316}},{"arcs":[[2509]],"type":"Polygon","properties":{"id":251317}},{"arcs":[[2510]],"type":"Polygon","properties":{"id":251318}},{"arcs":[[2511]],"type":"Polygon","properties":{"id":251319}},{"arcs":[[2512]],"type":"Polygon","properties":{"id":251320}},{"arcs":[[2513]],"type":"Polygon","properties":{"id":251321}},{"arcs":[[2514]],"type":"Polygon","properties":{"id":251322}},{"arcs":[[2515]],"type":"Polygon","properties":{"id":251324}},{"arcs":[[2516]],"type":"Polygon","properties":{"id":251325}},{"arcs":[[1109]],"type":"Polygon","properties":{"id":251326}},{"arcs":[[2517]],"type":"Polygon","properties":{"id":251327}},{"arcs":[[2518]],"type":"Polygon","properties":{"id":251328}},{"arcs":[[2519]],"type":"Polygon","properties":{"id":251329}},{"arcs":[[2520]],"type":"Polygon","properties":{"id":251330}},{"arcs":[[2521]],"type":"Polygon","properties":{"id":251331}},{"arcs":[[2522]],"type":"Polygon","properties":{"id":251333}},{"arcs":[[1109]],"type":"Polygon","properties":{"id":251334}},{"arcs":[[2523]],"type":"Polygon","properties":{"id":251335}},{"arcs":[[2524]],"type":"Polygon","properties":{"id":251337}},{"arcs":[[1773]],"type":"Polygon","properties":{"id":251338}},{"arcs":[[2525]],"type":"Polygon","properties":{"id":251339}},{"arcs":[[2526]],"type":"Polygon","properties":{"id":251340}},{"arcs":[[2226]],"type":"Polygon","properties":{"id":251343}},{"arcs":[[2527]],"type":"Polygon","properties":{"id":251344}},{"arcs":[[2528]],"type":"Polygon","properties":{"id":251346}},{"arcs":[[2529]],"type":"Polygon","properties":{"id":251347}},{"arcs":[[2530]],"type":"Polygon","properties":{"id":251348}},{"arcs":[[2531]],"type":"Polygon","properties":{"id":251351}},{"arcs":[[2532]],"type":"Polygon","properties":{"id":251352}},{"arcs":[[2533]],"type":"Polygon","properties":{"id":251355}},{"arcs":[[2534]],"type":"Polygon","properties":{"id":251356}},{"arcs":[[2535]],"type":"Polygon","properties":{"id":251358}},{"arcs":[[2536]],"type":"Polygon","properties":{"id":251359}},{"arcs":[[2537]],"type":"Polygon","properties":{"id":251360}},{"arcs":[[2538]],"type":"Polygon","properties":{"id":251362}},{"arcs":[[[2539]],[[2540]]],"type":"MultiPolygon","properties":{"id":251363}},{"arcs":[[2541]],"type":"Polygon","properties":{"id":251364}},{"arcs":[[2542]],"type":"Polygon","properties":{"id":251365}},{"arcs":[[2543]],"type":"Polygon","properties":{"id":251367}},{"arcs":[[2544],[2545],[2546],[2547]],"type":"Polygon","properties":{"id":251368}},{"arcs":[[2548]],"type":"Polygon","properties":{"id":251372}},{"arcs":[[2549]],"type":"Polygon","properties":{"id":251373}},{"arcs":[[2550]],"type":"Polygon","properties":{"id":251374}},{"arcs":[[2551]],"type":"Polygon","properties":{"id":251375}},{"arcs":[[2552]],"type":"Polygon","properties":{"id":251376}},{"arcs":[[2553]],"type":"Polygon","properties":{"id":251377}},{"arcs":[[2554]],"type":"Polygon","properties":{"id":251379}},{"arcs":[[2555]],"type":"Polygon","properties":{"id":251380}},{"arcs":[[2556]],"type":"Polygon","properties":{"id":251381}},{"arcs":[[2557]],"type":"Polygon","properties":{"id":251382}},{"arcs":[[2558]],"type":"Polygon","properties":{"id":251383}},{"arcs":[[2559]],"type":"Polygon","properties":{"id":251384}},{"arcs":[[2560]],"type":"Polygon","properties":{"id":251385}},{"arcs":[[2561]],"type":"Polygon","properties":{"id":251386}},{"arcs":[[2562]],"type":"Polygon","properties":{"id":251387}},{"arcs":[[2563]],"type":"Polygon","properties":{"id":251388}},{"arcs":[[2564]],"type":"Polygon","properties":{"id":251389}},{"arcs":[[2565]],"type":"Polygon","properties":{"id":251390}},{"arcs":[[2566]],"type":"Polygon","properties":{"id":251391}},{"arcs":[[2567]],"type":"Polygon","properties":{"id":251392}},{"arcs":[[2568]],"type":"Polygon","properties":{"id":251393}},{"arcs":[[[2569]],[[2570]],[[2571]],[[2572]],[[2573]],[[2574]]],"type":"MultiPolygon","properties":{"id":251394}},{"arcs":[[2575]],"type":"Polygon","properties":{"id":251395}},{"arcs":[[2576]],"type":"Polygon","properties":{"id":251396}},{"arcs":[[2577]],"type":"Polygon","properties":{"id":251398}},{"arcs":[[2578]],"type":"Polygon","properties":{"id":251399}},{"arcs":[[2579]],"type":"Polygon","properties":{"id":251401}},{"arcs":[[2580]],"type":"Polygon","properties":{"id":251402}},{"arcs":[[2581]],"type":"Polygon","properties":{"id":251403}},{"arcs":[[2582]],"type":"Polygon","properties":{"id":251405}},{"arcs":[[2583],[2584]],"type":"Polygon","properties":{"id":251406}},{"arcs":[[2585]],"type":"Polygon","properties":{"id":251407}},{"arcs":[[2586]],"type":"Polygon","properties":{"id":251409}},{"arcs":[[2587]],"type":"Polygon","properties":{"id":251411}},{"arcs":[[2588]],"type":"Polygon","properties":{"id":251412}},{"arcs":[[2589]],"type":"Polygon","properties":{"id":251413}},{"arcs":[[2590]],"type":"Polygon","properties":{"id":251414}},{"arcs":[[2591]],"type":"Polygon","properties":{"id":251415}},{"arcs":[[2592]],"type":"Polygon","properties":{"id":251416}},{"arcs":[[2593]],"type":"Polygon","properties":{"id":251417}},{"arcs":[[2594]],"type":"Polygon","properties":{"id":251418}},{"arcs":[[2595]],"type":"Polygon","properties":{"id":251419}},{"arcs":[[2596]],"type":"Polygon","properties":{"id":251420}},{"arcs":[[2597]],"type":"Polygon","properties":{"id":251421}},{"arcs":[[2598]],"type":"Polygon","properties":{"id":251423}},{"arcs":[[2599]],"type":"Polygon","properties":{"id":251424}},{"arcs":[[2600]],"type":"Polygon","properties":{"id":251425}},{"arcs":[[2601]],"type":"Polygon","properties":{"id":251426}},{"arcs":[[2602]],"type":"Polygon","properties":{"id":251427}},{"arcs":[[2603]],"type":"Polygon","properties":{"id":251428}},{"arcs":[[2604]],"type":"Polygon","properties":{"id":251429}},{"arcs":[[2605]],"type":"Polygon","properties":{"id":251431}},{"arcs":[[2606]],"type":"Polygon","properties":{"id":251432}},{"arcs":[[2607]],"type":"Polygon","properties":{"id":251433}},{"arcs":[[2608]],"type":"Polygon","properties":{"id":251434}},{"arcs":[[2609]],"type":"Polygon","properties":{"id":251435}},{"arcs":[[2610]],"type":"Polygon","properties":{"id":251437}},{"arcs":[[2611]],"type":"Polygon","properties":{"id":251438}},{"arcs":[[[2612]],[[2613]]],"type":"MultiPolygon","properties":{"id":251439}},{"arcs":[[2614]],"type":"Polygon","properties":{"id":251440}},{"arcs":[[2615]],"type":"Polygon","properties":{"id":251441}},{"arcs":[[2616]],"type":"Polygon","properties":{"id":251442}},{"arcs":[[2617]],"type":"Polygon","properties":{"id":251443}},{"arcs":[[[2618]],[[2619]]],"type":"MultiPolygon","properties":{"id":251444}},{"arcs":[[2620]],"type":"Polygon","properties":{"id":251445}},{"arcs":[[2621]],"type":"Polygon","properties":{"id":251446}},{"arcs":[[2622]],"type":"Polygon","properties":{"id":251447}},{"arcs":[[2623]],"type":"Polygon","properties":{"id":251448}},{"arcs":[[2624]],"type":"Polygon","properties":{"id":251449}},{"arcs":[[2625]],"type":"Polygon","properties":{"id":251450}},{"arcs":[[2626]],"type":"Polygon","properties":{"id":251451}},{"arcs":[[2627]],"type":"Polygon","properties":{"id":251452}},{"arcs":[[2628]],"type":"Polygon","properties":{"id":251455}},{"arcs":[[2629]],"type":"Polygon","properties":{"id":251456}},{"arcs":[[2630]],"type":"Polygon","properties":{"id":251457}},{"arcs":[[2631]],"type":"Polygon","properties":{"id":251459}},{"arcs":[[2632]],"type":"Polygon","properties":{"id":251460}},{"arcs":[[2633]],"type":"Polygon","properties":{"id":251461}},{"arcs":[[[2634]],[[2635]]],"type":"MultiPolygon","properties":{"id":251462}},{"arcs":[[2636]],"type":"Polygon","properties":{"id":251463}},{"arcs":[[2637]],"type":"Polygon","properties":{"id":251464}},{"arcs":[[2638]],"type":"Polygon","properties":{"id":251465}},{"arcs":[[2639],[2640]],"type":"Polygon","properties":{"id":251466}},{"arcs":[[[2641]],[[2642]],[[2643]]],"type":"MultiPolygon","properties":{"id":251468}},{"arcs":[[2644]],"type":"Polygon","properties":{"id":251469}},{"arcs":[[2645]],"type":"Polygon","properties":{"id":251473}},{"arcs":[[2646]],"type":"Polygon","properties":{"id":251474}},{"arcs":[[2647]],"type":"Polygon","properties":{"id":251475}},{"arcs":[[2648]],"type":"Polygon","properties":{"id":251477}},{"arcs":[[2649]],"type":"Polygon","properties":{"id":251478}},{"arcs":[[[2650]],[[2651]]],"type":"MultiPolygon","properties":{"id":251479}},{"arcs":[[2652]],"type":"Polygon","properties":{"id":251480}},{"arcs":[[2653]],"type":"Polygon","properties":{"id":251482}},{"arcs":[[2654]],"type":"Polygon","properties":{"id":251483}},{"arcs":[[2655]],"type":"Polygon","properties":{"id":251484}},{"arcs":[[2656]],"type":"Polygon","properties":{"id":251485}},{"arcs":[[2657]],"type":"Polygon","properties":{"id":251486}},{"arcs":[[2658]],"type":"Polygon","properties":{"id":251487}},{"arcs":[[2659]],"type":"Polygon","properties":{"id":251488}},{"arcs":[[2660]],"type":"Polygon","properties":{"id":251489}},{"arcs":[[2661]],"type":"Polygon","properties":{"id":251490}},{"arcs":[[2662]],"type":"Polygon","properties":{"id":251491}},{"arcs":[[2663]],"type":"Polygon","properties":{"id":251492}},{"arcs":[[2664]],"type":"Polygon","properties":{"id":251493}},{"arcs":[[2665]],"type":"Polygon","properties":{"id":251496}},{"arcs":[[2666]],"type":"Polygon","properties":{"id":251497}},{"arcs":[[2667]],"type":"Polygon","properties":{"id":251498}},{"arcs":[[2668]],"type":"Polygon","properties":{"id":251499}},{"arcs":[[2669]],"type":"Polygon","properties":{"id":251500}},{"arcs":[[2670]],"type":"Polygon","properties":{"id":251501}},{"arcs":[[2671]],"type":"Polygon","properties":{"id":251502}},{"arcs":[[2672]],"type":"Polygon","properties":{"id":251504}},{"arcs":[[2673]],"type":"Polygon","properties":{"id":251505}},{"arcs":[[2674]],"type":"Polygon","properties":{"id":251508}},{"arcs":[[2675]],"type":"Polygon","properties":{"id":251509}},{"arcs":[[2676]],"type":"Polygon","properties":{"id":251511}},{"arcs":[[2677]],"type":"Polygon","properties":{"id":251512}},{"arcs":[[2678]],"type":"Polygon","properties":{"id":251513}},{"arcs":[[2679]],"type":"Polygon","properties":{"id":251515}},{"arcs":[[2680]],"type":"Polygon","properties":{"id":251516}},{"arcs":[[2681]],"type":"Polygon","properties":{"id":251517}},{"arcs":[[[2682]],[[2683]]],"type":"MultiPolygon","properties":{"id":251518}},{"arcs":[[2684]],"type":"Polygon","properties":{"id":251520}},{"arcs":[[2685]],"type":"Polygon","properties":{"id":251521}},{"arcs":[[2686]],"type":"Polygon","properties":{"id":251522}},{"arcs":[[2687]],"type":"Polygon","properties":{"id":251523}},{"arcs":[[2688]],"type":"Polygon","properties":{"id":251524}},{"arcs":[[2689]],"type":"Polygon","properties":{"id":251525}},{"arcs":[[2690]],"type":"Polygon","properties":{"id":251526}},{"arcs":[[2691]],"type":"Polygon","properties":{"id":251527}},{"arcs":[[2692]],"type":"Polygon","properties":{"id":251528}},{"arcs":[[2693]],"type":"Polygon","properties":{"id":251529}},{"arcs":[[[2694]],[[2695]]],"type":"MultiPolygon","properties":{"id":251530}},{"arcs":[[2696]],"type":"Polygon","properties":{"id":251531}},{"arcs":[[2697]],"type":"Polygon","properties":{"id":251532}},{"arcs":[[2698]],"type":"Polygon","properties":{"id":251533}},{"arcs":[[2699],[2700]],"type":"Polygon","properties":{"id":251534}},{"arcs":[[2701],[2702]],"type":"Polygon","properties":{"id":251535}},{"arcs":[[2703]],"type":"Polygon","properties":{"id":251536}},{"arcs":[[2704],[2705]],"type":"Polygon","properties":{"id":251537}},{"arcs":[[2706]],"type":"Polygon","properties":{"id":251538}},{"arcs":[[2707]],"type":"Polygon","properties":{"id":251539}},{"arcs":[[2708]],"type":"Polygon","properties":{"id":251540}},{"arcs":[[2709]],"type":"Polygon","properties":{"id":251541}},{"arcs":[[2710]],"type":"Polygon","properties":{"id":251542}},{"arcs":[[2711]],"type":"Polygon","properties":{"id":251543}},{"arcs":[[[2712]],[[2713]],[[2714]]],"type":"MultiPolygon","properties":{"id":251544}},{"arcs":[[2715]],"type":"Polygon","properties":{"id":251545}},{"arcs":[[[2716]],[[2717]]],"type":"MultiPolygon","properties":{"id":251546}},{"arcs":[[2718]],"type":"Polygon","properties":{"id":251547}},{"arcs":[[2719]],"type":"Polygon","properties":{"id":251548}},{"arcs":[[2720]],"type":"Polygon","properties":{"id":251550}},{"arcs":[[2721]],"type":"Polygon","properties":{"id":251551}},{"arcs":[[2722]],"type":"Polygon","properties":{"id":251552}},{"arcs":[[2723]],"type":"Polygon","properties":{"id":251553}},{"arcs":[[2724]],"type":"Polygon","properties":{"id":251554}},{"arcs":[[2725]],"type":"Polygon","properties":{"id":251555}},{"arcs":[[2726]],"type":"Polygon","properties":{"id":251556}},{"arcs":[[2727]],"type":"Polygon","properties":{"id":251558}},{"arcs":[[2728]],"type":"Polygon","properties":{"id":251559}},{"arcs":[[2729]],"type":"Polygon","properties":{"id":251560}},{"arcs":[[2730]],"type":"Polygon","properties":{"id":251561}},{"arcs":[[2731]],"type":"Polygon","properties":{"id":251564}},{"arcs":[[2732]],"type":"Polygon","properties":{"id":251565}},{"arcs":[[2733]],"type":"Polygon","properties":{"id":251566}},{"arcs":[[2734]],"type":"Polygon","properties":{"id":251567}},{"arcs":[[2735]],"type":"Polygon","properties":{"id":251568}},{"arcs":[[2736]],"type":"Polygon","properties":{"id":251569}},{"arcs":[[2737]],"type":"Polygon","properties":{"id":251570}},{"arcs":[[2738]],"type":"Polygon","properties":{"id":251571}},{"arcs":[[2739]],"type":"Polygon","properties":{"id":251572}},{"arcs":[[2740]],"type":"Polygon","properties":{"id":251573}},{"arcs":[[2741]],"type":"Polygon","properties":{"id":251574}},{"arcs":[[2742]],"type":"Polygon","properties":{"id":251575}},{"arcs":[[2743]],"type":"Polygon","properties":{"id":251576}},{"arcs":[[2744]],"type":"Polygon","properties":{"id":251577}},{"arcs":[[2745]],"type":"Polygon","properties":{"id":251578}},{"arcs":[[2746]],"type":"Polygon","properties":{"id":251579}},{"arcs":[[2747]],"type":"Polygon","properties":{"id":251580}},{"arcs":[[[2748]],[[2749]]],"type":"MultiPolygon","properties":{"id":251581}},{"arcs":[[2750]],"type":"Polygon","properties":{"id":251582}},{"arcs":[[2751]],"type":"Polygon","properties":{"id":251583}},{"arcs":[[2752]],"type":"Polygon","properties":{"id":251584}},{"arcs":[[2753]],"type":"Polygon","properties":{"id":251585}},{"arcs":[[2754]],"type":"Polygon","properties":{"id":251586}},{"arcs":[[2755]],"type":"Polygon","properties":{"id":251587}},{"arcs":[[[2756]],[[2757]]],"type":"MultiPolygon","properties":{"id":251588}},{"arcs":[[2758]],"type":"Polygon","properties":{"id":251589}},{"arcs":[[2759]],"type":"Polygon","properties":{"id":251590}},{"arcs":[[2760]],"type":"Polygon","properties":{"id":251591}},{"arcs":[[2761]],"type":"Polygon","properties":{"id":251592}},{"arcs":[[2762]],"type":"Polygon","properties":{"id":251594}},{"arcs":[[2763]],"type":"Polygon","properties":{"id":251595}},{"arcs":[[2764]],"type":"Polygon","properties":{"id":251597}},{"arcs":[[[2765]],[[2766]]],"type":"MultiPolygon","properties":{"id":251598}},{"arcs":[[2767]],"type":"Polygon","properties":{"id":251599}},{"arcs":[[2768]],"type":"Polygon","properties":{"id":251600}},{"arcs":[[[2769]],[[2770]]],"type":"MultiPolygon","properties":{"id":251601}},{"arcs":[[[2771]],[[2772]]],"type":"MultiPolygon","properties":{"id":251602}},{"arcs":[[[2773]],[[2774]]],"type":"MultiPolygon","properties":{"id":251603}},{"arcs":[[2775]],"type":"Polygon","properties":{"id":251604}},{"arcs":[[2776]],"type":"Polygon","properties":{"id":251605}},{"arcs":[[2777]],"type":"Polygon","properties":{"id":251606}},{"arcs":[[2778]],"type":"Polygon","properties":{"id":251607}},{"arcs":[[2779]],"type":"Polygon","properties":{"id":251608}},{"arcs":[[2780]],"type":"Polygon","properties":{"id":251609}},{"arcs":[[2781]],"type":"Polygon","properties":{"id":251610}},{"arcs":[[2782]],"type":"Polygon","properties":{"id":251611}},{"arcs":[[2783]],"type":"Polygon","properties":{"id":251612}},{"arcs":[[2784]],"type":"Polygon","properties":{"id":251613}},{"arcs":[[2785]],"type":"Polygon","properties":{"id":251614}},{"arcs":[[2786]],"type":"Polygon","properties":{"id":251616}},{"arcs":[[2787]],"type":"Polygon","properties":{"id":251617}},{"arcs":[[2788]],"type":"Polygon","properties":{"id":251618}},{"arcs":[[2789]],"type":"Polygon","properties":{"id":251619}},{"arcs":[[2790]],"type":"Polygon","properties":{"id":251620}},{"arcs":[[2791]],"type":"Polygon","properties":{"id":251621}},{"arcs":[[2792]],"type":"Polygon","properties":{"id":251622}},{"arcs":[[2793]],"type":"Polygon","properties":{"id":251624}},{"arcs":[[2794]],"type":"Polygon","properties":{"id":251625}},{"arcs":[[2795]],"type":"Polygon","properties":{"id":251626}},{"arcs":[[2796]],"type":"Polygon","properties":{"id":251627}},{"arcs":[[2797]],"type":"Polygon","properties":{"id":251628}},{"arcs":[[2798]],"type":"Polygon","properties":{"id":251629}},{"arcs":[[2799]],"type":"Polygon","properties":{"id":251631}},{"arcs":[[2800]],"type":"Polygon","properties":{"id":251632}},{"arcs":[[2801]],"type":"Polygon","properties":{"id":251633}},{"arcs":[[2802]],"type":"Polygon","properties":{"id":251634}},{"arcs":[[2803]],"type":"Polygon","properties":{"id":251635}},{"arcs":[[2804],[2805]],"type":"Polygon","properties":{"id":251636}},{"arcs":[[2806]],"type":"Polygon","properties":{"id":251637}},{"arcs":[[2807]],"type":"Polygon","properties":{"id":251638}},{"arcs":[[2808]],"type":"Polygon","properties":{"id":251639}},{"arcs":[[2809]],"type":"Polygon","properties":{"id":251640}},{"arcs":[[2810]],"type":"Polygon","properties":{"id":251641}},{"arcs":[[2811]],"type":"Polygon","properties":{"id":251642}},{"arcs":[[2812]],"type":"Polygon","properties":{"id":251643}},{"arcs":[[2813]],"type":"Polygon","properties":{"id":251644}},{"arcs":[[2814]],"type":"Polygon","properties":{"id":251647}},{"arcs":[[2815]],"type":"Polygon","properties":{"id":251648}},{"arcs":[[2816]],"type":"Polygon","properties":{"id":251649}},{"arcs":[[2817]],"type":"Polygon","properties":{"id":251650}},{"arcs":[[2818]],"type":"Polygon","properties":{"id":251651}},{"arcs":[[2819]],"type":"Polygon","properties":{"id":251652}},{"arcs":[[2820]],"type":"Polygon","properties":{"id":251653}},{"arcs":[[2821]],"type":"Polygon","properties":{"id":251654}},{"arcs":[[2822],[2823]],"type":"Polygon","properties":{"id":251655}},{"arcs":[[2824]],"type":"Polygon","properties":{"id":251656}},{"arcs":[[2825]],"type":"Polygon","properties":{"id":251657}},{"arcs":[[2826]],"type":"Polygon","properties":{"id":251658}},{"arcs":[[2827]],"type":"Polygon","properties":{"id":251660}},{"arcs":[[2828]],"type":"Polygon","properties":{"id":251661}},{"arcs":[[[2829]],[[2830]]],"type":"MultiPolygon","properties":{"id":251662}},{"arcs":[[2831]],"type":"Polygon","properties":{"id":251664}},{"arcs":[[2832]],"type":"Polygon","properties":{"id":251665}},{"arcs":[[[2833]],[[2834]],[[2835]]],"type":"MultiPolygon","properties":{"id":251666}},{"arcs":[[2836]],"type":"Polygon","properties":{"id":251667}},{"arcs":[[2837]],"type":"Polygon","properties":{"id":251668}},{"arcs":[[[2838]],[[2839]]],"type":"MultiPolygon","properties":{"id":251669}},{"arcs":[[2840]],"type":"Polygon","properties":{"id":251670}},{"arcs":[[2841]],"type":"Polygon","properties":{"id":251671}},{"arcs":[[2842]],"type":"Polygon","properties":{"id":251673}},{"arcs":[[2843],[2844]],"type":"Polygon","properties":{"id":251674}},{"arcs":[[2845]],"type":"Polygon","properties":{"id":251676}},{"arcs":[[2846]],"type":"Polygon","properties":{"id":251677}},{"arcs":[[2847]],"type":"Polygon","properties":{"id":251678}},{"arcs":[[2848]],"type":"Polygon","properties":{"id":251679}},{"arcs":[[2849]],"type":"Polygon","properties":{"id":251680}},{"arcs":[[[2850]],[[2851]]],"type":"MultiPolygon","properties":{"id":251682}},{"arcs":[[2852]],"type":"Polygon","properties":{"id":251683}},{"arcs":[[2853]],"type":"Polygon","properties":{"id":251684}},{"arcs":[[2854]],"type":"Polygon","properties":{"id":251685}},{"arcs":[[2855]],"type":"Polygon","properties":{"id":251686}},{"arcs":[[2856]],"type":"Polygon","properties":{"id":251687}},{"arcs":[[2857]],"type":"Polygon","properties":{"id":251688}},{"arcs":[[2858]],"type":"Polygon","properties":{"id":251689}},{"arcs":[[2859]],"type":"Polygon","properties":{"id":251690}},{"arcs":[[2860]],"type":"Polygon","properties":{"id":251691}},{"arcs":[[[2861]],[[2862]]],"type":"MultiPolygon","properties":{"id":251692}},{"arcs":[[2863]],"type":"Polygon","properties":{"id":251693}},{"arcs":[[2864]],"type":"Polygon","properties":{"id":251694}},{"arcs":[[[2865]],[[2866]]],"type":"MultiPolygon","properties":{"id":251695}},{"arcs":[[2867]],"type":"Polygon","properties":{"id":251696}},{"arcs":[[2868]],"type":"Polygon","properties":{"id":251697}},{"arcs":[[2869]],"type":"Polygon","properties":{"id":251698}},{"arcs":[[2870]],"type":"Polygon","properties":{"id":251699}},{"arcs":[[2871]],"type":"Polygon","properties":{"id":251700}},{"arcs":[[2872]],"type":"Polygon","properties":{"id":251701}},{"arcs":[[2873]],"type":"Polygon","properties":{"id":251704}},{"arcs":[[2874]],"type":"Polygon","properties":{"id":251705}},{"arcs":[[2875]],"type":"Polygon","properties":{"id":251706}},{"arcs":[[2876]],"type":"Polygon","properties":{"id":251707}},{"arcs":[[2877]],"type":"Polygon","properties":{"id":251708}},{"arcs":[[2878]],"type":"Polygon","properties":{"id":251709}},{"arcs":[[2879],[2880],[2881]],"type":"Polygon","properties":{"id":251710}},{"arcs":[[2882]],"type":"Polygon","properties":{"id":251711}},{"arcs":[[2883]],"type":"Polygon","properties":{"id":251712}},{"arcs":[[2884]],"type":"Polygon","properties":{"id":251714}},{"arcs":[[2885]],"type":"Polygon","properties":{"id":251715}},{"arcs":[[2886]],"type":"Polygon","properties":{"id":251716}},{"arcs":[[2887]],"type":"Polygon","properties":{"id":251717}},{"arcs":[[2888]],"type":"Polygon","properties":{"id":251718}},{"arcs":[[2889]],"type":"Polygon","properties":{"id":251719}},{"arcs":[[2890]],"type":"Polygon","properties":{"id":251720}},{"arcs":[[1215]],"type":"Polygon","properties":{"id":251721}},{"arcs":[[2891]],"type":"Polygon","properties":{"id":251722}},{"arcs":[[2892]],"type":"Polygon","properties":{"id":251723}},{"arcs":[[2893],[2894],[2895]],"type":"Polygon","properties":{"id":251724}},{"arcs":[[2896],[2897],[2898]],"type":"Polygon","properties":{"id":251726}},{"arcs":[[2899]],"type":"Polygon","properties":{"id":251727}},{"arcs":[[2900]],"type":"Polygon","properties":{"id":251728}},{"arcs":[[2901]],"type":"Polygon","properties":{"id":251729}},{"arcs":[[2902]],"type":"Polygon","properties":{"id":251730}},{"arcs":[[2903]],"type":"Polygon","properties":{"id":251731}},{"arcs":[[2904]],"type":"Polygon","properties":{"id":251732}},{"arcs":[[2905]],"type":"Polygon","properties":{"id":251733}},{"arcs":[[2906]],"type":"Polygon","properties":{"id":251734}},{"arcs":[[2907]],"type":"Polygon","properties":{"id":251735}},{"arcs":[[2908]],"type":"Polygon","properties":{"id":251736}},{"arcs":[[2909]],"type":"Polygon","properties":{"id":251737}},{"arcs":[[2910]],"type":"Polygon","properties":{"id":251738}},{"arcs":[[2911]],"type":"Polygon","properties":{"id":251739}},{"arcs":[[2912]],"type":"Polygon","properties":{"id":251741}},{"arcs":[[2913]],"type":"Polygon","properties":{"id":251744}},{"arcs":[[2914]],"type":"Polygon","properties":{"id":251745}},{"arcs":[[2915]],"type":"Polygon","properties":{"id":251746}},{"arcs":[[2916]],"type":"Polygon","properties":{"id":251749}},{"arcs":[[2917],[2918]],"type":"Polygon","properties":{"id":251750}},{"arcs":[[2919]],"type":"Polygon","properties":{"id":251751}},{"arcs":[[[2920]],[[2921]]],"type":"MultiPolygon","properties":{"id":251753}},{"arcs":[[2922]],"type":"Polygon","properties":{"id":251754}},{"arcs":[[2923]],"type":"Polygon","properties":{"id":251755}},{"arcs":[[2924]],"type":"Polygon","properties":{"id":251757}},{"arcs":[[2925]],"type":"Polygon","properties":{"id":251758}},{"arcs":[[2926]],"type":"Polygon","properties":{"id":251759}},{"arcs":[[2927]],"type":"Polygon","properties":{"id":251760}},{"arcs":[[2928]],"type":"Polygon","properties":{"id":251761}},{"arcs":[[2929]],"type":"Polygon","properties":{"id":251762}},{"arcs":[[2930]],"type":"Polygon","properties":{"id":251763}},{"arcs":[[2931]],"type":"Polygon","properties":{"id":251764}},{"arcs":[[2932]],"type":"Polygon","properties":{"id":251765}},{"arcs":[[2933]],"type":"Polygon","properties":{"id":251766}},{"arcs":[[2934]],"type":"Polygon","properties":{"id":251767}},{"arcs":[[2935]],"type":"Polygon","properties":{"id":251768}},{"arcs":[[1437]],"type":"Polygon","properties":{"id":251769}},{"arcs":[[1437]],"type":"Polygon","properties":{"id":251770}},{"arcs":[[2936]],"type":"Polygon","properties":{"id":251771}},{"arcs":[[2937]],"type":"Polygon","properties":{"id":251773}},{"arcs":[[2938]],"type":"Polygon","properties":{"id":251774}},{"arcs":[[2939]],"type":"Polygon","properties":{"id":251775}},{"arcs":[[2940]],"type":"Polygon","properties":{"id":251776}},{"arcs":[[2941]],"type":"Polygon","properties":{"id":251777}},{"arcs":[[2942]],"type":"Polygon","properties":{"id":251780}},{"arcs":[[2943]],"type":"Polygon","properties":{"id":251783}},{"arcs":[[-2297,2944]],"type":"Polygon","properties":{"id":251784}},{"arcs":[[2945]],"type":"Polygon","properties":{"id":251785}},{"arcs":[[2946]],"type":"Polygon","properties":{"id":251786}},{"arcs":[[2947]],"type":"Polygon","properties":{"id":251788}},{"arcs":[[2948]],"type":"Polygon","properties":{"id":251789}},{"arcs":[[2949],[2950]],"type":"Polygon","properties":{"id":251790}},{"arcs":[[2951]],"type":"Polygon","properties":{"id":251792}},{"arcs":[[2952]],"type":"Polygon","properties":{"id":251793}},{"arcs":[[2953]],"type":"Polygon","properties":{"id":251794}},{"arcs":[[2954]],"type":"Polygon","properties":{"id":251796}},{"arcs":[[2955]],"type":"Polygon","properties":{"id":251858}},{"arcs":[[2956]],"type":"Polygon","properties":{"id":251859}},{"arcs":[[2957]],"type":"Polygon","properties":{"id":251860}},{"arcs":[[2958],[2959]],"type":"Polygon","properties":{"id":251863}},{"arcs":[[2960]],"type":"Polygon","properties":{"id":251865}},{"arcs":[[2961]],"type":"Polygon","properties":{"id":251866}},{"arcs":[[2962]],"type":"Polygon","properties":{"id":251867}},{"arcs":[[2963]],"type":"Polygon","properties":{"id":251870}},{"arcs":[[2964]],"type":"Polygon","properties":{"id":251874}},{"arcs":[[2965]],"type":"Polygon","properties":{"id":251876}},{"arcs":[[2966]],"type":"Polygon","properties":{"id":251877}},{"arcs":[[2967]],"type":"Polygon","properties":{"id":251878}},{"arcs":[[2968]],"type":"Polygon","properties":{"id":251880}},{"arcs":[[2969]],"type":"Polygon","properties":{"id":251883}},{"arcs":[[2970]],"type":"Polygon","properties":{"id":251884}},{"arcs":[[2971]],"type":"Polygon","properties":{"id":251886}},{"arcs":[[2972]],"type":"Polygon","properties":{"id":251887}},{"arcs":[[2973]],"type":"Polygon","properties":{"id":251888}},{"arcs":[[2974]],"type":"Polygon","properties":{"id":251889}},{"arcs":[[2975]],"type":"Polygon","properties":{"id":251890}},{"arcs":[[2976]],"type":"Polygon","properties":{"id":251892}},{"arcs":[[2977]],"type":"Polygon","properties":{"id":251893}},{"arcs":[[2978],[2979]],"type":"Polygon","properties":{"id":251894}},{"arcs":[[2980]],"type":"Polygon","properties":{"id":251896}},{"arcs":[[2981]],"type":"Polygon","properties":{"id":251898}},{"arcs":[[[2982]],[[2983]]],"type":"MultiPolygon","properties":{"id":251899}},{"arcs":[[[2984]],[[2985]]],"type":"MultiPolygon","properties":{"id":251900}},{"arcs":[[2986]],"type":"Polygon","properties":{"id":251902}},{"arcs":[[2987]],"type":"Polygon","properties":{"id":251903}},{"arcs":[[[2988]],[[2989],[2990]]],"type":"MultiPolygon","properties":{"id":251904}},{"arcs":[[2991]],"type":"Polygon","properties":{"id":251905}},{"arcs":[[2992]],"type":"Polygon","properties":{"id":251906}},{"arcs":[[2993]],"type":"Polygon","properties":{"id":251907}},{"arcs":[[2994]],"type":"Polygon","properties":{"id":251908}},{"arcs":[[2995]],"type":"Polygon","properties":{"id":251909}},{"arcs":[[2996]],"type":"Polygon","properties":{"id":251910}},{"arcs":[[2997]],"type":"Polygon","properties":{"id":251911}},{"arcs":[[2998]],"type":"Polygon","properties":{"id":251912}},{"arcs":[[2999]],"type":"Polygon","properties":{"id":251914}},{"arcs":[[88]],"type":"Polygon","properties":{"id":251917}},{"arcs":[[3000]],"type":"Polygon","properties":{"id":251918}},{"arcs":[[3001]],"type":"Polygon","properties":{"id":251919}},{"arcs":[[3002,-372,3003,-594,3004,-2081]],"type":"Polygon","properties":{"id":251920}},{"arcs":[[3005]],"type":"Polygon","properties":{"id":251925}},{"arcs":[[1665]],"type":"Polygon","properties":{"id":251926}},{"arcs":[[3006]],"type":"Polygon","properties":{"id":251927}},{"arcs":[[3007]],"type":"Polygon","properties":{"id":251928}},{"arcs":[[3008,1579]],"type":"Polygon","properties":{"id":251929}},{"arcs":[[3009]],"type":"Polygon","properties":{"id":251930}},{"arcs":[[3010],[3011],[3012]],"type":"Polygon","properties":{"id":251941}},{"arcs":[[[3013]],[[3014]],[[3015]]],"type":"MultiPolygon","properties":{"id":251942}},{"arcs":[[3016]],"type":"Polygon","properties":{"id":251943}},{"arcs":[[3017]],"type":"Polygon","properties":{"id":251945}},{"arcs":[[3018]],"type":"Polygon","properties":{"id":251946}},{"arcs":[[[3019,-323]],[[3020]]],"type":"MultiPolygon","properties":{"id":251958}},{"arcs":[[-1528,3021]],"type":"Polygon","properties":{"id":251959}},{"arcs":[[3022]],"type":"Polygon","properties":{"id":251964}},{"arcs":[[3023]],"type":"Polygon","properties":{"id":251965}},{"arcs":[[3024]],"type":"Polygon","properties":{"id":251996}},{"arcs":[[3025]],"type":"Polygon","properties":{"id":252013}},{"arcs":[[3026]],"type":"Polygon","properties":{"id":252018}},{"arcs":[[3027,-1766]],"type":"Polygon","properties":{"id":252020}},{"arcs":[[3028]],"type":"Polygon","properties":{"id":252021}},{"arcs":[[3029]],"type":"Polygon","properties":{"id":252023}},{"arcs":[[3030]],"type":"Polygon","properties":{"id":252024}},{"arcs":[[3031]],"type":"Polygon","properties":{"id":252025}},{"arcs":[[3032]],"type":"Polygon","properties":{"id":252027}},{"arcs":[[3033]],"type":"Polygon","properties":{"id":252028}},{"arcs":[[3034]],"type":"Polygon","properties":{"id":252029}},{"arcs":[[3035]],"type":"Polygon","properties":{"id":252030}},{"arcs":[[-734,-2198,3036]],"type":"Polygon","properties":{"id":252031}},{"arcs":[[3037]],"type":"Polygon","properties":{"id":252033}},{"arcs":[[3038]],"type":"Polygon","properties":{"id":252034}},{"arcs":[[3039]],"type":"Polygon","properties":{"id":252035}},{"arcs":[[3040]],"type":"Polygon","properties":{"id":252036}},{"arcs":[[3041]],"type":"Polygon","properties":{"id":252037}},{"arcs":[[3042]],"type":"Polygon","properties":{"id":252038}},{"arcs":[[3043]],"type":"Polygon","properties":{"id":252039}},{"arcs":[[3044]],"type":"Polygon","properties":{"id":252040}},{"arcs":[[3045]],"type":"Polygon","properties":{"id":252041}},{"arcs":[[3046],[3047]],"type":"Polygon","properties":{"id":252042}},{"arcs":[[3048]],"type":"Polygon","properties":{"id":252043}},{"arcs":[[3049]],"type":"Polygon","properties":{"id":252044}},{"arcs":[[3050,3051]],"type":"Polygon","properties":{"id":252045}},{"arcs":[[3052]],"type":"Polygon","properties":{"id":252046}},{"arcs":[[3053]],"type":"Polygon","properties":{"id":252047}},{"arcs":[[3054]],"type":"Polygon","properties":{"id":252048}},{"arcs":[[3055]],"type":"Polygon","properties":{"id":252049}},{"arcs":[[-1048,3056]],"type":"Polygon","properties":{"id":252050}},{"arcs":[[3057]],"type":"Polygon","properties":{"id":252051}},{"arcs":[[3058]],"type":"Polygon","properties":{"id":252052}},{"arcs":[[-3051,3059]],"type":"Polygon","properties":{"id":252057}},{"arcs":[[3060]],"type":"Polygon","properties":{"id":252058}},{"arcs":[[3061]],"type":"Polygon","properties":{"id":252059}},{"arcs":[[3062]],"type":"Polygon","properties":{"id":252060}},{"arcs":[[852]],"type":"Polygon","properties":{"id":252061}},{"arcs":[[313]],"type":"Polygon","properties":{"id":252064}},{"arcs":[[-979,1278,-977,1279,-1052,1280]],"type":"Polygon","properties":{"id":252066}},{"arcs":[[3063]],"type":"Polygon","properties":{"id":252067}},{"arcs":[[257]],"type":"Polygon","properties":{"id":252068}},{"arcs":[[3064]],"type":"Polygon","properties":{"id":252069}},{"arcs":[[3065]],"type":"Polygon","properties":{"id":252070}},{"arcs":[[3066]],"type":"Polygon","properties":{"id":252071}},{"arcs":[[3067]],"type":"Polygon","properties":{"id":252072}},{"arcs":[[3068]],"type":"Polygon","properties":{"id":252073}},{"arcs":[[3069]],"type":"Polygon","properties":{"id":252075}},{"arcs":[[3070]],"type":"Polygon","properties":{"id":252076}},{"arcs":[[3071]],"type":"Polygon","properties":{"id":252077}},{"arcs":[[3072]],"type":"Polygon","properties":{"id":252078}},{"arcs":[[3073]],"type":"Polygon","properties":{"id":252079}},{"arcs":[[-343,3074]],"type":"Polygon","properties":{"id":252080}},{"arcs":[[3075]],"type":"Polygon","properties":{"id":252082}},{"arcs":[[3076]],"type":"Polygon","properties":{"id":252083}},{"arcs":[[3077]],"type":"Polygon","properties":{"id":252084}},{"arcs":[[3078]],"type":"Polygon","properties":{"id":252085}},{"arcs":[[3079,-437]],"type":"Polygon","properties":{"id":252086}},{"arcs":[[3080,3081]],"type":"Polygon","properties":{"id":252090}},{"arcs":[[3082]],"type":"Polygon","properties":{"id":252091}},{"arcs":[[3083]],"type":"Polygon","properties":{"id":252094}},{"arcs":[[3084]],"type":"Polygon","properties":{"id":252095}},{"arcs":[[3085]],"type":"Polygon","properties":{"id":252104}},{"arcs":[[3086]],"type":"Polygon","properties":{"id":252105}},{"arcs":[[3087]],"type":"Polygon","properties":{"id":252107}},{"arcs":[[3088]],"type":"Polygon","properties":{"id":252112}},{"arcs":[[3089]],"type":"Polygon","properties":{"id":252121}},{"arcs":[[3090]],"type":"Polygon","properties":{"id":252123}},{"arcs":[[3091]],"type":"Polygon","properties":{"id":252124}},{"arcs":[[3092]],"type":"Polygon","properties":{"id":252125}},{"arcs":[[20]],"type":"Polygon","properties":{"id":252126}},{"arcs":[[3093]],"type":"Polygon","properties":{"id":252216}},{"arcs":[[3094]],"type":"Polygon","properties":{"id":252217}},{"arcs":[[3095]],"type":"Polygon","properties":{"id":252218}},{"arcs":[[3096]],"type":"Polygon","properties":{"id":252219}},{"arcs":[[-285,3097]],"type":"Polygon","properties":{"id":252240}},{"arcs":[[3098]],"type":"Polygon","properties":{"id":252246}},{"arcs":[[-1486,3099]],"type":"Polygon","properties":{"id":252247}},{"arcs":[[3100]],"type":"Polygon","properties":{"id":252248}},{"arcs":[[3101]],"type":"Polygon","properties":{"id":252250}},{"arcs":[[3102]],"type":"Polygon","properties":{"id":252251}},{"arcs":[[[3103]],[[3104]]],"type":"MultiPolygon","properties":{"id":252252}},{"arcs":[[3105]],"type":"Polygon","properties":{"id":252253}},{"arcs":[[3106]],"type":"Polygon","properties":{"id":252256}},{"arcs":[[3107]],"type":"Polygon","properties":{"id":252258}},{"arcs":[[3108]],"type":"Polygon","properties":{"id":252259}},{"arcs":[[3109]],"type":"Polygon","properties":{"id":252261}},{"arcs":[[3110]],"type":"Polygon","properties":{"id":252262}},{"arcs":[[3111]],"type":"Polygon","properties":{"id":252264}},{"arcs":[[3112]],"type":"Polygon","properties":{"id":252265}},{"arcs":[[3113]],"type":"Polygon","properties":{"id":252266}},{"arcs":[[3114]],"type":"Polygon","properties":{"id":252267}},{"arcs":[[3115]],"type":"Polygon","properties":{"id":252268}},{"arcs":[[1244]],"type":"Polygon","properties":{"id":252269}},{"arcs":[[3116]],"type":"Polygon","properties":{"id":252270}},{"arcs":[[3117]],"type":"Polygon","properties":{"id":252274}},{"arcs":[[[3118]],[[3119]],[[3120]]],"type":"MultiPolygon","properties":{"id":252279}},{"arcs":[[3121]],"type":"Polygon","properties":{"id":252284}},{"arcs":[[3122]],"type":"Polygon","properties":{"id":252286}},{"arcs":[[3123]],"type":"Polygon","properties":{"id":252288}},{"arcs":[[3124]],"type":"Polygon","properties":{"id":252289}},{"arcs":[[3125]],"type":"Polygon","properties":{"id":252291}},{"arcs":[[3126]],"type":"Polygon","properties":{"id":252292}},{"arcs":[[[3127]],[[3128]]],"type":"MultiPolygon","properties":{"id":252294}},{"arcs":[[3129]],"type":"Polygon","properties":{"id":252295}},{"arcs":[[3130]],"type":"Polygon","properties":{"id":252297}},{"arcs":[[3131]],"type":"Polygon","properties":{"id":252299}},{"arcs":[[3132]],"type":"Polygon","properties":{"id":252301}},{"arcs":[[3133]],"type":"Polygon","properties":{"id":252302}},{"arcs":[[3134]],"type":"Polygon","properties":{"id":252303}},{"arcs":[[3135]],"type":"Polygon","properties":{"id":252309}},{"arcs":[[3136]],"type":"Polygon","properties":{"id":252310}},{"arcs":[[3137]],"type":"Polygon","properties":{"id":252311}},{"arcs":[[3138]],"type":"Polygon","properties":{"id":252312}},{"arcs":[[3139]],"type":"Polygon","properties":{"id":252313}},{"arcs":[[3140]],"type":"Polygon","properties":{"id":252315}},{"arcs":[[3141]],"type":"Polygon","properties":{"id":252316}},{"arcs":[[3142]],"type":"Polygon","properties":{"id":252317}},{"arcs":[[3143]],"type":"Polygon","properties":{"id":252318}},{"arcs":[[3144]],"type":"Polygon","properties":{"id":252319}},{"arcs":[[[3145]],[[3146]],[[3147]]],"type":"MultiPolygon","properties":{"id":252320}},{"arcs":[[3148]],"type":"Polygon","properties":{"id":252322}},{"arcs":[[3149]],"type":"Polygon","properties":{"id":252323}},{"arcs":[[3150]],"type":"Polygon","properties":{"id":252324}},{"arcs":[[3151]],"type":"Polygon","properties":{"id":252326}},{"arcs":[[3152]],"type":"Polygon","properties":{"id":252328}},{"arcs":[[3153]],"type":"Polygon","properties":{"id":252333}},{"arcs":[[3154]],"type":"Polygon","properties":{"id":253904}},{"arcs":[[3155]],"type":"Polygon","properties":{"id":253905}},{"arcs":[[3156]],"type":"Polygon","properties":{"id":253951}},{"arcs":[[3157]],"type":"Polygon","properties":{"id":253952}},{"arcs":[[3158]],"type":"Polygon","properties":{"id":253954}},{"arcs":[[3159]],"type":"Polygon","properties":{"id":253955}},{"arcs":[[3160]],"type":"Polygon","properties":{"id":253956}},{"arcs":[[3161]],"type":"Polygon","properties":{"id":253957}},{"arcs":[[3162]],"type":"Polygon","properties":{"id":253958}},{"arcs":[[3163]],"type":"Polygon","properties":{"id":253959}},{"arcs":[[-799,3164]],"type":"Polygon","properties":{"id":253962}},{"arcs":[[79]],"type":"Polygon","properties":{"id":253963}},{"arcs":[[3165]],"type":"Polygon","properties":{"id":253964}},{"arcs":[[3166]],"type":"Polygon","properties":{"id":253965}},{"arcs":[[[3167]],[[3168]]],"type":"MultiPolygon","properties":{"id":253966}},{"arcs":[[186]],"type":"Polygon","properties":{"id":253967}},{"arcs":[[3169]],"type":"Polygon","properties":{"id":253973}},{"arcs":[[3170]],"type":"Polygon","properties":{"id":253980}},{"arcs":[[3171]],"type":"Polygon","properties":{"id":253982}},{"arcs":[[3172]],"type":"Polygon","properties":{"id":253983}},{"arcs":[[3173]],"type":"Polygon","properties":{"id":253984}},{"arcs":[[3174]],"type":"Polygon","properties":{"id":253986}},{"arcs":[[3175]],"type":"Polygon","properties":{"id":253987}},{"arcs":[[3176]],"type":"Polygon","properties":{"id":253988}},{"arcs":[[3177]],"type":"Polygon","properties":{"id":253989}},{"arcs":[[3178]],"type":"Polygon","properties":{"id":253991}},{"arcs":[[3179]],"type":"Polygon","properties":{"id":253992}},{"arcs":[[3180]],"type":"Polygon","properties":{"id":253993}},{"arcs":[[3181]],"type":"Polygon","properties":{"id":253994}},{"arcs":[[3182]],"type":"Polygon","properties":{"id":253995}},{"arcs":[[3183]],"type":"Polygon","properties":{"id":253996}},{"arcs":[[3184]],"type":"Polygon","properties":{"id":254001}},{"arcs":[[3185]],"type":"Polygon","properties":{"id":254004}},{"arcs":[[3186]],"type":"Polygon","properties":{"id":254008}},{"arcs":[[3187]],"type":"Polygon","properties":{"id":254009}},{"arcs":[[3188]],"type":"Polygon","properties":{"id":254010}},{"arcs":[[3189]],"type":"Polygon","properties":{"id":254011}},{"arcs":[[[3190]],[[3191]]],"type":"MultiPolygon","properties":{"id":254012}},{"arcs":[[751]],"type":"Polygon","properties":{"id":254022}},{"arcs":[[3192]],"type":"Polygon","properties":{"id":254023}},{"arcs":[[3193]],"type":"Polygon","properties":{"id":254025}},{"arcs":[[3194]],"type":"Polygon","properties":{"id":254035}},{"arcs":[[3195]],"type":"Polygon","properties":{"id":254037}},{"arcs":[[3196]],"type":"Polygon","properties":{"id":254039}},{"arcs":[[3197]],"type":"Polygon","properties":{"id":254043}},{"arcs":[[3198]],"type":"Polygon","properties":{"id":254046}},{"arcs":[[3199]],"type":"Polygon","properties":{"id":254047}},{"arcs":[[3200]],"type":"Polygon","properties":{"id":254048}},{"arcs":[[3201]],"type":"Polygon","properties":{"id":254049}},{"arcs":[[3202]],"type":"Polygon","properties":{"id":254050}},{"arcs":[[3203]],"type":"Polygon","properties":{"id":254052}},{"arcs":[[3204]],"type":"Polygon","properties":{"id":254053}},{"arcs":[[3205]],"type":"Polygon","properties":{"id":254054}},{"arcs":[[3206]],"type":"Polygon","properties":{"id":254056}},{"arcs":[[-2501,3207]],"type":"Polygon","properties":{"id":254057}},{"arcs":[[3208]],"type":"Polygon","properties":{"id":254059}},{"arcs":[[3209]],"type":"Polygon","properties":{"id":254060}},{"arcs":[[3210]],"type":"Polygon","properties":{"id":254061}},{"arcs":[[3211]],"type":"Polygon","properties":{"id":254062}},{"arcs":[[3212]],"type":"Polygon","properties":{"id":254063}},{"arcs":[[3213]],"type":"Polygon","properties":{"id":254065}},{"arcs":[[3214]],"type":"Polygon","properties":{"id":254066}},{"arcs":[[1829]],"type":"Polygon","properties":{"id":254067}},{"arcs":[[3215]],"type":"Polygon","properties":{"id":254068}},{"arcs":[[3216]],"type":"Polygon","properties":{"id":254069}},{"arcs":[[3217]],"type":"Polygon","properties":{"id":254072}},{"arcs":[[3218]],"type":"Polygon","properties":{"id":254073}},{"arcs":[[3219]],"type":"Polygon","properties":{"id":254074}},{"arcs":[[205]],"type":"Polygon","properties":{"id":254076}},{"arcs":[[3220]],"type":"Polygon","properties":{"id":254077}},{"arcs":[[3221]],"type":"Polygon","properties":{"id":254079}},{"arcs":[[3222,-1305]],"type":"Polygon","properties":{"id":254080}},{"arcs":[[3223]],"type":"Polygon","properties":{"id":254093}},{"arcs":[[3224]],"type":"Polygon","properties":{"id":254094}},{"arcs":[[3225]],"type":"Polygon","properties":{"id":254095}},{"arcs":[[3226]],"type":"Polygon","properties":{"id":254096}},{"arcs":[[3227]],"type":"Polygon","properties":{"id":254099}},{"arcs":[[3228]],"type":"Polygon","properties":{"id":254101}},{"arcs":[[3229]],"type":"Polygon","properties":{"id":254102}},{"arcs":[[3230]],"type":"Polygon","properties":{"id":254105}},{"arcs":[[3231]],"type":"Polygon","properties":{"id":254107}},{"arcs":[[3232]],"type":"Polygon","properties":{"id":254109}},{"arcs":[[-3081,3233]],"type":"Polygon","properties":{"id":254113}},{"arcs":[[3234]],"type":"Polygon","properties":{"id":254114}},{"arcs":[[3235]],"type":"Polygon","properties":{"id":254115}},{"arcs":[[3236]],"type":"Polygon","properties":{"id":254151}},{"arcs":[[3237]],"type":"Polygon","properties":{"id":254152}},{"arcs":[[3238],[3239]],"type":"Polygon","properties":{"id":254153}},{"arcs":[[3240]],"type":"Polygon","properties":{"id":254154}},{"arcs":[[3241]],"type":"Polygon","properties":{"id":254155}},{"arcs":[[1321],[1322],[1323]],"type":"Polygon","properties":{"id":254156}},{"arcs":[[3242]],"type":"Polygon","properties":{"id":254157}},{"arcs":[[3243]],"type":"Polygon","properties":{"id":254158}},{"arcs":[[3244]],"type":"Polygon","properties":{"id":254159}},{"arcs":[[3245]],"type":"Polygon","properties":{"id":254160}},{"arcs":[[3246,3247,3248,3249]],"type":"Polygon","properties":{"id":254161}},{"arcs":[[3250]],"type":"Polygon","properties":{"id":254162}},{"arcs":[[3251]],"type":"Polygon","properties":{"id":254163}},{"arcs":[[3252]],"type":"Polygon","properties":{"id":254164}},{"arcs":[[3253]],"type":"Polygon","properties":{"id":254165}},{"arcs":[[512]],"type":"Polygon","properties":{"id":254166}},{"arcs":[[3254]],"type":"Polygon","properties":{"id":254167}},{"arcs":[[310]],"type":"Polygon","properties":{"id":254168}},{"arcs":[[2026]],"type":"Polygon","properties":{"id":254169}},{"arcs":[[3255]],"type":"Polygon","properties":{"id":254170}},{"arcs":[[3256,-3247]],"type":"Polygon","properties":{"id":254171}},{"arcs":[[3257]],"type":"Polygon","properties":{"id":254172}},{"arcs":[[3258]],"type":"Polygon","properties":{"id":254173}},{"arcs":[[3259]],"type":"Polygon","properties":{"id":254174}},{"arcs":[[3260]],"type":"Polygon","properties":{"id":254181}},{"arcs":[[3261]],"type":"Polygon","properties":{"id":254226}},{"arcs":[[3262]],"type":"Polygon","properties":{"id":254227}},{"arcs":[[3263]],"type":"Polygon","properties":{"id":254246}},{"arcs":[[3264]],"type":"Polygon","properties":{"id":254261}},{"arcs":[[3265]],"type":"Polygon","properties":{"id":254262}},{"arcs":[[3266]],"type":"Polygon","properties":{"id":254296}},{"arcs":[[3267]],"type":"Polygon","properties":{"id":254309}},{"arcs":[[3268]],"type":"Polygon","properties":{"id":254316}},{"arcs":[[3269]],"type":"Polygon","properties":{"id":254317}},{"arcs":[[3270]],"type":"Polygon","properties":{"id":254327}},{"arcs":[[3271]],"type":"Polygon","properties":{"id":254329}},{"arcs":[[-2067,3272]],"type":"Polygon","properties":{"id":254342}},{"arcs":[[3273]],"type":"Polygon","properties":{"id":254343}},{"arcs":[[3274]],"type":"Polygon","properties":{"id":254344}},{"arcs":[[3275]],"type":"Polygon","properties":{"id":254345}},{"arcs":[[1660]],"type":"Polygon","properties":{"id":254349}},{"arcs":[[3276]],"type":"Polygon","properties":{"id":254351}},{"arcs":[[-554,3277]],"type":"Polygon","properties":{"id":254352}},{"arcs":[[2046]],"type":"Polygon","properties":{"id":254353}},{"arcs":[[3278]],"type":"Polygon","properties":{"id":254355}},{"arcs":[[3279]],"type":"Polygon","properties":{"id":254356}},{"arcs":[[3280]],"type":"Polygon","properties":{"id":254359}},{"arcs":[[303]],"type":"Polygon","properties":{"id":254360}},{"arcs":[[3281]],"type":"Polygon","properties":{"id":254361}},{"arcs":[[3282]],"type":"Polygon","properties":{"id":254362}},{"arcs":[[3283]],"type":"Polygon","properties":{"id":254364}},{"arcs":[[415]],"type":"Polygon","properties":{"id":254365}},{"arcs":[[3284]],"type":"Polygon","properties":{"id":254372}},{"arcs":[[3285]],"type":"Polygon","properties":{"id":254373}},{"arcs":[[3286]],"type":"Polygon","properties":{"id":254374}},{"arcs":[[3287]],"type":"Polygon","properties":{"id":254376}},{"arcs":[[3043]],"type":"Polygon","properties":{"id":254382}},{"arcs":[[3288,-3249]],"type":"Polygon","properties":{"id":254386}},{"arcs":[[3289]],"type":"Polygon","properties":{"id":254387}},{"arcs":[[3290]],"type":"Polygon","properties":{"id":254388}},{"arcs":[[3291]],"type":"Polygon","properties":{"id":254389}},{"arcs":[[3292]],"type":"Polygon","properties":{"id":254409}},{"arcs":[[3293]],"type":"Polygon","properties":{"id":254514}},{"arcs":[[3294]],"type":"Polygon","properties":{"id":254527}},{"arcs":[[3295]],"type":"Polygon","properties":{"id":254534}},{"arcs":[[3296]],"type":"Polygon","properties":{"id":254539}},{"arcs":[[845]],"type":"Polygon","properties":{"id":254564}},{"arcs":[[3297]],"type":"Polygon","properties":{"id":254568}},{"arcs":[[3298]],"type":"Polygon","properties":{"id":254572}},{"arcs":[[65]],"type":"Polygon","properties":{"id":254573}},{"arcs":[[3299]],"type":"Polygon","properties":{"id":254976}},{"arcs":[[3300]],"type":"Polygon","properties":{"id":255004}},{"arcs":[[3301]],"type":"Polygon","properties":{"id":255012}},{"arcs":[[3302]],"type":"Polygon","properties":{"id":255013}},{"arcs":[[3303]],"type":"Polygon","properties":{"id":255020}},{"arcs":[[3304]],"type":"Polygon","properties":{"id":255024}},{"arcs":[[3305],[3306]],"type":"Polygon","properties":{"id":255090}},{"arcs":[[3307]],"type":"Polygon","properties":{"id":255091}},{"arcs":[[3308]],"type":"Polygon","properties":{"id":255092}},{"arcs":[[3309]],"type":"Polygon","properties":{"id":255147}},{"arcs":[[3310]],"type":"Polygon","properties":{"id":255148}},{"arcs":[[3311]],"type":"Polygon","properties":{"id":255149}},{"arcs":[[3312]],"type":"Polygon","properties":{"id":255150}},{"arcs":[[3313]],"type":"Polygon","properties":{"id":255504}},{"arcs":[[3171]],"type":"Polygon","properties":{"id":255743}},{"arcs":[[3314]],"type":"Polygon","properties":{"id":255756}},{"arcs":[[[3315]],[[3316]]],"type":"MultiPolygon","properties":{"id":255757}},{"arcs":[[2691]],"type":"Polygon","properties":{"id":255758}},{"arcs":[[[3317]],[[3318]]],"type":"MultiPolygon","properties":{"id":255783}},{"arcs":[[3319]],"type":"Polygon","properties":{"id":255791}},{"arcs":[[3320]],"type":"Polygon","properties":{"id":255920}},{"arcs":[[3321]],"type":"Polygon","properties":{"id":255929}},{"arcs":[[3322]],"type":"Polygon","properties":{"id":255930}},{"arcs":[[3323]],"type":"Polygon","properties":{"id":255937}},{"arcs":[[3324]],"type":"Polygon","properties":{"id":255965}},{"arcs":[[[3325]],[[3326]],[[3327]],[[3328]]],"type":"MultiPolygon","properties":{"id":255977}},{"arcs":[[3329]],"type":"Polygon","properties":{"id":256076}},{"arcs":[[3330]],"type":"Polygon","properties":{"id":256081}},{"arcs":[[3331]],"type":"Polygon","properties":{"id":256125}},{"arcs":[[3332]],"type":"Polygon","properties":{"id":256247}},{"arcs":[[3333]],"type":"Polygon","properties":{"id":256250}},{"arcs":[[3334]],"type":"Polygon","properties":{"id":256264}},{"arcs":[[3335]],"type":"Polygon","properties":{"id":256405}},{"arcs":[[3336]],"type":"Polygon","properties":{"id":256406}},{"arcs":[[3337]],"type":"Polygon","properties":{"id":256407}},{"arcs":[[3338,3339]],"type":"Polygon","properties":{"id":256408}},{"arcs":[[3338,3339]],"type":"Polygon","properties":{"id":256409}},{"arcs":[[3338,3339]],"type":"Polygon","properties":{"id":256410}},{"arcs":[[-3339,3340]],"type":"Polygon","properties":{"id":256411}},{"arcs":[[3341]],"type":"Polygon","properties":{"id":256419}},{"arcs":[[3342]],"type":"Polygon","properties":{"id":256420}},{"arcs":[[3343]],"type":"Polygon","properties":{"id":256421}},{"arcs":[[3344]],"type":"Polygon","properties":{"id":256422}},{"arcs":[[3345]],"type":"Polygon","properties":{"id":256423}},{"arcs":[[3346]],"type":"Polygon","properties":{"id":256424}},{"arcs":[[3347]],"type":"Polygon","properties":{"id":256425}},{"arcs":[[3348]],"type":"Polygon","properties":{"id":256426}},{"arcs":[[3349]],"type":"Polygon","properties":{"id":256427}},{"arcs":[[[3350]],[[3351]]],"type":"MultiPolygon","properties":{"id":256428}},{"arcs":[[3352]],"type":"Polygon","properties":{"id":256430}},{"arcs":[[3353]],"type":"Polygon","properties":{"id":256431}},{"arcs":[[3354]],"type":"Polygon","properties":{"id":256433}},{"arcs":[[3355]],"type":"Polygon","properties":{"id":256434}},{"arcs":[[1683]],"type":"Polygon","properties":{"id":256435}},{"arcs":[[[3356]],[[3357]]],"type":"MultiPolygon","properties":{"id":256436}},{"arcs":[[3358]],"type":"Polygon","properties":{"id":256437}},{"arcs":[[1683]],"type":"Polygon","properties":{"id":256438}},{"arcs":[[3357]],"type":"Polygon","properties":{"id":256439}},{"arcs":[[3358]],"type":"Polygon","properties":{"id":256440}},{"arcs":[[3359]],"type":"Polygon","properties":{"id":256441}},{"arcs":[[3360]],"type":"Polygon","properties":{"id":256455}},{"arcs":[[3361]],"type":"Polygon","properties":{"id":256456}},{"arcs":[[59]],"type":"Polygon","properties":{"id":256458}},{"arcs":[[3362]],"type":"Polygon","properties":{"id":256490}},{"arcs":[[[3363]],[[3364]],[[3365]]],"type":"MultiPolygon","properties":{"id":256501}},{"arcs":[[3366]],"type":"Polygon","properties":{"id":256502}},{"arcs":[[1025]],"type":"Polygon","properties":{"id":256531}},{"arcs":[[3367]],"type":"Polygon","properties":{"id":256534}},{"arcs":[[3368]],"type":"Polygon","properties":{"id":256535}},{"arcs":[[3369]],"type":"Polygon","properties":{"id":256538}},{"arcs":[[3370]],"type":"Polygon","properties":{"id":256542}},{"arcs":[[3371]],"type":"Polygon","properties":{"id":256546}},{"arcs":[[3372]],"type":"Polygon","properties":{"id":256557}},{"arcs":[[3373]],"type":"Polygon","properties":{"id":256560}},{"arcs":[[-1288,3374]],"type":"Polygon","properties":{"id":256571}},{"arcs":[[3375]],"type":"Polygon","properties":{"id":256572}},{"arcs":[[3376]],"type":"Polygon","properties":{"id":256575}},{"arcs":[[[3377]],[[3378]]],"type":"MultiPolygon","properties":{"id":256606}},{"arcs":[[3379]],"type":"Polygon","properties":{"id":256616}},{"arcs":[[3380]],"type":"Polygon","properties":{"id":256634}},{"arcs":[[-1185,3381]],"type":"Polygon","properties":{"id":256639}},{"arcs":[[3382]],"type":"Polygon","properties":{"id":256647}},{"arcs":[[3383]],"type":"Polygon","properties":{"id":256655}},{"arcs":[[3384]],"type":"Polygon","properties":{"id":256658}},{"arcs":[[2359]],"type":"Polygon","properties":{"id":256660}},{"arcs":[[1739]],"type":"Polygon","properties":{"id":256663}},{"arcs":[[3385]],"type":"Polygon","properties":{"id":256667}},{"arcs":[[-2130,3386]],"type":"Polygon","properties":{"id":256668}},{"arcs":[[3387]],"type":"Polygon","properties":{"id":256669}},{"arcs":[[3388]],"type":"Polygon","properties":{"id":256670}},{"arcs":[[3389]],"type":"Polygon","properties":{"id":256671}},{"arcs":[[3390]],"type":"Polygon","properties":{"id":256672}},{"arcs":[[3391]],"type":"Polygon","properties":{"id":256673}},{"arcs":[[3392]],"type":"Polygon","properties":{"id":256674}},{"arcs":[[3393]],"type":"Polygon","properties":{"id":256675}},{"arcs":[[[3394]],[[3395]],[[3396]],[[3397]],[[3398]]],"type":"MultiPolygon","properties":{"id":256676}},{"arcs":[[701]],"type":"Polygon","properties":{"id":256677}},{"arcs":[[3399]],"type":"Polygon","properties":{"id":256678}},{"arcs":[[[3400]],[[3401]]],"type":"MultiPolygon","properties":{"id":256680}},{"arcs":[[3402,-1526]],"type":"Polygon","properties":{"id":256681}},{"arcs":[[3403]],"type":"Polygon","properties":{"id":256709}},{"arcs":[[3404]],"type":"Polygon","properties":{"id":256710}},{"arcs":[[3405]],"type":"Polygon","properties":{"id":256731}},{"arcs":[[3406]],"type":"Polygon","properties":{"id":256732}},{"arcs":[[3407]],"type":"Polygon","properties":{"id":256733}},{"arcs":[[3408]],"type":"Polygon","properties":{"id":256734}},{"arcs":[[3409],[3410]],"type":"Polygon","properties":{"id":256735}},{"arcs":[[[3411]],[[3412]]],"type":"MultiPolygon","properties":{"id":256736}},{"arcs":[[3413]],"type":"Polygon","properties":{"id":256737}},{"arcs":[[292]],"type":"Polygon","properties":{"id":256760}},{"arcs":[[3414]],"type":"Polygon","properties":{"id":256765}},{"arcs":[[3415]],"type":"Polygon","properties":{"id":256767}},{"arcs":[[3416]],"type":"Polygon","properties":{"id":256770}},{"arcs":[[3417]],"type":"Polygon","properties":{"id":256771}},{"arcs":[[3418]],"type":"Polygon","properties":{"id":256774}},{"arcs":[[3419]],"type":"Polygon","properties":{"id":256776}},{"arcs":[[3420]],"type":"Polygon","properties":{"id":256777}},{"arcs":[[3421]],"type":"Polygon","properties":{"id":256778}},{"arcs":[[3422]],"type":"Polygon","properties":{"id":256779}},{"arcs":[[3205]],"type":"Polygon","properties":{"id":256785}},{"arcs":[[3423]],"type":"Polygon","properties":{"id":256786}},{"arcs":[[3424]],"type":"Polygon","properties":{"id":256787}},{"arcs":[[3425]],"type":"Polygon","properties":{"id":256788}},{"arcs":[[3426]],"type":"Polygon","properties":{"id":256789}},{"arcs":[[3427]],"type":"Polygon","properties":{"id":256795}},{"arcs":[[3428]],"type":"Polygon","properties":{"id":256796}},{"arcs":[[3429]],"type":"Polygon","properties":{"id":256803}},{"arcs":[[3430]],"type":"Polygon","properties":{"id":256804}},{"arcs":[[3431]],"type":"Polygon","properties":{"id":256805}},{"arcs":[[3432]],"type":"Polygon","properties":{"id":256806}},{"arcs":[[3433]],"type":"Polygon","properties":{"id":256813}},{"arcs":[[3434]],"type":"Polygon","properties":{"id":256814}},{"arcs":[[3435]],"type":"Polygon","properties":{"id":256819}},{"arcs":[[3436]],"type":"Polygon","properties":{"id":256826}},{"arcs":[[3437]],"type":"Polygon","properties":{"id":256827}},{"arcs":[[3438]],"type":"Polygon","properties":{"id":256830}},{"arcs":[[3439]],"type":"Polygon","properties":{"id":256832}},{"arcs":[[1451,-234]],"type":"Polygon","properties":{"id":256833}},{"arcs":[[3440]],"type":"Polygon","properties":{"id":256836}},{"arcs":[[[3441],[3442],[3443],[3444],[3445]],[[3446]],[[3447]],[[3448]]],"type":"MultiPolygon","properties":{"id":256838}},{"arcs":[[3449]],"type":"Polygon","properties":{"id":256842}},{"arcs":[[3450]],"type":"Polygon","properties":{"id":256844}},{"arcs":[[3451]],"type":"Polygon","properties":{"id":256845}},{"arcs":[[3452]],"type":"Polygon","properties":{"id":256846}},{"arcs":[[3453]],"type":"Polygon","properties":{"id":256847}},{"arcs":[[3454],[3455]],"type":"Polygon","properties":{"id":256857}},{"arcs":[[3456]],"type":"Polygon","properties":{"id":256878}},{"arcs":[[3457]],"type":"Polygon","properties":{"id":256881}},{"arcs":[[1525,1526]],"type":"Polygon","properties":{"id":256884}},{"arcs":[[3458]],"type":"Polygon","properties":{"id":256887}},{"arcs":[[3459]],"type":"Polygon","properties":{"id":256897}},{"arcs":[[3460]],"type":"Polygon","properties":{"id":256899}},{"arcs":[[3461]],"type":"Polygon","properties":{"id":256903}},{"arcs":[[3462]],"type":"Polygon","properties":{"id":256953}},{"arcs":[[3463]],"type":"Polygon","properties":{"id":256955}},{"arcs":[[3464]],"type":"Polygon","properties":{"id":256956}},{"arcs":[[3080,3081]],"type":"Polygon","properties":{"id":256957}},{"arcs":[[1957]],"type":"Polygon","properties":{"id":256958}},{"arcs":[[1350]],"type":"Polygon","properties":{"id":256960}},{"arcs":[[1451,-234]],"type":"Polygon","properties":{"id":256962}},{"arcs":[[3465]],"type":"Polygon","properties":{"id":256963}},{"arcs":[[3466]],"type":"Polygon","properties":{"id":256964}},{"arcs":[[3467]],"type":"Polygon","properties":{"id":256965}},{"arcs":[[3468]],"type":"Polygon","properties":{"id":256968}},{"arcs":[[3469]],"type":"Polygon","properties":{"id":257025}},{"arcs":[[3470]],"type":"Polygon","properties":{"id":257026}},{"arcs":[[3471]],"type":"Polygon","properties":{"id":257027}},{"arcs":[[3472]],"type":"Polygon","properties":{"id":257030}},{"arcs":[[3473]],"type":"Polygon","properties":{"id":257031}},{"arcs":[[3474]],"type":"Polygon","properties":{"id":257032}},{"arcs":[[3475]],"type":"Polygon","properties":{"id":257033}},{"arcs":[[3476]],"type":"Polygon","properties":{"id":257034}},{"arcs":[[3477]],"type":"Polygon","properties":{"id":257035}},{"arcs":[[3478]],"type":"Polygon","properties":{"id":257036}},{"arcs":[[3479]],"type":"Polygon","properties":{"id":257038}},{"arcs":[[1497]],"type":"Polygon","properties":{"id":257040}},{"arcs":[[3480]],"type":"Polygon","properties":{"id":260008}},{"arcs":[[3481]],"type":"Polygon","properties":{"id":260029}},{"arcs":[[3482]],"type":"Polygon","properties":{"id":260032}},{"arcs":[[3483]],"type":"Polygon","properties":{"id":260034}},{"arcs":[[-273,3484]],"type":"Polygon","properties":{"id":260037}},{"arcs":[[3485]],"type":"Polygon","properties":{"id":260042}},{"arcs":[[3486]],"type":"Polygon","properties":{"id":260051}},{"arcs":[[3487]],"type":"Polygon","properties":{"id":260054}},{"arcs":[[3488]],"type":"Polygon","properties":{"id":260060}},{"arcs":[[3489]],"type":"Polygon","properties":{"id":260073}},{"arcs":[[3490]],"type":"Polygon","properties":{"id":260077}},{"arcs":[[3491]],"type":"Polygon","properties":{"id":260078}},{"arcs":[[3492]],"type":"Polygon","properties":{"id":260083}},{"arcs":[[3493]],"type":"Polygon","properties":{"id":260086}},{"arcs":[[3494]],"type":"Polygon","properties":{"id":260088}},{"arcs":[[3495]],"type":"Polygon","properties":{"id":260091}},{"arcs":[[3496]],"type":"Polygon","properties":{"id":260093}},{"arcs":[[3497]],"type":"Polygon","properties":{"id":260101}},{"arcs":[[3498]],"type":"Polygon","properties":{"id":260104}},{"arcs":[[3499]],"type":"Polygon","properties":{"id":260116}},{"arcs":[[3500]],"type":"Polygon","properties":{"id":260118}},{"arcs":[[3501]],"type":"Polygon","properties":{"id":260123}},{"arcs":[[3502]],"type":"Polygon","properties":{"id":260127}},{"arcs":[[3503]],"type":"Polygon","properties":{"id":260129}},{"arcs":[[3504]],"type":"Polygon","properties":{"id":260132}},{"arcs":[[3505]],"type":"Polygon","properties":{"id":260135}},{"arcs":[[3506]],"type":"Polygon","properties":{"id":260149}},{"arcs":[[3507]],"type":"Polygon","properties":{"id":260184}}]}}}