{"type":"Topology","arcs":[[[96296,831],[618,277]],[[96914,1108],[617,-277],[0,-554],[-617,-277],[-618,277],[0,554]],[[82099,1662],[0,-554],[-618,-277],[-617,277],[0,554],[617,277],[618,-277]],[[96296,831],[-617,277],[0,554],[617,277],[618,-277],[0,-554]],[[83951,2493],[0,-554],[-618,-277],[-617,277],[0,554],[617,277],[618,-277]],[[95062,2493],[0,-554],[-618,-277],[-617,277],[0,554],[617,277],[618,-277]],[[82099,3324],[0,-554],[-618,-277],[-617,277],[0,554],[617,277],[618,-277]],[[74074,5817],[0,-554],[-617,-277],[-617,277],[0,554],[617,277],[617,-277]],[[76543,5817],[0,-554],[-617,-277],[-617,277],[0,554],[617,277],[617,-277]],[[78395,6648],[0,-554],[-617,-277],[-617,277],[0,554],[617,277],[617,-277]],[[71605,7479],[0,-554]],[[71605,6925],[-617,-277],[-618,277],[0,554],[618,277],[617,-277]],[[71605,7479],[617,277],[618,-277],[0,-554],[-618,-277],[-617,277]],[[64815,8310],[617,277]],[[65432,8587],[617,-277],[0,-554],[-617,-277],[-617,277],[0,554]],[[68519,8310],[0,-554],[-618,-277],[-617,277],[0,554],[617,277],[618,-277]],[[64815,8310],[-617,277],[0,554],[617,277],[617,-277],[0,-554]],[[70370,9141],[0,-554],[-617,-277],[-617,277],[0,554],[617,277]],[[69753,9418],[617,-277]],[[97531,9141],[0,-554],[-617,-277],[-618,277],[0,554],[618,277],[617,-277]],[[50000,9972],[0,-554]],[[50000,9418],[-617,-277],[-618,277],[0,554],[618,277],[617,-277]],[[51235,9972],[0,-554],[-618,-277],[-617,277]],[[50000,9972],[617,277]],[[50617,10249],[618,-277]],[[61111,9972],[0,-554]],[[61111,9418],[-617,-277],[-617,277],[0,554],[617,277]],[[60494,10249],[617,-277]],[[61111,9972],[617,277]],[[61728,10249],[618,-277],[0,-554],[-618,-277],[-617,277]],[[68519,9972],[0,-554],[-618,-277],[-617,277],[0,554],[617,277],[618,-277]],[[69753,9418],[0,554],[617,277],[618,-277],[0,-554],[-618,-277]],[[72222,9972],[618,277]],[[72840,10249],[617,-277],[0,-554],[-617,-277],[-618,277],[0,554]],[[75926,9972],[0,-554]],[[75926,9418],[-617,-277],[-618,277],[0,554],[618,277],[617,-277]],[[75926,9972],[617,277],[618,-277],[0,-554],[-618,-277],[-617,277]],[[50617,10249],[0,554],[618,277],[617,-277],[0,-554],[-617,-277]],[[60494,10249],[0,554],[617,277],[617,-277],[0,-554]],[[64198,10803],[0,-554],[-618,-277],[-617,277],[0,554],[617,277]],[[63580,11080],[618,-277]],[[72222,9972],[-617,277],[0,554],[617,277],[618,-277],[0,-554]],[[80247,10803],[0,-554],[-617,-277],[-618,277],[0,554],[618,277]],[[79630,11080],[617,-277]],[[97531,10803],[0,-554],[-617,-277],[-618,277],[0,554],[618,277],[617,-277]],[[63580,11080],[0,554]],[[63580,11634],[618,277]],[[64198,11911],[617,-277],[0,-554],[-617,-277]],[[67284,11634],[0,-554],[-617,-277],[-618,277],[0,554],[618,277],[617,-277]],[[79630,11080],[0,554],[617,277],[617,-277],[0,-554],[-617,-277]],[[55556,12465],[0,-554],[-618,-277],[-617,277],[0,554],[617,277],[618,-277]],[[61728,12465],[0,-554],[-617,-277],[-617,277],[0,554],[617,277],[617,-277]],[[63580,11634],[-617,277],[0,554],[617,277],[618,-277],[0,-554]],[[71605,12465],[0,-554],[-617,-277],[-618,277],[0,554],[618,277],[617,-277]],[[74074,12465],[617,277]],[[74691,12742],[618,-277],[0,-554],[-618,-277],[-617,277],[0,554]],[[77778,12465],[0,-554],[-617,-277],[-618,277],[0,554],[618,277],[617,-277]],[[82716,12465],[0,-554],[-617,-277],[-618,277],[0,554],[618,277]],[[82099,12742],[617,-277]],[[74074,12465],[-617,277],[0,554],[617,277],[617,-277],[0,-554]],[[79630,13296],[0,-554],[-618,-277],[-617,277],[0,554],[617,277],[618,-277]],[[82099,12742],[0,554],[617,277],[617,-277],[0,-554],[-617,-277]],[[99383,13296],[0,-554],[-618,-277],[-617,277],[0,554],[617,277],[618,-277]],[[91358,14127],[0,-554],[-617,-277],[-618,277],[0,554],[618,277]],[[90741,14404],[617,-277]],[[51235,14958],[0,-554],[-618,-277],[-617,277],[0,554],[617,277],[618,-277]],[[68519,14958],[0,-554]],[[68519,14404],[-618,-277],[-617,277],[0,554],[617,277],[618,-277]],[[69753,14958],[0,-554],[-617,-277],[-617,277]],[[68519,14958],[617,277]],[[69136,15235],[617,-277]],[[74691,14958],[0,-554]],[[74691,14404],[-617,-277],[-617,277],[0,554],[617,277],[617,-277]],[[75926,14958],[0,-554]],[[75926,14404],[-617,-277],[-618,277]],[[74691,14958],[618,277],[617,-277]],[[75926,14958],[617,277],[618,-277],[0,-554],[-618,-277],[-617,277]],[[80864,14958],[0,-554]],[[80864,14404],[-617,-277],[-617,277],[0,554],[617,277]],[[80247,15235],[617,-277]],[[80864,14958],[617,277]],[[81481,15235],[618,-277],[0,-554],[-618,-277],[-617,277]],[[90741,14404],[0,554],[617,277],[617,-277],[0,-554],[-617,-277]],[[53086,15789],[0,-554],[-617,-277],[-617,277],[0,554],[617,277],[617,-277]],[[69136,15235],[0,554],[617,277],[617,-277],[0,-554],[-617,-277]],[[81481,15789],[0,-554]],[[80247,15235],[0,554]],[[80247,15789],[617,277]],[[80864,16066],[617,-277]],[[83951,15789],[0,-554],[-618,-277],[-617,277],[0,554],[617,277]],[[83333,16066],[618,-277]],[[98765,15789],[0,-554],[-617,-277],[-617,277],[0,554],[617,277]],[[98148,16066],[617,-277]],[[61111,16620],[617,277]],[[61728,16897],[618,-277],[0,-554],[-618,-277],[-617,277],[0,554]],[[72222,16620],[0,-554],[-617,-277],[-617,277],[0,554],[617,277],[617,-277]],[[78395,16620],[0,-554],[-617,-277],[-617,277],[0,554],[617,277],[617,-277]],[[80864,16620],[0,-554]],[[80247,15789],[-617,277],[0,554],[617,277],[617,-277]],[[80864,16620],[617,277],[618,-277],[0,-554],[-618,-277]],[[83333,16066],[0,554],[618,277],[617,-277],[0,-554],[-617,-277]],[[98148,16066],[0,554],[617,277],[618,-277],[0,-554],[-618,-277]],[[53086,17451],[0,-554],[-617,-277],[-617,277],[0,554],[617,277],[617,-277]],[[61111,16620],[-617,277],[0,554],[617,277],[617,-277],[0,-554]],[[72222,18282],[0,-554],[-617,-277],[-617,277],[0,554],[617,277],[617,-277]],[[90741,18282],[0,-554],[-618,-277],[-617,277],[0,554],[617,277],[618,-277]],[[94444,18282],[0,-554],[-617,-277],[-617,277],[0,554],[617,277],[617,-277]],[[99383,18282],[0,-554],[-618,-277],[-617,277],[0,554],[617,277]],[[98765,18559],[618,-277]],[[66667,19113],[0,-554]],[[66667,18559],[-618,-277],[-617,277],[0,554]],[[65432,19113],[617,277]],[[66049,19390],[618,-277]],[[66667,19113],[617,277],[617,-277],[0,-554],[-617,-277],[-617,277]],[[76543,19113],[0,-554],[-617,-277],[-617,277],[0,554],[617,277],[617,-277]],[[80247,19113],[0,-554],[-617,-277],[-618,277],[0,554],[618,277],[617,-277]],[[86420,19113],[0,-554]],[[86420,18559],[-618,-277],[-617,277],[0,554]],[[85185,19113],[617,277]],[[85802,19390],[618,-277]],[[86420,19113],[617,277]],[[87037,19390],[617,-277],[0,-554],[-617,-277],[-617,277]],[[98765,18559],[0,554],[618,277],[617,-277],[0,-554],[-617,-277]],[[65432,19113],[-617,277],[0,554],[617,277],[617,-277],[0,-554]],[[69753,19944],[0,-554]],[[69753,19390],[-617,-277],[-617,277],[0,554],[617,277],[617,-277]],[[69753,19944],[617,277],[618,-277],[0,-554],[-618,-277],[-617,277]],[[73457,19944],[0,-554]],[[73457,19390],[-617,-277],[-618,277],[0,554],[618,277],[617,-277]],[[73457,19944],[617,277],[617,-277],[0,-554],[-617,-277],[-617,277]],[[85802,19944],[0,-554]],[[85185,19113],[-617,277],[0,554],[617,277]],[[85185,20221],[617,-277]],[[85802,19944],[618,277]],[[86420,20221],[617,-277],[0,-554]],[[76543,20775],[0,-554],[-617,-277],[-617,277],[0,554],[617,277],[617,-277]],[[82716,20775],[617,277]],[[83333,21052],[618,-277],[0,-554],[-618,-277],[-617,277],[0,554]],[[85185,20221],[0,554],[617,277],[618,-277],[0,-554]],[[90123,20775],[0,-554],[-617,-277],[-617,277],[0,554],[617,277]],[[89506,21052],[617,-277]],[[79630,21606],[0,-554],[-618,-277],[-617,277],[0,554],[617,277],[618,-277]],[[82716,20775],[-617,277],[0,554],[617,277],[617,-277],[0,-554]],[[88272,21606],[0,-554],[-618,-277],[-617,277],[0,554],[617,277],[618,-277]],[[89506,21052],[0,554],[617,277],[618,-277],[0,-554],[-618,-277]],[[94444,21606],[0,-554]],[[94444,21052],[-617,-277],[-617,277],[0,554]],[[93210,21606],[617,277]],[[93827,21883],[617,-277]],[[95679,21606],[0,-554],[-617,-277],[-618,277]],[[94444,21606],[618,277]],[[95062,21883],[617,-277]],[[67901,22437],[0,-554],[-617,-277],[-617,277],[0,554],[617,277],[617,-277]],[[93827,22437],[0,-554]],[[93210,21606],[-617,277],[0,554]],[[92593,22437],[617,277]],[[93210,22714],[617,-277]],[[95062,22437],[0,-554]],[[93827,22437],[617,277],[618,-277]],[[95062,22437],[617,277],[617,-277],[0,-554],[-617,-277]],[[54938,23268],[0,-554],[-617,-277],[-617,277],[0,554],[617,277],[617,-277]],[[57407,23268],[0,-554],[-617,-277],[-617,277],[0,554],[617,277],[617,-277]],[[66049,23268],[0,-554],[-617,-277],[-617,277],[0,554],[617,277],[617,-277]],[[69753,23268],[0,-554],[-617,-277],[-617,277],[0,554],[617,277]],[[69136,23545],[617,-277]],[[72222,23268],[0,-554],[-617,-277],[-617,277],[0,554],[617,277],[617,-277]],[[74691,23268],[0,-554]],[[74691,22714],[-617,-277],[-617,277],[0,554]],[[73457,23268],[617,277]],[[74074,23545],[617,-277]],[[75926,23268],[0,-554],[-617,-277],[-618,277]],[[74691,23268],[618,277]],[[75309,23545],[617,-277]],[[83333,23268],[0,-554],[-617,-277],[-617,277],[0,554],[617,277],[617,-277]],[[92593,22437],[-618,277],[0,554],[618,277],[617,-277],[0,-554]],[[48148,24099],[617,277]],[[48765,24376],[618,-277],[0,-554],[-618,-277],[-617,277],[0,554]],[[62963,24099],[617,277]],[[63580,24376],[618,-277],[0,-554],[-618,-277],[-617,277],[0,554]],[[69136,23545],[0,554],[617,277],[617,-277],[0,-554],[-617,-277]],[[74074,24099],[0,-554]],[[73457,23268],[-617,277],[0,554]],[[72840,24099],[617,277]],[[73457,24376],[617,-277]],[[75309,24099],[0,-554]],[[74074,24099],[617,277]],[[74691,24376],[618,-277]],[[75309,24099],[617,277],[617,-277],[0,-554],[-617,-277]],[[80247,24099],[0,-554],[-617,-277],[-618,277],[0,554],[618,277]],[[79630,24376],[617,-277]],[[87654,24099],[0,-554]],[[87654,23545],[-617,-277],[-617,277],[0,554]],[[86420,24099],[617,277]],[[87037,24376],[617,-277]],[[87654,24099],[618,277],[617,-277],[0,-554],[-617,-277],[-618,277]],[[48148,24099],[-617,277],[0,554]],[[47531,24930],[617,278]],[[48148,25208],[617,-278],[0,-554]],[[53704,24930],[0,-554],[-618,-277],[-617,277],[0,554],[617,278],[618,-278]],[[57407,24930],[0,-554],[-617,-277],[-617,277],[0,554],[617,278]],[[56790,25208],[617,-278]],[[62963,24099],[-617,277],[0,554],[617,278],[617,-278],[0,-554]],[[66049,24930],[0,-554],[-617,-277],[-617,277],[0,554],[617,278]],[[65432,25208],[617,-278]],[[68519,24930],[0,-554],[-618,-277],[-617,277],[0,554],[617,278]],[[67901,25208],[618,-278]],[[72222,24930],[0,-554]],[[72222,24376],[-617,-277],[-617,277],[0,554],[617,278]],[[71605,25208],[617,-278]],[[73457,24930],[0,-554]],[[72840,24099],[-618,277]],[[72222,24930],[618,278]],[[72840,25208],[617,-278]],[[73457,24930],[617,278],[617,-278],[0,-554]],[[80864,24930],[0,-554]],[[80864,24376],[-617,-277]],[[79630,24376],[0,554]],[[79630,24930],[617,278]],[[80247,25208],[617,-278]],[[80864,24930],[617,278],[618,-278],[0,-554],[-618,-277],[-617,277]],[[86420,24099],[-618,277],[0,554],[618,278],[617,-278],[0,-554]],[[90741,24930],[0,-554],[-618,-277],[-617,277],[0,554],[617,278],[618,-278]],[[45679,25762],[0,-554],[-617,-278],[-618,278],[0,554],[618,277]],[[45062,26039],[617,-277]],[[47531,24930],[-617,278],[0,554],[617,277],[617,-277],[0,-554]],[[50617,25762],[618,277]],[[51235,26039],[617,-277],[0,-554],[-617,-278],[-618,278],[0,554]],[[56790,25208],[0,554],[617,277],[618,-277],[0,-554],[-618,-278]],[[65432,25208],[0,554],[617,277],[618,-277],[0,-554],[-618,-278]],[[67901,25208],[0,554],[618,277],[617,-277],[0,-554],[-617,-278]],[[71605,25208],[0,554],[617,277],[618,-277],[0,-554]],[[79012,25762],[0,-554]],[[79012,25208],[-617,-278],[-617,278],[0,554],[617,277],[617,-277]],[[80247,25762],[0,-554]],[[79630,24930],[-618,278]],[[79012,25762],[618,277]],[[79630,26039],[617,-277]],[[93827,25762],[0,-554]],[[93827,25208],[-617,-278],[-617,278],[0,554]],[[92593,25762],[617,277]],[[93210,26039],[617,-277]],[[95062,25762],[0,-554]],[[95062,25208],[-618,-278],[-617,278]],[[93827,25762],[617,277],[618,-277]],[[95062,25762],[617,277],[617,-277],[0,-554],[-617,-278],[-617,278]],[[45062,26039],[0,554],[617,277],[617,-277],[0,-554],[-617,-277]],[[50617,25762],[-617,277],[0,554],[617,277],[618,-277],[0,-554]],[[59877,26593],[0,-554]],[[59877,26039],[-618,-277],[-617,277],[0,554],[617,277]],[[59259,26870],[618,-277]],[[59877,26593],[617,277]],[[60494,26870],[617,-277],[0,-554],[-617,-277],[-617,277]],[[63580,26593],[618,277]],[[64198,26870],[617,-277],[0,-554],[-617,-277],[-618,277],[0,554]],[[74691,26593],[0,-554],[-617,-277],[-617,277],[0,554],[617,277],[617,-277]],[[79630,26039],[0,554]],[[79630,26593],[617,277]],[[80247,26870],[617,-277],[0,-554],[-617,-277]],[[84568,26593],[0,-554],[-617,-277],[-618,277],[0,554],[618,277],[617,-277]],[[88272,26593],[0,-554],[-618,-277],[-617,277],[0,554],[617,277],[618,-277]],[[92593,25762],[-618,277],[0,554],[618,277],[617,-277],[0,-554]],[[58025,27424],[0,-554],[-618,-277],[-617,277],[0,554],[617,277],[618,-277]],[[59259,26870],[0,554],[618,277],[617,-277],[0,-554]],[[63580,26593],[-617,277],[0,554]],[[62963,27424],[617,277]],[[63580,27701],[618,-277],[0,-554]],[[67901,27424],[0,-554]],[[67901,26870],[-617,-277],[-617,277],[0,554],[617,277],[617,-277]],[[69136,27424],[0,-554]],[[69136,26870],[-617,-277],[-618,277]],[[67901,27424],[618,277]],[[68519,27701],[617,-277]],[[70370,27424],[0,-554],[-617,-277],[-617,277]],[[69136,27424],[617,277]],[[69753,27701],[617,-277]],[[76543,27424],[0,-554]],[[76543,26870],[-617,-277],[-617,277],[0,554],[617,277],[617,-277]],[[76543,27424],[618,277],[617,-277],[0,-554],[-617,-277],[-618,277]],[[79630,26593],[-618,277],[0,554],[618,277],[617,-277],[0,-554]],[[86420,27424],[0,-554],[-618,-277],[-617,277],[0,554],[617,277],[618,-277]],[[48765,28255],[0,-554]],[[48765,27701],[-617,-277],[-617,277],[0,554],[617,277],[617,-277]],[[50000,28255],[0,-554],[-617,-277],[-618,277]],[[48765,28255],[618,277]],[[49383,28532],[617,-277]],[[53704,28255],[0,-554]],[[53704,27701],[-618,-277],[-617,277],[0,554],[617,277],[618,-277]],[[53704,28255],[617,277],[617,-277],[0,-554],[-617,-277],[-617,277]],[[62963,27424],[-617,277],[0,554],[617,277],[617,-277],[0,-554]],[[69753,28255],[0,-554]],[[68519,27701],[0,554],[617,277],[617,-277]],[[69753,28255],[617,277],[618,-277],[0,-554],[-618,-277]],[[73457,28255],[617,277]],[[74074,28532],[617,-277],[0,-554],[-617,-277],[-617,277],[0,554]],[[82099,28255],[0,-554]],[[82099,27701],[-618,-277],[-617,277],[0,554],[617,277]],[[81481,28532],[618,-277]],[[83333,28255],[0,-554]],[[83333,27701],[-617,-277],[-617,277]],[[82099,28255],[617,277]],[[82716,28532],[617,-277]],[[84568,28255],[0,-554],[-617,-277],[-618,277]],[[83333,28255],[618,277]],[[83951,28532],[617,-277]],[[93210,28255],[0,-554],[-617,-277],[-618,277],[0,554],[618,277]],[[92593,28532],[617,-277]],[[45679,29086],[0,-554]],[[45679,28532],[-617,-277],[-618,277],[0,554],[618,277],[617,-277]],[[45679,29086],[617,277],[618,-277],[0,-554],[-618,-277],[-617,277]],[[49383,28532],[0,554],[617,277],[617,-277],[0,-554],[-617,-277]],[[59259,29086],[0,-554],[-617,-277],[-617,277],[0,554],[617,277],[617,-277]],[[67901,29086],[0,-554],[-617,-277],[-617,277],[0,554],[617,277],[617,-277]],[[72840,29086],[0,-554]],[[72840,28532],[-618,-277],[-617,277],[0,554],[617,277],[618,-277]],[[73457,28255],[-617,277]],[[72840,29086],[617,277],[617,-277],[0,-554]],[[81481,28532],[0,554],[618,277],[617,-277],[0,-554]],[[85185,29086],[0,-554]],[[85185,28532],[-617,-277]],[[83951,28532],[0,554]],[[83951,29086],[617,277]],[[84568,29363],[617,-277]],[[86420,29086],[0,-554]],[[86420,28532],[-618,-277],[-617,277]],[[85185,29086],[617,277]],[[85802,29363],[618,-277]],[[87654,29086],[0,-554],[-617,-277],[-617,277]],[[86420,29086],[617,277]],[[87037,29363],[617,-277]],[[92593,28532],[0,554]],[[92593,29086],[617,277]],[[93210,29363],[617,-277],[0,-554],[-617,-277]],[[62346,29917],[0,-554],[-618,-277],[-617,277],[0,554],[617,277],[618,-277]],[[69753,29917],[0,-554],[-617,-277],[-617,277],[0,554],[617,277],[617,-277]],[[79630,29917],[0,-554]],[[79630,29363],[-618,-277],[-617,277],[0,554],[617,277],[618,-277]],[[80864,29917],[0,-554],[-617,-277],[-617,277]],[[79630,29917],[617,277]],[[80247,30194],[617,-277]],[[83951,29086],[-618,277],[0,554],[618,277],[617,-277],[0,-554]],[[87037,29917],[0,-554]],[[85802,29363],[0,554],[618,277]],[[86420,30194],[617,-277]],[[88272,29917],[0,-554],[-618,-277]],[[87037,29917],[617,277]],[[87654,30194],[618,-277]],[[90741,29917],[0,-554]],[[90741,29363],[-618,-277],[-617,277],[0,554],[617,277],[618,-277]],[[91975,29917],[0,-554]],[[91975,29363],[-617,-277],[-617,277]],[[90741,29917],[617,277]],[[91358,30194],[617,-277]],[[92593,29086],[-618,277]],[[91975,29917],[618,277]],[[92593,30194],[617,-277],[0,-554]],[[50617,30748],[0,-554],[-617,-277],[-617,277],[0,554]],[[49383,30748],[617,277]],[[50000,31025],[617,-277]],[[54321,30748],[0,-554],[-617,-277],[-618,277],[0,554],[618,277],[617,-277]],[[72840,30748],[0,-554],[-618,-277],[-617,277],[0,554]],[[71605,30748],[617,277]],[[72222,31025],[618,-277]],[[76543,30748],[0,-554],[-617,-277],[-617,277],[0,554],[617,277],[617,-277]],[[81481,30748],[0,-554],[-617,-277]],[[80247,30194],[0,554],[617,277]],[[80864,31025],[617,-277]],[[87654,30748],[0,-554]],[[86420,30194],[0,554]],[[86420,30748],[617,277]],[[87037,31025],[617,-277]],[[87654,30748],[618,277]],[[88272,31025],[617,-277],[0,-554],[-617,-277]],[[91358,30194],[0,554]],[[91358,30748],[617,277]],[[91975,31025],[618,-277],[0,-554]],[[50000,31579],[0,-554]],[[49383,30748],[-618,277],[0,554],[618,277],[617,-277]],[[50000,31579],[617,277],[618,-277],[0,-554],[-618,-277]],[[57407,31579],[618,277]],[[58025,31856],[617,-277],[0,-554],[-617,-277],[-618,277],[0,554]],[[64815,31579],[0,-554]],[[64815,31025],[-617,-277],[-618,277],[0,554],[618,277],[617,-277]],[[66049,31579],[0,-554]],[[66049,31025],[-617,-277],[-617,277]],[[64815,31579],[617,277],[617,-277]],[[67284,31579],[0,-554]],[[67284,31025],[-617,-277],[-618,277]],[[66049,31579],[618,277],[617,-277]],[[68519,31579],[0,-554],[-618,-277],[-617,277]],[[67284,31579],[617,277]],[[67901,31856],[618,-277]],[[70988,31579],[0,-554]],[[70988,31025],[-618,-277],[-617,277],[0,554]],[[69753,31579],[617,277]],[[70370,31856],[618,-277]],[[72222,31579],[0,-554]],[[71605,30748],[-617,277]],[[70988,31579],[617,277]],[[71605,31856],[617,-277]],[[73457,31579],[0,-554]],[[73457,31025],[-617,-277]],[[72222,31579],[618,277]],[[72840,31856],[617,-277]],[[74691,31579],[0,-554],[-617,-277],[-617,277]],[[73457,31579],[617,277]],[[74074,31856],[617,-277]],[[79630,31579],[0,-554],[-618,-277],[-617,277],[0,554],[617,277]],[[79012,31856],[618,-277]],[[80864,31025],[0,554],[617,277],[618,-277],[0,-554],[-618,-277]],[[87037,31579],[0,-554]],[[86420,30748],[-618,277],[0,554]],[[85802,31579],[618,277]],[[86420,31856],[617,-277]],[[88272,31579],[0,-554]],[[87037,31579],[617,277]],[[87654,31856],[618,-277]],[[90741,31579],[0,-554]],[[90741,31025],[-618,-277],[-617,277],[0,554]],[[89506,31579],[617,277]],[[90123,31856],[618,-277]],[[91358,30748],[-617,277]],[[90741,31579],[617,277],[617,-277],[0,-554]],[[45679,32410],[0,-554],[-617,-277],[-618,277],[0,554],[618,277],[617,-277]],[[57407,31579],[-617,277],[0,554],[617,277],[618,-277],[0,-554]],[[69136,32410],[0,-554]],[[69136,31856],[-617,-277]],[[67901,31856],[0,554]],[[67901,32410],[618,277]],[[68519,32687],[617,-277]],[[70370,32410],[0,-554]],[[69753,31579],[-617,277]],[[69136,32410],[617,277]],[[69753,32687],[617,-277]],[[71605,32410],[0,-554]],[[70370,32410],[618,277]],[[70988,32687],[617,-277]],[[72840,32410],[0,-554]],[[71605,32410],[617,277]],[[72222,32687],[618,-277]],[[74074,32410],[0,-554]],[[72840,32410],[617,277]],[[73457,32687],[617,-277]],[[74074,32410],[617,277],[618,-277],[0,-554],[-618,-277]],[[79012,31856],[0,554],[618,277],[617,-277],[0,-554],[-617,-277]],[[83951,32410],[0,-554],[-618,-277],[-617,277],[0,554],[617,277],[618,-277]],[[86420,32410],[0,-554]],[[85802,31579],[-617,277],[0,554]],[[85185,32410],[617,277]],[[85802,32687],[618,-277]],[[88889,32410],[0,-554]],[[88889,31856],[-617,-277]],[[87654,31856],[0,554],[618,277]],[[88272,32687],[617,-277]],[[90123,32410],[0,-554]],[[89506,31579],[-617,277]],[[88889,32410],[617,277]],[[89506,32687],[617,-277]],[[30247,33241],[0,-554],[-617,-277],[-618,277],[0,554],[618,277],[617,-277]],[[56173,33241],[0,-554],[-617,-277],[-618,277],[0,554],[618,277]],[[55556,33518],[617,-277]],[[64815,33241],[0,-554],[-617,-277],[-618,277],[0,554]],[[63580,33241],[618,277]],[[64198,33518],[617,-277]],[[68519,33241],[0,-554]],[[67901,32410],[-617,277],[0,554]],[[67284,33241],[617,277]],[[67901,33518],[618,-277]],[[68519,33241],[617,277],[617,-277],[0,-554]],[[72222,33241],[0,-554]],[[70988,32687],[0,554]],[[70988,33241],[617,277]],[[71605,33518],[617,-277]],[[72222,33241],[618,277],[617,-277],[0,-554]],[[82099,33241],[0,-554],[-618,-277],[-617,277],[0,554],[617,277],[618,-277]],[[85802,33241],[0,-554]],[[85185,32410],[-617,277],[0,554],[617,277],[617,-277]],[[85802,33241],[618,277],[617,-277],[0,-554],[-617,-277]],[[89506,33241],[0,-554]],[[88272,32687],[0,554],[617,277],[617,-277]],[[89506,33241],[617,277],[618,-277],[0,-554],[-618,-277]],[[49383,34072],[0,-554],[-618,-277],[-617,277],[0,554],[617,277],[618,-277]],[[54321,34072],[0,-554],[-617,-277],[-618,277],[0,554],[618,277],[617,-277]],[[55556,33518],[0,554],[617,277],[617,-277],[0,-554],[-617,-277]],[[62963,34072],[0,-554]],[[62963,33518],[-617,-277],[-618,277],[0,554],[618,277],[617,-277]],[[64198,34072],[0,-554]],[[63580,33241],[-617,277]],[[62963,34072],[617,277],[618,-277]],[[64198,34072],[617,277],[617,-277],[0,-554],[-617,-277]],[[67284,33241],[-617,277],[0,554],[617,277],[617,-277],[0,-554]],[[70988,33241],[-618,277],[0,554]],[[70370,34072],[618,277]],[[70988,34349],[617,-277],[0,-554]],[[80247,34072],[0,-554],[-617,-277],[-618,277],[0,554],[618,277]],[[79630,34349],[617,-277]],[[36420,34903],[0,-554],[-618,-277],[-617,277],[0,554],[617,277],[618,-277]],[[51235,34903],[0,-554],[-618,-277],[-617,277],[0,554],[617,277],[618,-277]],[[58642,34903],[0,-554],[-617,-277],[-618,277],[0,554],[618,277]],[[58025,35180],[617,-277]],[[61111,34903],[0,-554],[-617,-277],[-617,277],[0,554],[617,277],[617,-277]],[[69753,34903],[0,-554]],[[69753,34349],[-617,-277],[-617,277],[0,554],[617,277]],[[69136,35180],[617,-277]],[[70370,34072],[-617,277]],[[69753,34903],[617,277]],[[70370,35180],[618,-277],[0,-554]],[[72222,34903],[618,277]],[[72840,35180],[617,-277],[0,-554],[-617,-277],[-618,277],[0,554]],[[77161,34903],[0,-554],[-618,-277],[-617,277],[0,554]],[[75926,34903],[617,277]],[[76543,35180],[618,-277]],[[80864,34903],[0,-554]],[[80864,34349],[-617,-277]],[[79630,34349],[0,554]],[[79630,34903],[617,277]],[[80247,35180],[617,-277]],[[82099,34903],[0,-554]],[[82099,34349],[-618,-277],[-617,277]],[[80864,34903],[617,277]],[[81481,35180],[618,-277]],[[83333,34903],[0,-554]],[[83333,34349],[-617,-277],[-617,277]],[[82099,34903],[617,277]],[[82716,35180],[617,-277]],[[84568,34903],[0,-554]],[[84568,34349],[-617,-277],[-618,277]],[[83333,34903],[618,277]],[[83951,35180],[617,-277]],[[84568,34903],[617,277]],[[85185,35180],[617,-277],[0,-554],[-617,-277],[-617,277]],[[49383,35734],[0,-554],[-618,-277],[-617,277],[0,554],[617,277],[618,-277]],[[58025,35180],[0,554],[617,277],[617,-277],[0,-554],[-617,-277]],[[62963,35734],[0,-554]],[[62963,35180],[-617,-277],[-618,277],[0,554],[618,277],[617,-277]],[[62963,35734],[617,277],[618,-277],[0,-554],[-618,-277],[-617,277]],[[66667,35734],[617,277]],[[67284,36011],[617,-277],[0,-554],[-617,-277],[-617,277],[0,554]],[[69136,35180],[0,554]],[[69136,35734],[617,277]],[[69753,36011],[617,-277],[0,-554]],[[72222,34903],[-617,277],[0,554],[617,277],[618,-277],[0,-554]],[[76543,35734],[0,-554]],[[75926,34903],[-617,277],[0,554]],[[75309,35734],[617,277]],[[75926,36011],[617,-277]],[[77778,35734],[0,-554],[-617,-277]],[[76543,35734],[618,277]],[[77161,36011],[617,-277]],[[80247,35734],[0,-554]],[[79630,34903],[-618,277],[0,554]],[[79012,35734],[618,277]],[[79630,36011],[617,-277]],[[81481,35734],[0,-554]],[[80247,35734],[617,277]],[[80864,36011],[617,-277]],[[83951,35734],[0,-554]],[[82716,35180],[0,554]],[[82716,35734],[617,277]],[[83333,36011],[618,-277]],[[83951,35734],[617,277]],[[84568,36011],[617,-277],[0,-554]],[[30247,36565],[0,-554],[-617,-277],[-618,277],[0,554],[618,277],[617,-277]],[[53704,36565],[617,277]],[[54321,36842],[617,-277],[0,-554],[-617,-277],[-617,277],[0,554]],[[66667,35734],[-618,277],[0,554],[618,277],[617,-277],[0,-554]],[[69136,35734],[-617,277],[0,554],[617,277],[617,-277],[0,-554]],[[75926,36565],[0,-554]],[[75309,35734],[-618,277],[0,554],[618,277],[617,-277]],[[77161,36565],[0,-554]],[[75926,36565],[617,277]],[[76543,36842],[618,-277]],[[78395,36565],[0,-554]],[[78395,36011],[-617,-277]],[[77161,36565],[617,277]],[[77778,36842],[617,-277]],[[79630,36565],[0,-554]],[[79012,35734],[-617,277]],[[78395,36565],[617,277],[618,-277]],[[80864,36565],[0,-554]],[[79630,36565],[617,277]],[[80247,36842],[617,-277]],[[82099,36565],[0,-554]],[[82099,36011],[-618,-277]],[[80864,36565],[617,277]],[[81481,36842],[618,-277]],[[83333,36565],[0,-554]],[[82716,35734],[-617,277]],[[82099,36565],[617,277]],[[82716,36842],[617,-277]],[[84568,36565],[0,-554]],[[83333,36565],[618,277]],[[83951,36842],[617,-277]],[[35802,37396],[0,-554],[-617,-277],[-617,277],[0,554],[617,277],[617,-277]],[[48148,37396],[0,-554],[-617,-277],[-617,277],[0,554],[617,277],[617,-277]],[[51852,37396],[0,-554],[-617,-277],[-618,277],[0,554],[618,277],[617,-277]],[[53704,36565],[-618,277],[0,554]],[[53086,37396],[618,277]],[[53704,37673],[617,-277],[0,-554]],[[76543,36842],[0,554],[618,277],[617,-277],[0,-554]],[[81481,37396],[0,-554]],[[80247,36842],[0,554]],[[80247,37396],[617,277]],[[80864,37673],[617,-277]],[[82716,37396],[0,-554]],[[81481,37396],[618,277]],[[82099,37673],[617,-277]],[[83951,37396],[0,-554]],[[82716,37396],[617,277]],[[83333,37673],[618,-277]],[[85185,37396],[0,-554],[-617,-277]],[[83951,37396],[617,277]],[[84568,37673],[617,-277]],[[48765,38227],[618,277]],[[49383,38504],[617,-277],[0,-554],[-617,-277],[-618,277],[0,554]],[[53086,37396],[-617,277],[0,554]],[[52469,38227],[617,277]],[[53086,38504],[618,-277],[0,-554]],[[58642,38227],[0,-554],[-617,-277],[-618,277],[0,554],[618,277]],[[58025,38504],[617,-277]],[[63580,38227],[0,-554],[-617,-277],[-617,277],[0,554],[617,277]],[[62963,38504],[617,-277]],[[73457,38227],[0,-554],[-617,-277],[-618,277],[0,554],[618,277]],[[72840,38504],[617,-277]],[[75926,38227],[0,-554],[-617,-277],[-618,277],[0,554]],[[74691,38227],[618,277]],[[75309,38504],[617,-277]],[[80864,38227],[0,-554]],[[80247,37396],[-617,277],[0,554]],[[79630,38227],[617,277]],[[80247,38504],[617,-277]],[[82099,38227],[0,-554]],[[80864,38227],[617,277]],[[81481,38504],[618,-277]],[[83333,38227],[0,-554]],[[82099,38227],[617,277]],[[82716,38504],[617,-277]],[[84568,38227],[0,-554]],[[83333,38227],[618,277]],[[83951,38504],[617,-277]],[[85802,38227],[0,-554],[-617,-277]],[[84568,38227],[617,277]],[[85185,38504],[617,-277]],[[33333,39058],[0,-554],[-617,-277],[-617,277],[0,554],[617,277],[617,-277]],[[38272,39058],[0,-554],[-618,-277],[-617,277],[0,554],[617,277],[618,-277]],[[40741,39058],[0,-554],[-618,-277],[-617,277],[0,554],[617,277]],[[40123,39335],[618,-277]],[[49383,39058],[0,-554]],[[48765,38227],[-617,277],[0,554],[617,277]],[[48765,39335],[618,-277]],[[52469,38227],[-617,277],[0,554],[617,277],[617,-277],[0,-554]],[[59259,39058],[0,-554]],[[59259,38504],[-617,-277]],[[58025,38504],[0,554]],[[58025,39058],[617,277]],[[58642,39335],[617,-277]],[[59259,39058],[618,277],[617,-277],[0,-554],[-617,-277],[-618,277]],[[64198,39058],[0,-554],[-618,-277]],[[62963,38504],[0,554],[617,277]],[[63580,39335],[618,-277]],[[70370,39058],[0,-554]],[[70370,38504],[-617,-277],[-617,277],[0,554],[617,277]],[[69753,39335],[617,-277]],[[70370,39058],[618,277]],[[70988,39335],[617,-277],[0,-554],[-617,-277],[-618,277]],[[74074,39058],[0,-554]],[[74074,38504],[-617,-277]],[[72840,38504],[0,554],[617,277]],[[73457,39335],[617,-277]],[[75309,39058],[0,-554]],[[74691,38227],[-617,277]],[[74074,39058],[617,277]],[[74691,39335],[618,-277]],[[76543,39058],[0,-554]],[[76543,38504],[-617,-277]],[[75309,39058],[617,277]],[[75926,39335],[617,-277]],[[76543,39058],[618,277]],[[77161,39335],[617,-277],[0,-554],[-617,-277],[-618,277]],[[80247,39058],[0,-554]],[[79630,38227],[-618,277],[0,554],[618,277]],[[79630,39335],[617,-277]],[[81481,39058],[0,-554]],[[80247,39058],[617,277]],[[80864,39335],[617,-277]],[[82716,39058],[0,-554]],[[81481,39058],[618,277]],[[82099,39335],[617,-277]],[[83951,39058],[0,-554]],[[82716,39058],[617,277]],[[83333,39335],[618,-277]],[[85185,39058],[0,-554]],[[83951,39058],[617,277]],[[84568,39335],[617,-277]],[[86420,39058],[0,-554],[-618,-277]],[[85185,39058],[617,277]],[[85802,39335],[618,-277]],[[40123,39335],[0,554],[618,277],[617,-277],[0,-554],[-617,-277]],[[50000,39889],[0,-554],[-617,-277]],[[48765,39335],[0,554]],[[48765,39889],[618,277]],[[49383,40166],[617,-277]],[[54938,39889],[0,-554],[-617,-277],[-617,277],[0,554]],[[53704,39889],[617,277]],[[54321,40166],[617,-277]],[[58642,39889],[0,-554]],[[58025,39058],[-618,277],[0,554],[618,277]],[[58025,40166],[617,-277]],[[64815,39889],[0,-554]],[[64815,39335],[-617,-277]],[[63580,39335],[0,554],[618,277],[617,-277]],[[64815,39889],[617,277],[617,-277],[0,-554],[-617,-277],[-617,277]],[[69753,39335],[0,554],[617,277],[618,-277],[0,-554]],[[74691,39889],[0,-554]],[[73457,39335],[0,554]],[[73457,39889],[617,277]],[[74074,40166],[617,-277]],[[77161,39889],[0,-554]],[[75926,39335],[0,554],[617,277]],[[76543,40166],[618,-277]],[[80864,39889],[0,-554]],[[79630,39335],[0,554]],[[79630,39889],[617,277]],[[80247,40166],[617,-277]],[[82099,39889],[0,-554]],[[80864,39889],[617,277]],[[81481,40166],[618,-277]],[[83333,39889],[0,-554]],[[82099,39889],[617,277]],[[82716,40166],[617,-277]],[[84568,39889],[0,-554]],[[83333,39889],[618,277]],[[83951,40166],[617,-277]],[[85802,39889],[0,-554]],[[84568,39889],[617,277]],[[85185,40166],[617,-277]],[[85802,39889],[618,277]],[[86420,40166],[617,-277],[0,-554],[-617,-277]],[[49383,40720],[0,-554]],[[48765,39889],[-617,277],[0,554],[617,277]],[[48765,40997],[618,-277]],[[49383,40720],[617,277]],[[50000,40997],[617,-277],[0,-554],[-617,-277]],[[53086,40720],[0,-554]],[[53086,40166],[-617,-277],[-617,277],[0,554],[617,277],[617,-277]],[[54321,40720],[0,-554]],[[53704,39889],[-618,277]],[[53086,40720],[618,277]],[[53704,40997],[617,-277]],[[54321,40720],[617,277]],[[54938,40997],[618,-277],[0,-554],[-618,-277]],[[58025,40166],[0,554],[617,277],[617,-277],[0,-554],[-617,-277]],[[69136,40720],[0,-554],[-617,-277],[-618,277],[0,554],[618,277],[617,-277]],[[74074,40720],[0,-554]],[[73457,39889],[-617,277],[0,554],[617,277],[617,-277]],[[75309,40720],[0,-554],[-618,-277]],[[74074,40720],[617,277]],[[74691,40997],[618,-277]],[[77778,40720],[0,-554]],[[77778,40166],[-617,-277]],[[76543,40166],[0,554]],[[76543,40720],[618,277]],[[77161,40997],[617,-277]],[[79012,40720],[0,-554]],[[79012,40166],[-617,-277],[-617,277]],[[77778,40720],[617,277]],[[78395,40997],[617,-277]],[[80247,40720],[0,-554]],[[79630,39889],[-618,277]],[[79012,40720],[618,277]],[[79630,40997],[617,-277]],[[81481,40720],[0,-554]],[[80247,40720],[617,277]],[[80864,40997],[617,-277]],[[82716,40720],[0,-554]],[[81481,40720],[618,277]],[[82099,40997],[617,-277]],[[83951,40720],[0,-554]],[[82716,40720],[617,277]],[[83333,40997],[618,-277]],[[85185,40720],[0,-554]],[[83951,40720],[617,277]],[[84568,40997],[617,-277]],[[86420,40720],[0,-554]],[[85185,40720],[617,277]],[[85802,40997],[618,-277]],[[43827,41551],[617,277]],[[44444,41828],[618,-277],[0,-554],[-618,-277],[-617,277],[0,554]],[[48765,40997],[0,554],[618,277],[617,-277],[0,-554]],[[54938,41551],[0,-554]],[[53704,40997],[0,554]],[[53704,41551],[617,277]],[[54321,41828],[617,-277]],[[62346,41551],[617,277]],[[62963,41828],[617,-277],[0,-554],[-617,-277],[-617,277],[0,554]],[[66049,41551],[0,-554],[-617,-277],[-617,277],[0,554]],[[64815,41551],[617,277]],[[65432,41828],[617,-277]],[[75926,41551],[0,-554]],[[75926,40997],[-617,-277]],[[74691,40997],[0,554],[618,277]],[[75309,41828],[617,-277]],[[77161,41551],[0,-554]],[[76543,40720],[-617,277]],[[75926,41551],[617,277]],[[76543,41828],[618,-277]],[[78395,41551],[0,-554]],[[77161,41551],[617,277]],[[77778,41828],[617,-277]],[[79630,41551],[0,-554]],[[78395,41551],[617,277]],[[79012,41828],[618,-277]],[[80864,41551],[0,-554]],[[79630,41551],[617,277]],[[80247,41828],[617,-277]],[[82099,41551],[0,-554]],[[80864,41551],[617,277]],[[81481,41828],[618,-277]],[[83333,41551],[0,-554]],[[82099,41551],[617,277]],[[82716,41828],[617,-277]],[[84568,41551],[0,-554]],[[83333,41551],[618,277]],[[83951,41828],[617,-277]],[[85802,41551],[0,-554]],[[84568,41551],[617,277]],[[85185,41828],[617,-277]],[[85802,41551],[618,277],[617,-277],[0,-554],[-617,-277]],[[43210,42382],[0,-554]],[[43210,41828],[-617,-277],[-618,277],[0,554],[618,277],[617,-277]],[[44444,42382],[0,-554]],[[43827,41551],[-617,277]],[[43210,42382],[617,277]],[[43827,42659],[617,-277]],[[48148,42382],[0,-554],[-617,-277],[-617,277],[0,554],[617,277],[617,-277]],[[54321,42382],[0,-554]],[[53704,41551],[-618,277],[0,554],[618,277]],[[53704,42659],[617,-277]],[[55556,42382],[0,-554]],[[55556,41828],[-618,-277]],[[54321,42382],[617,277]],[[54938,42659],[618,-277]],[[55556,42382],[617,277],[617,-277],[0,-554],[-617,-277],[-617,277]],[[59259,42382],[0,-554]],[[59259,41828],[-617,-277],[-617,277],[0,554],[617,277],[617,-277]],[[60494,42382],[0,-554]],[[60494,41828],[-617,-277],[-618,277]],[[59259,42382],[618,277]],[[59877,42659],[617,-277]],[[61728,42382],[0,-554]],[[61728,41828],[-617,-277],[-617,277]],[[60494,42382],[617,277]],[[61111,42659],[617,-277]],[[62963,42382],[0,-554]],[[62346,41551],[-618,277]],[[61728,42382],[618,277]],[[62346,42659],[617,-277]],[[65432,42382],[0,-554]],[[64815,41551],[-617,277],[0,554]],[[64198,42382],[617,277]],[[64815,42659],[617,-277]],[[65432,42382],[617,277]],[[66049,42659],[618,-277],[0,-554],[-618,-277]],[[71605,42382],[0,-554],[-617,-277],[-618,277],[0,554],[618,277],[617,-277]],[[76543,42382],[0,-554]],[[75309,41828],[0,554]],[[75309,42382],[617,277]],[[75926,42659],[617,-277]],[[77778,42382],[0,-554]],[[76543,42382],[618,277]],[[77161,42659],[617,-277]],[[80247,42382],[0,-554]],[[79012,41828],[0,554]],[[79012,42382],[618,277]],[[79630,42659],[617,-277]],[[81481,42382],[0,-554]],[[80247,42382],[617,277]],[[80864,42659],[617,-277]],[[83951,42382],[0,-554]],[[82716,41828],[0,554]],[[82716,42382],[617,277]],[[83333,42659],[618,-277]],[[83951,42382],[617,277],[617,-277],[0,-554]],[[43827,42659],[0,554],[617,277],[618,-277],[0,-554],[-618,-277]],[[53704,42659],[0,554],[617,277],[617,-277],[0,-554]],[[61111,43213],[0,-554]],[[59877,42659],[0,554],[617,277],[617,-277]],[[62346,43213],[0,-554]],[[61111,43213],[617,277],[618,-277]],[[63580,43213],[0,-554]],[[63580,42659],[-617,-277]],[[62346,43213],[617,277],[617,-277]],[[64815,43213],[0,-554]],[[64198,42382],[-618,277]],[[63580,43213],[618,277],[617,-277]],[[64815,43213],[617,277],[617,-277],[0,-554]],[[69753,43213],[0,-554],[-617,-277],[-617,277],[0,554],[617,277]],[[69136,43490],[617,-277]],[[74691,43213],[0,-554]],[[74691,42659],[-617,-277],[-617,277],[0,554],[617,277],[617,-277]],[[75309,42382],[-618,277]],[[74691,43213],[618,277],[617,-277],[0,-554]],[[78395,43213],[0,-554]],[[78395,42659],[-617,-277]],[[77161,42659],[0,554],[617,277],[617,-277]],[[79630,43213],[0,-554]],[[79012,42382],[-617,277]],[[78395,43213],[617,277]],[[79012,43490],[618,-277]],[[80864,43213],[0,-554]],[[79630,43213],[617,277]],[[80247,43490],[617,-277]],[[82099,43213],[0,-554]],[[82099,42659],[-618,-277]],[[80864,43213],[617,277]],[[81481,43490],[618,-277]],[[82716,42382],[-617,277]],[[82099,43213],[617,277],[617,-277],[0,-554]],[[49383,44044],[617,277]],[[50000,44321],[617,-277],[0,-554],[-617,-277],[-617,277],[0,554]],[[56790,44044],[0,-554],[-617,-277],[-617,277],[0,554],[617,277],[617,-277]],[[69136,43490],[0,554],[617,277],[617,-277],[0,-554],[-617,-277]],[[80247,44044],[0,-554]],[[79012,43490],[0,554]],[[79012,44044],[618,277]],[[79630,44321],[617,-277]],[[80247,44044],[617,277]],[[80864,44321],[617,-277],[0,-554]],[[49383,44044],[-618,277],[0,554],[618,277],[617,-277],[0,-554]],[[57407,44875],[618,277]],[[58025,45152],[617,-277],[0,-554],[-617,-277],[-618,277],[0,554]],[[67284,44875],[0,-554],[-617,-277],[-618,277],[0,554],[618,277],[617,-277]],[[73457,44875],[0,-554],[-617,-277],[-618,277],[0,554],[618,277],[617,-277]],[[75926,44875],[0,-554],[-617,-277],[-618,277],[0,554]],[[74691,44875],[618,277]],[[75309,45152],[617,-277]],[[79630,44875],[0,-554]],[[79012,44044],[-617,277],[0,554]],[[78395,44875],[617,277]],[[79012,45152],[618,-277]],[[80864,44875],[0,-554]],[[79630,44875],[617,277]],[[80247,45152],[617,-277]],[[58025,45706],[0,-554]],[[57407,44875],[-617,277],[0,554],[617,277]],[[57407,45983],[618,-277]],[[75309,45706],[0,-554]],[[74691,44875],[-617,277],[0,554]],[[74074,45706],[617,277]],[[74691,45983],[618,-277]],[[76543,45706],[0,-554]],[[76543,45152],[-617,-277]],[[75309,45706],[617,277]],[[75926,45983],[617,-277]],[[77778,45706],[0,-554]],[[77778,45152],[-617,-277],[-618,277]],[[76543,45706],[618,277]],[[77161,45983],[617,-277]],[[79012,45706],[0,-554]],[[78395,44875],[-617,277]],[[77778,45706],[617,277]],[[78395,45983],[617,-277]],[[81481,45706],[0,-554]],[[81481,45152],[-617,-277]],[[80247,45152],[0,554]],[[80247,45706],[617,277]],[[80864,45983],[617,-277]],[[81481,45706],[618,277],[617,-277],[0,-554],[-617,-277],[-618,277]],[[56173,46537],[0,-554],[-617,-277],[-618,277],[0,554],[618,277],[617,-277]],[[57407,45983],[0,554],[618,277],[617,-277],[0,-554],[-617,-277]],[[61111,46537],[0,-554],[-617,-277],[-617,277],[0,554],[617,277],[617,-277]],[[64815,46537],[0,-554],[-617,-277],[-618,277],[0,554],[618,277],[617,-277]],[[74691,46537],[0,-554]],[[74074,45706],[-617,277],[0,554]],[[73457,46537],[617,277]],[[74074,46814],[617,-277]],[[77161,46537],[0,-554]],[[75926,45983],[0,554]],[[75926,46537],[617,277]],[[76543,46814],[618,-277]],[[78395,46537],[0,-554]],[[77161,46537],[617,277]],[[77778,46814],[617,-277]],[[79630,46537],[0,-554]],[[79630,45983],[-618,-277]],[[78395,46537],[617,277]],[[79012,46814],[618,-277]],[[80864,46537],[0,-554]],[[80247,45706],[-617,277]],[[79630,46537],[617,277]],[[80247,46814],[617,-277]],[[53086,47368],[0,-554],[-617,-277],[-617,277],[0,554],[617,277],[617,-277]],[[74074,47368],[0,-554]],[[73457,46537],[-617,277],[0,554]],[[72840,47368],[617,277]],[[73457,47645],[617,-277]],[[75309,47368],[0,-554]],[[75309,46814],[-618,-277]],[[74074,47368],[617,277]],[[74691,47645],[618,-277]],[[76543,47368],[0,-554]],[[75926,46537],[-617,277]],[[75309,47368],[617,277]],[[75926,47645],[617,-277]],[[77778,47368],[0,-554]],[[76543,47368],[618,277]],[[77161,47645],[617,-277]],[[79012,47368],[0,-554]],[[77778,47368],[617,277]],[[78395,47645],[617,-277]],[[80247,47368],[0,-554]],[[79012,47368],[618,277]],[[79630,47645],[617,-277]],[[80247,47368],[617,277],[617,-277],[0,-554],[-617,-277]],[[58642,48199],[0,-554]],[[58642,47645],[-617,-277],[-618,277],[0,554]],[[57407,48199],[618,277]],[[58025,48476],[617,-277]],[[59877,48199],[0,-554],[-618,-277],[-617,277]],[[58642,48199],[617,277]],[[59259,48476],[618,-277]],[[63580,48199],[0,-554]],[[63580,47645],[-617,-277],[-617,277],[0,554],[617,277],[617,-277]],[[64815,48199],[0,-554]],[[64815,47645],[-617,-277],[-618,277]],[[63580,48199],[618,277],[617,-277]],[[64815,48199],[617,277],[617,-277],[0,-554],[-617,-277],[-617,277]],[[73457,48199],[0,-554]],[[72840,47368],[-618,277],[0,554],[618,277]],[[72840,48476],[617,-277]],[[74691,48199],[0,-554]],[[73457,48199],[617,277]],[[74074,48476],[617,-277]],[[75926,48199],[0,-554]],[[74691,48199],[618,277]],[[75309,48476],[617,-277]],[[77161,48199],[0,-554]],[[75926,48199],[617,277]],[[76543,48476],[618,-277]],[[78395,47645],[0,554]],[[78395,48199],[617,277]],[[79012,48476],[618,-277],[0,-554]],[[57407,48199],[-617,277],[0,554],[617,277],[618,-277],[0,-554]],[[59259,48476],[0,554],[618,277],[617,-277],[0,-554],[-617,-277]],[[67901,49030],[0,-554]],[[67901,48476],[-617,-277],[-617,277],[0,554],[617,277]],[[67284,49307],[617,-277]],[[69136,49030],[0,-554]],[[69136,48476],[-617,-277],[-618,277]],[[67901,49030],[618,277]],[[68519,49307],[617,-277]],[[70370,49030],[0,-554]],[[70370,48476],[-617,-277],[-617,277]],[[69136,49030],[617,277]],[[69753,49307],[617,-277]],[[70370,49030],[618,277],[617,-277],[0,-554],[-617,-277],[-618,277]],[[74074,49030],[0,-554]],[[72840,48476],[0,554]],[[72840,49030],[617,277]],[[73457,49307],[617,-277]],[[75309,49030],[0,-554]],[[74074,49030],[617,277]],[[74691,49307],[618,-277]],[[76543,49030],[0,-554]],[[75309,49030],[617,277]],[[75926,49307],[617,-277]],[[77778,49030],[0,-554]],[[77778,48476],[-617,-277]],[[76543,49030],[618,277]],[[77161,49307],[617,-277]],[[78395,48199],[-617,277]],[[77778,49030],[617,277]],[[78395,49307],[617,-277],[0,-554]],[[47531,49861],[0,-554],[-617,-277],[-618,277],[0,554],[618,277],[617,-277]],[[62346,49861],[0,-554],[-618,-277],[-617,277],[0,554],[617,277],[618,-277]],[[68519,49861],[0,-554]],[[67284,49307],[0,554]],[[67284,49861],[617,277]],[[67901,50138],[618,-277]],[[68519,49861],[617,277],[617,-277],[0,-554]],[[73457,49861],[0,-554]],[[72840,49030],[-618,277],[0,554],[618,277]],[[72840,50138],[617,-277]],[[74691,49861],[0,-554]],[[73457,49861],[617,277]],[[74074,50138],[617,-277]],[[75926,49861],[0,-554]],[[74691,49861],[618,277]],[[75309,50138],[617,-277]],[[77161,49861],[0,-554]],[[75926,49861],[617,277]],[[76543,50138],[618,-277]],[[77161,49861],[617,277]],[[77778,50138],[617,-277],[0,-554]],[[49383,50692],[0,-554],[-618,-277],[-617,277],[0,554],[617,277],[618,-277]],[[51852,50692],[0,-554],[-617,-277],[-618,277],[0,554],[618,277],[617,-277]],[[65432,50692],[0,-554],[-617,-277],[-617,277],[0,554],[617,277],[617,-277]],[[67284,49861],[-617,277],[0,554],[617,277],[617,-277],[0,-554]],[[71605,50692],[0,-554],[-617,-277],[-618,277],[0,554],[618,277],[617,-277]],[[74074,50692],[0,-554]],[[72840,50138],[0,554],[617,277]],[[73457,50969],[617,-277]],[[75309,50692],[0,-554]],[[74074,50692],[617,277]],[[74691,50969],[618,-277]],[[76543,50692],[0,-554]],[[75309,50692],[617,277]],[[75926,50969],[617,-277]],[[76543,50692],[618,277]],[[77161,50969],[617,-277],[0,-554]],[[47531,51523],[0,-554],[-617,-277],[-618,277],[0,554],[618,277]],[[46914,51800],[617,-277]],[[54938,51523],[0,-554],[-617,-277],[-617,277],[0,554],[617,277]],[[54321,51800],[617,-277]],[[57407,51523],[0,-554],[-617,-277],[-617,277],[0,554]],[[56173,51523],[617,277]],[[56790,51800],[617,-277]],[[58642,51523],[617,277]],[[59259,51800],[618,-277],[0,-554],[-618,-277],[-617,277],[0,554]],[[69753,51523],[0,-554],[-617,-277],[-617,277],[0,554],[617,277],[617,-277]],[[74691,51523],[0,-554]],[[73457,50969],[0,554]],[[73457,51523],[617,277]],[[74074,51800],[617,-277]],[[75926,51523],[0,-554]],[[74691,51523],[618,277]],[[75309,51800],[617,-277]],[[77161,51523],[0,-554]],[[75926,51523],[617,277]],[[76543,51800],[618,-277]],[[46914,51800],[0,554],[617,277],[617,-277],[0,-554],[-617,-277]],[[51852,52354],[0,-554],[-617,-277],[-618,277],[0,554],[618,277]],[[51235,52631],[617,-277]],[[55556,52354],[0,-554]],[[55556,51800],[-618,-277]],[[54321,51800],[0,554],[617,277]],[[54938,52631],[618,-277]],[[56790,52354],[0,-554]],[[56173,51523],[-617,277]],[[55556,52354],[617,277]],[[56173,52631],[617,-277]],[[58025,52354],[0,-554]],[[58025,51800],[-618,-277]],[[56790,52354],[617,277],[618,-277]],[[58642,51523],[-617,277]],[[58025,52354],[617,277],[617,-277],[0,-554]],[[62963,52354],[0,-554],[-617,-277],[-618,277],[0,554],[618,277],[617,-277]],[[71605,52354],[0,-554]],[[71605,51800],[-617,-277],[-618,277],[0,554],[618,277]],[[70988,52631],[617,-277]],[[72840,52354],[0,-554]],[[72840,51800],[-618,-277],[-617,277]],[[71605,52354],[617,277]],[[72222,52631],[618,-277]],[[74074,52354],[0,-554]],[[73457,51523],[-617,277]],[[72840,52354],[617,277]],[[73457,52631],[617,-277]],[[75309,52354],[0,-554]],[[74074,52354],[617,277]],[[74691,52631],[618,-277]],[[76543,52354],[0,-554]],[[75309,52354],[617,277]],[[75926,52631],[617,-277]],[[76543,52354],[618,277]],[[77161,52631],[617,-277],[0,-554],[-617,-277]],[[52469,53185],[0,-554]],[[52469,52631],[-617,-277]],[[51235,52631],[0,554],[617,277],[617,-277]],[[52469,53185],[617,277],[618,-277],[0,-554],[-618,-277],[-617,277]],[[54938,52631],[0,554]],[[54938,53185],[618,277]],[[55556,53462],[617,-277],[0,-554]],[[61111,53185],[0,-554],[-617,-277],[-617,277],[0,554],[617,277],[617,-277]],[[72222,53185],[0,-554]],[[70988,52631],[0,554]],[[70988,53185],[617,277]],[[71605,53462],[617,-277]],[[74691,53185],[0,-554]],[[73457,52631],[0,554]],[[73457,53185],[617,277]],[[74074,53462],[617,-277]],[[75926,53185],[0,-554]],[[74691,53185],[618,277]],[[75309,53462],[617,-277]],[[77161,53185],[0,-554]],[[75926,53185],[617,277]],[[76543,53462],[618,-277]],[[55556,54016],[0,-554]],[[54938,53185],[-617,277],[0,554],[617,277]],[[54938,54293],[618,-277]],[[59259,54016],[0,-554],[-617,-277],[-617,277],[0,554]],[[58025,54016],[617,277]],[[58642,54293],[617,-277]],[[71605,54016],[0,-554]],[[70988,53185],[-618,277],[0,554],[618,277]],[[70988,54293],[617,-277]],[[72840,54016],[0,-554]],[[72840,53462],[-618,-277]],[[71605,54016],[617,277]],[[72222,54293],[618,-277]],[[74074,54016],[0,-554]],[[73457,53185],[-617,277]],[[72840,54016],[617,277]],[[73457,54293],[617,-277]],[[75309,54016],[0,-554]],[[74074,54016],[617,277]],[[74691,54293],[618,-277]],[[76543,53462],[0,554]],[[76543,54016],[618,277]],[[77161,54293],[617,-277],[0,-554],[-617,-277]],[[47531,54847],[0,-554],[-617,-277],[-618,277],[0,554],[618,277]],[[46914,55124],[617,-277]],[[51235,54847],[0,-554]],[[51235,54293],[-618,-277],[-617,277],[0,554]],[[50000,54847],[617,277]],[[50617,55124],[618,-277]],[[51235,54847],[617,277]],[[51852,55124],[617,-277],[0,-554],[-617,-277],[-617,277]],[[56173,54847],[0,-554]],[[56173,54293],[-617,-277]],[[54938,54293],[0,554],[618,277],[617,-277]],[[57407,54847],[0,-554]],[[57407,54293],[-617,-277],[-617,277]],[[56173,54847],[617,277],[617,-277]],[[58642,54847],[0,-554]],[[58025,54016],[-618,277]],[[57407,54847],[618,277],[617,-277]],[[58642,54847],[617,277],[618,-277],[0,-554],[-618,-277]],[[63580,54847],[618,277]],[[64198,55124],[617,-277],[0,-554],[-617,-277],[-618,277],[0,554]],[[68519,54847],[0,-554]],[[68519,54293],[-618,-277],[-617,277],[0,554],[617,277],[618,-277]],[[68519,54847],[617,277],[617,-277],[0,-554],[-617,-277],[-617,277]],[[72222,54847],[0,-554]],[[70988,54293],[0,554],[617,277]],[[71605,55124],[617,-277]],[[74691,54847],[0,-554]],[[73457,54293],[0,554]],[[73457,54847],[617,277]],[[74074,55124],[617,-277]],[[75926,54847],[0,-554]],[[75926,54293],[-617,-277]],[[74691,54847],[618,277]],[[75309,55124],[617,-277]],[[76543,54016],[-617,277]],[[75926,54847],[617,277]],[[76543,55124],[618,-277],[0,-554]],[[46914,55124],[0,554],[617,277],[617,-277],[0,-554],[-617,-277]],[[50617,55678],[0,-554]],[[50000,54847],[-617,277],[0,554],[617,277]],[[50000,55955],[617,-277]],[[50617,55678],[618,277]],[[51235,55955],[617,-277],[0,-554]],[[54321,55678],[0,-554],[-617,-277],[-618,277],[0,554]],[[53086,55678],[618,277]],[[53704,55955],[617,-277]],[[62963,55678],[0,-554]],[[62963,55124],[-617,-277],[-618,277],[0,554]],[[61728,55678],[618,277]],[[62346,55955],[617,-277]],[[64198,55678],[0,-554]],[[63580,54847],[-617,277]],[[62963,55678],[617,277]],[[63580,55955],[618,-277]],[[66667,55678],[0,-554],[-618,-277],[-617,277],[0,554]],[[65432,55678],[617,277]],[[66049,55955],[618,-277]],[[72840,55678],[0,-554]],[[72840,55124],[-618,-277]],[[71605,55124],[0,554],[617,277]],[[72222,55955],[618,-277]],[[74074,55678],[0,-554]],[[73457,54847],[-617,277]],[[72840,55678],[617,277]],[[73457,55955],[617,-277]],[[75309,55678],[0,-554]],[[74074,55678],[617,277]],[[74691,55955],[618,-277]],[[75309,55678],[617,277]],[[75926,55955],[617,-277],[0,-554]],[[51235,56509],[0,-554]],[[50000,55955],[0,554]],[[50000,56509],[617,277]],[[50617,56786],[618,-277]],[[53704,56509],[0,-554]],[[53086,55678],[-617,277],[0,554]],[[52469,56509],[617,277]],[[53086,56786],[618,-277]],[[54938,56509],[0,-554],[-617,-277]],[[53704,56509],[617,277]],[[54321,56786],[617,-277]],[[57407,56509],[0,-554],[-617,-277],[-617,277],[0,554]],[[56173,56509],[617,277]],[[56790,56786],[617,-277]],[[61728,55678],[-617,277],[0,554]],[[61111,56509],[617,277]],[[61728,56786],[618,-277],[0,-554]],[[64815,56509],[0,-554]],[[64815,55955],[-617,-277]],[[63580,55955],[0,554]],[[63580,56509],[618,277]],[[64198,56786],[617,-277]],[[66049,56509],[0,-554]],[[65432,55678],[-617,277]],[[64815,56509],[617,277]],[[65432,56786],[617,-277]],[[67284,56509],[0,-554]],[[67284,55955],[-617,-277]],[[66049,56509],[618,277]],[[66667,56786],[617,-277]],[[68519,56509],[0,-554]],[[68519,55955],[-618,-277],[-617,277]],[[67284,56509],[617,277]],[[67901,56786],[618,-277]],[[69753,56509],[0,-554]],[[69753,55955],[-617,-277],[-617,277]],[[68519,56509],[617,277]],[[69136,56786],[617,-277]],[[70988,56509],[0,-554],[-618,-277],[-617,277]],[[69753,56509],[617,277]],[[70370,56786],[618,-277]],[[73457,56509],[0,-554]],[[72222,55955],[0,554],[618,277]],[[72840,56786],[617,-277]],[[74691,56509],[0,-554]],[[73457,56509],[617,277]],[[74074,56786],[617,-277]],[[75926,56509],[0,-554]],[[74691,56509],[618,277]],[[75309,56786],[617,-277]],[[50617,57340],[0,-554]],[[50000,56509],[-617,277],[0,554]],[[49383,57340],[617,277]],[[50000,57617],[617,-277]],[[51852,57340],[0,-554]],[[51852,56786],[-617,-277]],[[50617,57340],[618,277],[617,-277]],[[52469,56509],[-617,277]],[[51852,57340],[617,277],[617,-277],[0,-554]],[[55556,57340],[0,-554]],[[55556,56786],[-618,-277]],[[54321,56786],[0,554]],[[54321,57340],[617,277]],[[54938,57617],[618,-277]],[[56790,57340],[0,-554]],[[56173,56509],[-617,277]],[[55556,57340],[617,277]],[[56173,57617],[617,-277]],[[56790,57340],[617,277]],[[57407,57617],[618,-277],[0,-554],[-618,-277]],[[61728,57340],[0,-554]],[[61111,56509],[-617,277],[0,554]],[[60494,57340],[617,277]],[[61111,57617],[617,-277]],[[64198,57340],[0,-554]],[[63580,56509],[-617,277],[0,554]],[[62963,57340],[617,277]],[[63580,57617],[618,-277]],[[66667,57340],[0,-554]],[[65432,56786],[0,554]],[[65432,57340],[617,277]],[[66049,57617],[618,-277]],[[67901,57340],[0,-554]],[[66667,57340],[617,277]],[[67284,57617],[617,-277]],[[70370,57340],[0,-554]],[[69136,56786],[0,554],[617,277]],[[69753,57617],[617,-277]],[[70370,57340],[618,277]],[[70988,57617],[617,-277],[0,-554],[-617,-277]],[[74074,57340],[0,-554]],[[72840,56786],[0,554]],[[72840,57340],[617,277]],[[73457,57617],[617,-277]],[[75309,57340],[0,-554]],[[74074,57340],[617,277]],[[74691,57617],[618,-277]],[[76543,57340],[0,-554],[-617,-277]],[[75309,57340],[617,277]],[[75926,57617],[617,-277]],[[48765,58171],[0,-554]],[[48765,57617],[-617,-277],[-617,277],[0,554],[617,277]],[[48148,58448],[617,-277]],[[50000,58171],[0,-554]],[[49383,57340],[-618,277]],[[48765,58171],[618,277]],[[49383,58448],[617,-277]],[[54938,58171],[0,-554]],[[54321,57340],[-617,277],[0,554]],[[53704,58171],[617,277]],[[54321,58448],[617,-277]],[[56173,57617],[0,554]],[[56173,58171],[617,277]],[[56790,58448],[617,-277],[0,-554]],[[61111,58171],[0,-554]],[[60494,57340],[-617,277],[0,554],[617,277],[617,-277]],[[62346,58171],[0,-554]],[[62346,57617],[-618,-277]],[[61111,58171],[617,277],[618,-277]],[[63580,58171],[0,-554]],[[62963,57340],[-617,277]],[[62346,58171],[617,277],[617,-277]],[[64815,58171],[0,-554]],[[64815,57617],[-617,-277]],[[63580,58171],[618,277]],[[64198,58448],[617,-277]],[[66049,58171],[0,-554]],[[65432,57340],[-617,277]],[[64815,58171],[617,277]],[[65432,58448],[617,-277]],[[67284,58171],[0,-554]],[[66049,58171],[618,277]],[[66667,58448],[617,-277]],[[67284,58171],[617,277]],[[67901,58448],[618,-277],[0,-554],[-618,-277]],[[70988,58171],[0,-554]],[[69753,57617],[0,554],[617,277]],[[70370,58448],[618,-277]],[[73457,58171],[0,-554]],[[72840,57340],[-618,277],[0,554]],[[72222,58171],[618,277]],[[72840,58448],[617,-277]],[[74691,58171],[0,-554]],[[73457,58171],[617,277]],[[74074,58448],[617,-277]],[[75926,58171],[0,-554]],[[74691,58171],[618,277]],[[75309,58448],[617,-277]],[[77161,58171],[0,-554]],[[77161,57617],[-618,-277]],[[75926,58171],[617,277],[618,-277]],[[78395,58171],[0,-554]],[[78395,57617],[-617,-277],[-617,277]],[[77161,58171],[617,277],[617,-277]],[[78395,58171],[617,277],[618,-277],[0,-554],[-618,-277],[-617,277]],[[39506,59002],[0,-554],[-617,-277],[-617,277],[0,554],[617,277]],[[38889,59279],[617,-277]],[[49383,59002],[0,-554]],[[48148,58448],[0,554],[617,277],[618,-277]],[[50617,59002],[0,-554]],[[50617,58448],[-617,-277]],[[49383,59002],[617,277],[617,-277]],[[50617,59002],[618,277],[617,-277],[0,-554],[-617,-277],[-618,277]],[[54321,59002],[0,-554]],[[53704,58171],[-618,277],[0,554],[618,277],[617,-277]],[[55556,59002],[0,-554]],[[55556,58448],[-618,-277]],[[54321,59002],[617,277],[618,-277]],[[56173,58171],[-617,277]],[[55556,59002],[617,277],[617,-277],[0,-554]],[[64198,58448],[0,554]],[[64198,59002],[617,277]],[[64815,59279],[617,-277],[0,-554]],[[66667,58448],[0,554]],[[66667,59002],[617,277]],[[67284,59279],[617,-277],[0,-554]],[[71605,59002],[0,-554]],[[71605,58448],[-617,-277]],[[70370,58448],[0,554]],[[70370,59002],[618,277]],[[70988,59279],[617,-277]],[[72840,59002],[0,-554]],[[72222,58171],[-617,277]],[[71605,59002],[617,277]],[[72222,59279],[618,-277]],[[74074,59002],[0,-554]],[[72840,59002],[617,277]],[[73457,59279],[617,-277]],[[75309,59002],[0,-554]],[[74074,59002],[617,277]],[[74691,59279],[618,-277]],[[40123,59833],[0,-554]],[[40123,59279],[-617,-277]],[[38889,59279],[0,554],[617,277],[617,-277]],[[41358,59833],[0,-554]],[[41358,59279],[-617,-277],[-618,277]],[[40123,59833],[618,277]],[[40741,60110],[617,-277]],[[42593,59833],[0,-554]],[[42593,59279],[-618,-277],[-617,277]],[[41358,59833],[617,277]],[[41975,60110],[618,-277]],[[42593,59833],[617,277],[617,-277],[0,-554],[-617,-277],[-617,277]],[[47531,59833],[0,-554],[-617,-277],[-618,277],[0,554],[618,277],[617,-277]],[[58642,59833],[0,-554]],[[58642,59279],[-617,-277],[-618,277],[0,554],[618,277],[617,-277]],[[59877,59833],[0,-554]],[[59877,59279],[-618,-277],[-617,277]],[[58642,59833],[617,277]],[[59259,60110],[618,-277]],[[61111,59833],[0,-554]],[[61111,59279],[-617,-277],[-617,277]],[[59877,59833],[617,277]],[[60494,60110],[617,-277]],[[62346,59833],[0,-554]],[[62346,59279],[-618,-277],[-617,277]],[[61111,59833],[617,277]],[[61728,60110],[618,-277]],[[63580,59833],[0,-554]],[[63580,59279],[-617,-277],[-617,277]],[[62346,59833],[617,277]],[[62963,60110],[617,-277]],[[64815,59833],[0,-554]],[[64198,59002],[-618,277]],[[63580,59833],[618,277]],[[64198,60110],[617,-277]],[[67284,59833],[0,-554]],[[66667,59002],[-618,277],[0,554]],[[66049,59833],[618,277]],[[66667,60110],[617,-277]],[[70988,59833],[0,-554]],[[70370,59002],[-617,277],[0,554]],[[69753,59833],[617,277]],[[70370,60110],[618,-277]],[[72222,59833],[0,-554]],[[70988,59833],[617,277]],[[71605,60110],[617,-277]],[[73457,59833],[0,-554]],[[72222,59833],[618,277]],[[72840,60110],[617,-277]],[[74691,59833],[0,-554]],[[73457,59833],[617,277]],[[74074,60110],[617,-277]],[[74691,59833],[618,277]],[[75309,60110],[617,-277],[0,-554],[-617,-277]],[[40741,60110],[0,554],[617,277],[617,-277],[0,-554]],[[45679,60664],[0,-554],[-617,-277],[-618,277],[0,554],[618,277]],[[45062,60941],[617,-277]],[[51852,60664],[0,-554],[-617,-277],[-618,277],[0,554],[618,277]],[[51235,60941],[617,-277]],[[55556,60664],[0,-554],[-618,-277],[-617,277],[0,554],[617,277]],[[54938,60941],[618,-277]],[[60494,60664],[0,-554]],[[59259,60110],[0,554]],[[59259,60664],[618,277]],[[59877,60941],[617,-277]],[[61728,60664],[0,-554]],[[60494,60664],[617,277]],[[61111,60941],[617,-277]],[[62963,60664],[0,-554]],[[61728,60664],[618,277]],[[62346,60941],[617,-277]],[[64198,60664],[0,-554]],[[62963,60664],[617,277]],[[63580,60941],[618,-277]],[[65432,60664],[0,-554]],[[65432,60110],[-617,-277]],[[64198,60664],[617,277]],[[64815,60941],[617,-277]],[[66667,60664],[0,-554]],[[66049,59833],[-617,277]],[[65432,60664],[617,277]],[[66049,60941],[618,-277]],[[67901,60664],[0,-554]],[[67901,60110],[-617,-277]],[[66667,60664],[617,277]],[[67284,60941],[617,-277]],[[69136,60664],[0,-554]],[[69136,60110],[-617,-277],[-618,277]],[[67901,60664],[618,277]],[[68519,60941],[617,-277]],[[70370,60664],[0,-554]],[[69753,59833],[-617,277]],[[69136,60664],[617,277]],[[69753,60941],[617,-277]],[[71605,60664],[0,-554]],[[70370,60664],[618,277]],[[70988,60941],[617,-277]],[[72840,60664],[0,-554]],[[71605,60664],[617,277]],[[72222,60941],[618,-277]],[[74074,60664],[0,-554]],[[72840,60664],[617,277]],[[73457,60941],[617,-277]],[[75309,60664],[0,-554]],[[74074,60664],[617,277]],[[74691,60941],[618,-277]],[[37654,61495],[0,-554]],[[37654,60941],[-617,-277],[-617,277],[0,554],[617,277]],[[37037,61772],[617,-277]],[[38889,61495],[0,-554],[-617,-277],[-618,277]],[[37654,61495],[618,277]],[[38272,61772],[617,-277]],[[43827,61495],[0,-554],[-617,-277],[-617,277],[0,554],[617,277],[617,-277]],[[46296,61495],[0,-554]],[[46296,60941],[-617,-277]],[[45062,60941],[0,554],[617,277]],[[45679,61772],[617,-277]],[[47531,61495],[0,-554],[-617,-277],[-618,277]],[[46296,61495],[618,277]],[[46914,61772],[617,-277]],[[50000,61495],[0,-554],[-617,-277],[-618,277],[0,554]],[[48765,61495],[618,277]],[[49383,61772],[617,-277]],[[52469,61495],[0,-554]],[[52469,60941],[-617,-277]],[[51235,60941],[0,554],[617,277]],[[51852,61772],[617,-277]],[[53704,61495],[0,-554],[-618,-277],[-617,277]],[[52469,61495],[617,277]],[[53086,61772],[618,-277]],[[54938,60941],[0,554],[618,277],[617,-277],[0,-554],[-617,-277]],[[58642,61495],[0,-554]],[[58642,60941],[-617,-277],[-618,277],[0,554]],[[57407,61495],[618,277]],[[58025,61772],[617,-277]],[[59877,61495],[0,-554]],[[59259,60664],[-617,277]],[[58642,61495],[617,277]],[[59259,61772],[618,-277]],[[61111,61495],[0,-554]],[[59877,61495],[617,277]],[[60494,61772],[617,-277]],[[62346,61495],[0,-554]],[[61111,61495],[617,277]],[[61728,61772],[618,-277]],[[63580,61495],[0,-554]],[[62346,61495],[617,277]],[[62963,61772],[617,-277]],[[64815,61495],[0,-554]],[[63580,61495],[618,277]],[[64198,61772],[617,-277]],[[66049,61495],[0,-554]],[[64815,61495],[617,277]],[[65432,61772],[617,-277]],[[67284,61495],[0,-554]],[[66049,61495],[618,277]],[[66667,61772],[617,-277]],[[68519,61495],[0,-554]],[[67284,61495],[617,277]],[[67901,61772],[618,-277]],[[69753,61495],[0,-554]],[[68519,61495],[617,277]],[[69136,61772],[617,-277]],[[70988,61495],[0,-554]],[[69753,61495],[617,277]],[[70370,61772],[618,-277]],[[72222,61495],[0,-554]],[[70988,61495],[617,277]],[[71605,61772],[617,-277]],[[73457,61495],[0,-554]],[[72222,61495],[618,277]],[[72840,61772],[617,-277]],[[74691,61495],[0,-554]],[[73457,61495],[617,277]],[[74074,61772],[617,-277]],[[74691,61495],[618,277]],[[75309,61772],[617,-277],[0,-554],[-617,-277]],[[38272,62326],[0,-554]],[[37037,61772],[0,554],[617,277]],[[37654,62603],[618,-277]],[[39506,62326],[0,-554]],[[39506,61772],[-617,-277]],[[38272,62326],[617,277]],[[38889,62603],[617,-277]],[[40741,62326],[0,-554]],[[40741,61772],[-618,-277],[-617,277]],[[39506,62326],[617,277]],[[40123,62603],[618,-277]],[[41975,62326],[0,-554],[-617,-277],[-617,277]],[[40741,62326],[617,277]],[[41358,62603],[617,-277]],[[46914,62326],[0,-554]],[[45679,61772],[0,554],[617,277],[618,-277]],[[48148,62326],[0,-554]],[[48148,61772],[-617,-277]],[[46914,62326],[617,277],[617,-277]],[[49383,62326],[0,-554]],[[48765,61495],[-617,277]],[[48148,62326],[617,277],[618,-277]],[[49383,62326],[617,277],[617,-277],[0,-554],[-617,-277]],[[53086,62326],[0,-554]],[[51852,61772],[0,554]],[[51852,62326],[617,277]],[[52469,62603],[617,-277]],[[54321,62326],[0,-554],[-617,-277]],[[53086,62326],[618,277]],[[53704,62603],[617,-277]],[[58025,62326],[0,-554]],[[57407,61495],[-617,277],[0,554],[617,277],[618,-277]],[[59259,62326],[0,-554]],[[58025,62326],[617,277]],[[58642,62603],[617,-277]],[[60494,62326],[0,-554]],[[59259,62326],[618,277]],[[59877,62603],[617,-277]],[[61728,62326],[0,-554]],[[60494,62326],[617,277],[617,-277]],[[62963,62326],[0,-554]],[[61728,62326],[618,277]],[[62346,62603],[617,-277]],[[64198,62326],[0,-554]],[[62963,62326],[617,277]],[[63580,62603],[618,-277]],[[65432,62326],[0,-554]],[[64198,62326],[617,277]],[[64815,62603],[617,-277]],[[66667,62326],[0,-554]],[[65432,62326],[617,277]],[[66049,62603],[618,-277]],[[67901,62326],[0,-554]],[[66667,62326],[617,277]],[[67284,62603],[617,-277]],[[69136,62326],[0,-554]],[[67901,62326],[618,277]],[[68519,62603],[617,-277]],[[70370,62326],[0,-554]],[[69136,62326],[617,277]],[[69753,62603],[617,-277]],[[71605,62326],[0,-554]],[[70370,62326],[618,277]],[[70988,62603],[617,-277]],[[72840,62326],[0,-554]],[[71605,62326],[617,277]],[[72222,62603],[618,-277]],[[74074,62326],[0,-554]],[[72840,62326],[617,277]],[[73457,62603],[617,-277]],[[75309,62326],[0,-554]],[[74074,62326],[617,277]],[[74691,62603],[618,-277]],[[36420,63157],[0,-554],[-618,-277],[-617,277],[0,554],[617,277],[618,-277]],[[38889,63157],[0,-554]],[[37654,62603],[0,554]],[[37654,63157],[618,277]],[[38272,63434],[617,-277]],[[40123,63157],[0,-554]],[[38889,63157],[617,277]],[[39506,63434],[617,-277]],[[41358,63157],[0,-554]],[[40123,63157],[618,277]],[[40741,63434],[617,-277]],[[41358,63157],[617,277]],[[41975,63434],[618,-277],[0,-554],[-618,-277]],[[52469,63157],[0,-554]],[[51852,62326],[-617,277],[0,554]],[[51235,63157],[617,277]],[[51852,63434],[617,-277]],[[53704,63157],[0,-554]],[[52469,63157],[617,277]],[[53086,63434],[618,-277]],[[54938,63157],[0,-554]],[[54938,62603],[-617,-277]],[[53704,63157],[617,277]],[[54321,63434],[617,-277]],[[56173,63157],[0,-554],[-617,-277],[-618,277]],[[54938,63157],[618,277]],[[55556,63434],[617,-277]],[[59877,63157],[0,-554]],[[58642,62603],[0,554],[617,277]],[[59259,63434],[618,-277]],[[63580,63157],[0,-554]],[[62346,62603],[0,554]],[[62346,63157],[617,277]],[[62963,63434],[617,-277]],[[64815,63157],[0,-554]],[[63580,63157],[618,277]],[[64198,63434],[617,-277]],[[66049,63157],[0,-554]],[[64815,63157],[617,277]],[[65432,63434],[617,-277]],[[67284,63157],[0,-554]],[[66049,63157],[618,277]],[[66667,63434],[617,-277]],[[68519,63157],[0,-554]],[[67284,63157],[617,277]],[[67901,63434],[618,-277]],[[69753,63157],[0,-554]],[[68519,63157],[617,277]],[[69136,63434],[617,-277]],[[70988,63157],[0,-554]],[[69753,63157],[617,277]],[[70370,63434],[618,-277]],[[72222,63157],[0,-554]],[[70988,63157],[617,277]],[[71605,63434],[617,-277]],[[73457,63157],[0,-554]],[[72222,63157],[618,277]],[[72840,63434],[617,-277]],[[74691,63157],[0,-554]],[[73457,63157],[617,277]],[[74074,63434],[617,-277]],[[75926,63157],[0,-554]],[[75926,62603],[-617,-277]],[[74691,63157],[618,277]],[[75309,63434],[617,-277]],[[77161,63157],[0,-554]],[[77161,62603],[-618,-277],[-617,277]],[[75926,63157],[617,277]],[[76543,63434],[618,-277]],[[77161,63157],[617,277]],[[77778,63434],[617,-277],[0,-554],[-617,-277],[-617,277]],[[38272,63988],[0,-554]],[[37654,63157],[-617,277],[0,554],[617,277]],[[37654,64265],[618,-277]],[[39506,63988],[0,-554]],[[38272,63988],[617,277]],[[38889,64265],[617,-277]],[[40741,63434],[0,554],[617,277],[617,-277],[0,-554]],[[51235,63157],[-618,277],[0,554]],[[50617,63988],[618,277]],[[51235,64265],[617,-277],[0,-554]],[[54321,63988],[0,-554]],[[53086,63434],[0,554]],[[53086,63988],[618,277]],[[53704,64265],[617,-277]],[[55556,63988],[0,-554]],[[54321,63988],[617,277],[618,-277]],[[55556,63988],[617,277],[617,-277],[0,-554],[-617,-277]],[[60494,63988],[0,-554],[-617,-277]],[[59259,63434],[0,554]],[[59259,63988],[618,277]],[[59877,64265],[617,-277]],[[62963,63988],[0,-554]],[[62346,63157],[-618,277],[0,554]],[[61728,63988],[618,277]],[[62346,64265],[617,-277]],[[64198,63988],[0,-554]],[[62963,63988],[617,277]],[[63580,64265],[618,-277]],[[65432,63988],[0,-554]],[[64198,63988],[617,277]],[[64815,64265],[617,-277]],[[66667,63988],[0,-554]],[[65432,63988],[617,277]],[[66049,64265],[618,-277]],[[67901,63988],[0,-554]],[[66667,63988],[617,277]],[[67284,64265],[617,-277]],[[69136,63988],[0,-554]],[[67901,63988],[618,277]],[[68519,64265],[617,-277]],[[70370,63988],[0,-554]],[[69136,63988],[617,277]],[[69753,64265],[617,-277]],[[71605,63988],[0,-554]],[[70370,63988],[618,277]],[[70988,64265],[617,-277]],[[72840,63988],[0,-554]],[[71605,63988],[617,277]],[[72222,64265],[618,-277]],[[74074,63988],[0,-554]],[[72840,63988],[617,277]],[[73457,64265],[617,-277]],[[75309,63988],[0,-554]],[[74074,63988],[617,277]],[[74691,64265],[618,-277]],[[76543,63988],[0,-554]],[[75309,63988],[617,277]],[[75926,64265],[617,-277]],[[77778,63988],[0,-554]],[[76543,63988],[618,277]],[[77161,64265],[617,-277]],[[38889,64819],[0,-554]],[[37654,64265],[0,554],[618,277],[617,-277]],[[40123,64819],[0,-554],[-617,-277]],[[38889,64819],[617,277]],[[39506,65096],[617,-277]],[[43827,64819],[0,-554],[-617,-277],[-617,277],[0,554],[617,277],[617,-277]],[[51235,64819],[0,-554]],[[50617,63988],[-617,277],[0,554],[617,277]],[[50617,65096],[618,-277]],[[53086,63988],[-617,277],[0,554],[617,277],[618,-277],[0,-554]],[[59877,64819],[0,-554]],[[59259,63988],[-617,277],[0,554],[617,277],[618,-277]],[[61111,64819],[0,-554]],[[61111,64265],[-617,-277]],[[59877,64819],[617,277]],[[60494,65096],[617,-277]],[[62346,64819],[0,-554]],[[61728,63988],[-617,277]],[[61111,64819],[617,277]],[[61728,65096],[618,-277]],[[64815,64819],[0,-554]],[[63580,64265],[0,554]],[[63580,64819],[618,277]],[[64198,65096],[617,-277]],[[66049,64819],[0,-554]],[[64815,64819],[617,277]],[[65432,65096],[617,-277]],[[68519,64819],[0,-554]],[[67284,64265],[0,554]],[[67284,64819],[617,277]],[[67901,65096],[618,-277]],[[69753,64819],[0,-554]],[[68519,64819],[617,277]],[[69136,65096],[617,-277]],[[70988,64819],[0,-554]],[[69753,64819],[617,277]],[[70370,65096],[618,-277]],[[72222,64819],[0,-554]],[[70988,64819],[617,277]],[[71605,65096],[617,-277]],[[73457,64819],[0,-554]],[[72222,64819],[618,277]],[[72840,65096],[617,-277]],[[74691,64819],[0,-554]],[[73457,64819],[617,277]],[[74074,65096],[617,-277]],[[75926,64819],[0,-554]],[[74691,64819],[618,277]],[[75309,65096],[617,-277]],[[77161,64819],[0,-554]],[[75926,64819],[617,277]],[[76543,65096],[618,-277]],[[77161,64819],[617,277]],[[77778,65096],[617,-277],[0,-554],[-617,-277]],[[80864,64819],[0,-554],[-617,-277],[-617,277],[0,554],[617,277],[617,-277]],[[40741,65650],[0,-554],[-618,-277]],[[39506,65096],[0,554],[617,277]],[[40123,65927],[618,-277]],[[49383,65650],[0,-554],[-618,-277],[-617,277],[0,554],[617,277]],[[48765,65927],[618,-277]],[[50617,65096],[0,554],[618,277],[617,-277],[0,-554],[-617,-277]],[[55556,65650],[0,-554],[-618,-277],[-617,277],[0,554],[617,277],[618,-277]],[[61728,65650],[0,-554]],[[60494,65096],[0,554],[617,277],[617,-277]],[[62963,65650],[0,-554]],[[62963,65096],[-617,-277]],[[61728,65650],[618,277],[617,-277]],[[63580,64819],[-617,277]],[[62963,65650],[617,277],[618,-277],[0,-554]],[[66667,65650],[0,-554]],[[66667,65096],[-618,-277]],[[65432,65096],[0,554]],[[65432,65650],[617,277]],[[66049,65927],[618,-277]],[[67901,65650],[0,-554]],[[67284,64819],[-617,277]],[[66667,65650],[617,277]],[[67284,65927],[617,-277]],[[69136,65650],[0,-554]],[[67901,65650],[618,277]],[[68519,65927],[617,-277]],[[70370,65650],[0,-554]],[[69136,65650],[617,277]],[[69753,65927],[617,-277]],[[71605,65650],[0,-554]],[[70370,65650],[618,277]],[[70988,65927],[617,-277]],[[72840,65650],[0,-554]],[[71605,65650],[617,277]],[[72222,65927],[618,-277]],[[74074,65650],[0,-554]],[[72840,65650],[617,277]],[[73457,65927],[617,-277]],[[75309,65650],[0,-554]],[[74074,65650],[617,277]],[[74691,65927],[618,-277]],[[76543,65650],[0,-554]],[[75309,65650],[617,277]],[[75926,65927],[617,-277]],[[76543,65650],[618,277]],[[77161,65927],[617,-277],[0,-554]],[[38889,66481],[0,-554],[-617,-277],[-618,277],[0,554],[618,277],[617,-277]],[[40123,65927],[0,554],[618,277],[617,-277],[0,-554],[-617,-277]],[[42593,66481],[617,277]],[[43210,66758],[617,-277],[0,-554],[-617,-277],[-617,277],[0,554]],[[48765,65927],[0,554],[618,277],[617,-277],[0,-554],[-617,-277]],[[53704,66481],[0,-554],[-618,-277],[-617,277],[0,554],[617,277]],[[53086,66758],[618,-277]],[[58642,66481],[0,-554],[-617,-277],[-618,277],[0,554],[618,277],[617,-277]],[[66049,66481],[0,-554]],[[65432,65650],[-617,277],[0,554]],[[64815,66481],[617,277]],[[65432,66758],[617,-277]],[[67284,66481],[0,-554]],[[66049,66481],[618,277]],[[66667,66758],[617,-277]],[[68519,66481],[0,-554]],[[67284,66481],[617,277],[618,-277]],[[69753,66481],[0,-554]],[[68519,66481],[617,277]],[[69136,66758],[617,-277]],[[70988,66481],[0,-554]],[[69753,66481],[617,277]],[[70370,66758],[618,-277]],[[72222,66481],[0,-554]],[[70988,66481],[617,277]],[[71605,66758],[617,-277]],[[73457,66481],[0,-554]],[[72222,66481],[618,277]],[[72840,66758],[617,-277]],[[74691,66481],[0,-554]],[[73457,66481],[617,277]],[[74074,66758],[617,-277]],[[75926,66481],[0,-554]],[[74691,66481],[618,277]],[[75309,66758],[617,-277]],[[75926,66481],[617,277]],[[76543,66758],[618,-277],[0,-554]],[[42593,66481],[-618,277],[0,554],[618,277],[617,-277],[0,-554]],[[45679,67312],[0,-554],[-617,-277],[-618,277],[0,554],[618,277],[617,-277]],[[48148,67312],[0,-554],[-617,-277],[-617,277],[0,554],[617,277],[617,-277]],[[54321,67312],[0,-554]],[[54321,66758],[-617,-277]],[[53086,66758],[0,554],[618,277],[617,-277]],[[55556,67312],[0,-554]],[[55556,66758],[-618,-277],[-617,277]],[[54321,67312],[617,277],[618,-277]],[[55556,67312],[617,277],[617,-277],[0,-554],[-617,-277],[-617,277]],[[64198,67312],[0,-554]],[[64198,66758],[-618,-277],[-617,277],[0,554]],[[62963,67312],[617,277]],[[63580,67589],[618,-277]],[[65432,67312],[0,-554]],[[64815,66481],[-617,277]],[[64198,67312],[617,277]],[[64815,67589],[617,-277]],[[66667,67312],[0,-554]],[[65432,67312],[617,277]],[[66049,67589],[618,-277]],[[70370,67312],[0,-554]],[[69136,66758],[0,554]],[[69136,67312],[617,277]],[[69753,67589],[617,-277]],[[71605,67312],[0,-554]],[[70370,67312],[618,277]],[[70988,67589],[617,-277]],[[72840,67312],[0,-554]],[[71605,67312],[617,277]],[[72222,67589],[618,-277]],[[74074,67312],[0,-554]],[[72840,67312],[617,277]],[[73457,67589],[617,-277]],[[75309,67312],[0,-554]],[[74074,67312],[617,277]],[[74691,67589],[618,-277]],[[75309,67312],[617,277],[617,-277],[0,-554]],[[41358,68143],[0,-554],[-617,-277],[-618,277],[0,554],[618,277]],[[40741,68420],[617,-277]],[[51235,68143],[0,-554]],[[51235,67589],[-618,-277],[-617,277],[0,554],[617,277],[618,-277]],[[52469,68143],[0,-554],[-617,-277],[-617,277]],[[51235,68143],[617,277]],[[51852,68420],[617,-277]],[[58642,68143],[0,-554]],[[58642,67589],[-617,-277],[-618,277],[0,554]],[[57407,68143],[618,277]],[[58025,68420],[617,-277]],[[59877,68143],[0,-554],[-618,-277],[-617,277]],[[58642,68143],[617,277]],[[59259,68420],[618,-277]],[[62346,68143],[0,-554]],[[62346,67589],[-618,-277],[-617,277],[0,554]],[[61111,68143],[617,277]],[[61728,68420],[618,-277]],[[63580,68143],[0,-554]],[[62963,67312],[-617,277]],[[62346,68143],[617,277]],[[62963,68420],[617,-277]],[[64815,68143],[0,-554]],[[63580,68143],[618,277]],[[64198,68420],[617,-277]],[[66049,68143],[0,-554]],[[64815,68143],[617,277]],[[65432,68420],[617,-277]],[[66049,68143],[618,277]],[[66667,68420],[617,-277],[0,-554],[-617,-277]],[[69753,68143],[0,-554]],[[69136,67312],[-617,277],[0,554]],[[68519,68143],[617,277]],[[69136,68420],[617,-277]],[[70988,68143],[0,-554]],[[69753,68143],[617,277]],[[70370,68420],[618,-277]],[[72222,68143],[0,-554]],[[70988,68143],[617,277]],[[71605,68420],[617,-277]],[[73457,68143],[0,-554]],[[72222,68143],[618,277]],[[72840,68420],[617,-277]],[[74691,68143],[0,-554]],[[73457,68143],[617,277]],[[74074,68420],[617,-277]],[[38272,68974],[0,-554],[-618,-277],[-617,277],[0,554],[617,277],[618,-277]],[[40741,68420],[0,554],[617,277],[617,-277],[0,-554],[-617,-277]],[[44444,68974],[0,-554]],[[44444,68420],[-617,-277],[-617,277],[0,554]],[[43210,68974],[617,277]],[[43827,69251],[617,-277]],[[45679,68974],[0,-554],[-617,-277],[-618,277]],[[44444,68974],[618,277]],[[45062,69251],[617,-277]],[[48148,68974],[0,-554],[-617,-277],[-617,277],[0,554]],[[46914,68974],[617,277]],[[47531,69251],[617,-277]],[[53086,68974],[0,-554],[-617,-277]],[[51852,68420],[0,554]],[[51852,68974],[617,277]],[[52469,69251],[617,-277]],[[56790,68974],[0,-554]],[[56790,68420],[-617,-277],[-617,277],[0,554]],[[55556,68974],[617,277]],[[56173,69251],[617,-277]],[[58025,68974],[0,-554]],[[57407,68143],[-617,277]],[[56790,68974],[617,277]],[[57407,69251],[618,-277]],[[59259,68974],[0,-554]],[[58025,68974],[617,277]],[[58642,69251],[617,-277]],[[60494,68974],[0,-554]],[[60494,68420],[-617,-277]],[[59259,68974],[618,277]],[[59877,69251],[617,-277]],[[61728,68974],[0,-554]],[[61111,68143],[-617,277]],[[60494,68974],[617,277]],[[61111,69251],[617,-277]],[[62963,68974],[0,-554]],[[61728,68974],[618,277]],[[62346,69251],[617,-277]],[[64198,68974],[0,-554]],[[62963,68974],[617,277]],[[63580,69251],[618,-277]],[[65432,68974],[0,-554]],[[64198,68974],[617,277]],[[64815,69251],[617,-277]],[[65432,68974],[617,277]],[[66049,69251],[618,-277],[0,-554]],[[69136,68974],[0,-554]],[[68519,68143],[-618,277],[0,554]],[[67901,68974],[618,277]],[[68519,69251],[617,-277]],[[70370,68974],[0,-554]],[[69136,68974],[617,277]],[[69753,69251],[617,-277]],[[71605,68974],[0,-554]],[[70370,68974],[618,277]],[[70988,69251],[617,-277]],[[72840,68974],[0,-554]],[[71605,68974],[617,277]],[[72222,69251],[618,-277]],[[74074,68974],[0,-554]],[[72840,68974],[617,277]],[[73457,69251],[617,-277]],[[74074,68974],[617,277]],[[74691,69251],[618,-277],[0,-554],[-618,-277]],[[29012,69805],[0,-554],[-617,-277],[-617,277],[0,554],[617,277],[617,-277]],[[43827,69805],[0,-554]],[[43210,68974],[-617,277],[0,554],[617,277],[617,-277]],[[45062,69805],[0,-554]],[[43827,69805],[617,277],[618,-277]],[[46296,69805],[0,-554]],[[46296,69251],[-617,-277]],[[45062,69805],[617,277],[617,-277]],[[47531,69805],[0,-554]],[[46914,68974],[-618,277]],[[46296,69805],[618,277],[617,-277]],[[48765,69805],[0,-554],[-617,-277]],[[47531,69805],[617,277]],[[48148,70082],[617,-277]],[[52469,69805],[0,-554]],[[51852,68974],[-617,277],[0,554]],[[51235,69805],[617,277]],[[51852,70082],[617,-277]],[[53704,69805],[0,-554]],[[53704,69251],[-618,-277]],[[52469,69805],[617,277]],[[53086,70082],[618,-277]],[[54938,69805],[0,-554]],[[54938,69251],[-617,-277],[-617,277]],[[53704,69805],[617,277],[617,-277]],[[56173,69805],[0,-554]],[[55556,68974],[-618,277]],[[54938,69805],[618,277]],[[55556,70082],[617,-277]],[[57407,69805],[0,-554]],[[56173,69805],[617,277]],[[56790,70082],[617,-277]],[[59877,69805],[0,-554]],[[58642,69251],[0,554]],[[58642,69805],[617,277]],[[59259,70082],[618,-277]],[[62346,69805],[0,-554]],[[61111,69251],[0,554]],[[61111,69805],[617,277]],[[61728,70082],[618,-277]],[[63580,69805],[0,-554]],[[62346,69805],[617,277]],[[62963,70082],[617,-277]],[[64815,69805],[0,-554]],[[63580,69805],[618,277]],[[64198,70082],[617,-277]],[[66049,69805],[0,-554]],[[64815,69805],[617,277]],[[65432,70082],[617,-277]],[[68519,69805],[0,-554]],[[67901,68974],[-617,277],[0,554],[617,277]],[[67901,70082],[618,-277]],[[69753,69805],[0,-554]],[[68519,69805],[617,277]],[[69136,70082],[617,-277]],[[70988,69805],[0,-554]],[[69753,69805],[617,277]],[[70370,70082],[618,-277]],[[72222,69805],[0,-554]],[[70988,69805],[617,277]],[[71605,70082],[617,-277]],[[73457,69805],[0,-554]],[[72222,69805],[618,277]],[[72840,70082],[617,-277]],[[73457,69805],[617,277]],[[74074,70082],[617,-277],[0,-554]],[[30864,70636],[0,-554],[-617,-277],[-617,277],[0,554],[617,277],[617,-277]],[[34568,70636],[0,-554],[-617,-277],[-618,277],[0,554],[618,277]],[[33951,70913],[617,-277]],[[49383,70636],[0,-554],[-618,-277]],[[48148,70082],[0,554]],[[48148,70636],[617,277]],[[48765,70913],[618,-277]],[[51852,70636],[0,-554]],[[51235,69805],[-618,277],[0,554]],[[50617,70636],[618,277]],[[51235,70913],[617,-277]],[[51852,70636],[617,277],[617,-277],[0,-554]],[[56790,70636],[0,-554]],[[55556,70082],[0,554]],[[55556,70636],[617,277]],[[56173,70913],[617,-277]],[[58025,70636],[0,-554]],[[58025,70082],[-618,-277]],[[56790,70636],[617,277]],[[57407,70913],[618,-277]],[[59259,70636],[0,-554]],[[58642,69805],[-617,277]],[[58025,70636],[617,277]],[[58642,70913],[617,-277]],[[60494,70636],[0,-554]],[[60494,70082],[-617,-277]],[[59259,70636],[618,277]],[[59877,70913],[617,-277]],[[61728,70636],[0,-554]],[[61111,69805],[-617,277]],[[60494,70636],[617,277],[617,-277]],[[62963,70636],[0,-554]],[[61728,70636],[618,277]],[[62346,70913],[617,-277]],[[64198,70636],[0,-554]],[[62963,70636],[617,277]],[[63580,70913],[618,-277]],[[65432,70636],[0,-554]],[[64198,70636],[617,277]],[[64815,70913],[617,-277]],[[66667,70636],[0,-554],[-618,-277]],[[65432,70636],[617,277]],[[66049,70913],[618,-277]],[[69136,70636],[0,-554]],[[67901,70082],[0,554],[618,277]],[[68519,70913],[617,-277]],[[71605,70636],[0,-554]],[[70370,70082],[0,554]],[[70370,70636],[618,277]],[[70988,70913],[617,-277]],[[72840,70636],[0,-554]],[[71605,70636],[617,277]],[[72222,70913],[618,-277]],[[72840,70636],[617,277],[617,-277],[0,-554]],[[35185,71467],[0,-554],[-617,-277]],[[33951,70913],[0,554],[617,277]],[[34568,71744],[617,-277]],[[38889,71467],[0,-554],[-617,-277],[-618,277],[0,554],[618,277]],[[38272,71744],[617,-277]],[[43827,71467],[617,277]],[[44444,71744],[618,-277],[0,-554],[-618,-277],[-617,277],[0,554]],[[48765,71467],[0,-554]],[[48148,70636],[-617,277],[0,554]],[[47531,71467],[617,277]],[[48148,71744],[617,-277]],[[50000,71467],[0,-554]],[[50000,70913],[-617,-277]],[[48765,71467],[618,277],[617,-277]],[[50617,70636],[-617,277]],[[50000,71467],[617,277],[618,-277],[0,-554]],[[56173,71467],[0,-554]],[[55556,70636],[-618,277],[0,554],[618,277]],[[55556,71744],[617,-277]],[[57407,71467],[0,-554]],[[56173,71467],[617,277]],[[56790,71744],[617,-277]],[[58642,71467],[0,-554]],[[57407,71467],[618,277]],[[58025,71744],[617,-277]],[[59877,71467],[0,-554]],[[58642,71467],[617,277]],[[59259,71744],[618,-277]],[[63580,71467],[0,-554]],[[62346,70913],[0,554]],[[62346,71467],[617,277]],[[62963,71744],[617,-277]],[[64815,71467],[0,-554]],[[63580,71467],[618,277]],[[64198,71744],[617,-277]],[[66049,70913],[0,554]],[[66049,71467],[618,277]],[[66667,71744],[617,-277],[0,-554],[-617,-277]],[[69753,71467],[0,-554]],[[69753,70913],[-617,-277]],[[68519,70913],[0,554]],[[68519,71467],[617,277]],[[69136,71744],[617,-277]],[[70988,71467],[0,-554]],[[70370,70636],[-617,277]],[[69753,71467],[617,277]],[[70370,71744],[618,-277]],[[70988,71467],[617,277]],[[71605,71744],[617,-277],[0,-554]],[[32099,72298],[0,-554]],[[32099,71744],[-618,-277],[-617,277],[0,554]],[[30864,72298],[617,277]],[[31481,72575],[618,-277]],[[32099,72298],[617,277],[617,-277],[0,-554],[-617,-277],[-617,277]],[[34568,71744],[0,554],[617,277],[617,-277],[0,-554],[-617,-277]],[[39506,72298],[0,-554]],[[39506,71744],[-617,-277]],[[38272,71744],[0,554]],[[38272,72298],[617,277]],[[38889,72575],[617,-277]],[[40741,72298],[0,-554],[-618,-277],[-617,277]],[[39506,72298],[617,277]],[[40123,72575],[618,-277]],[[43827,71467],[-617,277],[0,554],[617,277],[617,-277],[0,-554]],[[47531,71467],[-617,277],[0,554],[617,277],[617,-277],[0,-554]],[[54321,72298],[0,-554],[-617,-277],[-618,277],[0,554]],[[53086,72298],[618,277]],[[53704,72575],[617,-277]],[[56790,72298],[0,-554]],[[55556,71744],[0,554]],[[55556,72298],[617,277]],[[56173,72575],[617,-277]],[[58025,72298],[0,-554]],[[56790,72298],[617,277]],[[57407,72575],[618,-277]],[[59259,72298],[0,-554]],[[58025,72298],[617,277],[617,-277]],[[60494,72298],[0,-554]],[[60494,71744],[-617,-277]],[[59259,72298],[618,277]],[[59877,72575],[617,-277]],[[61728,72298],[0,-554]],[[61728,71744],[-617,-277],[-617,277]],[[60494,72298],[617,277]],[[61111,72575],[617,-277]],[[62963,72298],[0,-554]],[[62346,71467],[-618,277]],[[61728,72298],[618,277]],[[62346,72575],[617,-277]],[[64198,72298],[0,-554]],[[62963,72298],[617,277]],[[63580,72575],[618,-277]],[[65432,72298],[0,-554]],[[65432,71744],[-617,-277]],[[64198,72298],[617,277]],[[64815,72575],[617,-277]],[[66667,72298],[0,-554]],[[66049,71467],[-617,277]],[[65432,72298],[617,277]],[[66049,72575],[618,-277]],[[69136,72298],[0,-554]],[[68519,71467],[-618,277],[0,554]],[[67901,72298],[618,277]],[[68519,72575],[617,-277]],[[71605,72298],[0,-554]],[[70370,71744],[0,554]],[[70370,72298],[618,277]],[[70988,72575],[617,-277]],[[31481,73129],[0,-554]],[[30864,72298],[-617,277],[0,554],[617,277]],[[30864,73406],[617,-277]],[[38272,72298],[-618,277],[0,554],[618,277],[617,-277],[0,-554]],[[40123,72575],[0,554],[618,277],[617,-277],[0,-554],[-617,-277]],[[50000,73129],[0,-554],[-617,-277],[-618,277],[0,554],[618,277],[617,-277]],[[53704,73129],[0,-554]],[[53086,72298],[-617,277],[0,554],[617,277]],[[53086,73406],[618,-277]],[[54938,73129],[0,-554]],[[54938,72575],[-617,-277]],[[53704,73129],[617,277]],[[54321,73406],[617,-277]],[[56173,73129],[0,-554]],[[55556,72298],[-618,277]],[[54938,73129],[618,277]],[[55556,73406],[617,-277]],[[56173,73129],[617,277]],[[56790,73406],[617,-277],[0,-554]],[[61111,73129],[0,-554]],[[59877,72575],[0,554],[617,277]],[[60494,73406],[617,-277]],[[62346,73129],[0,-554]],[[61111,73129],[617,277]],[[61728,73406],[618,-277]],[[63580,73129],[0,-554]],[[62346,73129],[617,277]],[[62963,73406],[617,-277]],[[64815,73129],[0,-554]],[[63580,73129],[618,277]],[[64198,73406],[617,-277]],[[67284,73129],[0,-554]],[[67284,72575],[-617,-277]],[[66049,72575],[0,554]],[[66049,73129],[618,277]],[[66667,73406],[617,-277]],[[68519,73129],[0,-554]],[[67901,72298],[-617,277]],[[67284,73129],[617,277]],[[67901,73406],[618,-277]],[[69753,73129],[0,-554]],[[69753,72575],[-617,-277]],[[68519,73129],[617,277]],[[69136,73406],[617,-277]],[[70988,73129],[0,-554]],[[70370,72298],[-617,277]],[[69753,73129],[617,277]],[[70370,73406],[618,-277]],[[70988,73129],[617,277]],[[71605,73406],[617,-277],[0,-554],[-617,-277]],[[32099,73960],[0,-554]],[[32099,73406],[-618,-277]],[[30864,73406],[0,554],[617,277]],[[31481,74237],[618,-277]],[[32099,73960],[617,277]],[[32716,74237],[617,-277],[0,-554],[-617,-277],[-617,277]],[[46914,73960],[0,-554],[-618,-277],[-617,277],[0,554],[617,277],[618,-277]],[[54321,73960],[0,-554]],[[53086,73406],[0,554]],[[53086,73960],[618,277]],[[53704,74237],[617,-277]],[[55556,73960],[0,-554]],[[54321,73960],[617,277],[618,-277]],[[55556,73960],[617,277],[617,-277],[0,-554]],[[61728,73960],[0,-554]],[[60494,73406],[0,554]],[[60494,73960],[617,277]],[[61111,74237],[617,-277]],[[62963,73960],[0,-554]],[[61728,73960],[618,277]],[[62346,74237],[617,-277]],[[64198,73960],[0,-554]],[[62963,73960],[617,277]],[[63580,74237],[618,-277]],[[65432,73960],[0,-554]],[[65432,73406],[-617,-277]],[[64198,73960],[617,277]],[[64815,74237],[617,-277]],[[66667,73960],[0,-554]],[[66049,73129],[-617,277]],[[65432,73960],[617,277],[618,-277]],[[67901,73960],[0,-554]],[[66667,73960],[617,277]],[[67284,74237],[617,-277]],[[69136,73960],[0,-554]],[[67901,73960],[618,277]],[[68519,74237],[617,-277]],[[70370,73960],[0,-554]],[[69136,73960],[617,277]],[[69753,74237],[617,-277]],[[70370,73960],[618,277]],[[70988,74237],[617,-277],[0,-554]],[[31481,74237],[0,554],[618,278],[617,-278],[0,-554]],[[38889,74791],[617,278]],[[39506,75069],[617,-278],[0,-554],[-617,-277],[-617,277],[0,554]],[[43827,74791],[0,-554],[-617,-277],[-617,277],[0,554],[617,278]],[[43210,75069],[617,-278]],[[51235,74791],[0,-554],[-618,-277],[-617,277],[0,554],[617,278],[618,-278]],[[53086,73960],[-617,277],[0,554]],[[52469,74791],[617,278]],[[53086,75069],[618,-278],[0,-554]],[[58642,74791],[0,-554]],[[58642,74237],[-617,-277],[-618,277],[0,554]],[[57407,74791],[618,278]],[[58025,75069],[617,-278]],[[59877,74791],[0,-554]],[[59877,74237],[-618,-277],[-617,277]],[[58642,74791],[617,278]],[[59259,75069],[618,-278]],[[61111,74791],[0,-554]],[[60494,73960],[-617,277]],[[59877,74791],[617,278]],[[60494,75069],[617,-278]],[[62346,74791],[0,-554]],[[61111,74791],[617,278]],[[61728,75069],[618,-278]],[[63580,74791],[0,-554]],[[62346,74791],[617,278]],[[62963,75069],[617,-278]],[[63580,74791],[618,278]],[[64198,75069],[617,-278],[0,-554]],[[68519,74791],[0,-554]],[[67284,74237],[0,554]],[[67284,74791],[617,278]],[[67901,75069],[618,-278]],[[69753,74791],[0,-554]],[[68519,74791],[617,278]],[[69136,75069],[617,-278]],[[70988,74791],[0,-554]],[[69753,74791],[617,278]],[[70370,75069],[618,-278]],[[30864,75623],[0,-554],[-617,-278],[-617,278],[0,554],[617,277],[617,-277]],[[38889,74791],[-617,278],[0,554],[617,277],[617,-277],[0,-554]],[[44444,75623],[0,-554]],[[44444,75069],[-617,-278]],[[43210,75069],[0,554],[617,277],[617,-277]],[[44444,75623],[618,277],[617,-277],[0,-554],[-617,-278],[-618,278]],[[48148,75623],[0,-554],[-617,-278],[-617,278],[0,554],[617,277],[617,-277]],[[53086,75623],[0,-554]],[[52469,74791],[-617,278],[0,554],[617,277]],[[52469,75900],[617,-277]],[[56790,75623],[0,-554]],[[56790,75069],[-617,-278],[-617,278],[0,554],[617,277],[617,-277]],[[58025,75623],[0,-554]],[[57407,74791],[-617,278]],[[56790,75623],[617,277]],[[57407,75900],[618,-277]],[[59259,75623],[0,-554]],[[58025,75623],[617,277]],[[58642,75900],[617,-277]],[[60494,75623],[0,-554]],[[59259,75623],[618,277]],[[59877,75900],[617,-277]],[[60494,75623],[617,277]],[[61111,75900],[617,-277],[0,-554]],[[64198,75623],[0,-554]],[[62963,75069],[0,554]],[[62963,75623],[617,277]],[[63580,75900],[618,-277]],[[67901,75623],[0,-554]],[[67284,74791],[-617,278],[0,554]],[[66667,75623],[617,277]],[[67284,75900],[617,-277]],[[69136,75623],[0,-554]],[[67901,75623],[618,277]],[[68519,75900],[617,-277]],[[70370,75623],[0,-554]],[[69136,75623],[617,277]],[[69753,75900],[617,-277]],[[71605,75623],[0,-554],[-617,-278]],[[70370,75623],[618,277]],[[70988,75900],[617,-277]],[[33951,76454],[0,-554],[-618,-277],[-617,277],[0,554],[617,277],[618,-277]],[[36420,76454],[0,-554]],[[36420,75900],[-618,-277],[-617,277],[0,554],[617,277],[618,-277]],[[37654,76454],[0,-554],[-617,-277],[-617,277]],[[36420,76454],[617,277]],[[37037,76731],[617,-277]],[[41358,76454],[617,277]],[[41975,76731],[618,-277],[0,-554],[-618,-277],[-617,277],[0,554]],[[51235,76454],[0,-554],[-618,-277],[-617,277],[0,554],[617,277],[618,-277]],[[52469,75900],[0,554]],[[52469,76454],[617,277]],[[53086,76731],[618,-277],[0,-554],[-618,-277]],[[58642,76454],[0,-554]],[[57407,75900],[0,554]],[[57407,76454],[618,277]],[[58025,76731],[617,-277]],[[59877,76454],[0,-554]],[[58642,76454],[617,277],[618,-277]],[[61111,76454],[0,-554]],[[59877,76454],[617,277]],[[60494,76731],[617,-277]],[[63580,76454],[0,-554]],[[62963,75623],[-617,277],[0,554],[617,277]],[[62963,76731],[617,-277]],[[64815,76454],[0,-554]],[[64815,75900],[-617,-277]],[[63580,76454],[618,277]],[[64198,76731],[617,-277]],[[66049,76454],[0,-554]],[[66049,75900],[-617,-277],[-617,277]],[[64815,76454],[617,277]],[[65432,76731],[617,-277]],[[67284,76454],[0,-554]],[[66667,75623],[-618,277]],[[66049,76454],[618,277]],[[66667,76731],[617,-277]],[[68519,76454],[0,-554]],[[67284,76454],[617,277]],[[67901,76731],[618,-277]],[[69753,76454],[0,-554]],[[68519,76454],[617,277]],[[69136,76731],[617,-277]],[[70988,76454],[0,-554]],[[69753,76454],[617,277]],[[70370,76731],[618,-277]],[[70988,76454],[617,277]],[[71605,76731],[617,-277],[0,-554],[-617,-277]],[[29630,77285],[0,-554],[-618,-277],[-617,277],[0,554],[617,277],[618,-277]],[[38272,77285],[0,-554],[-618,-277]],[[37037,76731],[0,554],[617,277]],[[37654,77562],[618,-277]],[[41358,76454],[-617,277],[0,554],[617,277],[617,-277],[0,-554]],[[44444,77285],[0,-554]],[[44444,76731],[-617,-277],[-617,277],[0,554],[617,277],[617,-277]],[[44444,77285],[618,277],[617,-277],[0,-554],[-617,-277],[-618,277]],[[49383,77285],[0,-554],[-618,-277],[-617,277],[0,554]],[[48148,77285],[617,277]],[[48765,77562],[618,-277]],[[52469,76454],[-617,277],[0,554],[617,277],[617,-277],[0,-554]],[[56790,77285],[0,-554]],[[56790,76731],[-617,-277],[-617,277],[0,554]],[[55556,77285],[617,277]],[[56173,77562],[617,-277]],[[58025,77285],[0,-554]],[[57407,76454],[-617,277]],[[56790,77285],[617,277]],[[57407,77562],[618,-277]],[[60494,76731],[0,554]],[[60494,77285],[617,277]],[[61111,77562],[617,-277],[0,-554],[-617,-277]],[[64198,77285],[0,-554]],[[62963,76731],[0,554]],[[62963,77285],[617,277]],[[63580,77562],[618,-277]],[[64198,77285],[617,277]],[[64815,77562],[617,-277],[0,-554]],[[67901,77285],[0,-554]],[[66667,76731],[0,554]],[[66667,77285],[617,277]],[[67284,77562],[617,-277]],[[69136,77285],[0,-554]],[[67901,77285],[618,277]],[[68519,77562],[617,-277]],[[70370,77285],[0,-554]],[[69136,77285],[617,277]],[[69753,77562],[617,-277]],[[70370,77285],[618,277]],[[70988,77562],[617,-277],[0,-554]],[[26543,78116],[0,-554],[-617,-277],[-617,277],[0,554],[617,277],[617,-277]],[[36420,78116],[0,-554],[-618,-277],[-617,277],[0,554],[617,277],[618,-277]],[[37654,77562],[0,554]],[[37654,78116],[618,277]],[[38272,78393],[617,-277],[0,-554],[-617,-277]],[[47531,78116],[0,-554]],[[47531,77562],[-617,-277],[-618,277],[0,554],[618,277],[617,-277]],[[48765,78116],[0,-554]],[[48148,77285],[-617,277]],[[47531,78116],[617,277],[617,-277]],[[50000,78116],[0,-554]],[[50000,77562],[-617,-277]],[[48765,78116],[618,277],[617,-277]],[[51235,78116],[0,-554],[-618,-277],[-617,277]],[[50000,78116],[617,277]],[[50617,78393],[618,-277]],[[54938,78116],[0,-554]],[[54938,77562],[-617,-277],[-617,277],[0,554]],[[53704,78116],[617,277]],[[54321,78393],[617,-277]],[[56173,78116],[0,-554]],[[55556,77285],[-618,277]],[[54938,78116],[618,277]],[[55556,78393],[617,-277]],[[58642,78116],[0,-554],[-617,-277]],[[57407,77562],[0,554]],[[57407,78116],[618,277]],[[58025,78393],[617,-277]],[[60494,77285],[-617,277],[0,554]],[[59877,78116],[617,277]],[[60494,78393],[617,-277],[0,-554]],[[63580,78116],[0,-554]],[[62963,77285],[-617,277],[0,554]],[[62346,78116],[617,277]],[[62963,78393],[617,-277]],[[63580,78116],[618,277],[617,-277],[0,-554]],[[67284,78116],[0,-554]],[[66667,77285],[-618,277],[0,554],[618,277],[617,-277]],[[68519,78116],[0,-554]],[[67284,78116],[617,277]],[[67901,78393],[618,-277]],[[69753,78116],[0,-554]],[[68519,78116],[617,277]],[[69136,78393],[617,-277]],[[70988,78116],[0,-554]],[[69753,78116],[617,277]],[[70370,78393],[618,-277]],[[37654,78116],[-617,277],[0,554],[617,277],[618,-277],[0,-554]],[[50617,78393],[0,554],[618,277],[617,-277],[0,-554],[-617,-277]],[[54321,78947],[0,-554]],[[53704,78116],[-618,277],[0,554],[618,277],[617,-277]],[[55556,78947],[0,-554]],[[54321,78947],[617,277]],[[54938,79224],[618,-277]],[[56790,78947],[0,-554]],[[56790,78393],[-617,-277]],[[55556,78947],[617,277]],[[56173,79224],[617,-277]],[[58025,78947],[0,-554]],[[57407,78116],[-617,277]],[[56790,78947],[617,277],[618,-277]],[[59259,78947],[0,-554]],[[59259,78393],[-617,-277]],[[58025,78947],[617,277],[617,-277]],[[59877,78116],[-618,277]],[[59259,78947],[618,277],[617,-277],[0,-554]],[[62963,78947],[0,-554]],[[62346,78116],[-618,277],[0,554],[618,277]],[[62346,79224],[617,-277]],[[69136,78947],[0,-554]],[[67901,78393],[0,554]],[[67901,78947],[618,277]],[[68519,79224],[617,-277]],[[70370,78947],[0,-554]],[[69136,78947],[617,277]],[[69753,79224],[617,-277]],[[70370,78947],[618,277]],[[70988,79224],[617,-277],[0,-554],[-617,-277]],[[22840,79778],[0,-554],[-618,-277],[-617,277],[0,554],[617,277],[618,-277]],[[35185,79778],[617,277]],[[35802,80055],[618,-277],[0,-554],[-618,-277],[-617,277],[0,554]],[[46296,79778],[0,-554],[-617,-277],[-617,277],[0,554],[617,277],[617,-277]],[[56173,79778],[0,-554]],[[54938,79224],[0,554],[618,277]],[[55556,80055],[617,-277]],[[62346,79224],[0,554]],[[62346,79778],[617,277]],[[62963,80055],[617,-277],[0,-554],[-617,-277]],[[67284,79778],[0,-554]],[[67284,79224],[-617,-277],[-618,277],[0,554]],[[66049,79778],[618,277]],[[66667,80055],[617,-277]],[[68519,79778],[0,-554]],[[67901,78947],[-617,277]],[[67284,79778],[617,277]],[[67901,80055],[618,-277]],[[69753,79778],[0,-554]],[[68519,79778],[617,277]],[[69136,80055],[617,-277]],[[69753,79778],[617,277]],[[70370,80055],[618,-277],[0,-554]],[[24691,80609],[0,-554],[-617,-277],[-617,277],[0,554],[617,277],[617,-277]],[[30864,80609],[0,-554],[-617,-277],[-617,277],[0,554],[617,277],[617,-277]],[[33333,80609],[0,-554],[-617,-277],[-617,277],[0,554]],[[32099,80609],[617,277]],[[32716,80886],[617,-277]],[[35802,80609],[0,-554]],[[35185,79778],[-617,277],[0,554],[617,277]],[[35185,80886],[617,-277]],[[40741,80609],[0,-554],[-618,-277],[-617,277],[0,554],[617,277],[618,-277]],[[46914,80609],[617,277]],[[47531,80886],[617,-277],[0,-554],[-617,-277],[-617,277],[0,554]],[[50617,80609],[0,-554]],[[50617,80055],[-617,-277],[-617,277],[0,554],[617,277]],[[50000,80886],[617,-277]],[[50617,80609],[618,277]],[[51235,80886],[617,-277],[0,-554],[-617,-277],[-618,277]],[[53086,80609],[618,277]],[[53704,80886],[617,-277],[0,-554],[-617,-277],[-618,277],[0,554]],[[56790,80609],[0,-554]],[[56790,80055],[-617,-277]],[[55556,80055],[0,554]],[[55556,80609],[617,277]],[[56173,80886],[617,-277]],[[58025,80609],[0,-554]],[[58025,80055],[-618,-277],[-617,277]],[[56790,80609],[617,277]],[[57407,80886],[618,-277]],[[59259,80609],[0,-554],[-617,-277],[-617,277]],[[58025,80609],[617,277]],[[58642,80886],[617,-277]],[[62963,80609],[0,-554]],[[62346,79778],[-618,277],[0,554]],[[61728,80609],[618,277]],[[62346,80886],[617,-277]],[[65432,80609],[0,-554]],[[65432,80055],[-617,-277],[-617,277],[0,554],[617,277]],[[64815,80886],[617,-277]],[[66667,80609],[0,-554]],[[66049,79778],[-617,277]],[[65432,80609],[617,277]],[[66049,80886],[618,-277]],[[67901,80609],[0,-554]],[[66667,80609],[617,277]],[[67284,80886],[617,-277]],[[69136,80609],[0,-554]],[[67901,80609],[618,277]],[[68519,80886],[617,-277]],[[69136,80609],[617,277]],[[69753,80886],[617,-277],[0,-554]],[[32716,81440],[0,-554]],[[32099,80609],[-618,277],[0,554],[618,277]],[[32099,81717],[617,-277]],[[32716,81440],[617,277]],[[33333,81717],[618,-277],[0,-554],[-618,-277]],[[35185,80886],[0,554]],[[35185,81440],[617,277]],[[35802,81717],[618,-277],[0,-554],[-618,-277]],[[42593,81440],[0,-554]],[[42593,80886],[-618,-277],[-617,277],[0,554],[617,277],[618,-277]],[[43827,81440],[0,-554]],[[43827,80886],[-617,-277],[-617,277]],[[42593,81440],[617,277]],[[43210,81717],[617,-277]],[[43827,81440],[617,277]],[[44444,81717],[618,-277],[0,-554],[-618,-277],[-617,277]],[[47531,81440],[0,-554]],[[46914,80609],[-618,277],[0,554]],[[46296,81440],[618,277]],[[46914,81717],[617,-277]],[[51235,81440],[0,-554]],[[50000,80886],[0,554],[617,277]],[[50617,81717],[618,-277]],[[53704,81440],[0,-554]],[[53086,80609],[-617,277],[0,554],[617,277]],[[53086,81717],[618,-277]],[[55556,80609],[-618,277],[0,554]],[[54938,81440],[618,277]],[[55556,81717],[617,-277],[0,-554]],[[58642,81440],[0,-554]],[[57407,80886],[0,554],[618,277]],[[58025,81717],[617,-277]],[[59877,81440],[0,-554]],[[59877,80886],[-618,-277]],[[58642,81440],[617,277]],[[59259,81717],[618,-277]],[[61111,81440],[0,-554]],[[61111,80886],[-617,-277],[-617,277]],[[59877,81440],[617,277],[617,-277]],[[62346,81440],[0,-554]],[[61728,80609],[-617,277]],[[61111,81440],[617,277]],[[61728,81717],[618,-277]],[[63580,81440],[0,-554],[-617,-277]],[[62346,81440],[617,277]],[[62963,81717],[617,-277]],[[66049,81440],[0,-554]],[[64815,80886],[0,554],[617,277],[617,-277]],[[67284,81440],[0,-554]],[[66049,81440],[618,277]],[[66667,81717],[617,-277]],[[68519,81440],[0,-554]],[[67284,81440],[617,277]],[[67901,81717],[618,-277]],[[68519,81440],[617,277]],[[69136,81717],[617,-277],[0,-554]],[[30864,82271],[0,-554],[-617,-277],[-617,277],[0,554],[617,277],[617,-277]],[[32099,81717],[0,554],[617,277],[617,-277],[0,-554]],[[35185,81440],[-617,277],[0,554]],[[34568,82271],[617,277]],[[35185,82548],[617,-277],[0,-554]],[[38272,82271],[0,-554],[-618,-277],[-617,277],[0,554],[617,277]],[[37654,82548],[618,-277]],[[40741,82271],[0,-554],[-618,-277],[-617,277],[0,554],[617,277],[618,-277]],[[43210,81717],[0,554],[617,277],[617,-277],[0,-554]],[[46914,82271],[0,-554]],[[46296,81440],[-617,277],[0,554],[617,277],[618,-277]],[[46914,82271],[617,277],[617,-277],[0,-554],[-617,-277]],[[51852,82271],[0,-554],[-617,-277]],[[50617,81717],[0,554]],[[50617,82271],[618,277]],[[51235,82548],[617,-277]],[[54321,82271],[0,-554]],[[54321,81717],[-617,-277]],[[53086,81717],[0,554],[618,277],[617,-277]],[[55556,82271],[0,-554]],[[54938,81440],[-617,277]],[[54321,82271],[617,277]],[[54938,82548],[618,-277]],[[58025,81717],[0,554]],[[58025,82271],[617,277]],[[58642,82548],[617,-277],[0,-554]],[[62963,82271],[0,-554]],[[61728,81717],[0,554]],[[61728,82271],[618,277]],[[62346,82548],[617,-277]],[[62963,82271],[617,277]],[[63580,82548],[618,-277],[0,-554],[-618,-277]],[[67901,82271],[0,-554]],[[66667,81717],[0,554]],[[66667,82271],[617,277]],[[67284,82548],[617,-277]],[[69136,82271],[0,-554]],[[67901,82271],[618,277]],[[68519,82548],[617,-277]],[[34568,82271],[-617,277],[0,554],[617,277],[617,-277],[0,-554]],[[37654,82548],[0,554],[618,277],[617,-277],[0,-554],[-617,-277]],[[51235,83102],[0,-554]],[[50617,82271],[-617,277],[0,554],[617,277]],[[50617,83379],[618,-277]],[[51235,83102],[617,277]],[[51852,83379],[617,-277],[0,-554],[-617,-277]],[[56173,83102],[0,-554]],[[56173,82548],[-617,-277]],[[54938,82548],[0,554],[618,277],[617,-277]],[[57407,83102],[0,-554]],[[57407,82548],[-617,-277],[-617,277]],[[56173,83102],[617,277]],[[56790,83379],[617,-277]],[[58642,83102],[0,-554]],[[58025,82271],[-618,277]],[[57407,83102],[618,277]],[[58025,83379],[617,-277]],[[62346,83102],[0,-554]],[[61728,82271],[-617,277],[0,554]],[[61111,83102],[617,277]],[[61728,83379],[618,-277]],[[63580,83102],[0,-554]],[[62346,83102],[617,277]],[[62963,83379],[617,-277]],[[67284,83102],[0,-554]],[[66667,82271],[-618,277],[0,554]],[[66049,83102],[618,277]],[[66667,83379],[617,-277]],[[68519,83102],[0,-554]],[[67284,83102],[617,277]],[[67901,83379],[618,-277]],[[68519,83102],[617,277]],[[69136,83379],[617,-277],[0,-554],[-617,-277]],[[19753,83933],[617,277]],[[20370,84210],[618,-277],[0,-554],[-618,-277],[-617,277],[0,554]],[[40741,83933],[0,-554],[-618,-277],[-617,277],[0,554],[617,277]],[[40123,84210],[618,-277]],[[44444,83933],[0,-554],[-617,-277],[-617,277],[0,554],[617,277],[617,-277]],[[49383,83933],[0,-554],[-618,-277],[-617,277],[0,554],[617,277]],[[48765,84210],[618,-277]],[[51852,83933],[0,-554]],[[50617,83379],[0,554],[618,277]],[[51235,84210],[617,-277]],[[53086,83933],[618,277]],[[53704,84210],[617,-277],[0,-554],[-617,-277],[-618,277],[0,554]],[[58025,83933],[0,-554]],[[56790,83379],[0,554],[617,277]],[[57407,84210],[618,-277]],[[58025,83933],[617,277]],[[58642,84210],[617,-277],[0,-554],[-617,-277]],[[61111,83102],[-617,277],[0,554]],[[60494,83933],[617,277]],[[61111,84210],[617,-277],[0,-554]],[[64198,83933],[0,-554]],[[64198,83379],[-618,-277]],[[62963,83379],[0,554]],[[62963,83933],[617,277]],[[63580,84210],[618,-277]],[[65432,83933],[0,-554]],[[65432,83379],[-617,-277],[-617,277]],[[64198,83933],[617,277]],[[64815,84210],[617,-277]],[[66667,83933],[0,-554]],[[66049,83102],[-617,277]],[[65432,83933],[617,277]],[[66049,84210],[618,-277]],[[67901,83933],[0,-554]],[[66667,83933],[617,277]],[[67284,84210],[617,-277]],[[67901,83933],[618,277]],[[68519,84210],[617,-277],[0,-554]],[[19753,83933],[-617,277],[0,554],[617,277],[617,-277],[0,-554]],[[37654,84764],[0,-554],[-617,-277],[-617,277],[0,554],[617,277]],[[37037,85041],[617,-277]],[[40123,84210],[0,554]],[[40123,84764],[618,277]],[[40741,85041],[617,-277],[0,-554],[-617,-277]],[[45062,84764],[617,277]],[[45679,85041],[617,-277],[0,-554],[-617,-277],[-617,277],[0,554]],[[48765,84210],[0,554]],[[48765,84764],[618,277]],[[49383,85041],[617,-277],[0,-554],[-617,-277]],[[52469,84764],[0,-554]],[[52469,84210],[-617,-277]],[[51235,84210],[0,554]],[[51235,84764],[617,277]],[[51852,85041],[617,-277]],[[53086,83933],[-617,277]],[[52469,84764],[617,277]],[[53086,85041],[618,-277],[0,-554]],[[57407,84210],[0,554],[618,277],[617,-277],[0,-554]],[[61111,84764],[0,-554]],[[60494,83933],[-617,277],[0,554],[617,277]],[[60494,85041],[617,-277]],[[63580,84764],[0,-554]],[[62963,83933],[-617,277],[0,554]],[[62346,84764],[617,277]],[[62963,85041],[617,-277]],[[64815,84764],[0,-554]],[[63580,84764],[618,277]],[[64198,85041],[617,-277]],[[66049,84764],[0,-554]],[[64815,84764],[617,277]],[[65432,85041],[617,-277]],[[67284,84764],[0,-554]],[[66049,84764],[618,277]],[[66667,85041],[617,-277]],[[68519,84764],[0,-554]],[[67284,84764],[617,277]],[[67901,85041],[618,-277]],[[38272,85595],[0,-554]],[[38272,85041],[-618,-277]],[[37037,85041],[0,554],[617,277],[618,-277]],[[39506,85595],[0,-554]],[[39506,85041],[-617,-277],[-617,277]],[[38272,85595],[617,277],[617,-277]],[[40741,85595],[0,-554]],[[40123,84764],[-617,277]],[[39506,85595],[617,277]],[[40123,85872],[618,-277]],[[45062,84764],[-618,277],[0,554],[618,277],[617,-277],[0,-554]],[[48765,84764],[-617,277],[0,554]],[[48148,85595],[617,277]],[[48765,85872],[618,-277],[0,-554]],[[51852,85595],[0,-554]],[[51235,84764],[-618,277],[0,554],[618,277]],[[51235,85872],[617,-277]],[[53086,85595],[0,-554]],[[51852,85595],[617,277]],[[52469,85872],[617,-277]],[[56790,85595],[0,-554],[-617,-277],[-617,277],[0,554],[617,277],[617,-277]],[[61728,85595],[0,-554]],[[61728,85041],[-617,-277]],[[60494,85041],[0,554],[617,277],[617,-277]],[[62963,85595],[0,-554]],[[62346,84764],[-618,277]],[[61728,85595],[618,277]],[[62346,85872],[617,-277]],[[64198,85595],[0,-554]],[[62963,85595],[617,277]],[[63580,85872],[618,-277]],[[65432,85595],[0,-554]],[[64198,85595],[617,277]],[[64815,85872],[617,-277]],[[66667,85595],[0,-554]],[[65432,85595],[617,277]],[[66049,85872],[618,-277]],[[67901,85595],[0,-554]],[[66667,85595],[617,277]],[[67284,85872],[617,-277]],[[67901,85595],[618,277]],[[68519,85872],[617,-277],[0,-554],[-617,-277]],[[3086,86426],[0,-554],[-617,-277],[-617,277],[0,554],[617,277],[617,-277]],[[19136,86426],[0,-554],[-617,-277],[-618,277],[0,554],[618,277]],[[18519,86703],[617,-277]],[[27778,86426],[0,-554]],[[27778,85872],[-617,-277],[-618,277],[0,554],[618,277]],[[27161,86703],[617,-277]],[[29012,86426],[0,-554],[-617,-277],[-617,277]],[[27778,86426],[617,277]],[[28395,86703],[617,-277]],[[40123,85872],[0,554],[618,277],[617,-277],[0,-554],[-617,-277]],[[43827,86426],[0,-554],[-617,-277],[-617,277],[0,554],[617,277]],[[43210,86703],[617,-277]],[[48765,86426],[0,-554]],[[48148,85595],[-617,277],[0,554]],[[47531,86426],[617,277]],[[48148,86703],[617,-277]],[[52469,86426],[0,-554]],[[51235,85872],[0,554]],[[51235,86426],[617,277]],[[51852,86703],[617,-277]],[[52469,86426],[617,277]],[[53086,86703],[618,-277],[0,-554],[-618,-277]],[[63580,86426],[0,-554]],[[62346,85872],[0,554]],[[62346,86426],[617,277]],[[62963,86703],[617,-277]],[[64815,86426],[0,-554]],[[63580,86426],[618,277]],[[64198,86703],[617,-277]],[[66049,86426],[0,-554]],[[64815,86426],[617,277]],[[65432,86703],[617,-277]],[[67284,86426],[0,-554]],[[66049,86426],[618,277]],[[66667,86703],[617,-277]],[[67284,86426],[617,277]],[[67901,86703],[618,-277],[0,-554]],[[19753,87257],[0,-554]],[[19753,86703],[-617,-277]],[[18519,86703],[0,554]],[[18519,87257],[617,277]],[[19136,87534],[617,-277]],[[19753,87257],[617,277]],[[20370,87534],[618,-277],[0,-554],[-618,-277],[-617,277]],[[28395,87257],[0,-554]],[[27161,86703],[0,554],[617,277],[617,-277]],[[29630,87257],[0,-554]],[[29630,86703],[-618,-277]],[[28395,87257],[617,277],[618,-277]],[[29630,87257],[617,277],[617,-277],[0,-554],[-617,-277],[-617,277]],[[43210,86703],[0,554],[617,277],[617,-277],[0,-554],[-617,-277]],[[48148,87257],[0,-554]],[[47531,86426],[-617,277],[0,554],[617,277],[617,-277]],[[48148,87257],[617,277],[618,-277],[0,-554],[-618,-277]],[[51852,87257],[0,-554]],[[51235,86426],[-618,277],[0,554]],[[50617,87257],[618,277]],[[51235,87534],[617,-277]],[[51852,87257],[617,277],[617,-277],[0,-554]],[[55556,87257],[0,-554]],[[55556,86703],[-618,-277],[-617,277],[0,554],[617,277],[618,-277]],[[56790,87257],[0,-554]],[[56790,86703],[-617,-277],[-617,277]],[[55556,87257],[617,277]],[[56173,87534],[617,-277]],[[58025,87257],[0,-554],[-618,-277],[-617,277]],[[56790,87257],[617,277]],[[57407,87534],[618,-277]],[[60494,87257],[0,-554]],[[60494,86703],[-617,-277],[-618,277],[0,554],[618,277]],[[59877,87534],[617,-277]],[[61728,87257],[0,-554]],[[61728,86703],[-617,-277],[-617,277]],[[60494,87257],[617,277]],[[61111,87534],[617,-277]],[[62963,87257],[0,-554]],[[62346,86426],[-618,277]],[[61728,87257],[618,277]],[[62346,87534],[617,-277]],[[64198,87257],[0,-554]],[[62963,87257],[617,277]],[[63580,87534],[618,-277]],[[66667,87257],[0,-554]],[[65432,86703],[0,554],[617,277]],[[66049,87534],[618,-277]],[[66667,87257],[617,277]],[[67284,87534],[617,-277],[0,-554]],[[17901,88088],[0,-554]],[[17901,87534],[-617,-277],[-617,277],[0,554],[617,277]],[[17284,88365],[617,-277]],[[19136,88088],[0,-554]],[[18519,87257],[-618,277]],[[17901,88088],[618,277]],[[18519,88365],[617,-277]],[[20370,88088],[0,-554]],[[19136,88088],[617,277]],[[19753,88365],[617,-277]],[[26543,88088],[0,-554],[-617,-277],[-617,277],[0,554],[617,277],[617,-277]],[[35185,88088],[617,277]],[[35802,88365],[618,-277],[0,-554],[-618,-277],[-617,277],[0,554]],[[38889,88088],[0,-554],[-617,-277],[-618,277],[0,554],[618,277],[617,-277]],[[41358,88088],[0,-554],[-617,-277],[-618,277],[0,554],[618,277],[617,-277]],[[50617,87257],[-617,277],[0,554],[617,277],[618,-277],[0,-554]],[[57407,88088],[0,-554]],[[56173,87534],[0,554],[617,277],[617,-277]],[[57407,88088],[618,277],[617,-277],[0,-554],[-617,-277]],[[61111,88088],[0,-554]],[[59877,87534],[0,554],[617,277],[617,-277]],[[61111,88088],[617,277],[618,-277],[0,-554]],[[63580,87534],[0,554]],[[63580,88088],[618,277]],[[64198,88365],[617,-277],[0,-554],[-617,-277]],[[67284,88088],[0,-554]],[[66049,87534],[0,554]],[[66049,88088],[618,277]],[[66667,88365],[617,-277]],[[18519,88919],[0,-554]],[[17284,88365],[0,554],[617,277]],[[17901,89196],[618,-277]],[[19753,88919],[0,-554]],[[18519,88919],[617,277]],[[19136,89196],[617,-277]],[[19753,88919],[617,277]],[[20370,89196],[618,-277],[0,-554],[-618,-277]],[[35185,88088],[-617,277],[0,554],[617,277],[617,-277],[0,-554]],[[48148,88919],[617,277]],[[48765,89196],[618,-277],[0,-554],[-618,-277],[-617,277],[0,554]],[[53086,88919],[0,-554]],[[53086,88365],[-617,-277],[-617,277],[0,554],[617,277],[617,-277]],[[54321,88919],[0,-554],[-617,-277],[-618,277]],[[53086,88919],[618,277]],[[53704,89196],[617,-277]],[[63580,88088],[-617,277],[0,554]],[[62963,88919],[617,277]],[[63580,89196],[618,-277],[0,-554]],[[66667,88919],[0,-554]],[[66049,88088],[-617,277],[0,554]],[[65432,88919],[617,277]],[[66049,89196],[618,-277]],[[66667,88919],[617,277]],[[67284,89196],[617,-277],[0,-554],[-617,-277]],[[19136,89750],[0,-554]],[[17901,89196],[0,554]],[[17901,89750],[618,277]],[[18519,90027],[617,-277]],[[19136,89750],[617,277],[617,-277],[0,-554]],[[22840,89750],[0,-554],[-618,-277],[-617,277],[0,554],[617,277],[618,-277]],[[26543,89750],[618,277]],[[27161,90027],[617,-277],[0,-554],[-617,-277],[-618,277],[0,554]],[[31481,89750],[618,277]],[[32099,90027],[617,-277],[0,-554],[-617,-277],[-618,277],[0,554]],[[48148,88919],[-617,277],[0,554],[617,277],[617,-277],[0,-554]],[[54938,89750],[0,-554],[-617,-277]],[[53704,89196],[0,554]],[[53704,89750],[617,277]],[[54321,90027],[617,-277]],[[63580,89750],[0,-554]],[[62963,88919],[-617,277],[0,554]],[[62346,89750],[617,277]],[[62963,90027],[617,-277]],[[66049,89750],[0,-554]],[[65432,88919],[-617,277],[0,554]],[[64815,89750],[617,277]],[[65432,90027],[617,-277]],[[67284,89750],[0,-554]],[[66049,89750],[618,277]],[[66667,90027],[617,-277]],[[17901,89750],[-617,277],[0,554],[617,277],[618,-277],[0,-554]],[[27161,90581],[0,-554]],[[26543,89750],[-617,277],[0,554]],[[25926,90581],[617,277]],[[26543,90858],[618,-277]],[[29630,90581],[0,-554],[-618,-277],[-617,277],[0,554],[617,277],[618,-277]],[[31481,89750],[-617,277],[0,554],[617,277],[618,-277],[0,-554]],[[43210,90581],[0,-554],[-617,-277],[-618,277],[0,554],[618,277]],[[42593,90858],[617,-277]],[[54321,90581],[0,-554]],[[53704,89750],[-618,277],[0,554],[618,277],[617,-277]],[[55556,90581],[0,-554],[-618,-277]],[[54321,90581],[617,277]],[[54938,90858],[618,-277]],[[62963,90581],[0,-554]],[[62346,89750],[-618,277],[0,554]],[[61728,90581],[618,277]],[[62346,90858],[617,-277]],[[64198,90581],[0,-554]],[[64198,90027],[-618,-277]],[[62963,90581],[617,277]],[[63580,90858],[618,-277]],[[65432,90581],[0,-554]],[[64815,89750],[-617,277]],[[64198,90581],[617,277]],[[64815,90858],[617,-277]],[[66667,90581],[0,-554]],[[65432,90581],[617,277]],[[66049,90858],[618,-277]],[[66667,90581],[617,277]],[[67284,90858],[617,-277],[0,-554],[-617,-277]],[[26543,91412],[0,-554]],[[25926,90581],[-617,277],[0,554],[617,277]],[[25926,91689],[617,-277]],[[26543,91412],[618,277]],[[27161,91689],[617,-277],[0,-554],[-617,-277]],[[42593,90858],[0,554]],[[42593,91412],[617,277]],[[43210,91689],[617,-277],[0,-554],[-617,-277]],[[48765,91412],[0,-554],[-617,-277],[-617,277],[0,554],[617,277],[617,-277]],[[51235,91412],[0,-554],[-618,-277],[-617,277],[0,554],[617,277]],[[50617,91689],[618,-277]],[[54938,90858],[0,554],[618,277],[617,-277],[0,-554],[-617,-277]],[[59877,91412],[0,-554]],[[59877,90858],[-618,-277],[-617,277],[0,554]],[[58642,91412],[617,277]],[[59259,91689],[618,-277]],[[61111,91412],[0,-554]],[[61111,90858],[-617,-277],[-617,277]],[[59877,91412],[617,277]],[[60494,91689],[617,-277]],[[62346,91412],[0,-554]],[[61728,90581],[-617,277]],[[61111,91412],[617,277]],[[61728,91689],[618,-277]],[[63580,91412],[0,-554]],[[62346,91412],[617,277]],[[62963,91689],[617,-277]],[[64815,91412],[0,-554]],[[63580,91412],[618,277]],[[64198,91689],[617,-277]],[[66049,91412],[0,-554]],[[64815,91412],[617,277]],[[65432,91689],[617,-277]],[[67284,91412],[0,-554]],[[66049,91412],[618,277]],[[66667,91689],[617,-277]],[[7407,92243],[0,-554],[-617,-277],[-617,277],[0,554],[617,277],[617,-277]],[[25926,91689],[0,554],[617,277],[618,-277],[0,-554]],[[32099,92243],[0,-554]],[[32099,91689],[-618,-277],[-617,277],[0,554],[617,277],[618,-277]],[[32099,92243],[617,277],[617,-277],[0,-554],[-617,-277],[-617,277]],[[42593,91412],[-618,277],[0,554],[618,277],[617,-277],[0,-554]],[[51852,92243],[0,-554]],[[51852,91689],[-617,-277]],[[50617,91689],[0,554],[618,277],[617,-277]],[[51852,92243],[617,277],[617,-277],[0,-554],[-617,-277],[-617,277]],[[59259,92243],[0,-554]],[[58642,91412],[-617,277],[0,554],[617,277],[617,-277]],[[60494,92243],[0,-554]],[[59259,92243],[618,277],[617,-277]],[[61728,92243],[0,-554]],[[60494,92243],[617,277],[617,-277]],[[62963,92243],[0,-554]],[[61728,92243],[618,277],[617,-277]],[[64198,92243],[0,-554]],[[62963,92243],[617,277],[618,-277]],[[65432,92243],[0,-554]],[[64198,92243],[617,277]],[[64815,92520],[617,-277]],[[66667,92243],[0,-554]],[[65432,92243],[617,277]],[[66049,92520],[618,-277]],[[66667,92243],[617,277]],[[67284,92520],[617,-277],[0,-554],[-617,-277]],[[40123,93074],[0,-554],[-617,-277],[-617,277],[0,554],[617,277],[617,-277]],[[48765,93074],[0,-554],[-617,-277],[-617,277],[0,554],[617,277],[617,-277]],[[56173,93074],[0,-554],[-617,-277],[-618,277],[0,554],[618,277],[617,-277]],[[66049,93074],[0,-554]],[[64815,92520],[0,554]],[[64815,93074],[617,277]],[[65432,93351],[617,-277]],[[66049,93074],[618,277]],[[66667,93351],[617,-277],[0,-554]],[[27161,93905],[617,277]],[[27778,94182],[617,-277],[0,-554],[-617,-277],[-617,277],[0,554]],[[61728,93905],[0,-554],[-617,-277],[-617,277],[0,554],[617,277]],[[61111,94182],[617,-277]],[[65432,93905],[0,-554]],[[64815,93074],[-617,277],[0,554],[617,277]],[[64815,94182],[617,-277]],[[65432,93905],[617,277]],[[66049,94182],[618,-277],[0,-554]],[[27161,93905],[-618,277],[0,554],[618,277],[617,-277],[0,-554]],[[53704,94736],[0,-554],[-618,-277],[-617,277],[0,554]],[[52469,94736],[617,277]],[[53086,95013],[618,-277]],[[54938,94736],[618,277]],[[55556,95013],[617,-277],[0,-554],[-617,-277],[-618,277],[0,554]],[[62346,94736],[0,-554]],[[62346,94182],[-618,-277]],[[61111,94182],[0,554]],[[61111,94736],[617,277]],[[61728,95013],[618,-277]],[[63580,94736],[0,-554],[-617,-277],[-617,277]],[[62346,94736],[617,277]],[[62963,95013],[617,-277]],[[64815,94182],[0,554]],[[64815,94736],[617,277]],[[65432,95013],[617,-277],[0,-554]],[[1235,95567],[0,-554],[-618,-277],[-617,277],[0,554],[617,277],[618,-277]],[[35802,95567],[0,-554],[-617,-277],[-617,277],[0,554],[617,277],[617,-277]],[[53086,95567],[0,-554]],[[52469,94736],[-617,277],[0,554],[617,277]],[[52469,95844],[617,-277]],[[54321,95567],[0,-554]],[[54321,95013],[-617,-277]],[[53086,95567],[618,277]],[[53704,95844],[617,-277]],[[54938,94736],[-617,277]],[[54321,95567],[617,277],[618,-277],[0,-554]],[[58025,95567],[0,-554]],[[58025,95013],[-618,-277],[-617,277],[0,554]],[[56790,95567],[617,277]],[[57407,95844],[618,-277]],[[59259,95567],[0,-554]],[[59259,95013],[-617,-277],[-617,277]],[[58025,95567],[617,277]],[[58642,95844],[617,-277]],[[60494,95567],[0,-554]],[[60494,95013],[-617,-277],[-618,277]],[[59259,95567],[618,277]],[[59877,95844],[617,-277]],[[61728,95567],[0,-554]],[[61111,94736],[-617,277]],[[60494,95567],[617,277]],[[61111,95844],[617,-277]],[[62963,95567],[0,-554]],[[61728,95567],[618,277]],[[62346,95844],[617,-277]],[[64198,95567],[0,-554]],[[64198,95013],[-618,-277]],[[62963,95567],[617,277]],[[63580,95844],[618,-277]],[[65432,95567],[0,-554]],[[64815,94736],[-617,277]],[[64198,95567],[617,277]],[[64815,95844],[617,-277]],[[53704,96398],[0,-554]],[[52469,95844],[0,554],[617,277]],[[53086,96675],[618,-277]],[[57407,96398],[0,-554]],[[56790,95567],[-617,277],[0,554],[617,277]],[[56790,96675],[617,-277]],[[59877,96398],[0,-554]],[[58642,95844],[0,554],[617,277]],[[59259,96675],[618,-277]],[[59877,96398],[617,277]],[[60494,96675],[617,-277],[0,-554]],[[63580,96398],[0,-554]],[[62346,95844],[0,554]],[[62346,96398],[617,277]],[[62963,96675],[617,-277]],[[64815,96398],[0,-554]],[[63580,96398],[618,277]],[[64198,96675],[617,-277]],[[64815,96398],[617,277]],[[65432,96675],[617,-277],[0,-554],[-617,-277]],[[27161,97229],[0,-554],[-618,-277],[-617,277],[0,554],[617,277],[618,-277]],[[53086,96675],[0,554],[618,277],[617,-277],[0,-554],[-617,-277]],[[56790,96675],[0,554],[617,277],[618,-277],[0,-554],[-618,-277]],[[60494,97229],[0,-554]],[[59259,96675],[0,554]],[[59259,97229],[618,277]],[[59877,97506],[617,-277]],[[62963,97229],[0,-554]],[[62346,96398],[-618,277],[0,554]],[[61728,97229],[618,277]],[[62346,97506],[617,-277]],[[64198,97229],[0,-554]],[[62963,97229],[617,277]],[[63580,97506],[618,-277]],[[64198,97229],[617,277]],[[64815,97506],[617,-277],[0,-554]],[[56173,98060],[0,-554],[-617,-277],[-618,277],[0,554],[618,277],[617,-277]],[[59877,98060],[0,-554]],[[59259,97229],[-617,277],[0,554],[617,277],[618,-277]],[[61111,98060],[0,-554]],[[61111,97506],[-617,-277]],[[59877,98060],[617,277]],[[60494,98337],[617,-277]],[[62346,98060],[0,-554]],[[61728,97229],[-617,277]],[[61111,98060],[617,277]],[[61728,98337],[618,-277]],[[63580,98060],[0,-554]],[[62346,98060],[617,277]],[[62963,98337],[617,-277]],[[63580,98060],[618,277]],[[64198,98337],[617,-277],[0,-554]],[[58025,98891],[0,-554],[-618,-277],[-617,277],[0,554],[617,277],[618,-277]],[[61728,98891],[0,-554]],[[60494,98337],[0,554],[617,277]],[[61111,99168],[617,-277]],[[62963,98891],[0,-554]],[[61728,98891],[618,277]],[[62346,99168],[617,-277]],[[62963,98891],[617,277]],[[63580,99168],[618,-277],[0,-554]],[[62346,99722],[0,-554]],[[61111,99168],[0,554],[617,277],[618,-277]],[[62346,99722],[617,277],[617,-277],[0,-554]]],"transform":{"scale":[1.06299,1.3676188761887622],"translate":[1097766.83,1815391.7]},"objects":{"hex":{"type":"GeometryCollection","geometries":[{"arcs":[[0,1]],"type":"Polygon","properties":{"hex_id":"r1598c915"}},{"arcs":[[2]],"type":"Polygon","properties":{"hex_id":"r1599c902"}},{"arcs":[[-1,3]],"type":"Polygon","properties":{"hex_id":"r1599c914"}},{"arcs":[[4]],"type":"Polygon","properties":{"hex_id":"r1600c904"}},{"arcs":[[5]],"type":"Polygon","properties":{"hex_id":"r1600c913"}},{"arcs":[[6]],"type":"Polygon","properties":{"hex_id":"r1601c902"}},{"arcs":[[7]],"type":"Polygon","properties":{"hex_id":"r1604c896"}},{"arcs":[[8]],"type":"Polygon","properties":{"hex_id":"r1604c898"}},{"arcs":[[9]],"type":"Polygon","properties":{"hex_id":"r1605c899"}},{"arcs":[[10,11]],"type":"Polygon","properties":{"hex_id":"r1606c894"}},{"arcs":[[-11,12]],"type":"Polygon","properties":{"hex_id":"r1606c895"}},{"arcs":[[13,14]],"type":"Polygon","properties":{"hex_id":"r1607c889"}},{"arcs":[[15]],"type":"Polygon","properties":{"hex_id":"r1607c891"}},{"arcs":[[-14,16]],"type":"Polygon","properties":{"hex_id":"r1608c889"}},{"arcs":[[17,18]],"type":"Polygon","properties":{"hex_id":"r1608c893"}},{"arcs":[[19]],"type":"Polygon","properties":{"hex_id":"r1608c915"}},{"arcs":[[20,21]],"type":"Polygon","properties":{"hex_id":"r1609c876"}},{"arcs":[[22,-21,23,24]],"type":"Polygon","properties":{"hex_id":"r1609c877"}},{"arcs":[[25,26,27]],"type":"Polygon","properties":{"hex_id":"r1609c885"}},{"arcs":[[-26,28,29]],"type":"Polygon","properties":{"hex_id":"r1609c886"}},{"arcs":[[30]],"type":"Polygon","properties":{"hex_id":"r1609c891"}},{"arcs":[[-19,31]],"type":"Polygon","properties":{"hex_id":"r1609c893"}},{"arcs":[[32,33]],"type":"Polygon","properties":{"hex_id":"r1609c895"}},{"arcs":[[34,35]],"type":"Polygon","properties":{"hex_id":"r1609c897"}},{"arcs":[[-35,36]],"type":"Polygon","properties":{"hex_id":"r1609c898"}},{"arcs":[[-25,37]],"type":"Polygon","properties":{"hex_id":"r1610c878"}},{"arcs":[[-29,-28,38]],"type":"Polygon","properties":{"hex_id":"r1610c886"}},{"arcs":[[39,40]],"type":"Polygon","properties":{"hex_id":"r1610c888"}},{"arcs":[[-33,41]],"type":"Polygon","properties":{"hex_id":"r1610c895"}},{"arcs":[[42,43]],"type":"Polygon","properties":{"hex_id":"r1610c901"}},{"arcs":[[44]],"type":"Polygon","properties":{"hex_id":"r1610c915"}},{"arcs":[[-41,45,46,47]],"type":"Polygon","properties":{"hex_id":"r1611c888"}},{"arcs":[[48]],"type":"Polygon","properties":{"hex_id":"r1611c890"}},{"arcs":[[-44,49]],"type":"Polygon","properties":{"hex_id":"r1611c901"}},{"arcs":[[50]],"type":"Polygon","properties":{"hex_id":"r1612c881"}},{"arcs":[[51]],"type":"Polygon","properties":{"hex_id":"r1612c886"}},{"arcs":[[-47,52]],"type":"Polygon","properties":{"hex_id":"r1612c888"}},{"arcs":[[53]],"type":"Polygon","properties":{"hex_id":"r1612c894"}},{"arcs":[[54,55]],"type":"Polygon","properties":{"hex_id":"r1612c897"}},{"arcs":[[56]],"type":"Polygon","properties":{"hex_id":"r1612c899"}},{"arcs":[[57,58]],"type":"Polygon","properties":{"hex_id":"r1612c903"}},{"arcs":[[-55,59]],"type":"Polygon","properties":{"hex_id":"r1613c896"}},{"arcs":[[60]],"type":"Polygon","properties":{"hex_id":"r1613c900"}},{"arcs":[[-59,61]],"type":"Polygon","properties":{"hex_id":"r1613c903"}},{"arcs":[[62]],"type":"Polygon","properties":{"hex_id":"r1613c916"}},{"arcs":[[63,64]],"type":"Polygon","properties":{"hex_id":"r1614c910"}},{"arcs":[[65]],"type":"Polygon","properties":{"hex_id":"r1615c877"}},{"arcs":[[66,67]],"type":"Polygon","properties":{"hex_id":"r1615c891"}},{"arcs":[[68,-67,69,70]],"type":"Polygon","properties":{"hex_id":"r1615c892"}},{"arcs":[[71,72]],"type":"Polygon","properties":{"hex_id":"r1615c896"}},{"arcs":[[73,74,-72,75]],"type":"Polygon","properties":{"hex_id":"r1615c897"}},{"arcs":[[-74,76]],"type":"Polygon","properties":{"hex_id":"r1615c898"}},{"arcs":[[77,78,79]],"type":"Polygon","properties":{"hex_id":"r1615c901"}},{"arcs":[[-78,80,81]],"type":"Polygon","properties":{"hex_id":"r1615c902"}},{"arcs":[[-65,82]],"type":"Polygon","properties":{"hex_id":"r1615c910"}},{"arcs":[[83]],"type":"Polygon","properties":{"hex_id":"r1616c879"}},{"arcs":[[-71,84]],"type":"Polygon","properties":{"hex_id":"r1616c893"}},{"arcs":[[85,-81,-80,86,87,88]],"type":"Polygon","properties":{"hex_id":"r1616c902"}},{"arcs":[[89,90]],"type":"Polygon","properties":{"hex_id":"r1616c904"}},{"arcs":[[91,92]],"type":"Polygon","properties":{"hex_id":"r1616c916"}},{"arcs":[[93,94]],"type":"Polygon","properties":{"hex_id":"r1617c886"}},{"arcs":[[95]],"type":"Polygon","properties":{"hex_id":"r1617c894"}},{"arcs":[[96]],"type":"Polygon","properties":{"hex_id":"r1617c899"}},{"arcs":[[97,-88,98]],"type":"Polygon","properties":{"hex_id":"r1617c901"}},{"arcs":[[-89,-98,99]],"type":"Polygon","properties":{"hex_id":"r1617c902"}},{"arcs":[[-91,100]],"type":"Polygon","properties":{"hex_id":"r1617c904"}},{"arcs":[[-93,101]],"type":"Polygon","properties":{"hex_id":"r1617c916"}},{"arcs":[[102]],"type":"Polygon","properties":{"hex_id":"r1618c879"}},{"arcs":[[-94,103]],"type":"Polygon","properties":{"hex_id":"r1618c886"}},{"arcs":[[104]],"type":"Polygon","properties":{"hex_id":"r1619c894"}},{"arcs":[[105]],"type":"Polygon","properties":{"hex_id":"r1619c909"}},{"arcs":[[106]],"type":"Polygon","properties":{"hex_id":"r1619c912"}},{"arcs":[[107,108]],"type":"Polygon","properties":{"hex_id":"r1619c916"}},{"arcs":[[109,110,111,112]],"type":"Polygon","properties":{"hex_id":"r1620c890"}},{"arcs":[[-110,113]],"type":"Polygon","properties":{"hex_id":"r1620c891"}},{"arcs":[[114]],"type":"Polygon","properties":{"hex_id":"r1620c898"}},{"arcs":[[115]],"type":"Polygon","properties":{"hex_id":"r1620c901"}},{"arcs":[[116,117,118,119]],"type":"Polygon","properties":{"hex_id":"r1620c906"}},{"arcs":[[-117,120,121]],"type":"Polygon","properties":{"hex_id":"r1620c907"}},{"arcs":[[-109,122]],"type":"Polygon","properties":{"hex_id":"r1620c917"}},{"arcs":[[-112,123]],"type":"Polygon","properties":{"hex_id":"r1621c889"}},{"arcs":[[124,125]],"type":"Polygon","properties":{"hex_id":"r1621c892"}},{"arcs":[[-125,126]],"type":"Polygon","properties":{"hex_id":"r1621c893"}},{"arcs":[[127,128]],"type":"Polygon","properties":{"hex_id":"r1621c895"}},{"arcs":[[-128,129]],"type":"Polygon","properties":{"hex_id":"r1621c896"}},{"arcs":[[130,-119,131,132]],"type":"Polygon","properties":{"hex_id":"r1621c905"}},{"arcs":[[-121,-120,-131,133,134]],"type":"Polygon","properties":{"hex_id":"r1621c906"}},{"arcs":[[135]],"type":"Polygon","properties":{"hex_id":"r1622c898"}},{"arcs":[[136,137]],"type":"Polygon","properties":{"hex_id":"r1622c904"}},{"arcs":[[-134,-133,138]],"type":"Polygon","properties":{"hex_id":"r1622c906"}},{"arcs":[[139,140]],"type":"Polygon","properties":{"hex_id":"r1622c909"}},{"arcs":[[141]],"type":"Polygon","properties":{"hex_id":"r1623c900"}},{"arcs":[[-137,142]],"type":"Polygon","properties":{"hex_id":"r1623c903"}},{"arcs":[[143]],"type":"Polygon","properties":{"hex_id":"r1623c907"}},{"arcs":[[-141,144]],"type":"Polygon","properties":{"hex_id":"r1623c909"}},{"arcs":[[145,146,147,148]],"type":"Polygon","properties":{"hex_id":"r1623c912"}},{"arcs":[[149,-146,150,151]],"type":"Polygon","properties":{"hex_id":"r1623c913"}},{"arcs":[[152]],"type":"Polygon","properties":{"hex_id":"r1624c891"}},{"arcs":[[153,-148,154,155,156]],"type":"Polygon","properties":{"hex_id":"r1624c912"}},{"arcs":[[157,-151,-149,-154,158]],"type":"Polygon","properties":{"hex_id":"r1624c913"}},{"arcs":[[-152,-158,159]],"type":"Polygon","properties":{"hex_id":"r1624c914"}},{"arcs":[[160]],"type":"Polygon","properties":{"hex_id":"r1625c880"}},{"arcs":[[161]],"type":"Polygon","properties":{"hex_id":"r1625c882"}},{"arcs":[[162]],"type":"Polygon","properties":{"hex_id":"r1625c889"}},{"arcs":[[163,164]],"type":"Polygon","properties":{"hex_id":"r1625c892"}},{"arcs":[[165]],"type":"Polygon","properties":{"hex_id":"r1625c894"}},{"arcs":[[166,167,168,169]],"type":"Polygon","properties":{"hex_id":"r1625c896"}},{"arcs":[[170,-167,171,172]],"type":"Polygon","properties":{"hex_id":"r1625c897"}},{"arcs":[[173]],"type":"Polygon","properties":{"hex_id":"r1625c903"}},{"arcs":[[-156,174]],"type":"Polygon","properties":{"hex_id":"r1625c911"}},{"arcs":[[175,176]],"type":"Polygon","properties":{"hex_id":"r1626c876"}},{"arcs":[[177,178]],"type":"Polygon","properties":{"hex_id":"r1626c888"}},{"arcs":[[-165,179]],"type":"Polygon","properties":{"hex_id":"r1626c893"}},{"arcs":[[180,-169,181,182,183]],"type":"Polygon","properties":{"hex_id":"r1626c896"}},{"arcs":[[184,-172,-170,-181,185,186]],"type":"Polygon","properties":{"hex_id":"r1626c897"}},{"arcs":[[-173,-185,187]],"type":"Polygon","properties":{"hex_id":"r1626c898"}},{"arcs":[[188,189]],"type":"Polygon","properties":{"hex_id":"r1626c901"}},{"arcs":[[190,191,192,193]],"type":"Polygon","properties":{"hex_id":"r1626c907"}},{"arcs":[[-191,194]],"type":"Polygon","properties":{"hex_id":"r1626c908"}},{"arcs":[[-176,195,196,197]],"type":"Polygon","properties":{"hex_id":"r1627c875"}},{"arcs":[[198]],"type":"Polygon","properties":{"hex_id":"r1627c879"}},{"arcs":[[199,200]],"type":"Polygon","properties":{"hex_id":"r1627c882"}},{"arcs":[[-178,201]],"type":"Polygon","properties":{"hex_id":"r1627c887"}},{"arcs":[[202,203]],"type":"Polygon","properties":{"hex_id":"r1627c889"}},{"arcs":[[204,205]],"type":"Polygon","properties":{"hex_id":"r1627c891"}},{"arcs":[[206,207,208]],"type":"Polygon","properties":{"hex_id":"r1627c894"}},{"arcs":[[209,-183,210,-207,211,212]],"type":"Polygon","properties":{"hex_id":"r1627c895"}},{"arcs":[[-186,-184,-210,213]],"type":"Polygon","properties":{"hex_id":"r1627c896"}},{"arcs":[[214,215,-190,216,217,218]],"type":"Polygon","properties":{"hex_id":"r1627c901"}},{"arcs":[[-215,219]],"type":"Polygon","properties":{"hex_id":"r1627c902"}},{"arcs":[[-193,220]],"type":"Polygon","properties":{"hex_id":"r1627c906"}},{"arcs":[[221]],"type":"Polygon","properties":{"hex_id":"r1627c909"}},{"arcs":[[222,223]],"type":"Polygon","properties":{"hex_id":"r1628c873"}},{"arcs":[[-197,224]],"type":"Polygon","properties":{"hex_id":"r1628c875"}},{"arcs":[[225,226]],"type":"Polygon","properties":{"hex_id":"r1628c878"}},{"arcs":[[-201,227]],"type":"Polygon","properties":{"hex_id":"r1628c883"}},{"arcs":[[-204,228]],"type":"Polygon","properties":{"hex_id":"r1628c890"}},{"arcs":[[-206,229]],"type":"Polygon","properties":{"hex_id":"r1628c892"}},{"arcs":[[-212,-209,230]],"type":"Polygon","properties":{"hex_id":"r1628c895"}},{"arcs":[[231,232]],"type":"Polygon","properties":{"hex_id":"r1628c900"}},{"arcs":[[233,-218,234,-232,235,236]],"type":"Polygon","properties":{"hex_id":"r1628c901"}},{"arcs":[[237,238,239,240]],"type":"Polygon","properties":{"hex_id":"r1628c912"}},{"arcs":[[241,242,-238,243]],"type":"Polygon","properties":{"hex_id":"r1628c913"}},{"arcs":[[-242,244]],"type":"Polygon","properties":{"hex_id":"r1628c914"}},{"arcs":[[-224,245]],"type":"Polygon","properties":{"hex_id":"r1629c873"}},{"arcs":[[-226,246]],"type":"Polygon","properties":{"hex_id":"r1629c877"}},{"arcs":[[247,248,249]],"type":"Polygon","properties":{"hex_id":"r1629c884"}},{"arcs":[[-248,250,251]],"type":"Polygon","properties":{"hex_id":"r1629c885"}},{"arcs":[[252,253]],"type":"Polygon","properties":{"hex_id":"r1629c888"}},{"arcs":[[254]],"type":"Polygon","properties":{"hex_id":"r1629c896"}},{"arcs":[[-237,255,256,257]],"type":"Polygon","properties":{"hex_id":"r1629c901"}},{"arcs":[[258]],"type":"Polygon","properties":{"hex_id":"r1629c904"}},{"arcs":[[259]],"type":"Polygon","properties":{"hex_id":"r1629c907"}},{"arcs":[[-240,260]],"type":"Polygon","properties":{"hex_id":"r1629c911"}},{"arcs":[[261]],"type":"Polygon","properties":{"hex_id":"r1630c883"}},{"arcs":[[-251,-250,262]],"type":"Polygon","properties":{"hex_id":"r1630c885"}},{"arcs":[[-253,263,264,265]],"type":"Polygon","properties":{"hex_id":"r1630c888"}},{"arcs":[[266,267]],"type":"Polygon","properties":{"hex_id":"r1630c891"}},{"arcs":[[268,269,-267,270,271]],"type":"Polygon","properties":{"hex_id":"r1630c892"}},{"arcs":[[272,-269,273,274]],"type":"Polygon","properties":{"hex_id":"r1630c893"}},{"arcs":[[275,276]],"type":"Polygon","properties":{"hex_id":"r1630c898"}},{"arcs":[[-276,277]],"type":"Polygon","properties":{"hex_id":"r1630c899"}},{"arcs":[[-257,278]],"type":"Polygon","properties":{"hex_id":"r1630c901"}},{"arcs":[[279]],"type":"Polygon","properties":{"hex_id":"r1630c906"}},{"arcs":[[280,281]],"type":"Polygon","properties":{"hex_id":"r1631c875"}},{"arcs":[[282,-281,283,284]],"type":"Polygon","properties":{"hex_id":"r1631c876"}},{"arcs":[[285,286]],"type":"Polygon","properties":{"hex_id":"r1631c879"}},{"arcs":[[-286,287]],"type":"Polygon","properties":{"hex_id":"r1631c880"}},{"arcs":[[-265,288]],"type":"Polygon","properties":{"hex_id":"r1631c887"}},{"arcs":[[289,-274,-272,290]],"type":"Polygon","properties":{"hex_id":"r1631c892"}},{"arcs":[[-275,-290,291]],"type":"Polygon","properties":{"hex_id":"r1631c893"}},{"arcs":[[292,293]],"type":"Polygon","properties":{"hex_id":"r1631c896"}},{"arcs":[[294,295,296]],"type":"Polygon","properties":{"hex_id":"r1631c902"}},{"arcs":[[297,298,-295,299,300]],"type":"Polygon","properties":{"hex_id":"r1631c903"}},{"arcs":[[301,-298,302,303]],"type":"Polygon","properties":{"hex_id":"r1631c904"}},{"arcs":[[304,305]],"type":"Polygon","properties":{"hex_id":"r1631c911"}},{"arcs":[[306,307]],"type":"Polygon","properties":{"hex_id":"r1632c873"}},{"arcs":[[-307,308]],"type":"Polygon","properties":{"hex_id":"r1632c874"}},{"arcs":[[-285,309]],"type":"Polygon","properties":{"hex_id":"r1632c877"}},{"arcs":[[310]],"type":"Polygon","properties":{"hex_id":"r1632c884"}},{"arcs":[[311]],"type":"Polygon","properties":{"hex_id":"r1632c891"}},{"arcs":[[312,313]],"type":"Polygon","properties":{"hex_id":"r1632c895"}},{"arcs":[[-293,314,-313,315]],"type":"Polygon","properties":{"hex_id":"r1632c896"}},{"arcs":[[-300,-297,316]],"type":"Polygon","properties":{"hex_id":"r1632c903"}},{"arcs":[[317,318,-304,319,320,321]],"type":"Polygon","properties":{"hex_id":"r1632c905"}},{"arcs":[[322,323,-318,324,325]],"type":"Polygon","properties":{"hex_id":"r1632c906"}},{"arcs":[[326,-323,327,328]],"type":"Polygon","properties":{"hex_id":"r1632c907"}},{"arcs":[[-306,329,330,331]],"type":"Polygon","properties":{"hex_id":"r1632c912"}},{"arcs":[[332]],"type":"Polygon","properties":{"hex_id":"r1633c886"}},{"arcs":[[333]],"type":"Polygon","properties":{"hex_id":"r1633c892"}},{"arcs":[[334,335]],"type":"Polygon","properties":{"hex_id":"r1633c900"}},{"arcs":[[336,-335,337,338]],"type":"Polygon","properties":{"hex_id":"r1633c901"}},{"arcs":[[-321,339]],"type":"Polygon","properties":{"hex_id":"r1633c904"}},{"arcs":[[340,-328,-326,341,342]],"type":"Polygon","properties":{"hex_id":"r1633c906"}},{"arcs":[[343,-329,-341,344,345]],"type":"Polygon","properties":{"hex_id":"r1633c907"}},{"arcs":[[346,347]],"type":"Polygon","properties":{"hex_id":"r1633c909"}},{"arcs":[[348,349,-347,350,351]],"type":"Polygon","properties":{"hex_id":"r1633c910"}},{"arcs":[[-331,352,-349,353,354]],"type":"Polygon","properties":{"hex_id":"r1633c911"}},{"arcs":[[355,356,357]],"type":"Polygon","properties":{"hex_id":"r1634c877"}},{"arcs":[[358]],"type":"Polygon","properties":{"hex_id":"r1634c880"}},{"arcs":[[359,360,361]],"type":"Polygon","properties":{"hex_id":"r1634c895"}},{"arcs":[[362]],"type":"Polygon","properties":{"hex_id":"r1634c898"}},{"arcs":[[363,-339,364,365]],"type":"Polygon","properties":{"hex_id":"r1634c902"}},{"arcs":[[366,-345,-343,367,368,369]],"type":"Polygon","properties":{"hex_id":"r1634c907"}},{"arcs":[[-346,-367,370,371]],"type":"Polygon","properties":{"hex_id":"r1634c908"}},{"arcs":[[-354,-352,372,373,374]],"type":"Polygon","properties":{"hex_id":"r1634c911"}},{"arcs":[[375,-357,376]],"type":"Polygon","properties":{"hex_id":"r1635c876"}},{"arcs":[[-358,-376,377]],"type":"Polygon","properties":{"hex_id":"r1635c877"}},{"arcs":[[378,379]],"type":"Polygon","properties":{"hex_id":"r1635c883"}},{"arcs":[[380,381]],"type":"Polygon","properties":{"hex_id":"r1635c888"}},{"arcs":[[382,383,-381,384]],"type":"Polygon","properties":{"hex_id":"r1635c889"}},{"arcs":[[385,386,-383,387]],"type":"Polygon","properties":{"hex_id":"r1635c890"}},{"arcs":[[388,-386,389,390]],"type":"Polygon","properties":{"hex_id":"r1635c891"}},{"arcs":[[391,392,393,394]],"type":"Polygon","properties":{"hex_id":"r1635c893"}},{"arcs":[[395,-361,396,-392,397,398]],"type":"Polygon","properties":{"hex_id":"r1635c894"}},{"arcs":[[399,400,-362,-396,401,402]],"type":"Polygon","properties":{"hex_id":"r1635c895"}},{"arcs":[[403,-400,404,405]],"type":"Polygon","properties":{"hex_id":"r1635c896"}},{"arcs":[[406,407]],"type":"Polygon","properties":{"hex_id":"r1635c900"}},{"arcs":[[-366,408]],"type":"Polygon","properties":{"hex_id":"r1635c902"}},{"arcs":[[409,-369,410,411,412]],"type":"Polygon","properties":{"hex_id":"r1635c906"}},{"arcs":[[413,-371,-370,-410,414,415]],"type":"Polygon","properties":{"hex_id":"r1635c907"}},{"arcs":[[416,417,418,419]],"type":"Polygon","properties":{"hex_id":"r1635c909"}},{"arcs":[[-374,420,-417,421]],"type":"Polygon","properties":{"hex_id":"r1635c910"}},{"arcs":[[422]],"type":"Polygon","properties":{"hex_id":"r1636c873"}},{"arcs":[[-379,423]],"type":"Polygon","properties":{"hex_id":"r1636c883"}},{"arcs":[[424,425,-391,426,427,428]],"type":"Polygon","properties":{"hex_id":"r1636c892"}},{"arcs":[[429,-394,430,-425,431,432]],"type":"Polygon","properties":{"hex_id":"r1636c893"}},{"arcs":[[433,-398,-395,-430,434,435]],"type":"Polygon","properties":{"hex_id":"r1636c894"}},{"arcs":[[436,-402,-399,-434,437,438]],"type":"Polygon","properties":{"hex_id":"r1636c895"}},{"arcs":[[439,-405,-403,-437,440,441]],"type":"Polygon","properties":{"hex_id":"r1636c896"}},{"arcs":[[-406,-440,442]],"type":"Polygon","properties":{"hex_id":"r1636c897"}},{"arcs":[[-408,443]],"type":"Polygon","properties":{"hex_id":"r1636c901"}},{"arcs":[[444]],"type":"Polygon","properties":{"hex_id":"r1636c904"}},{"arcs":[[445,-412,446,447,448]],"type":"Polygon","properties":{"hex_id":"r1636c906"}},{"arcs":[[449,450,-416,451,452]],"type":"Polygon","properties":{"hex_id":"r1636c908"}},{"arcs":[[453,-419,454,-450,455,456]],"type":"Polygon","properties":{"hex_id":"r1636c909"}},{"arcs":[[457]],"type":"Polygon","properties":{"hex_id":"r1637c860"}},{"arcs":[[458,459]],"type":"Polygon","properties":{"hex_id":"r1637c881"}},{"arcs":[[460,461,462]],"type":"Polygon","properties":{"hex_id":"r1637c888"}},{"arcs":[[463,-428,464,465,466]],"type":"Polygon","properties":{"hex_id":"r1637c891"}},{"arcs":[[-432,-429,-464,467]],"type":"Polygon","properties":{"hex_id":"r1637c892"}},{"arcs":[[468,-438,-436,469,470,471]],"type":"Polygon","properties":{"hex_id":"r1637c894"}},{"arcs":[[-441,-439,-469,472]],"type":"Polygon","properties":{"hex_id":"r1637c895"}},{"arcs":[[473]],"type":"Polygon","properties":{"hex_id":"r1637c902"}},{"arcs":[[474,-448,475]],"type":"Polygon","properties":{"hex_id":"r1637c905"}},{"arcs":[[-449,-475,476]],"type":"Polygon","properties":{"hex_id":"r1637c906"}},{"arcs":[[477,-456,-453,478]],"type":"Polygon","properties":{"hex_id":"r1637c908"}},{"arcs":[[-457,-478,479]],"type":"Polygon","properties":{"hex_id":"r1637c909"}},{"arcs":[[480]],"type":"Polygon","properties":{"hex_id":"r1638c876"}},{"arcs":[[481]],"type":"Polygon","properties":{"hex_id":"r1638c880"}},{"arcs":[[-460,482]],"type":"Polygon","properties":{"hex_id":"r1638c882"}},{"arcs":[[483,484]],"type":"Polygon","properties":{"hex_id":"r1638c887"}},{"arcs":[[485,-462,486,-484,487]],"type":"Polygon","properties":{"hex_id":"r1638c888"}},{"arcs":[[-463,-486,488]],"type":"Polygon","properties":{"hex_id":"r1638c889"}},{"arcs":[[-466,489]],"type":"Polygon","properties":{"hex_id":"r1638c891"}},{"arcs":[[-471,490,491,492]],"type":"Polygon","properties":{"hex_id":"r1638c894"}},{"arcs":[[493,494]],"type":"Polygon","properties":{"hex_id":"r1638c901"}},{"arcs":[[495]],"type":"Polygon","properties":{"hex_id":"r1639c865"}},{"arcs":[[496]],"type":"Polygon","properties":{"hex_id":"r1639c877"}},{"arcs":[[497,498]],"type":"Polygon","properties":{"hex_id":"r1639c883"}},{"arcs":[[499]],"type":"Polygon","properties":{"hex_id":"r1639c885"}},{"arcs":[[500,501,502]],"type":"Polygon","properties":{"hex_id":"r1639c892"}},{"arcs":[[-492,503,-501,504,505]],"type":"Polygon","properties":{"hex_id":"r1639c893"}},{"arcs":[[506,507]],"type":"Polygon","properties":{"hex_id":"r1639c895"}},{"arcs":[[508,509,510]],"type":"Polygon","properties":{"hex_id":"r1639c898"}},{"arcs":[[511,512,-495,513,514,515]],"type":"Polygon","properties":{"hex_id":"r1639c901"}},{"arcs":[[516,517,-512,518,519]],"type":"Polygon","properties":{"hex_id":"r1639c902"}},{"arcs":[[520,521,-517,522,523]],"type":"Polygon","properties":{"hex_id":"r1639c903"}},{"arcs":[[524,525,-521,526,527]],"type":"Polygon","properties":{"hex_id":"r1639c904"}},{"arcs":[[-525,528,529]],"type":"Polygon","properties":{"hex_id":"r1639c905"}},{"arcs":[[530]],"type":"Polygon","properties":{"hex_id":"r1640c876"}},{"arcs":[[-499,531]],"type":"Polygon","properties":{"hex_id":"r1640c884"}},{"arcs":[[532,533]],"type":"Polygon","properties":{"hex_id":"r1640c887"}},{"arcs":[[-533,534]],"type":"Polygon","properties":{"hex_id":"r1640c888"}},{"arcs":[[535,536]],"type":"Polygon","properties":{"hex_id":"r1640c891"}},{"arcs":[[-505,-503,537,538,539]],"type":"Polygon","properties":{"hex_id":"r1640c893"}},{"arcs":[[-507,540]],"type":"Polygon","properties":{"hex_id":"r1640c895"}},{"arcs":[[541,-510,542,543,544]],"type":"Polygon","properties":{"hex_id":"r1640c898"}},{"arcs":[[545,-511,-542,546,547]],"type":"Polygon","properties":{"hex_id":"r1640c899"}},{"arcs":[[548,-515,549,550,551]],"type":"Polygon","properties":{"hex_id":"r1640c901"}},{"arcs":[[552,-519,-516,-549,553,554]],"type":"Polygon","properties":{"hex_id":"r1640c902"}},{"arcs":[[555,-527,-524,556,557,558]],"type":"Polygon","properties":{"hex_id":"r1640c904"}},{"arcs":[[-529,-528,-556,559,560]],"type":"Polygon","properties":{"hex_id":"r1640c905"}},{"arcs":[[561]],"type":"Polygon","properties":{"hex_id":"r1641c860"}},{"arcs":[[562,563]],"type":"Polygon","properties":{"hex_id":"r1641c880"}},{"arcs":[[-536,564]],"type":"Polygon","properties":{"hex_id":"r1641c890"}},{"arcs":[[-539,565]],"type":"Polygon","properties":{"hex_id":"r1641c892"}},{"arcs":[[566,-544,567]],"type":"Polygon","properties":{"hex_id":"r1641c897"}},{"arcs":[[568,-547,-545,-567,569,570]],"type":"Polygon","properties":{"hex_id":"r1641c898"}},{"arcs":[[571,572,-548,-569,573,574]],"type":"Polygon","properties":{"hex_id":"r1641c899"}},{"arcs":[[575,-551,576,-572,577]],"type":"Polygon","properties":{"hex_id":"r1641c900"}},{"arcs":[[578,-554,-552,-576,579,580]],"type":"Polygon","properties":{"hex_id":"r1641c901"}},{"arcs":[[581,582,-555,-579,583,584]],"type":"Polygon","properties":{"hex_id":"r1641c902"}},{"arcs":[[585,-558,586,-582,587,588]],"type":"Polygon","properties":{"hex_id":"r1641c903"}},{"arcs":[[589,-560,-559,-586,590,591]],"type":"Polygon","properties":{"hex_id":"r1641c904"}},{"arcs":[[592]],"type":"Polygon","properties":{"hex_id":"r1642c865"}},{"arcs":[[593]],"type":"Polygon","properties":{"hex_id":"r1642c875"}},{"arcs":[[594]],"type":"Polygon","properties":{"hex_id":"r1642c878"}},{"arcs":[[-563,595,596,597]],"type":"Polygon","properties":{"hex_id":"r1642c880"}},{"arcs":[[-574,-571,598]],"type":"Polygon","properties":{"hex_id":"r1642c899"}},{"arcs":[[599,-584,-581,600,601,602]],"type":"Polygon","properties":{"hex_id":"r1642c902"}},{"arcs":[[603,-588,-585,-600,604,605]],"type":"Polygon","properties":{"hex_id":"r1642c903"}},{"arcs":[[606,-591,-589,-604,607,608]],"type":"Polygon","properties":{"hex_id":"r1642c904"}},{"arcs":[[609,-592,-607,610,611]],"type":"Polygon","properties":{"hex_id":"r1642c905"}},{"arcs":[[612,613]],"type":"Polygon","properties":{"hex_id":"r1643c876"}},{"arcs":[[-597,614,615,616]],"type":"Polygon","properties":{"hex_id":"r1643c879"}},{"arcs":[[617,618]],"type":"Polygon","properties":{"hex_id":"r1643c883"}},{"arcs":[[619,620]],"type":"Polygon","properties":{"hex_id":"r1643c887"}},{"arcs":[[621,622]],"type":"Polygon","properties":{"hex_id":"r1643c895"}},{"arcs":[[623,624,625]],"type":"Polygon","properties":{"hex_id":"r1643c897"}},{"arcs":[[626,-602,627,628,629]],"type":"Polygon","properties":{"hex_id":"r1643c901"}},{"arcs":[[630,-605,-603,-627,631,632]],"type":"Polygon","properties":{"hex_id":"r1643c902"}},{"arcs":[[633,-608,-606,-631,634,635]],"type":"Polygon","properties":{"hex_id":"r1643c903"}},{"arcs":[[636,-611,-609,-634,637,638]],"type":"Polygon","properties":{"hex_id":"r1643c904"}},{"arcs":[[639,-612,-637,640,641]],"type":"Polygon","properties":{"hex_id":"r1643c905"}},{"arcs":[[642]],"type":"Polygon","properties":{"hex_id":"r1644c863"}},{"arcs":[[643]],"type":"Polygon","properties":{"hex_id":"r1644c867"}},{"arcs":[[644,645]],"type":"Polygon","properties":{"hex_id":"r1644c869"}},{"arcs":[[646,-613,647,648]],"type":"Polygon","properties":{"hex_id":"r1644c876"}},{"arcs":[[-616,649]],"type":"Polygon","properties":{"hex_id":"r1644c879"}},{"arcs":[[650,651,-619,652,653,654]],"type":"Polygon","properties":{"hex_id":"r1644c884"}},{"arcs":[[-651,655]],"type":"Polygon","properties":{"hex_id":"r1644c885"}},{"arcs":[[656,-621,657,658]],"type":"Polygon","properties":{"hex_id":"r1644c888"}},{"arcs":[[659,660,661]],"type":"Polygon","properties":{"hex_id":"r1644c893"}},{"arcs":[[-660,662,663]],"type":"Polygon","properties":{"hex_id":"r1644c894"}},{"arcs":[[664,665,-623,666,667]],"type":"Polygon","properties":{"hex_id":"r1644c896"}},{"arcs":[[668,-625,669,-665,670,671]],"type":"Polygon","properties":{"hex_id":"r1644c897"}},{"arcs":[[672,673,-626,-669,674,675]],"type":"Polygon","properties":{"hex_id":"r1644c898"}},{"arcs":[[-673,676,677]],"type":"Polygon","properties":{"hex_id":"r1644c899"}},{"arcs":[[678,-629,679,680]],"type":"Polygon","properties":{"hex_id":"r1644c901"}},{"arcs":[[681,-632,-630,-679,682,683]],"type":"Polygon","properties":{"hex_id":"r1644c902"}},{"arcs":[[684,-635,-633,-682,685,686]],"type":"Polygon","properties":{"hex_id":"r1644c903"}},{"arcs":[[687,-638,-636,-685,688,689]],"type":"Polygon","properties":{"hex_id":"r1644c904"}},{"arcs":[[690,-641,-639,-688,691,692]],"type":"Polygon","properties":{"hex_id":"r1644c905"}},{"arcs":[[693,-642,-691,694,695]],"type":"Polygon","properties":{"hex_id":"r1644c906"}},{"arcs":[[-646,696]],"type":"Polygon","properties":{"hex_id":"r1645c869"}},{"arcs":[[697,-649,698,699,700]],"type":"Polygon","properties":{"hex_id":"r1645c876"}},{"arcs":[[701,702,703]],"type":"Polygon","properties":{"hex_id":"r1645c880"}},{"arcs":[[704,-654,705,706]],"type":"Polygon","properties":{"hex_id":"r1645c883"}},{"arcs":[[707,708,-659,709]],"type":"Polygon","properties":{"hex_id":"r1645c888"}},{"arcs":[[-708,710]],"type":"Polygon","properties":{"hex_id":"r1645c889"}},{"arcs":[[-663,-662,711]],"type":"Polygon","properties":{"hex_id":"r1645c893"}},{"arcs":[[712,-671,-668,713,714,715]],"type":"Polygon","properties":{"hex_id":"r1645c896"}},{"arcs":[[716,-677,-676,717,718]],"type":"Polygon","properties":{"hex_id":"r1645c898"}},{"arcs":[[719,-683,-681,720,721,722]],"type":"Polygon","properties":{"hex_id":"r1645c901"}},{"arcs":[[723,-686,-684,-720,724,725]],"type":"Polygon","properties":{"hex_id":"r1645c902"}},{"arcs":[[726,-689,-687,-724,727,728]],"type":"Polygon","properties":{"hex_id":"r1645c903"}},{"arcs":[[729,-692,-690,-727,730,731]],"type":"Polygon","properties":{"hex_id":"r1645c904"}},{"arcs":[[732,-695,-693,-730,733,734]],"type":"Polygon","properties":{"hex_id":"r1645c905"}},{"arcs":[[-696,-733,735,736]],"type":"Polygon","properties":{"hex_id":"r1645c906"}},{"arcs":[[737,-700,738,739]],"type":"Polygon","properties":{"hex_id":"r1646c876"}},{"arcs":[[-701,-738,740,741]],"type":"Polygon","properties":{"hex_id":"r1646c877"}},{"arcs":[[742,743]],"type":"Polygon","properties":{"hex_id":"r1646c879"}},{"arcs":[[744,-703,745,-743,746,747]],"type":"Polygon","properties":{"hex_id":"r1646c880"}},{"arcs":[[-704,-745,748,749]],"type":"Polygon","properties":{"hex_id":"r1646c881"}},{"arcs":[[-707,750]],"type":"Polygon","properties":{"hex_id":"r1646c884"}},{"arcs":[[751]],"type":"Polygon","properties":{"hex_id":"r1646c892"}},{"arcs":[[752,-715,753]],"type":"Polygon","properties":{"hex_id":"r1646c896"}},{"arcs":[[754,-716,-753,755,756]],"type":"Polygon","properties":{"hex_id":"r1646c897"}},{"arcs":[[757,758,-719,759,760,761]],"type":"Polygon","properties":{"hex_id":"r1646c899"}},{"arcs":[[762,763,-758,764,765]],"type":"Polygon","properties":{"hex_id":"r1646c900"}},{"arcs":[[766,-722,767,-763,768,769]],"type":"Polygon","properties":{"hex_id":"r1646c901"}},{"arcs":[[770,-725,-723,-767,771,772]],"type":"Polygon","properties":{"hex_id":"r1646c902"}},{"arcs":[[773,-728,-726,-771,774,775]],"type":"Polygon","properties":{"hex_id":"r1646c903"}},{"arcs":[[776,-731,-729,-774,777,778]],"type":"Polygon","properties":{"hex_id":"r1646c904"}},{"arcs":[[779,-734,-732,-777,780,781]],"type":"Polygon","properties":{"hex_id":"r1646c905"}},{"arcs":[[782,-736,-735,-780,783,784]],"type":"Polygon","properties":{"hex_id":"r1646c906"}},{"arcs":[[785,786]],"type":"Polygon","properties":{"hex_id":"r1647c872"}},{"arcs":[[-741,-740,787]],"type":"Polygon","properties":{"hex_id":"r1647c876"}},{"arcs":[[788,-749,-748,789,790,791]],"type":"Polygon","properties":{"hex_id":"r1647c880"}},{"arcs":[[792,793]],"type":"Polygon","properties":{"hex_id":"r1647c887"}},{"arcs":[[794,795,796]],"type":"Polygon","properties":{"hex_id":"r1647c889"}},{"arcs":[[797,798,-757,799,800]],"type":"Polygon","properties":{"hex_id":"r1647c897"}},{"arcs":[[801,-761,802,-798,803,804]],"type":"Polygon","properties":{"hex_id":"r1647c898"}},{"arcs":[[805,-765,-762,-802,806,807]],"type":"Polygon","properties":{"hex_id":"r1647c899"}},{"arcs":[[808,-769,-766,-806,809,810]],"type":"Polygon","properties":{"hex_id":"r1647c900"}},{"arcs":[[811,-772,-770,-809,812,813]],"type":"Polygon","properties":{"hex_id":"r1647c901"}},{"arcs":[[814,-775,-773,-812,815,816]],"type":"Polygon","properties":{"hex_id":"r1647c902"}},{"arcs":[[817,-778,-776,-815,818,819]],"type":"Polygon","properties":{"hex_id":"r1647c903"}},{"arcs":[[820,-781,-779,-818,821,822]],"type":"Polygon","properties":{"hex_id":"r1647c904"}},{"arcs":[[823,-784,-782,-821,824,825]],"type":"Polygon","properties":{"hex_id":"r1647c905"}},{"arcs":[[-785,-824,826]],"type":"Polygon","properties":{"hex_id":"r1647c906"}},{"arcs":[[827,828]],"type":"Polygon","properties":{"hex_id":"r1648c871"}},{"arcs":[[829,-786,830,-828,831,832]],"type":"Polygon","properties":{"hex_id":"r1648c872"}},{"arcs":[[833]],"type":"Polygon","properties":{"hex_id":"r1648c875"}},{"arcs":[[834,-791,835,836]],"type":"Polygon","properties":{"hex_id":"r1648c880"}},{"arcs":[[837,838,-792,-835,839,840]],"type":"Polygon","properties":{"hex_id":"r1648c881"}},{"arcs":[[-838,841]],"type":"Polygon","properties":{"hex_id":"r1648c882"}},{"arcs":[[842,843]],"type":"Polygon","properties":{"hex_id":"r1648c884"}},{"arcs":[[844,845,-843,846,847]],"type":"Polygon","properties":{"hex_id":"r1648c885"}},{"arcs":[[848,849,-845,850,851]],"type":"Polygon","properties":{"hex_id":"r1648c886"}},{"arcs":[[852,-793,853,-849,854,855]],"type":"Polygon","properties":{"hex_id":"r1648c887"}},{"arcs":[[856,-796,857,858,859]],"type":"Polygon","properties":{"hex_id":"r1648c889"}},{"arcs":[[-797,-857,860,861]],"type":"Polygon","properties":{"hex_id":"r1648c890"}},{"arcs":[[862]],"type":"Polygon","properties":{"hex_id":"r1648c894"}},{"arcs":[[863,-804,-801,864,865,866]],"type":"Polygon","properties":{"hex_id":"r1648c898"}},{"arcs":[[867,-807,-805,-864,868,869]],"type":"Polygon","properties":{"hex_id":"r1648c899"}},{"arcs":[[870,-813,-811,871,872,873]],"type":"Polygon","properties":{"hex_id":"r1648c901"}},{"arcs":[[874,-816,-814,-871,875,876]],"type":"Polygon","properties":{"hex_id":"r1648c902"}},{"arcs":[[877,-822,-820,878,879,880]],"type":"Polygon","properties":{"hex_id":"r1648c904"}},{"arcs":[[-825,-823,-878,881]],"type":"Polygon","properties":{"hex_id":"r1648c905"}},{"arcs":[[-833,882]],"type":"Polygon","properties":{"hex_id":"r1649c872"}},{"arcs":[[-840,-837,883]],"type":"Polygon","properties":{"hex_id":"r1649c880"}},{"arcs":[[884,-851,-848,885]],"type":"Polygon","properties":{"hex_id":"r1649c885"}},{"arcs":[[886,-855,-852,-885,887]],"type":"Polygon","properties":{"hex_id":"r1649c886"}},{"arcs":[[888,889,-856,-887,890]],"type":"Polygon","properties":{"hex_id":"r1649c887"}},{"arcs":[[891,-859,892,-889,893]],"type":"Polygon","properties":{"hex_id":"r1649c888"}},{"arcs":[[-861,-860,-892,894]],"type":"Polygon","properties":{"hex_id":"r1649c889"}},{"arcs":[[895,896]],"type":"Polygon","properties":{"hex_id":"r1649c892"}},{"arcs":[[897,898]],"type":"Polygon","properties":{"hex_id":"r1649c896"}},{"arcs":[[-866,899,-898,900]],"type":"Polygon","properties":{"hex_id":"r1649c897"}},{"arcs":[[901,902,-870,903]],"type":"Polygon","properties":{"hex_id":"r1649c899"}},{"arcs":[[904,-873,905,-902,906,907]],"type":"Polygon","properties":{"hex_id":"r1649c900"}},{"arcs":[[908,-876,-874,-905,909,910]],"type":"Polygon","properties":{"hex_id":"r1649c901"}},{"arcs":[[911,912,-877,-909,913,914]],"type":"Polygon","properties":{"hex_id":"r1649c902"}},{"arcs":[[-880,915,-912,916]],"type":"Polygon","properties":{"hex_id":"r1649c903"}},{"arcs":[[917,918]],"type":"Polygon","properties":{"hex_id":"r1650c877"}},{"arcs":[[919]],"type":"Polygon","properties":{"hex_id":"r1650c882"}},{"arcs":[[-897,920]],"type":"Polygon","properties":{"hex_id":"r1650c893"}},{"arcs":[[921,-910,-908,922,923,924]],"type":"Polygon","properties":{"hex_id":"r1650c901"}},{"arcs":[[-914,-911,-922,925,926]],"type":"Polygon","properties":{"hex_id":"r1650c902"}},{"arcs":[[-918,927]],"type":"Polygon","properties":{"hex_id":"r1651c876"}},{"arcs":[[928,929]],"type":"Polygon","properties":{"hex_id":"r1651c883"}},{"arcs":[[930]],"type":"Polygon","properties":{"hex_id":"r1651c890"}},{"arcs":[[931]],"type":"Polygon","properties":{"hex_id":"r1651c895"}},{"arcs":[[932,933,934]],"type":"Polygon","properties":{"hex_id":"r1651c897"}},{"arcs":[[935,-924,936,937,938]],"type":"Polygon","properties":{"hex_id":"r1651c900"}},{"arcs":[[939,-926,-925,-936,940,941]],"type":"Polygon","properties":{"hex_id":"r1651c901"}},{"arcs":[[942,-929,943,944]],"type":"Polygon","properties":{"hex_id":"r1652c883"}},{"arcs":[[945,-934,946,947,948]],"type":"Polygon","properties":{"hex_id":"r1652c897"}},{"arcs":[[949,950,-935,-946,951,952]],"type":"Polygon","properties":{"hex_id":"r1652c898"}},{"arcs":[[953,954,-950,955,956]],"type":"Polygon","properties":{"hex_id":"r1652c899"}},{"arcs":[[957,-938,958,-954,959,960]],"type":"Polygon","properties":{"hex_id":"r1652c900"}},{"arcs":[[961,962,-942,963,964,965]],"type":"Polygon","properties":{"hex_id":"r1652c902"}},{"arcs":[[-962,966]],"type":"Polygon","properties":{"hex_id":"r1652c903"}},{"arcs":[[967]],"type":"Polygon","properties":{"hex_id":"r1653c881"}},{"arcs":[[-945,968]],"type":"Polygon","properties":{"hex_id":"r1653c883"}},{"arcs":[[969]],"type":"Polygon","properties":{"hex_id":"r1653c885"}},{"arcs":[[970]],"type":"Polygon","properties":{"hex_id":"r1653c888"}},{"arcs":[[971,-948,972,973,974]],"type":"Polygon","properties":{"hex_id":"r1653c896"}},{"arcs":[[975,-956,-953,976,977,978]],"type":"Polygon","properties":{"hex_id":"r1653c898"}},{"arcs":[[979,-960,-957,-976,980,981]],"type":"Polygon","properties":{"hex_id":"r1653c899"}},{"arcs":[[982,983,-961,-980,984,985]],"type":"Polygon","properties":{"hex_id":"r1653c900"}},{"arcs":[[986,-965,987,-983,988,989]],"type":"Polygon","properties":{"hex_id":"r1653c901"}},{"arcs":[[990]],"type":"Polygon","properties":{"hex_id":"r1654c879"}},{"arcs":[[991,-974,992,993,994]],"type":"Polygon","properties":{"hex_id":"r1654c896"}},{"arcs":[[995,996,-975,-992,997,998]],"type":"Polygon","properties":{"hex_id":"r1654c897"}},{"arcs":[[999,-978,1000,-996,1001,1002]],"type":"Polygon","properties":{"hex_id":"r1654c898"}},{"arcs":[[1003,-981,-979,-1000,1004,1005]],"type":"Polygon","properties":{"hex_id":"r1654c899"}},{"arcs":[[1006,-985,-982,-1004,1007,1008]],"type":"Polygon","properties":{"hex_id":"r1654c900"}},{"arcs":[[1009,-989,-986,-1007,1010,1011]],"type":"Polygon","properties":{"hex_id":"r1654c901"}},{"arcs":[[-990,-1010,1012]],"type":"Polygon","properties":{"hex_id":"r1654c902"}},{"arcs":[[1013,1014,1015,1016]],"type":"Polygon","properties":{"hex_id":"r1655c883"}},{"arcs":[[1017,-1014,1018,1019]],"type":"Polygon","properties":{"hex_id":"r1655c884"}},{"arcs":[[1020,1021]],"type":"Polygon","properties":{"hex_id":"r1655c887"}},{"arcs":[[1022,1023,-1021,1024]],"type":"Polygon","properties":{"hex_id":"r1655c888"}},{"arcs":[[-1023,1025]],"type":"Polygon","properties":{"hex_id":"r1655c889"}},{"arcs":[[1026,-994,1027,1028]],"type":"Polygon","properties":{"hex_id":"r1655c895"}},{"arcs":[[1029,-998,-995,-1027,1030,1031]],"type":"Polygon","properties":{"hex_id":"r1655c896"}},{"arcs":[[1032,-1002,-999,-1030,1033,1034]],"type":"Polygon","properties":{"hex_id":"r1655c897"}},{"arcs":[[1035,-1005,-1003,-1033,1036,1037]],"type":"Polygon","properties":{"hex_id":"r1655c898"}},{"arcs":[[-1011,-1009,1038,1039,1040]],"type":"Polygon","properties":{"hex_id":"r1655c900"}},{"arcs":[[-1016,1041]],"type":"Polygon","properties":{"hex_id":"r1656c883"}},{"arcs":[[-1020,1042]],"type":"Polygon","properties":{"hex_id":"r1656c885"}},{"arcs":[[1043,1044,1045]],"type":"Polygon","properties":{"hex_id":"r1656c891"}},{"arcs":[[1046,1047,-1044,1048,1049]],"type":"Polygon","properties":{"hex_id":"r1656c892"}},{"arcs":[[1050,1051,-1047,1052,1053]],"type":"Polygon","properties":{"hex_id":"r1656c893"}},{"arcs":[[-1051,1054]],"type":"Polygon","properties":{"hex_id":"r1656c894"}},{"arcs":[[1055,-1031,-1029,1056,1057,1058]],"type":"Polygon","properties":{"hex_id":"r1656c896"}},{"arcs":[[1059,-1034,-1032,-1056,1060,1061]],"type":"Polygon","properties":{"hex_id":"r1656c897"}},{"arcs":[[1062,-1037,-1035,-1060,1063,1064]],"type":"Polygon","properties":{"hex_id":"r1656c898"}},{"arcs":[[1065,1066,-1038,-1063,1067,1068]],"type":"Polygon","properties":{"hex_id":"r1656c899"}},{"arcs":[[-1040,1069,-1066,1070,1071]],"type":"Polygon","properties":{"hex_id":"r1656c900"}},{"arcs":[[1072]],"type":"Polygon","properties":{"hex_id":"r1657c874"}},{"arcs":[[1073]],"type":"Polygon","properties":{"hex_id":"r1657c886"}},{"arcs":[[1074,-1049,-1046,1075,1076,1077]],"type":"Polygon","properties":{"hex_id":"r1657c891"}},{"arcs":[[-1053,-1050,-1075,1078]],"type":"Polygon","properties":{"hex_id":"r1657c892"}},{"arcs":[[1079,-1058,1080,1081]],"type":"Polygon","properties":{"hex_id":"r1657c895"}},{"arcs":[[1082,-1061,-1059,-1080,1083,1084]],"type":"Polygon","properties":{"hex_id":"r1657c896"}},{"arcs":[[1085,-1064,-1062,-1083,1086,1087]],"type":"Polygon","properties":{"hex_id":"r1657c897"}},{"arcs":[[1088,-1068,-1065,-1086,1089,1090]],"type":"Polygon","properties":{"hex_id":"r1657c898"}},{"arcs":[[-1071,-1069,-1089,1091,1092]],"type":"Polygon","properties":{"hex_id":"r1657c899"}},{"arcs":[[1093]],"type":"Polygon","properties":{"hex_id":"r1658c876"}},{"arcs":[[1094]],"type":"Polygon","properties":{"hex_id":"r1658c878"}},{"arcs":[[1095]],"type":"Polygon","properties":{"hex_id":"r1658c889"}},{"arcs":[[-1077,1096]],"type":"Polygon","properties":{"hex_id":"r1658c891"}},{"arcs":[[1097]],"type":"Polygon","properties":{"hex_id":"r1658c894"}},{"arcs":[[1098,-1084,-1082,1099,1100]],"type":"Polygon","properties":{"hex_id":"r1658c896"}},{"arcs":[[1101,-1087,-1085,-1099,1102,1103]],"type":"Polygon","properties":{"hex_id":"r1658c897"}},{"arcs":[[1104,-1090,-1088,-1102,1105,1106]],"type":"Polygon","properties":{"hex_id":"r1658c898"}},{"arcs":[[-1092,-1091,-1105,1107,1108]],"type":"Polygon","properties":{"hex_id":"r1658c899"}},{"arcs":[[1109,1110]],"type":"Polygon","properties":{"hex_id":"r1659c874"}},{"arcs":[[1111,1112]],"type":"Polygon","properties":{"hex_id":"r1659c880"}},{"arcs":[[1113,1114,1115]],"type":"Polygon","properties":{"hex_id":"r1659c882"}},{"arcs":[[1116,1117]],"type":"Polygon","properties":{"hex_id":"r1659c884"}},{"arcs":[[1118]],"type":"Polygon","properties":{"hex_id":"r1659c892"}},{"arcs":[[1119,-1103,-1101,1120,1121,1122]],"type":"Polygon","properties":{"hex_id":"r1659c896"}},{"arcs":[[1123,-1106,-1104,-1120,1124,1125]],"type":"Polygon","properties":{"hex_id":"r1659c897"}},{"arcs":[[1126,-1108,-1107,-1124,1127,1128]],"type":"Polygon","properties":{"hex_id":"r1659c898"}},{"arcs":[[-1111,1129]],"type":"Polygon","properties":{"hex_id":"r1660c875"}},{"arcs":[[1130,1131]],"type":"Polygon","properties":{"hex_id":"r1660c878"}},{"arcs":[[1132,1133,-1113,1134,1135]],"type":"Polygon","properties":{"hex_id":"r1660c881"}},{"arcs":[[1136,-1115,1137,-1133,1138,1139]],"type":"Polygon","properties":{"hex_id":"r1660c882"}},{"arcs":[[1140,1141,-1116,-1137,1142]],"type":"Polygon","properties":{"hex_id":"r1660c883"}},{"arcs":[[-1117,1143,-1141,1144]],"type":"Polygon","properties":{"hex_id":"r1660c884"}},{"arcs":[[1145]],"type":"Polygon","properties":{"hex_id":"r1660c887"}},{"arcs":[[1146,1147,1148]],"type":"Polygon","properties":{"hex_id":"r1660c894"}},{"arcs":[[1149,1150,-1147,1151,1152]],"type":"Polygon","properties":{"hex_id":"r1660c895"}},{"arcs":[[1153,-1122,1154,-1150,1155,1156]],"type":"Polygon","properties":{"hex_id":"r1660c896"}},{"arcs":[[1157,-1125,-1123,-1154,1158,1159]],"type":"Polygon","properties":{"hex_id":"r1660c897"}},{"arcs":[[1160,-1128,-1126,-1158,1161,1162]],"type":"Polygon","properties":{"hex_id":"r1660c898"}},{"arcs":[[-1129,-1161,1163,1164]],"type":"Polygon","properties":{"hex_id":"r1660c899"}},{"arcs":[[1165,1166,-1132,1167]],"type":"Polygon","properties":{"hex_id":"r1661c878"}},{"arcs":[[-1166,1168]],"type":"Polygon","properties":{"hex_id":"r1661c879"}},{"arcs":[[-1139,-1136,1169,1170,1171]],"type":"Polygon","properties":{"hex_id":"r1661c881"}},{"arcs":[[1172]],"type":"Polygon","properties":{"hex_id":"r1661c885"}},{"arcs":[[1173,-1152,-1149,1174,1175,1176]],"type":"Polygon","properties":{"hex_id":"r1661c894"}},{"arcs":[[1177,-1159,-1157,1178,1179,1180]],"type":"Polygon","properties":{"hex_id":"r1661c896"}},{"arcs":[[1181,-1162,-1160,-1178,1182,1183]],"type":"Polygon","properties":{"hex_id":"r1661c897"}},{"arcs":[[1184,-1164,-1163,-1182,1185,1186]],"type":"Polygon","properties":{"hex_id":"r1661c898"}},{"arcs":[[1187,-1171,1188,1189]],"type":"Polygon","properties":{"hex_id":"r1662c881"}},{"arcs":[[1190,1191,1192]],"type":"Polygon","properties":{"hex_id":"r1662c884"}},{"arcs":[[1193,-1176,1194,1195]],"type":"Polygon","properties":{"hex_id":"r1662c894"}},{"arcs":[[1196,1197,-1177,-1194,1198,1199]],"type":"Polygon","properties":{"hex_id":"r1662c895"}},{"arcs":[[1200,-1180,1201,-1197,1202,1203]],"type":"Polygon","properties":{"hex_id":"r1662c896"}},{"arcs":[[1204,-1183,-1181,-1201,1205,1206]],"type":"Polygon","properties":{"hex_id":"r1662c897"}},{"arcs":[[-1187,1207,1208,1209]],"type":"Polygon","properties":{"hex_id":"r1662c899"}},{"arcs":[[1210,1211]],"type":"Polygon","properties":{"hex_id":"r1663c874"}},{"arcs":[[1212,1213,1214,1215]],"type":"Polygon","properties":{"hex_id":"r1663c877"}},{"arcs":[[-1213,1216,1217]],"type":"Polygon","properties":{"hex_id":"r1663c878"}},{"arcs":[[1218,1219,-1190,1220]],"type":"Polygon","properties":{"hex_id":"r1663c881"}},{"arcs":[[1221,1222,-1219,1223]],"type":"Polygon","properties":{"hex_id":"r1663c882"}},{"arcs":[[1224,-1192,1225,-1222,1226]],"type":"Polygon","properties":{"hex_id":"r1663c883"}},{"arcs":[[-1193,-1225,1227]],"type":"Polygon","properties":{"hex_id":"r1663c884"}},{"arcs":[[1228,1229]],"type":"Polygon","properties":{"hex_id":"r1663c888"}},{"arcs":[[1230,1231]],"type":"Polygon","properties":{"hex_id":"r1663c891"}},{"arcs":[[-1231,1232]],"type":"Polygon","properties":{"hex_id":"r1663c892"}},{"arcs":[[1233,-1199,-1196,1234,1235]],"type":"Polygon","properties":{"hex_id":"r1663c894"}},{"arcs":[[1236,-1206,-1204,1237,1238,1239]],"type":"Polygon","properties":{"hex_id":"r1663c896"}},{"arcs":[[1240,1241,-1207,-1237,1242,1243]],"type":"Polygon","properties":{"hex_id":"r1663c897"}},{"arcs":[[-1209,1244,-1241,1245,1246]],"type":"Polygon","properties":{"hex_id":"r1663c898"}},{"arcs":[[-1212,1247]],"type":"Polygon","properties":{"hex_id":"r1664c875"}},{"arcs":[[1248,-1215,1249,1250]],"type":"Polygon","properties":{"hex_id":"r1664c877"}},{"arcs":[[-1217,-1216,-1249,1251,1252]],"type":"Polygon","properties":{"hex_id":"r1664c878"}},{"arcs":[[1253,1254,1255]],"type":"Polygon","properties":{"hex_id":"r1664c880"}},{"arcs":[[1256,1257,1258,1259]],"type":"Polygon","properties":{"hex_id":"r1664c887"}},{"arcs":[[1260,-1229,1261,-1257,1262,1263]],"type":"Polygon","properties":{"hex_id":"r1664c888"}},{"arcs":[[1264,1265,1266]],"type":"Polygon","properties":{"hex_id":"r1664c890"}},{"arcs":[[1267,1268,-1236,1269,1270]],"type":"Polygon","properties":{"hex_id":"r1664c895"}},{"arcs":[[1271,-1239,1272,-1268,1273,1274]],"type":"Polygon","properties":{"hex_id":"r1664c896"}},{"arcs":[[1275,-1243,-1240,-1272,1276,1277]],"type":"Polygon","properties":{"hex_id":"r1664c897"}},{"arcs":[[-1246,-1244,-1276,1278,1279]],"type":"Polygon","properties":{"hex_id":"r1664c898"}},{"arcs":[[1280,-1252,-1251,1281,1282,1283]],"type":"Polygon","properties":{"hex_id":"r1665c877"}},{"arcs":[[1284,-1255,1285,1286,1287]],"type":"Polygon","properties":{"hex_id":"r1665c879"}},{"arcs":[[1288,-1256,-1285,1289,1290]],"type":"Polygon","properties":{"hex_id":"r1665c880"}},{"arcs":[[1291,1292,1293]],"type":"Polygon","properties":{"hex_id":"r1665c882"}},{"arcs":[[-1259,1294,1295,1296]],"type":"Polygon","properties":{"hex_id":"r1665c886"}},{"arcs":[[1297,1298,-1264,1299,1300,1301]],"type":"Polygon","properties":{"hex_id":"r1665c888"}},{"arcs":[[1302,-1266,1303,-1298,1304,1305]],"type":"Polygon","properties":{"hex_id":"r1665c889"}},{"arcs":[[1306,1307,-1267,-1303,1308,1309]],"type":"Polygon","properties":{"hex_id":"r1665c890"}},{"arcs":[[1310,1311,-1307,1312,1313]],"type":"Polygon","properties":{"hex_id":"r1665c891"}},{"arcs":[[1314,1315,-1311,1316,1317]],"type":"Polygon","properties":{"hex_id":"r1665c892"}},{"arcs":[[1318,-1315,1319,1320]],"type":"Polygon","properties":{"hex_id":"r1665c893"}},{"arcs":[[1321,-1274,-1271,1322,1323]],"type":"Polygon","properties":{"hex_id":"r1665c895"}},{"arcs":[[1324,-1277,-1275,-1322,1325,1326]],"type":"Polygon","properties":{"hex_id":"r1665c896"}},{"arcs":[[1327,-1279,-1278,-1325,1328,1329]],"type":"Polygon","properties":{"hex_id":"r1665c897"}},{"arcs":[[1330,-1283,1331,1332,1333]],"type":"Polygon","properties":{"hex_id":"r1666c877"}},{"arcs":[[1334,1335,-1284,-1331,1336]],"type":"Polygon","properties":{"hex_id":"r1666c878"}},{"arcs":[[-1287,1337,-1335,1338]],"type":"Polygon","properties":{"hex_id":"r1666c879"}},{"arcs":[[1339,1340,-1291,1341,1342,1343]],"type":"Polygon","properties":{"hex_id":"r1666c881"}},{"arcs":[[1344,-1293,1345,-1340,1346,1347]],"type":"Polygon","properties":{"hex_id":"r1666c882"}},{"arcs":[[-1294,-1345,1348,1349]],"type":"Polygon","properties":{"hex_id":"r1666c883"}},{"arcs":[[1350,-1296,1351,1352,1353]],"type":"Polygon","properties":{"hex_id":"r1666c886"}},{"arcs":[[1354,-1301,1355,1356,1357]],"type":"Polygon","properties":{"hex_id":"r1666c888"}},{"arcs":[[1358,-1309,-1306,1359,1360,1361]],"type":"Polygon","properties":{"hex_id":"r1666c890"}},{"arcs":[[1362,-1313,-1310,-1359,1363,1364]],"type":"Polygon","properties":{"hex_id":"r1666c891"}},{"arcs":[[1365,-1320,-1318,1366,1367]],"type":"Polygon","properties":{"hex_id":"r1666c893"}},{"arcs":[[-1321,-1366,1368,1369]],"type":"Polygon","properties":{"hex_id":"r1666c894"}},{"arcs":[[1370,-1326,-1324,1371,1372,1373]],"type":"Polygon","properties":{"hex_id":"r1666c896"}},{"arcs":[[1374,-1329,-1327,-1371,1375,1376]],"type":"Polygon","properties":{"hex_id":"r1666c897"}},{"arcs":[[1377,-1330,-1375,1378,1379]],"type":"Polygon","properties":{"hex_id":"r1666c898"}},{"arcs":[[1380,1381,1382]],"type":"Polygon","properties":{"hex_id":"r1667c875"}},{"arcs":[[1383,-1333,1384,-1381,1385,1386]],"type":"Polygon","properties":{"hex_id":"r1667c876"}},{"arcs":[[1387,-1343,1388,1389,1390]],"type":"Polygon","properties":{"hex_id":"r1667c880"}},{"arcs":[[-1349,-1348,1391,1392,1393]],"type":"Polygon","properties":{"hex_id":"r1667c882"}},{"arcs":[[1394,-1353,1395]],"type":"Polygon","properties":{"hex_id":"r1667c885"}},{"arcs":[[1396,1397,-1354,-1395,1398]],"type":"Polygon","properties":{"hex_id":"r1667c886"}},{"arcs":[[1399,-1357,1400,-1397,1401]],"type":"Polygon","properties":{"hex_id":"r1667c887"}},{"arcs":[[1402,1403,-1358,-1400,1404,1405]],"type":"Polygon","properties":{"hex_id":"r1667c888"}},{"arcs":[[1406,-1361,1407,-1403,1408,1409]],"type":"Polygon","properties":{"hex_id":"r1667c889"}},{"arcs":[[1410,-1364,-1362,-1407,1411,1412]],"type":"Polygon","properties":{"hex_id":"r1667c890"}},{"arcs":[[-1365,-1411,1413,1414]],"type":"Polygon","properties":{"hex_id":"r1667c891"}},{"arcs":[[1415,-1369,-1368,1416,1417]],"type":"Polygon","properties":{"hex_id":"r1667c893"}},{"arcs":[[1418,-1373,1419,1420,1421]],"type":"Polygon","properties":{"hex_id":"r1667c895"}},{"arcs":[[1422,-1376,-1374,-1419,1423,1424]],"type":"Polygon","properties":{"hex_id":"r1667c896"}},{"arcs":[[1425,-1379,-1377,-1423,1426,1427]],"type":"Polygon","properties":{"hex_id":"r1667c897"}},{"arcs":[[1428,1429,-1380,-1426,1430]],"type":"Polygon","properties":{"hex_id":"r1667c898"}},{"arcs":[[1431,1432,-1429,1433]],"type":"Polygon","properties":{"hex_id":"r1667c899"}},{"arcs":[[-1432,1434]],"type":"Polygon","properties":{"hex_id":"r1667c900"}},{"arcs":[[1435,1436]],"type":"Polygon","properties":{"hex_id":"r1668c868"}},{"arcs":[[1437,-1386,-1383,1438]],"type":"Polygon","properties":{"hex_id":"r1668c876"}},{"arcs":[[1439,1440,-1387,-1438,1441]],"type":"Polygon","properties":{"hex_id":"r1668c877"}},{"arcs":[[-1440,1442]],"type":"Polygon","properties":{"hex_id":"r1668c878"}},{"arcs":[[1443,-1390,1444]],"type":"Polygon","properties":{"hex_id":"r1668c880"}},{"arcs":[[1445,1446,-1391,-1444,1447]],"type":"Polygon","properties":{"hex_id":"r1668c881"}},{"arcs":[[-1393,1448,-1446,1449]],"type":"Polygon","properties":{"hex_id":"r1668c882"}},{"arcs":[[-1409,-1406,1450,1451,1452]],"type":"Polygon","properties":{"hex_id":"r1668c889"}},{"arcs":[[-1414,-1413,1453,1454,1455]],"type":"Polygon","properties":{"hex_id":"r1668c891"}},{"arcs":[[1456,1457,-1418,1458,1459,1460]],"type":"Polygon","properties":{"hex_id":"r1668c894"}},{"arcs":[[1461,-1421,1462,-1457,1463,1464]],"type":"Polygon","properties":{"hex_id":"r1668c895"}},{"arcs":[[1465,-1424,-1422,-1462,1466,1467]],"type":"Polygon","properties":{"hex_id":"r1668c896"}},{"arcs":[[1468,-1427,-1425,-1466,1469,1470]],"type":"Polygon","properties":{"hex_id":"r1668c897"}},{"arcs":[[1471,1472,-1437,1473]],"type":"Polygon","properties":{"hex_id":"r1669c868"}},{"arcs":[[1474,1475,-1472,1476,1477]],"type":"Polygon","properties":{"hex_id":"r1669c869"}},{"arcs":[[1478,1479,-1475,1480,1481]],"type":"Polygon","properties":{"hex_id":"r1669c870"}},{"arcs":[[-1479,1482]],"type":"Polygon","properties":{"hex_id":"r1669c871"}},{"arcs":[[1483]],"type":"Polygon","properties":{"hex_id":"r1669c874"}},{"arcs":[[1484,1485]],"type":"Polygon","properties":{"hex_id":"r1669c883"}},{"arcs":[[1486,1487,-1485,1488,1489]],"type":"Polygon","properties":{"hex_id":"r1669c884"}},{"arcs":[[1490,1491,-1487,1492,1493]],"type":"Polygon","properties":{"hex_id":"r1669c885"}},{"arcs":[[1494,1495,-1491,1496,1497]],"type":"Polygon","properties":{"hex_id":"r1669c886"}},{"arcs":[[1498,1499,-1495,1500,1501]],"type":"Polygon","properties":{"hex_id":"r1669c887"}},{"arcs":[[1502,-1452,1503,-1499,1504,1505]],"type":"Polygon","properties":{"hex_id":"r1669c888"}},{"arcs":[[1506,-1455,1507,1508,1509]],"type":"Polygon","properties":{"hex_id":"r1669c890"}},{"arcs":[[1510,-1460,1511,1512,1513]],"type":"Polygon","properties":{"hex_id":"r1669c893"}},{"arcs":[[1514,-1464,-1461,-1511,1515,1516]],"type":"Polygon","properties":{"hex_id":"r1669c894"}},{"arcs":[[1517,-1467,-1465,-1515,1518,1519]],"type":"Polygon","properties":{"hex_id":"r1669c895"}},{"arcs":[[1520,-1470,-1468,-1518,1521,1522]],"type":"Polygon","properties":{"hex_id":"r1669c896"}},{"arcs":[[-1471,-1521,1523,1524]],"type":"Polygon","properties":{"hex_id":"r1669c897"}},{"arcs":[[-1481,-1478,1525]],"type":"Polygon","properties":{"hex_id":"r1670c870"}},{"arcs":[[1526,1527]],"type":"Polygon","properties":{"hex_id":"r1670c873"}},{"arcs":[[1528,1529]],"type":"Polygon","properties":{"hex_id":"r1670c878"}},{"arcs":[[1530,1531]],"type":"Polygon","properties":{"hex_id":"r1670c881"}},{"arcs":[[1532,-1493,-1490,1533,1534,1535]],"type":"Polygon","properties":{"hex_id":"r1670c885"}},{"arcs":[[1536,-1497,-1494,-1533,1537,1538]],"type":"Polygon","properties":{"hex_id":"r1670c886"}},{"arcs":[[1539,-1501,-1498,-1537,1540,1541]],"type":"Polygon","properties":{"hex_id":"r1670c887"}},{"arcs":[[1542,-1505,-1502,-1540,1543,1544]],"type":"Polygon","properties":{"hex_id":"r1670c888"}},{"arcs":[[1545,1546,-1506,-1543,1547,1548]],"type":"Polygon","properties":{"hex_id":"r1670c889"}},{"arcs":[[1549,-1509,1550,-1546,1551,1552]],"type":"Polygon","properties":{"hex_id":"r1670c890"}},{"arcs":[[1553,1554,-1510,-1550,1555,1556]],"type":"Polygon","properties":{"hex_id":"r1670c891"}},{"arcs":[[1557,1558,-1554,1559,1560]],"type":"Polygon","properties":{"hex_id":"r1670c892"}},{"arcs":[[1561,-1513,1562,-1558,1563,1564]],"type":"Polygon","properties":{"hex_id":"r1670c893"}},{"arcs":[[1565,-1516,-1514,-1562,1566,1567]],"type":"Polygon","properties":{"hex_id":"r1670c894"}},{"arcs":[[1568,-1519,-1517,-1566,1569,1570]],"type":"Polygon","properties":{"hex_id":"r1670c895"}},{"arcs":[[1571,-1522,-1520,-1569,1572,1573]],"type":"Polygon","properties":{"hex_id":"r1670c896"}},{"arcs":[[1574,-1524,-1523,-1572,1575,1576]],"type":"Polygon","properties":{"hex_id":"r1670c897"}},{"arcs":[[1577,1578,1579]],"type":"Polygon","properties":{"hex_id":"r1671c866"}},{"arcs":[[1580,-1578,1581,1582]],"type":"Polygon","properties":{"hex_id":"r1671c867"}},{"arcs":[[1583]],"type":"Polygon","properties":{"hex_id":"r1671c871"}},{"arcs":[[1584,1585,-1528,1586,1587]],"type":"Polygon","properties":{"hex_id":"r1671c873"}},{"arcs":[[1588,-1585,1589,1590]],"type":"Polygon","properties":{"hex_id":"r1671c874"}},{"arcs":[[1591,1592,1593]],"type":"Polygon","properties":{"hex_id":"r1671c876"}},{"arcs":[[1594,1595,-1530,1596,1597]],"type":"Polygon","properties":{"hex_id":"r1671c878"}},{"arcs":[[1598,-1595,1599,1600]],"type":"Polygon","properties":{"hex_id":"r1671c879"}},{"arcs":[[-1532,1601]],"type":"Polygon","properties":{"hex_id":"r1671c881"}},{"arcs":[[1602,1603,1604,1605]],"type":"Polygon","properties":{"hex_id":"r1671c883"}},{"arcs":[[1606,-1535,1607,-1603,1608,1609]],"type":"Polygon","properties":{"hex_id":"r1671c884"}},{"arcs":[[1610,-1538,-1536,-1607,1611,1612]],"type":"Polygon","properties":{"hex_id":"r1671c885"}},{"arcs":[[1613,-1541,-1539,-1611,1614,1615]],"type":"Polygon","properties":{"hex_id":"r1671c886"}},{"arcs":[[1616,-1544,-1542,-1614,1617,1618]],"type":"Polygon","properties":{"hex_id":"r1671c887"}},{"arcs":[[1619,-1548,-1545,-1617,1620,1621]],"type":"Polygon","properties":{"hex_id":"r1671c888"}},{"arcs":[[1622,-1552,-1549,-1620,1623,1624]],"type":"Polygon","properties":{"hex_id":"r1671c889"}},{"arcs":[[1625,-1556,-1553,-1623,1626,1627]],"type":"Polygon","properties":{"hex_id":"r1671c890"}},{"arcs":[[1628,-1560,-1557,-1626,1629,1630]],"type":"Polygon","properties":{"hex_id":"r1671c891"}},{"arcs":[[1631,-1564,-1561,-1629,1632,1633]],"type":"Polygon","properties":{"hex_id":"r1671c892"}},{"arcs":[[1634,-1567,-1565,-1632,1635,1636]],"type":"Polygon","properties":{"hex_id":"r1671c893"}},{"arcs":[[1637,-1570,-1568,-1635,1638,1639]],"type":"Polygon","properties":{"hex_id":"r1671c894"}},{"arcs":[[1640,-1573,-1571,-1638,1641,1642]],"type":"Polygon","properties":{"hex_id":"r1671c895"}},{"arcs":[[1643,-1576,-1574,-1641,1644,1645]],"type":"Polygon","properties":{"hex_id":"r1671c896"}},{"arcs":[[-1577,-1644,1646,1647]],"type":"Polygon","properties":{"hex_id":"r1671c897"}},{"arcs":[[1648,-1582,-1580,1649,1650]],"type":"Polygon","properties":{"hex_id":"r1672c867"}},{"arcs":[[1651,1652,-1583,-1649,1653,1654]],"type":"Polygon","properties":{"hex_id":"r1672c868"}},{"arcs":[[1655,1656,-1652,1657,1658]],"type":"Polygon","properties":{"hex_id":"r1672c869"}},{"arcs":[[1659,-1656,1660,1661]],"type":"Polygon","properties":{"hex_id":"r1672c870"}},{"arcs":[[1662,-1590,-1588,1663]],"type":"Polygon","properties":{"hex_id":"r1672c874"}},{"arcs":[[1664,1665,-1591,-1663,1666]],"type":"Polygon","properties":{"hex_id":"r1672c875"}},{"arcs":[[1667,-1593,1668,-1665,1669]],"type":"Polygon","properties":{"hex_id":"r1672c876"}},{"arcs":[[-1594,-1668,1670]],"type":"Polygon","properties":{"hex_id":"r1672c877"}},{"arcs":[[1671,-1600,-1598,1672,1673,1674]],"type":"Polygon","properties":{"hex_id":"r1672c879"}},{"arcs":[[1675,-1601,-1672,1676,1677]],"type":"Polygon","properties":{"hex_id":"r1672c880"}},{"arcs":[[1678,-1605,1679]],"type":"Polygon","properties":{"hex_id":"r1672c883"}},{"arcs":[[1680,-1609,-1606,-1679,1681,1682]],"type":"Polygon","properties":{"hex_id":"r1672c884"}},{"arcs":[[1683,-1612,-1610,-1681,1684,1685]],"type":"Polygon","properties":{"hex_id":"r1672c885"}},{"arcs":[[1686,-1615,-1613,-1684,1687]],"type":"Polygon","properties":{"hex_id":"r1672c886"}},{"arcs":[[1688,-1618,-1616,-1687,1689,1690]],"type":"Polygon","properties":{"hex_id":"r1672c887"}},{"arcs":[[1691,-1621,-1619,-1689,1692,1693]],"type":"Polygon","properties":{"hex_id":"r1672c888"}},{"arcs":[[1694,-1624,-1622,-1692,1695,1696]],"type":"Polygon","properties":{"hex_id":"r1672c889"}},{"arcs":[[1697,-1627,-1625,-1695,1698,1699]],"type":"Polygon","properties":{"hex_id":"r1672c890"}},{"arcs":[[1700,-1630,-1628,-1698,1701,1702]],"type":"Polygon","properties":{"hex_id":"r1672c891"}},{"arcs":[[1703,-1633,-1631,-1701,1704,1705]],"type":"Polygon","properties":{"hex_id":"r1672c892"}},{"arcs":[[1706,-1636,-1634,-1704,1707,1708]],"type":"Polygon","properties":{"hex_id":"r1672c893"}},{"arcs":[[1709,-1639,-1637,-1707,1710,1711]],"type":"Polygon","properties":{"hex_id":"r1672c894"}},{"arcs":[[1712,-1642,-1640,-1710,1713,1714]],"type":"Polygon","properties":{"hex_id":"r1672c895"}},{"arcs":[[1715,-1645,-1643,-1713,1716,1717]],"type":"Polygon","properties":{"hex_id":"r1672c896"}},{"arcs":[[1718,-1647,-1646,-1716,1719,1720]],"type":"Polygon","properties":{"hex_id":"r1672c897"}},{"arcs":[[1721]],"type":"Polygon","properties":{"hex_id":"r1673c865"}},{"arcs":[[1722,-1654,-1651,1723,1724,1725]],"type":"Polygon","properties":{"hex_id":"r1673c867"}},{"arcs":[[1726,-1658,-1655,-1723,1727,1728]],"type":"Polygon","properties":{"hex_id":"r1673c868"}},{"arcs":[[1729,-1661,-1659,-1727,1730,1731]],"type":"Polygon","properties":{"hex_id":"r1673c869"}},{"arcs":[[-1662,-1730,1732,1733]],"type":"Polygon","properties":{"hex_id":"r1673c870"}},{"arcs":[[1734,-1674,1735,1736,1737]],"type":"Polygon","properties":{"hex_id":"r1673c878"}},{"arcs":[[1738,-1677,-1675,-1735,1739,1740]],"type":"Polygon","properties":{"hex_id":"r1673c879"}},{"arcs":[[1741,1742,-1678,-1739,1743,1744]],"type":"Polygon","properties":{"hex_id":"r1673c880"}},{"arcs":[[1745,-1742,1746,1747]],"type":"Polygon","properties":{"hex_id":"r1673c881"}},{"arcs":[[1748,-1685,-1683,1749,1750]],"type":"Polygon","properties":{"hex_id":"r1673c884"}},{"arcs":[[1751,-1693,-1691,1752,1753,1754]],"type":"Polygon","properties":{"hex_id":"r1673c887"}},{"arcs":[[1755,-1696,-1694,-1752,1756,1757]],"type":"Polygon","properties":{"hex_id":"r1673c888"}},{"arcs":[[1758,-1699,-1697,-1756,1759,1760]],"type":"Polygon","properties":{"hex_id":"r1673c889"}},{"arcs":[[1761,-1702,-1700,-1759,1762,1763]],"type":"Polygon","properties":{"hex_id":"r1673c890"}},{"arcs":[[1764,-1705,-1703,-1762,1765,1766]],"type":"Polygon","properties":{"hex_id":"r1673c891"}},{"arcs":[[1767,-1708,-1706,-1765,1768,1769]],"type":"Polygon","properties":{"hex_id":"r1673c892"}},{"arcs":[[1770,-1711,-1709,-1768,1771,1772]],"type":"Polygon","properties":{"hex_id":"r1673c893"}},{"arcs":[[1773,-1714,-1712,-1771,1774,1775]],"type":"Polygon","properties":{"hex_id":"r1673c894"}},{"arcs":[[1776,-1717,-1715,-1774,1777,1778]],"type":"Polygon","properties":{"hex_id":"r1673c895"}},{"arcs":[[1779,-1720,-1718,-1777,1780,1781]],"type":"Polygon","properties":{"hex_id":"r1673c896"}},{"arcs":[[1782,1783,-1721,-1780,1784,1785]],"type":"Polygon","properties":{"hex_id":"r1673c897"}},{"arcs":[[1786,1787,-1783,1788,1789]],"type":"Polygon","properties":{"hex_id":"r1673c898"}},{"arcs":[[-1787,1790,1791]],"type":"Polygon","properties":{"hex_id":"r1673c899"}},{"arcs":[[1792,-1725,1793,1794]],"type":"Polygon","properties":{"hex_id":"r1674c867"}},{"arcs":[[1795,-1728,-1726,-1793,1796,1797]],"type":"Polygon","properties":{"hex_id":"r1674c868"}},{"arcs":[[-1733,-1732,1798]],"type":"Polygon","properties":{"hex_id":"r1674c870"}},{"arcs":[[-1737,1799,1800,1801]],"type":"Polygon","properties":{"hex_id":"r1674c878"}},{"arcs":[[1802,-1744,-1741,1803,1804,1805]],"type":"Polygon","properties":{"hex_id":"r1674c880"}},{"arcs":[[1806,-1747,-1745,-1803,1807]],"type":"Polygon","properties":{"hex_id":"r1674c881"}},{"arcs":[[-1748,-1807,1808]],"type":"Polygon","properties":{"hex_id":"r1674c882"}},{"arcs":[[1809,-1751,1810,1811,1812]],"type":"Polygon","properties":{"hex_id":"r1674c885"}},{"arcs":[[1813,-1754,1814,1815,1816]],"type":"Polygon","properties":{"hex_id":"r1674c887"}},{"arcs":[[1817,-1757,-1755,-1814,1818,1819]],"type":"Polygon","properties":{"hex_id":"r1674c888"}},{"arcs":[[1820,-1760,-1758,-1818,1821,1822]],"type":"Polygon","properties":{"hex_id":"r1674c889"}},{"arcs":[[1823,-1763,-1761,-1821,1824,1825]],"type":"Polygon","properties":{"hex_id":"r1674c890"}},{"arcs":[[1826,-1766,-1764,-1824,1827,1828]],"type":"Polygon","properties":{"hex_id":"r1674c891"}},{"arcs":[[1829,-1769,-1767,-1827,1830,1831]],"type":"Polygon","properties":{"hex_id":"r1674c892"}},{"arcs":[[1832,-1772,-1770,-1830,1833,1834]],"type":"Polygon","properties":{"hex_id":"r1674c893"}},{"arcs":[[1835,-1775,-1773,-1833,1836,1837]],"type":"Polygon","properties":{"hex_id":"r1674c894"}},{"arcs":[[1838,-1778,-1776,-1836,1839,1840]],"type":"Polygon","properties":{"hex_id":"r1674c895"}},{"arcs":[[1841,-1781,-1779,-1839,1842,1843]],"type":"Polygon","properties":{"hex_id":"r1674c896"}},{"arcs":[[1844,-1785,-1782,-1842,1845,1846]],"type":"Polygon","properties":{"hex_id":"r1674c897"}},{"arcs":[[1847,-1789,-1786,-1845,1848,1849]],"type":"Polygon","properties":{"hex_id":"r1674c898"}},{"arcs":[[1850,-1791,-1790,-1848,1851,1852]],"type":"Polygon","properties":{"hex_id":"r1674c899"}},{"arcs":[[1853,-1797,-1795,1854]],"type":"Polygon","properties":{"hex_id":"r1675c867"}},{"arcs":[[1855,-1798,-1854,1856,1857]],"type":"Polygon","properties":{"hex_id":"r1675c868"}},{"arcs":[[1858]],"type":"Polygon","properties":{"hex_id":"r1675c871"}},{"arcs":[[1859,-1801,1860,1861]],"type":"Polygon","properties":{"hex_id":"r1675c877"}},{"arcs":[[-1805,1862]],"type":"Polygon","properties":{"hex_id":"r1675c879"}},{"arcs":[[1863,-1812,1864]],"type":"Polygon","properties":{"hex_id":"r1675c884"}},{"arcs":[[1865,1866,-1813,-1864,1867,1868]],"type":"Polygon","properties":{"hex_id":"r1675c885"}},{"arcs":[[1869,-1816,1870,-1866,1871,1872]],"type":"Polygon","properties":{"hex_id":"r1675c886"}},{"arcs":[[1873,-1822,-1820,1874,1875,1876]],"type":"Polygon","properties":{"hex_id":"r1675c888"}},{"arcs":[[1877,-1825,-1823,-1874,1878,1879]],"type":"Polygon","properties":{"hex_id":"r1675c889"}},{"arcs":[[1880,-1831,-1829,1881,1882,1883]],"type":"Polygon","properties":{"hex_id":"r1675c891"}},{"arcs":[[1884,-1834,-1832,-1881,1885,1886]],"type":"Polygon","properties":{"hex_id":"r1675c892"}},{"arcs":[[1887,-1837,-1835,-1885,1888,1889]],"type":"Polygon","properties":{"hex_id":"r1675c893"}},{"arcs":[[1890,-1840,-1838,-1888,1891,1892]],"type":"Polygon","properties":{"hex_id":"r1675c894"}},{"arcs":[[1893,-1843,-1841,-1891,1894,1895]],"type":"Polygon","properties":{"hex_id":"r1675c895"}},{"arcs":[[1896,-1846,-1844,-1894,1897,1898]],"type":"Polygon","properties":{"hex_id":"r1675c896"}},{"arcs":[[1899,-1849,-1847,-1897,1900,1901]],"type":"Polygon","properties":{"hex_id":"r1675c897"}},{"arcs":[[1902,-1852,-1850,-1900,1903,1904]],"type":"Polygon","properties":{"hex_id":"r1675c898"}},{"arcs":[[-1853,-1903,1905,1906]],"type":"Polygon","properties":{"hex_id":"r1675c899"}},{"arcs":[[1907]],"type":"Polygon","properties":{"hex_id":"r1675c901"}},{"arcs":[[1908,-1858,1909,1910]],"type":"Polygon","properties":{"hex_id":"r1676c869"}},{"arcs":[[1911,1912]],"type":"Polygon","properties":{"hex_id":"r1676c876"}},{"arcs":[[-1862,1913]],"type":"Polygon","properties":{"hex_id":"r1676c878"}},{"arcs":[[1914]],"type":"Polygon","properties":{"hex_id":"r1676c881"}},{"arcs":[[1915,-1872,-1869,1916]],"type":"Polygon","properties":{"hex_id":"r1676c886"}},{"arcs":[[1917,1918,-1873,-1916,1919]],"type":"Polygon","properties":{"hex_id":"r1676c887"}},{"arcs":[[-1876,1920,-1918,1921]],"type":"Polygon","properties":{"hex_id":"r1676c888"}},{"arcs":[[1922,1923,-1880,1924,1925,1926]],"type":"Polygon","properties":{"hex_id":"r1676c890"}},{"arcs":[[1927,-1883,1928,-1923,1929,1930]],"type":"Polygon","properties":{"hex_id":"r1676c891"}},{"arcs":[[1931,-1886,-1884,-1928,1932,1933]],"type":"Polygon","properties":{"hex_id":"r1676c892"}},{"arcs":[[1934,-1889,-1887,-1932,1935,1936]],"type":"Polygon","properties":{"hex_id":"r1676c893"}},{"arcs":[[1937,-1892,-1890,-1935,1938,1939]],"type":"Polygon","properties":{"hex_id":"r1676c894"}},{"arcs":[[1940,-1895,-1893,-1938,1941,1942]],"type":"Polygon","properties":{"hex_id":"r1676c895"}},{"arcs":[[1943,-1898,-1896,-1941,1944,1945]],"type":"Polygon","properties":{"hex_id":"r1676c896"}},{"arcs":[[1946,-1901,-1899,-1944,1947,1948]],"type":"Polygon","properties":{"hex_id":"r1676c897"}},{"arcs":[[1949,-1904,-1902,-1947,1950,1951]],"type":"Polygon","properties":{"hex_id":"r1676c898"}},{"arcs":[[-1906,-1905,-1950,1952,1953]],"type":"Polygon","properties":{"hex_id":"r1676c899"}},{"arcs":[[1954]],"type":"Polygon","properties":{"hex_id":"r1677c867"}},{"arcs":[[-1911,1955]],"type":"Polygon","properties":{"hex_id":"r1677c869"}},{"arcs":[[1956,1957]],"type":"Polygon","properties":{"hex_id":"r1677c871"}},{"arcs":[[-1913,1958]],"type":"Polygon","properties":{"hex_id":"r1677c876"}},{"arcs":[[1959,1960]],"type":"Polygon","properties":{"hex_id":"r1677c879"}},{"arcs":[[1961]],"type":"Polygon","properties":{"hex_id":"r1677c883"}},{"arcs":[[1962,-1926,1963,1964,1965]],"type":"Polygon","properties":{"hex_id":"r1677c889"}},{"arcs":[[1966,-1930,-1927,-1963,1967,1968]],"type":"Polygon","properties":{"hex_id":"r1677c890"}},{"arcs":[[1969,-1933,-1931,-1967,1970]],"type":"Polygon","properties":{"hex_id":"r1677c891"}},{"arcs":[[1971,-1936,-1934,-1970,1972,1973]],"type":"Polygon","properties":{"hex_id":"r1677c892"}},{"arcs":[[1974,-1939,-1937,-1972,1975,1976]],"type":"Polygon","properties":{"hex_id":"r1677c893"}},{"arcs":[[1977,-1942,-1940,-1975,1978,1979]],"type":"Polygon","properties":{"hex_id":"r1677c894"}},{"arcs":[[1980,-1945,-1943,-1978,1981,1982]],"type":"Polygon","properties":{"hex_id":"r1677c895"}},{"arcs":[[1983,-1948,-1946,-1981,1984,1985]],"type":"Polygon","properties":{"hex_id":"r1677c896"}},{"arcs":[[1986,-1951,-1949,-1984,1987,1988]],"type":"Polygon","properties":{"hex_id":"r1677c897"}},{"arcs":[[-1953,-1952,-1987,1989,1990]],"type":"Polygon","properties":{"hex_id":"r1677c898"}},{"arcs":[[-1957,1991]],"type":"Polygon","properties":{"hex_id":"r1678c871"}},{"arcs":[[1992]],"type":"Polygon","properties":{"hex_id":"r1678c873"}},{"arcs":[[1993]],"type":"Polygon","properties":{"hex_id":"r1678c875"}},{"arcs":[[1994,1995,-1961,1996]],"type":"Polygon","properties":{"hex_id":"r1678c880"}},{"arcs":[[1997,1998,-1995,1999]],"type":"Polygon","properties":{"hex_id":"r1678c881"}},{"arcs":[[-1998,2000]],"type":"Polygon","properties":{"hex_id":"r1678c882"}},{"arcs":[[2001,2002,2003,2004]],"type":"Polygon","properties":{"hex_id":"r1678c888"}},{"arcs":[[2005,-1965,2006,-2002,2007,2008]],"type":"Polygon","properties":{"hex_id":"r1678c889"}},{"arcs":[[2009,-1968,-1966,-2006,2010,2011]],"type":"Polygon","properties":{"hex_id":"r1678c890"}},{"arcs":[[2012,-1976,-1974,2013,2014,2015]],"type":"Polygon","properties":{"hex_id":"r1678c893"}},{"arcs":[[2016,-1979,-1977,-2013,2017,2018]],"type":"Polygon","properties":{"hex_id":"r1678c894"}},{"arcs":[[2019,-1982,-1980,-2017,2020,2021]],"type":"Polygon","properties":{"hex_id":"r1678c895"}},{"arcs":[[2022,-1985,-1983,-2020,2023,2024]],"type":"Polygon","properties":{"hex_id":"r1678c896"}},{"arcs":[[2025,-1988,-1986,-2023,2026,2027]],"type":"Polygon","properties":{"hex_id":"r1678c897"}},{"arcs":[[-1990,-1989,-2026,2028]],"type":"Polygon","properties":{"hex_id":"r1678c898"}},{"arcs":[[2029,2030]],"type":"Polygon","properties":{"hex_id":"r1679c869"}},{"arcs":[[2031,2032]],"type":"Polygon","properties":{"hex_id":"r1679c877"}},{"arcs":[[2033,-2032,2034,2035]],"type":"Polygon","properties":{"hex_id":"r1679c878"}},{"arcs":[[2036,2037,2038,2039]],"type":"Polygon","properties":{"hex_id":"r1679c883"}},{"arcs":[[2040,-2037,2041,2042]],"type":"Polygon","properties":{"hex_id":"r1679c884"}},{"arcs":[[2043,2044,2045,2046]],"type":"Polygon","properties":{"hex_id":"r1679c886"}},{"arcs":[[2047,-2004,2048,-2044,2049,2050]],"type":"Polygon","properties":{"hex_id":"r1679c887"}},{"arcs":[[2051,-2008,-2005,-2048,2052,2053]],"type":"Polygon","properties":{"hex_id":"r1679c888"}},{"arcs":[[2054,-2011,-2009,-2052,2055,2056]],"type":"Polygon","properties":{"hex_id":"r1679c889"}},{"arcs":[[-2012,-2055,2057,2058]],"type":"Polygon","properties":{"hex_id":"r1679c890"}},{"arcs":[[2059,-2015,2060,2061,2062]],"type":"Polygon","properties":{"hex_id":"r1679c892"}},{"arcs":[[2063,-2018,-2016,-2060,2064,2065]],"type":"Polygon","properties":{"hex_id":"r1679c893"}},{"arcs":[[2066,-2021,-2019,-2064,2067,2068]],"type":"Polygon","properties":{"hex_id":"r1679c894"}},{"arcs":[[2069,-2024,-2022,-2067,2070,2071]],"type":"Polygon","properties":{"hex_id":"r1679c895"}},{"arcs":[[2072,-2027,-2025,-2070,2073,2074]],"type":"Polygon","properties":{"hex_id":"r1679c896"}},{"arcs":[[2075]],"type":"Polygon","properties":{"hex_id":"r1680c867"}},{"arcs":[[-2031,2076]],"type":"Polygon","properties":{"hex_id":"r1680c870"}},{"arcs":[[2077,2078,2079,2080]],"type":"Polygon","properties":{"hex_id":"r1680c872"}},{"arcs":[[2081,-2078,2082,2083]],"type":"Polygon","properties":{"hex_id":"r1680c873"}},{"arcs":[[2084,2085,2086]],"type":"Polygon","properties":{"hex_id":"r1680c875"}},{"arcs":[[2087,-2036,2088,2089,2090]],"type":"Polygon","properties":{"hex_id":"r1680c879"}},{"arcs":[[2091,2092,2093,2094]],"type":"Polygon","properties":{"hex_id":"r1680c882"}},{"arcs":[[2095,-2039,2096,-2092,2097,2098]],"type":"Polygon","properties":{"hex_id":"r1680c883"}},{"arcs":[[2099,-2042,-2040,-2096,2100,2101]],"type":"Polygon","properties":{"hex_id":"r1680c884"}},{"arcs":[[2102,2103,-2043,-2100,2104,2105]],"type":"Polygon","properties":{"hex_id":"r1680c885"}},{"arcs":[[2106,-2046,2107,-2103,2108,2109]],"type":"Polygon","properties":{"hex_id":"r1680c886"}},{"arcs":[[2110,-2050,-2047,-2107,2111,2112]],"type":"Polygon","properties":{"hex_id":"r1680c887"}},{"arcs":[[2113,-2053,-2051,-2111,2114,2115]],"type":"Polygon","properties":{"hex_id":"r1680c888"}},{"arcs":[[2116,-2056,-2054,-2114,2117,2118]],"type":"Polygon","properties":{"hex_id":"r1680c889"}},{"arcs":[[-2058,-2057,-2117,2119,2120]],"type":"Polygon","properties":{"hex_id":"r1680c890"}},{"arcs":[[2121,-2062,2122,2123,2124]],"type":"Polygon","properties":{"hex_id":"r1680c892"}},{"arcs":[[2125,-2065,-2063,-2122,2126,2127]],"type":"Polygon","properties":{"hex_id":"r1680c893"}},{"arcs":[[2128,-2068,-2066,-2126,2129,2130]],"type":"Polygon","properties":{"hex_id":"r1680c894"}},{"arcs":[[2131,-2071,-2069,-2129,2132,2133]],"type":"Polygon","properties":{"hex_id":"r1680c895"}},{"arcs":[[2134,-2074,-2072,-2132,2135,2136]],"type":"Polygon","properties":{"hex_id":"r1680c896"}},{"arcs":[[-2075,-2135,2137,2138]],"type":"Polygon","properties":{"hex_id":"r1680c897"}},{"arcs":[[2139]],"type":"Polygon","properties":{"hex_id":"r1681c859"}},{"arcs":[[2140,-2080,2141]],"type":"Polygon","properties":{"hex_id":"r1681c871"}},{"arcs":[[2142,-2083,-2081,-2141,2143]],"type":"Polygon","properties":{"hex_id":"r1681c872"}},{"arcs":[[2144,2145,-2084,-2143,2146]],"type":"Polygon","properties":{"hex_id":"r1681c873"}},{"arcs":[[2147,-2086,2148,-2145,2149]],"type":"Polygon","properties":{"hex_id":"r1681c874"}},{"arcs":[[2150,-2087,-2148,2151,2152]],"type":"Polygon","properties":{"hex_id":"r1681c875"}},{"arcs":[[2153,-2090,2154,2155,2156]],"type":"Polygon","properties":{"hex_id":"r1681c878"}},{"arcs":[[2157,2158,-2091,-2154,2159,2160]],"type":"Polygon","properties":{"hex_id":"r1681c879"}},{"arcs":[[2161,2162,-2158,2163]],"type":"Polygon","properties":{"hex_id":"r1681c880"}},{"arcs":[[2164,-2094,2165,-2162,2166,2167]],"type":"Polygon","properties":{"hex_id":"r1681c881"}},{"arcs":[[2168,-2098,-2095,-2165,2169,2170]],"type":"Polygon","properties":{"hex_id":"r1681c882"}},{"arcs":[[2171,-2105,-2102,2172,2173,2174]],"type":"Polygon","properties":{"hex_id":"r1681c884"}},{"arcs":[[2175,-2112,-2110,2176,2177,2178]],"type":"Polygon","properties":{"hex_id":"r1681c886"}},{"arcs":[[2179,-2115,-2113,-2176,2180,2181]],"type":"Polygon","properties":{"hex_id":"r1681c887"}},{"arcs":[[2182,-2118,-2116,-2180,2183,2184]],"type":"Polygon","properties":{"hex_id":"r1681c888"}},{"arcs":[[2185,-2120,-2119,-2183,2186,2187]],"type":"Polygon","properties":{"hex_id":"r1681c889"}},{"arcs":[[2188,-2124,2189,2190]],"type":"Polygon","properties":{"hex_id":"r1681c891"}},{"arcs":[[2191,-2127,-2125,-2189,2192,2193]],"type":"Polygon","properties":{"hex_id":"r1681c892"}},{"arcs":[[2194,-2130,-2128,-2192,2195,2196]],"type":"Polygon","properties":{"hex_id":"r1681c893"}},{"arcs":[[2197,-2133,-2131,-2195,2198,2199]],"type":"Polygon","properties":{"hex_id":"r1681c894"}},{"arcs":[[2200,-2136,-2134,-2198,2201,2202]],"type":"Polygon","properties":{"hex_id":"r1681c895"}},{"arcs":[[-2138,-2137,-2201,2203,2204]],"type":"Polygon","properties":{"hex_id":"r1681c896"}},{"arcs":[[2205]],"type":"Polygon","properties":{"hex_id":"r1682c861"}},{"arcs":[[2206,2207]],"type":"Polygon","properties":{"hex_id":"r1682c864"}},{"arcs":[[2208,-2153,2209,2210,2211]],"type":"Polygon","properties":{"hex_id":"r1682c876"}},{"arcs":[[2212,-2156,2213,2214,2215]],"type":"Polygon","properties":{"hex_id":"r1682c878"}},{"arcs":[[-2160,-2157,-2213,2216]],"type":"Polygon","properties":{"hex_id":"r1682c879"}},{"arcs":[[2217,-2170,-2168,2218,2219,2220]],"type":"Polygon","properties":{"hex_id":"r1682c882"}},{"arcs":[[2221,2222,-2171,-2218,2223,2224]],"type":"Polygon","properties":{"hex_id":"r1682c883"}},{"arcs":[[2225,-2174,2226,-2222,2227,2228]],"type":"Polygon","properties":{"hex_id":"r1682c884"}},{"arcs":[[2229,2230,-2175,-2226,2231,2232]],"type":"Polygon","properties":{"hex_id":"r1682c885"}},{"arcs":[[2233,-2178,2234,-2230,2235]],"type":"Polygon","properties":{"hex_id":"r1682c886"}},{"arcs":[[2236,-2181,-2179,-2234,2237,2238]],"type":"Polygon","properties":{"hex_id":"r1682c887"}},{"arcs":[[2239,-2184,-2182,-2237,2240,2241]],"type":"Polygon","properties":{"hex_id":"r1682c888"}},{"arcs":[[2242,-2187,-2185,-2240,2243,2244]],"type":"Polygon","properties":{"hex_id":"r1682c889"}},{"arcs":[[2245,-2188,-2243,2246,2247]],"type":"Polygon","properties":{"hex_id":"r1682c890"}},{"arcs":[[2248,-2193,-2191,2249,2250]],"type":"Polygon","properties":{"hex_id":"r1682c892"}},{"arcs":[[2251,-2199,-2197,2252,2253,2254]],"type":"Polygon","properties":{"hex_id":"r1682c894"}},{"arcs":[[2255,-2202,-2200,-2252,2256,2257]],"type":"Polygon","properties":{"hex_id":"r1682c895"}},{"arcs":[[-2204,-2203,-2256,2258]],"type":"Polygon","properties":{"hex_id":"r1682c896"}},{"arcs":[[2259,-2208,2260,2261]],"type":"Polygon","properties":{"hex_id":"r1683c864"}},{"arcs":[[2262,2263]],"type":"Polygon","properties":{"hex_id":"r1683c867"}},{"arcs":[[2264,2265]],"type":"Polygon","properties":{"hex_id":"r1683c872"}},{"arcs":[[2266,-2211,2267,2268,2269]],"type":"Polygon","properties":{"hex_id":"r1683c875"}},{"arcs":[[2270,2271,-2212,-2267,2272]],"type":"Polygon","properties":{"hex_id":"r1683c876"}},{"arcs":[[-2215,2273,-2271,2274]],"type":"Polygon","properties":{"hex_id":"r1683c877"}},{"arcs":[[2275,-2220,2276,2277]],"type":"Polygon","properties":{"hex_id":"r1683c881"}},{"arcs":[[2278,-2224,-2221,-2276,2279,2280]],"type":"Polygon","properties":{"hex_id":"r1683c882"}},{"arcs":[[2281,-2228,-2225,-2279,2282,2283]],"type":"Polygon","properties":{"hex_id":"r1683c883"}},{"arcs":[[2284,-2232,-2229,-2282,2285,2286]],"type":"Polygon","properties":{"hex_id":"r1683c884"}},{"arcs":[[2287,-2241,-2239,2288,2289,2290]],"type":"Polygon","properties":{"hex_id":"r1683c887"}},{"arcs":[[2291,-2244,-2242,-2288,2292,2293]],"type":"Polygon","properties":{"hex_id":"r1683c888"}},{"arcs":[[-2248,2294,2295,2296]],"type":"Polygon","properties":{"hex_id":"r1683c890"}},{"arcs":[[2297,2298,-2251,2299,2300,2301]],"type":"Polygon","properties":{"hex_id":"r1683c892"}},{"arcs":[[2302,-2254,2303,-2298,2304,2305]],"type":"Polygon","properties":{"hex_id":"r1683c893"}},{"arcs":[[-2257,-2255,-2303,2306,2307]],"type":"Polygon","properties":{"hex_id":"r1683c894"}},{"arcs":[[2308,2309,2310,2311]],"type":"Polygon","properties":{"hex_id":"r1684c862"}},{"arcs":[[-2309,2312]],"type":"Polygon","properties":{"hex_id":"r1684c863"}},{"arcs":[[-2262,2313]],"type":"Polygon","properties":{"hex_id":"r1684c865"}},{"arcs":[[2314,2315,-2264,2316,2317,2318]],"type":"Polygon","properties":{"hex_id":"r1684c868"}},{"arcs":[[2319,-2315,2320,2321]],"type":"Polygon","properties":{"hex_id":"r1684c869"}},{"arcs":[[-2265,2322]],"type":"Polygon","properties":{"hex_id":"r1684c872"}},{"arcs":[[-2269,2323]],"type":"Polygon","properties":{"hex_id":"r1684c875"}},{"arcs":[[2324,2325,2326]],"type":"Polygon","properties":{"hex_id":"r1684c880"}},{"arcs":[[2327,-2280,-2278,2328,2329,2330]],"type":"Polygon","properties":{"hex_id":"r1684c882"}},{"arcs":[[2331,-2283,-2281,-2328,2332,2333]],"type":"Polygon","properties":{"hex_id":"r1684c883"}},{"arcs":[[2334,-2286,-2284,-2332,2335]],"type":"Polygon","properties":{"hex_id":"r1684c884"}},{"arcs":[[2336,2337,-2287,-2335,2338,2339]],"type":"Polygon","properties":{"hex_id":"r1684c885"}},{"arcs":[[2340,2341,-2337,2342,2343]],"type":"Polygon","properties":{"hex_id":"r1684c886"}},{"arcs":[[2344,-2290,2345,-2341,2346,2347]],"type":"Polygon","properties":{"hex_id":"r1684c887"}},{"arcs":[[2348,-2293,-2291,-2345,2349,2350]],"type":"Polygon","properties":{"hex_id":"r1684c888"}},{"arcs":[[2351,2352,-2294,-2349,2353,2354]],"type":"Polygon","properties":{"hex_id":"r1684c889"}},{"arcs":[[2355,-2296,2356,-2352,2357,2358]],"type":"Polygon","properties":{"hex_id":"r1684c890"}},{"arcs":[[2359,-2301,2360,2361,2362]],"type":"Polygon","properties":{"hex_id":"r1684c892"}},{"arcs":[[2363,-2307,-2306,2364,2365,2366]],"type":"Polygon","properties":{"hex_id":"r1684c894"}},{"arcs":[[2367,-2311,2368,2369]],"type":"Polygon","properties":{"hex_id":"r1685c861"}},{"arcs":[[-2318,2370]],"type":"Polygon","properties":{"hex_id":"r1685c867"}},{"arcs":[[-2322,2371]],"type":"Polygon","properties":{"hex_id":"r1685c869"}},{"arcs":[[2372]],"type":"Polygon","properties":{"hex_id":"r1685c876"}},{"arcs":[[2373,-2326,2374,2375]],"type":"Polygon","properties":{"hex_id":"r1685c879"}},{"arcs":[[2376,2377,-2327,-2374,2378,2379]],"type":"Polygon","properties":{"hex_id":"r1685c880"}},{"arcs":[[2380,-2330,2381,-2377,2382,2383]],"type":"Polygon","properties":{"hex_id":"r1685c881"}},{"arcs":[[-2333,-2331,-2381,2384,2385]],"type":"Polygon","properties":{"hex_id":"r1685c882"}},{"arcs":[[2386,-2343,-2340,2387,2388]],"type":"Polygon","properties":{"hex_id":"r1685c885"}},{"arcs":[[2389,-2347,-2344,-2387,2390,2391]],"type":"Polygon","properties":{"hex_id":"r1685c886"}},{"arcs":[[2392,-2350,-2348,-2390,2393,2394]],"type":"Polygon","properties":{"hex_id":"r1685c887"}},{"arcs":[[2395,-2354,-2351,-2393,2396,2397]],"type":"Polygon","properties":{"hex_id":"r1685c888"}},{"arcs":[[2398,2399,-2359,2400,2401,2402]],"type":"Polygon","properties":{"hex_id":"r1685c890"}},{"arcs":[[2403,-2362,2404,-2399,2405,2406]],"type":"Polygon","properties":{"hex_id":"r1685c891"}},{"arcs":[[2407,2408,-2363,-2404,2409,2410]],"type":"Polygon","properties":{"hex_id":"r1685c892"}},{"arcs":[[2411,-2366,2412,-2408,2413,2414]],"type":"Polygon","properties":{"hex_id":"r1685c893"}},{"arcs":[[-2367,-2412,2415,2416]],"type":"Polygon","properties":{"hex_id":"r1685c894"}},{"arcs":[[2417,2418,-2370,2419,2420]],"type":"Polygon","properties":{"hex_id":"r1686c862"}},{"arcs":[[-2418,2421,2422]],"type":"Polygon","properties":{"hex_id":"r1686c863"}},{"arcs":[[2423]],"type":"Polygon","properties":{"hex_id":"r1686c874"}},{"arcs":[[2424,-2379,-2376,2425,2426,2427]],"type":"Polygon","properties":{"hex_id":"r1686c880"}},{"arcs":[[2428,-2383,-2380,-2425,2429]],"type":"Polygon","properties":{"hex_id":"r1686c881"}},{"arcs":[[-2385,-2384,-2429,2430]],"type":"Polygon","properties":{"hex_id":"r1686c882"}},{"arcs":[[2431,-2391,-2389,2432,2433,2434]],"type":"Polygon","properties":{"hex_id":"r1686c886"}},{"arcs":[[2435,-2394,-2392,-2432,2436,2437]],"type":"Polygon","properties":{"hex_id":"r1686c887"}},{"arcs":[[2438,-2397,-2395,-2436,2439,2440]],"type":"Polygon","properties":{"hex_id":"r1686c888"}},{"arcs":[[2441,2442,-2398,-2439,2443,2444]],"type":"Polygon","properties":{"hex_id":"r1686c889"}},{"arcs":[[2445,-2402,2446,-2442,2447]],"type":"Polygon","properties":{"hex_id":"r1686c890"}},{"arcs":[[2448,-2406,-2403,-2446,2449,2450]],"type":"Polygon","properties":{"hex_id":"r1686c891"}},{"arcs":[[2451,-2410,-2407,-2449,2452,2453]],"type":"Polygon","properties":{"hex_id":"r1686c892"}},{"arcs":[[2454,-2414,-2411,-2452,2455,2456]],"type":"Polygon","properties":{"hex_id":"r1686c893"}},{"arcs":[[-2416,-2415,-2455,2457,2458]],"type":"Polygon","properties":{"hex_id":"r1686c894"}},{"arcs":[[-2422,-2421,2459]],"type":"Polygon","properties":{"hex_id":"r1687c862"}},{"arcs":[[2460,2461]],"type":"Polygon","properties":{"hex_id":"r1687c868"}},{"arcs":[[2462,2463]],"type":"Polygon","properties":{"hex_id":"r1687c871"}},{"arcs":[[2464]],"type":"Polygon","properties":{"hex_id":"r1687c877"}},{"arcs":[[-2427,2465,2466,2467]],"type":"Polygon","properties":{"hex_id":"r1687c879"}},{"arcs":[[2468,2469,2470,2471]],"type":"Polygon","properties":{"hex_id":"r1687c883"}},{"arcs":[[2472,2473,-2469,2474,2475]],"type":"Polygon","properties":{"hex_id":"r1687c884"}},{"arcs":[[2476,-2434,2477,-2473,2478,2479]],"type":"Polygon","properties":{"hex_id":"r1687c885"}},{"arcs":[[2480,-2437,-2435,-2477,2481,2482]],"type":"Polygon","properties":{"hex_id":"r1687c886"}},{"arcs":[[2483,-2440,-2438,-2481,2484,2485]],"type":"Polygon","properties":{"hex_id":"r1687c887"}},{"arcs":[[-2444,-2441,-2484,2486,2487]],"type":"Polygon","properties":{"hex_id":"r1687c888"}},{"arcs":[[2488,-2453,-2451,2489,2490,2491]],"type":"Polygon","properties":{"hex_id":"r1687c891"}},{"arcs":[[2492,-2456,-2454,-2489,2493,2494]],"type":"Polygon","properties":{"hex_id":"r1687c892"}},{"arcs":[[2495,-2458,-2457,-2493,2496,2497]],"type":"Polygon","properties":{"hex_id":"r1687c893"}},{"arcs":[[2498]],"type":"Polygon","properties":{"hex_id":"r1688c861"}},{"arcs":[[-2461,2499]],"type":"Polygon","properties":{"hex_id":"r1688c868"}},{"arcs":[[2500,2501,-2464,2502]],"type":"Polygon","properties":{"hex_id":"r1688c872"}},{"arcs":[[-2501,2503]],"type":"Polygon","properties":{"hex_id":"r1688c873"}},{"arcs":[[2504]],"type":"Polygon","properties":{"hex_id":"r1688c875"}},{"arcs":[[2505,-2467,2506,2507]],"type":"Polygon","properties":{"hex_id":"r1688c879"}},{"arcs":[[2508,2509]],"type":"Polygon","properties":{"hex_id":"r1688c882"}},{"arcs":[[2510,-2471,2511,-2509,2512,2513]],"type":"Polygon","properties":{"hex_id":"r1688c883"}},{"arcs":[[2514,-2475,-2472,-2511,2515,2516]],"type":"Polygon","properties":{"hex_id":"r1688c884"}},{"arcs":[[2517,-2479,-2476,-2515,2518,2519]],"type":"Polygon","properties":{"hex_id":"r1688c885"}},{"arcs":[[-2482,-2480,-2518,2520,2521]],"type":"Polygon","properties":{"hex_id":"r1688c886"}},{"arcs":[[2522,-2487,-2486,2523,2524,2525]],"type":"Polygon","properties":{"hex_id":"r1688c888"}},{"arcs":[[2526,-2491,2527,2528,2529]],"type":"Polygon","properties":{"hex_id":"r1688c891"}},{"arcs":[[2530,-2494,-2492,-2527,2531,2532]],"type":"Polygon","properties":{"hex_id":"r1688c892"}},{"arcs":[[2533,-2497,-2495,-2531,2534,2535]],"type":"Polygon","properties":{"hex_id":"r1688c893"}},{"arcs":[[2536,-2498,-2534,2537,2538]],"type":"Polygon","properties":{"hex_id":"r1688c894"}},{"arcs":[[2539]],"type":"Polygon","properties":{"hex_id":"r1689c863"}},{"arcs":[[2540,2541]],"type":"Polygon","properties":{"hex_id":"r1689c865"}},{"arcs":[[2542,-2541,2543,2544]],"type":"Polygon","properties":{"hex_id":"r1689c866"}},{"arcs":[[2545,2546]],"type":"Polygon","properties":{"hex_id":"r1689c870"}},{"arcs":[[2547]],"type":"Polygon","properties":{"hex_id":"r1689c877"}},{"arcs":[[-2508,2548,2549,2550]],"type":"Polygon","properties":{"hex_id":"r1689c879"}},{"arcs":[[2551,-2516,-2514,2552,2553,2554]],"type":"Polygon","properties":{"hex_id":"r1689c883"}},{"arcs":[[2555,-2519,-2517,-2552,2556]],"type":"Polygon","properties":{"hex_id":"r1689c884"}},{"arcs":[[2557,-2521,-2520,-2556,2558,2559]],"type":"Polygon","properties":{"hex_id":"r1689c885"}},{"arcs":[[2560,-2525,2561,2562]],"type":"Polygon","properties":{"hex_id":"r1689c887"}},{"arcs":[[2563,2564,-2526,-2561,2565,2566]],"type":"Polygon","properties":{"hex_id":"r1689c888"}},{"arcs":[[2567,2568,-2564,2569,2570]],"type":"Polygon","properties":{"hex_id":"r1689c889"}},{"arcs":[[2571,-2529,2572,-2568,2573,2574]],"type":"Polygon","properties":{"hex_id":"r1689c890"}},{"arcs":[[2575,-2532,-2530,-2572,2576,2577]],"type":"Polygon","properties":{"hex_id":"r1689c891"}},{"arcs":[[2578,-2535,-2533,-2576,2579,2580]],"type":"Polygon","properties":{"hex_id":"r1689c892"}},{"arcs":[[2581,-2538,-2536,-2579,2582,2583]],"type":"Polygon","properties":{"hex_id":"r1689c893"}},{"arcs":[[-2539,-2582,2584,2585]],"type":"Polygon","properties":{"hex_id":"r1689c894"}},{"arcs":[[2586]],"type":"Polygon","properties":{"hex_id":"r1690c860"}},{"arcs":[[2587,-2545,2588,2589]],"type":"Polygon","properties":{"hex_id":"r1690c867"}},{"arcs":[[-2546,2590]],"type":"Polygon","properties":{"hex_id":"r1690c870"}},{"arcs":[[2591,2592]],"type":"Polygon","properties":{"hex_id":"r1690c872"}},{"arcs":[[-2592,2593]],"type":"Polygon","properties":{"hex_id":"r1690c873"}},{"arcs":[[2594,2595,2596]],"type":"Polygon","properties":{"hex_id":"r1690c876"}},{"arcs":[[-2550,2597]],"type":"Polygon","properties":{"hex_id":"r1690c879"}},{"arcs":[[2598,2599,2600,2601]],"type":"Polygon","properties":{"hex_id":"r1690c882"}},{"arcs":[[2602,-2554,2603,-2599,2604,2605]],"type":"Polygon","properties":{"hex_id":"r1690c883"}},{"arcs":[[-2560,2606,2607,2608]],"type":"Polygon","properties":{"hex_id":"r1690c886"}},{"arcs":[[2609,-2566,-2563,2610,2611,2612]],"type":"Polygon","properties":{"hex_id":"r1690c888"}},{"arcs":[[-2570,-2567,-2610,2613,2614]],"type":"Polygon","properties":{"hex_id":"r1690c889"}},{"arcs":[[2615,-2577,-2575,2616,2617,2618]],"type":"Polygon","properties":{"hex_id":"r1690c891"}},{"arcs":[[2619,-2580,-2578,-2616,2620,2621]],"type":"Polygon","properties":{"hex_id":"r1690c892"}},{"arcs":[[2622,-2583,-2581,-2620,2623,2624]],"type":"Polygon","properties":{"hex_id":"r1690c893"}},{"arcs":[[-2585,-2584,-2623,2625,2626]],"type":"Polygon","properties":{"hex_id":"r1690c894"}},{"arcs":[[2627]],"type":"Polygon","properties":{"hex_id":"r1691c857"}},{"arcs":[[2628]],"type":"Polygon","properties":{"hex_id":"r1691c865"}},{"arcs":[[-2590,2629,2630,2631]],"type":"Polygon","properties":{"hex_id":"r1691c867"}},{"arcs":[[2632,2633]],"type":"Polygon","properties":{"hex_id":"r1691c874"}},{"arcs":[[2634,-2596,2635,-2633,2636]],"type":"Polygon","properties":{"hex_id":"r1691c875"}},{"arcs":[[2637,2638,-2597,-2635,2639]],"type":"Polygon","properties":{"hex_id":"r1691c876"}},{"arcs":[[2640,-2638,2641,2642]],"type":"Polygon","properties":{"hex_id":"r1691c877"}},{"arcs":[[2643,2644,2645,2646]],"type":"Polygon","properties":{"hex_id":"r1691c880"}},{"arcs":[[2647,-2601,2648,-2644,2649,2650]],"type":"Polygon","properties":{"hex_id":"r1691c881"}},{"arcs":[[2651,-2606,2652,2653,2654]],"type":"Polygon","properties":{"hex_id":"r1691c883"}},{"arcs":[[-2608,2655,2656,2657]],"type":"Polygon","properties":{"hex_id":"r1691c885"}},{"arcs":[[2658,-2612,2659,2660,2661]],"type":"Polygon","properties":{"hex_id":"r1691c887"}},{"arcs":[[-2614,-2613,-2659,2662]],"type":"Polygon","properties":{"hex_id":"r1691c888"}},{"arcs":[[2663,-2618,2664]],"type":"Polygon","properties":{"hex_id":"r1691c890"}},{"arcs":[[2665,-2621,-2619,-2664,2666,2667]],"type":"Polygon","properties":{"hex_id":"r1691c891"}},{"arcs":[[2668,-2624,-2622,-2666,2669,2670]],"type":"Polygon","properties":{"hex_id":"r1691c892"}},{"arcs":[[2671,-2626,-2625,-2669,2672,2673]],"type":"Polygon","properties":{"hex_id":"r1691c893"}},{"arcs":[[-2631,2674]],"type":"Polygon","properties":{"hex_id":"r1692c867"}},{"arcs":[[-2643,2675]],"type":"Polygon","properties":{"hex_id":"r1692c878"}},{"arcs":[[2676,-2646,2677]],"type":"Polygon","properties":{"hex_id":"r1692c880"}},{"arcs":[[2678,-2650,-2647,-2677,2679,2680]],"type":"Polygon","properties":{"hex_id":"r1692c881"}},{"arcs":[[2681,2682,-2651,-2679,2683,2684]],"type":"Polygon","properties":{"hex_id":"r1692c882"}},{"arcs":[[2685,-2654,2686,-2682,2687]],"type":"Polygon","properties":{"hex_id":"r1692c883"}},{"arcs":[[2688,2689,-2655,-2686,2690]],"type":"Polygon","properties":{"hex_id":"r1692c884"}},{"arcs":[[-2657,2691,-2689,2692]],"type":"Polygon","properties":{"hex_id":"r1692c885"}},{"arcs":[[2693,-2661,2694,2695]],"type":"Polygon","properties":{"hex_id":"r1692c887"}},{"arcs":[[2696,-2670,-2668,2697,2698,2699]],"type":"Polygon","properties":{"hex_id":"r1692c892"}},{"arcs":[[2700,-2673,-2671,-2697,2701,2702]],"type":"Polygon","properties":{"hex_id":"r1692c893"}},{"arcs":[[-2674,-2701,2703,2704]],"type":"Polygon","properties":{"hex_id":"r1692c894"}},{"arcs":[[2705]],"type":"Polygon","properties":{"hex_id":"r1693c854"}},{"arcs":[[2706,2707]],"type":"Polygon","properties":{"hex_id":"r1693c865"}},{"arcs":[[2708]],"type":"Polygon","properties":{"hex_id":"r1693c873"}},{"arcs":[[2709,-2684,-2681,2710,2711]],"type":"Polygon","properties":{"hex_id":"r1693c881"}},{"arcs":[[-2696,2712,2713,2714]],"type":"Polygon","properties":{"hex_id":"r1693c887"}},{"arcs":[[2715,2716,2717,2718]],"type":"Polygon","properties":{"hex_id":"r1693c890"}},{"arcs":[[2719,-2699,2720,-2716,2721,2722]],"type":"Polygon","properties":{"hex_id":"r1693c891"}},{"arcs":[[2723,-2702,-2700,-2720,2724,2725]],"type":"Polygon","properties":{"hex_id":"r1693c892"}},{"arcs":[[-2704,-2703,-2724,2726,2727]],"type":"Polygon","properties":{"hex_id":"r1693c893"}},{"arcs":[[2728]],"type":"Polygon","properties":{"hex_id":"r1694c856"}},{"arcs":[[2729]],"type":"Polygon","properties":{"hex_id":"r1694c861"}},{"arcs":[[2730,2731,2732]],"type":"Polygon","properties":{"hex_id":"r1694c863"}},{"arcs":[[2733,-2707,2734,2735]],"type":"Polygon","properties":{"hex_id":"r1694c865"}},{"arcs":[[2736]],"type":"Polygon","properties":{"hex_id":"r1694c869"}},{"arcs":[[2737,2738]],"type":"Polygon","properties":{"hex_id":"r1694c875"}},{"arcs":[[2739,2740,2741]],"type":"Polygon","properties":{"hex_id":"r1694c877"}},{"arcs":[[-2740,2742,2743]],"type":"Polygon","properties":{"hex_id":"r1694c878"}},{"arcs":[[2744,2745]],"type":"Polygon","properties":{"hex_id":"r1694c880"}},{"arcs":[[2746,2747,-2712,2748,2749,2750]],"type":"Polygon","properties":{"hex_id":"r1694c882"}},{"arcs":[[2751,2752,-2747,2753,2754]],"type":"Polygon","properties":{"hex_id":"r1694c883"}},{"arcs":[[2755,-2752,2756,2757]],"type":"Polygon","properties":{"hex_id":"r1694c884"}},{"arcs":[[2758,-2714,2759,2760,2761]],"type":"Polygon","properties":{"hex_id":"r1694c887"}},{"arcs":[[2762,2763,2764]],"type":"Polygon","properties":{"hex_id":"r1694c889"}},{"arcs":[[2765,-2718,2766,-2763,2767,2768]],"type":"Polygon","properties":{"hex_id":"r1694c890"}},{"arcs":[[2769,-2722,-2719,-2766,2770,2771]],"type":"Polygon","properties":{"hex_id":"r1694c891"}},{"arcs":[[2772,-2725,-2723,-2770,2773,2774]],"type":"Polygon","properties":{"hex_id":"r1694c892"}},{"arcs":[[-2727,-2726,-2773,2775,2776]],"type":"Polygon","properties":{"hex_id":"r1694c893"}},{"arcs":[[2777,-2732,2778,2779]],"type":"Polygon","properties":{"hex_id":"r1695c862"}},{"arcs":[[-2733,-2778,2780,2781]],"type":"Polygon","properties":{"hex_id":"r1695c863"}},{"arcs":[[-2736,2782,2783,2784]],"type":"Polygon","properties":{"hex_id":"r1695c865"}},{"arcs":[[2785,2786]],"type":"Polygon","properties":{"hex_id":"r1695c870"}},{"arcs":[[2787,2788,-2786,2789,2790]],"type":"Polygon","properties":{"hex_id":"r1695c871"}},{"arcs":[[-2788,2791,2792]],"type":"Polygon","properties":{"hex_id":"r1695c872"}},{"arcs":[[2793,-2738,2794,2795,2796]],"type":"Polygon","properties":{"hex_id":"r1695c874"}},{"arcs":[[2797,-2743,-2742,2798,2799]],"type":"Polygon","properties":{"hex_id":"r1695c877"}},{"arcs":[[2800,-2745,2801,2802]],"type":"Polygon","properties":{"hex_id":"r1695c879"}},{"arcs":[[-2750,2803,2804,2805]],"type":"Polygon","properties":{"hex_id":"r1695c881"}},{"arcs":[[2806,-2757,-2755,2807,2808]],"type":"Polygon","properties":{"hex_id":"r1695c883"}},{"arcs":[[2809,2810,-2758,-2807,2811,2812]],"type":"Polygon","properties":{"hex_id":"r1695c884"}},{"arcs":[[2813,2814,-2810,2815]],"type":"Polygon","properties":{"hex_id":"r1695c885"}},{"arcs":[[2816,-2761,2817,-2814,2818,2819]],"type":"Polygon","properties":{"hex_id":"r1695c886"}},{"arcs":[[2820,-2762,-2817,2821,2822]],"type":"Polygon","properties":{"hex_id":"r1695c887"}},{"arcs":[[2823,-2768,-2765,2824]],"type":"Polygon","properties":{"hex_id":"r1695c889"}},{"arcs":[[2825,-2771,-2769,-2824,2826,2827]],"type":"Polygon","properties":{"hex_id":"r1695c890"}},{"arcs":[[2828,-2774,-2772,-2826,2829,2830]],"type":"Polygon","properties":{"hex_id":"r1695c891"}},{"arcs":[[-2776,-2775,-2829,2831,2832]],"type":"Polygon","properties":{"hex_id":"r1695c892"}},{"arcs":[[2833]],"type":"Polygon","properties":{"hex_id":"r1696c861"}},{"arcs":[[-2781,-2780,2834]],"type":"Polygon","properties":{"hex_id":"r1696c863"}},{"arcs":[[-2784,2835,2836,2837]],"type":"Polygon","properties":{"hex_id":"r1696c865"}},{"arcs":[[2838,2839]],"type":"Polygon","properties":{"hex_id":"r1696c867"}},{"arcs":[[2840]],"type":"Polygon","properties":{"hex_id":"r1696c869"}},{"arcs":[[-2792,-2791,2841]],"type":"Polygon","properties":{"hex_id":"r1696c872"}},{"arcs":[[2842,-2796,2843]],"type":"Polygon","properties":{"hex_id":"r1696c874"}},{"arcs":[[-2797,-2843,2844]],"type":"Polygon","properties":{"hex_id":"r1696c875"}},{"arcs":[[2845,-2800,2846,2847,2848]],"type":"Polygon","properties":{"hex_id":"r1696c878"}},{"arcs":[[2849,2850,-2803,2851]],"type":"Polygon","properties":{"hex_id":"r1696c880"}},{"arcs":[[2852,-2805,2853,-2850,2854,2855]],"type":"Polygon","properties":{"hex_id":"r1696c881"}},{"arcs":[[-2812,-2809,2856,2857,2858]],"type":"Polygon","properties":{"hex_id":"r1696c884"}},{"arcs":[[2859,-2822,-2820,2860,2861,2862]],"type":"Polygon","properties":{"hex_id":"r1696c887"}},{"arcs":[[-2823,-2860,2863,2864]],"type":"Polygon","properties":{"hex_id":"r1696c888"}},{"arcs":[[2865,-2830,-2828,2866,2867,2868]],"type":"Polygon","properties":{"hex_id":"r1696c891"}},{"arcs":[[2869,-2832,-2831,-2866,2870,2871]],"type":"Polygon","properties":{"hex_id":"r1696c892"}},{"arcs":[[-2837,2872]],"type":"Polygon","properties":{"hex_id":"r1697c864"}},{"arcs":[[-2840,2873]],"type":"Polygon","properties":{"hex_id":"r1697c867"}},{"arcs":[[2874,-2848,2875,2876]],"type":"Polygon","properties":{"hex_id":"r1697c877"}},{"arcs":[[-2849,-2875,2877,2878]],"type":"Polygon","properties":{"hex_id":"r1697c878"}},{"arcs":[[2879,2880,-2856,2881]],"type":"Polygon","properties":{"hex_id":"r1697c881"}},{"arcs":[[2882,2883,-2880,2884,2885]],"type":"Polygon","properties":{"hex_id":"r1697c882"}},{"arcs":[[2886,-2858,2887,-2883,2888,2889]],"type":"Polygon","properties":{"hex_id":"r1697c883"}},{"arcs":[[2890,-2862,2891,2892,2893]],"type":"Polygon","properties":{"hex_id":"r1697c886"}},{"arcs":[[2894,-2864,-2863,-2891,2895,2896]],"type":"Polygon","properties":{"hex_id":"r1697c887"}},{"arcs":[[2897,-2868,2898,2899,2900]],"type":"Polygon","properties":{"hex_id":"r1697c890"}},{"arcs":[[2901,-2871,-2869,-2898,2902,2903]],"type":"Polygon","properties":{"hex_id":"r1697c891"}},{"arcs":[[-2872,-2902,2904,2905]],"type":"Polygon","properties":{"hex_id":"r1697c892"}},{"arcs":[[2906,2907]],"type":"Polygon","properties":{"hex_id":"r1698c853"}},{"arcs":[[2908,2909]],"type":"Polygon","properties":{"hex_id":"r1698c869"}},{"arcs":[[2910]],"type":"Polygon","properties":{"hex_id":"r1698c872"}},{"arcs":[[2911,2912]],"type":"Polygon","properties":{"hex_id":"r1698c876"}},{"arcs":[[2913,-2878,-2877,2914,2915]],"type":"Polygon","properties":{"hex_id":"r1698c878"}},{"arcs":[[2916,2917]],"type":"Polygon","properties":{"hex_id":"r1698c880"}},{"arcs":[[2918,-2889,-2886,2919,2920]],"type":"Polygon","properties":{"hex_id":"r1698c883"}},{"arcs":[[-2890,-2919,2921,2922]],"type":"Polygon","properties":{"hex_id":"r1698c884"}},{"arcs":[[-2893,2923,2924,2925]],"type":"Polygon","properties":{"hex_id":"r1698c886"}},{"arcs":[[2926,2927,-2897,2928,2929,2930]],"type":"Polygon","properties":{"hex_id":"r1698c888"}},{"arcs":[[2931,2932,-2927,2933,2934]],"type":"Polygon","properties":{"hex_id":"r1698c889"}},{"arcs":[[2935,-2900,2936,-2932,2937,2938]],"type":"Polygon","properties":{"hex_id":"r1698c890"}},{"arcs":[[2939,-2903,-2901,-2936,2940,2941]],"type":"Polygon","properties":{"hex_id":"r1698c891"}},{"arcs":[[-2905,-2904,-2940,2942,2943]],"type":"Polygon","properties":{"hex_id":"r1698c892"}},{"arcs":[[-2907,2944]],"type":"Polygon","properties":{"hex_id":"r1699c852"}},{"arcs":[[2945,2946]],"type":"Polygon","properties":{"hex_id":"r1699c866"}},{"arcs":[[-2910,2947,2948,2949]],"type":"Polygon","properties":{"hex_id":"r1699c869"}},{"arcs":[[2950,2951]],"type":"Polygon","properties":{"hex_id":"r1699c873"}},{"arcs":[[-2913,2952,2953,2954]],"type":"Polygon","properties":{"hex_id":"r1699c876"}},{"arcs":[[2955,2956,-2916,2957,2958,2959]],"type":"Polygon","properties":{"hex_id":"r1699c878"}},{"arcs":[[-2917,2960,-2956,2961,2962]],"type":"Polygon","properties":{"hex_id":"r1699c879"}},{"arcs":[[-2922,-2921,2963]],"type":"Polygon","properties":{"hex_id":"r1699c883"}},{"arcs":[[2964,-2925,2965,2966]],"type":"Polygon","properties":{"hex_id":"r1699c885"}},{"arcs":[[2967,-2930,2968,2969,2970]],"type":"Polygon","properties":{"hex_id":"r1699c887"}},{"arcs":[[2971,-2934,-2931,-2968,2972,2973]],"type":"Polygon","properties":{"hex_id":"r1699c888"}},{"arcs":[[2974,-2938,-2935,-2972,2975,2976]],"type":"Polygon","properties":{"hex_id":"r1699c889"}},{"arcs":[[2977,-2941,-2939,-2975,2978,2979]],"type":"Polygon","properties":{"hex_id":"r1699c890"}},{"arcs":[[2980,-2943,-2942,-2978,2981,2982]],"type":"Polygon","properties":{"hex_id":"r1699c891"}},{"arcs":[[2983,2984,-2947,2985]],"type":"Polygon","properties":{"hex_id":"r1700c867"}},{"arcs":[[2986,2987,-2984,2988]],"type":"Polygon","properties":{"hex_id":"r1700c868"}},{"arcs":[[2989,-2949,2990,-2987,2991,2992]],"type":"Polygon","properties":{"hex_id":"r1700c869"}},{"arcs":[[-2951,2993]],"type":"Polygon","properties":{"hex_id":"r1700c873"}},{"arcs":[[-2954,2994,2995,2996]],"type":"Polygon","properties":{"hex_id":"r1700c876"}},{"arcs":[[2997,-2959,2998,2999]],"type":"Polygon","properties":{"hex_id":"r1700c878"}},{"arcs":[[3000,-2962,-2960,-2998,3001,3002]],"type":"Polygon","properties":{"hex_id":"r1700c879"}},{"arcs":[[3003]],"type":"Polygon","properties":{"hex_id":"r1700c882"}},{"arcs":[[3004,3005,-2967,3006]],"type":"Polygon","properties":{"hex_id":"r1700c886"}},{"arcs":[[3007,-2970,3008,-3005,3009,3010]],"type":"Polygon","properties":{"hex_id":"r1700c887"}},{"arcs":[[3011,-2973,-2971,-3008,3012,3013]],"type":"Polygon","properties":{"hex_id":"r1700c888"}},{"arcs":[[3014,-2976,-2974,-3012,3015,3016]],"type":"Polygon","properties":{"hex_id":"r1700c889"}},{"arcs":[[3017,-2979,-2977,-3015,3018,3019]],"type":"Polygon","properties":{"hex_id":"r1700c890"}},{"arcs":[[3020,-2982,-2980,-3018,3021,3022]],"type":"Polygon","properties":{"hex_id":"r1700c891"}},{"arcs":[[-2983,-3021,3023,3024]],"type":"Polygon","properties":{"hex_id":"r1700c892"}},{"arcs":[[3025]],"type":"Polygon","properties":{"hex_id":"r1701c838"}},{"arcs":[[3026,3027]],"type":"Polygon","properties":{"hex_id":"r1701c851"}},{"arcs":[[3028,3029,3030]],"type":"Polygon","properties":{"hex_id":"r1701c858"}},{"arcs":[[3031,-3029,3032,3033]],"type":"Polygon","properties":{"hex_id":"r1701c859"}},{"arcs":[[-2993,3034]],"type":"Polygon","properties":{"hex_id":"r1701c869"}},{"arcs":[[3035,3036]],"type":"Polygon","properties":{"hex_id":"r1701c871"}},{"arcs":[[3037,-2996,3038,3039,3040]],"type":"Polygon","properties":{"hex_id":"r1701c875"}},{"arcs":[[3041,-3002,-3000,3042,3043,3044]],"type":"Polygon","properties":{"hex_id":"r1701c878"}},{"arcs":[[-3003,-3042,3045,3046]],"type":"Polygon","properties":{"hex_id":"r1701c879"}},{"arcs":[[3047,-3013,-3011,3048,3049,3050]],"type":"Polygon","properties":{"hex_id":"r1701c887"}},{"arcs":[[3051,-3016,-3014,-3048,3052,3053]],"type":"Polygon","properties":{"hex_id":"r1701c888"}},{"arcs":[[3054,-3019,-3017,-3052,3055,3056]],"type":"Polygon","properties":{"hex_id":"r1701c889"}},{"arcs":[[3057,-3022,-3020,-3055,3058,3059]],"type":"Polygon","properties":{"hex_id":"r1701c890"}},{"arcs":[[-3024,-3023,-3058,3060,3061]],"type":"Polygon","properties":{"hex_id":"r1701c891"}},{"arcs":[[3062,3063,-3028,3064,3065,3066]],"type":"Polygon","properties":{"hex_id":"r1702c852"}},{"arcs":[[-3063,3067,3068]],"type":"Polygon","properties":{"hex_id":"r1702c853"}},{"arcs":[[3069,-3033,-3031,3070]],"type":"Polygon","properties":{"hex_id":"r1702c859"}},{"arcs":[[3071,3072,-3034,-3070,3073]],"type":"Polygon","properties":{"hex_id":"r1702c860"}},{"arcs":[[-3072,3074]],"type":"Polygon","properties":{"hex_id":"r1702c861"}},{"arcs":[[-3037,3075]],"type":"Polygon","properties":{"hex_id":"r1702c872"}},{"arcs":[[3076,-3040,3077]],"type":"Polygon","properties":{"hex_id":"r1702c875"}},{"arcs":[[-3041,-3077,3078]],"type":"Polygon","properties":{"hex_id":"r1702c876"}},{"arcs":[[3079,-3044,3080,3081,3082]],"type":"Polygon","properties":{"hex_id":"r1702c878"}},{"arcs":[[-3046,-3045,-3080,3083]],"type":"Polygon","properties":{"hex_id":"r1702c879"}},{"arcs":[[3084,3085]],"type":"Polygon","properties":{"hex_id":"r1702c881"}},{"arcs":[[3086,3087,-3085,3088,3089]],"type":"Polygon","properties":{"hex_id":"r1702c882"}},{"arcs":[[3090,-3087,3091,3092]],"type":"Polygon","properties":{"hex_id":"r1702c883"}},{"arcs":[[3093,3094,3095]],"type":"Polygon","properties":{"hex_id":"r1702c885"}},{"arcs":[[3096,3097,-3094,3098,3099]],"type":"Polygon","properties":{"hex_id":"r1702c886"}},{"arcs":[[3100,-3050,3101,-3097,3102,3103]],"type":"Polygon","properties":{"hex_id":"r1702c887"}},{"arcs":[[3104,-3053,-3051,-3101,3105,3106]],"type":"Polygon","properties":{"hex_id":"r1702c888"}},{"arcs":[[3107,-3059,-3057,3108,3109]],"type":"Polygon","properties":{"hex_id":"r1702c890"}},{"arcs":[[-3061,-3060,-3108,3110,3111]],"type":"Polygon","properties":{"hex_id":"r1702c891"}},{"arcs":[[3112,3113,3114]],"type":"Polygon","properties":{"hex_id":"r1703c850"}},{"arcs":[[3115,-3066,3116,-3113,3117,3118]],"type":"Polygon","properties":{"hex_id":"r1703c851"}},{"arcs":[[3119,-3068,-3067,-3116,3120,3121]],"type":"Polygon","properties":{"hex_id":"r1703c852"}},{"arcs":[[3122]],"type":"Polygon","properties":{"hex_id":"r1703c857"}},{"arcs":[[3123,3124]],"type":"Polygon","properties":{"hex_id":"r1703c865"}},{"arcs":[[3125]],"type":"Polygon","properties":{"hex_id":"r1703c867"}},{"arcs":[[3126]],"type":"Polygon","properties":{"hex_id":"r1703c869"}},{"arcs":[[-3082,3127]],"type":"Polygon","properties":{"hex_id":"r1703c877"}},{"arcs":[[3128,-3092,-3090,3129]],"type":"Polygon","properties":{"hex_id":"r1703c882"}},{"arcs":[[-3093,-3129,3130]],"type":"Polygon","properties":{"hex_id":"r1703c883"}},{"arcs":[[3131,-3099,-3096,3132]],"type":"Polygon","properties":{"hex_id":"r1703c885"}},{"arcs":[[-3103,-3100,-3132,3133]],"type":"Polygon","properties":{"hex_id":"r1703c886"}},{"arcs":[[-3107,3134,3135,3136]],"type":"Polygon","properties":{"hex_id":"r1703c888"}},{"arcs":[[3137,-3111,-3110,3138,3139,3140]],"type":"Polygon","properties":{"hex_id":"r1703c890"}},{"arcs":[[3141,-3118,-3115,3142,3143]],"type":"Polygon","properties":{"hex_id":"r1704c851"}},{"arcs":[[3144,-3121,-3119,-3142,3145,3146]],"type":"Polygon","properties":{"hex_id":"r1704c852"}},{"arcs":[[-3122,-3145,3147,3148]],"type":"Polygon","properties":{"hex_id":"r1704c853"}},{"arcs":[[-3124,3149]],"type":"Polygon","properties":{"hex_id":"r1704c865"}},{"arcs":[[3150,3151]],"type":"Polygon","properties":{"hex_id":"r1704c876"}},{"arcs":[[3152,3153]],"type":"Polygon","properties":{"hex_id":"r1704c879"}},{"arcs":[[3154,-3153,3155,3156]],"type":"Polygon","properties":{"hex_id":"r1704c880"}},{"arcs":[[-3136,3157,3158,3159]],"type":"Polygon","properties":{"hex_id":"r1704c888"}},{"arcs":[[3160,-3140,3161,3162,3163]],"type":"Polygon","properties":{"hex_id":"r1704c890"}},{"arcs":[[-3141,-3161,3164,3165]],"type":"Polygon","properties":{"hex_id":"r1704c891"}},{"arcs":[[3166,-3146,-3144,3167,3168,3169]],"type":"Polygon","properties":{"hex_id":"r1705c851"}},{"arcs":[[-3148,-3147,-3167,3170]],"type":"Polygon","properties":{"hex_id":"r1705c852"}},{"arcs":[[3171]],"type":"Polygon","properties":{"hex_id":"r1705c854"}},{"arcs":[[3172,3173]],"type":"Polygon","properties":{"hex_id":"r1705c858"}},{"arcs":[[3174,3175]],"type":"Polygon","properties":{"hex_id":"r1705c862"}},{"arcs":[[-3151,3176]],"type":"Polygon","properties":{"hex_id":"r1705c875"}},{"arcs":[[3177,-3157,3178,3179,3180]],"type":"Polygon","properties":{"hex_id":"r1705c880"}},{"arcs":[[3181,-3159,3182,3183,3184]],"type":"Polygon","properties":{"hex_id":"r1705c887"}},{"arcs":[[3185,-3163,3186,3187,3188]],"type":"Polygon","properties":{"hex_id":"r1705c889"}},{"arcs":[[3189,-3165,-3164,-3186,3190,3191]],"type":"Polygon","properties":{"hex_id":"r1705c890"}},{"arcs":[[-3169,3192]],"type":"Polygon","properties":{"hex_id":"r1706c851"}},{"arcs":[[3193,-3173,3194,3195,3196]],"type":"Polygon","properties":{"hex_id":"r1706c858"}},{"arcs":[[3197]],"type":"Polygon","properties":{"hex_id":"r1706c860"}},{"arcs":[[-3175,3198]],"type":"Polygon","properties":{"hex_id":"r1706c862"}},{"arcs":[[3199,3200]],"type":"Polygon","properties":{"hex_id":"r1706c871"}},{"arcs":[[3201,-3180,3202]],"type":"Polygon","properties":{"hex_id":"r1706c880"}},{"arcs":[[3203,-3181,-3202,3204,3205]],"type":"Polygon","properties":{"hex_id":"r1706c881"}},{"arcs":[[3206,-3184,3207,3208,3209]],"type":"Polygon","properties":{"hex_id":"r1706c887"}},{"arcs":[[3210,3211,-3185,-3207,3212,3213]],"type":"Polygon","properties":{"hex_id":"r1706c888"}},{"arcs":[[3214,-3188,3215,-3211,3216,3217]],"type":"Polygon","properties":{"hex_id":"r1706c889"}},{"arcs":[[3218,-3191,-3189,-3215,3219,3220]],"type":"Polygon","properties":{"hex_id":"r1706c890"}},{"arcs":[[-3192,-3219,3221,3222]],"type":"Polygon","properties":{"hex_id":"r1706c891"}},{"arcs":[[3223,-3196,3224,3225]],"type":"Polygon","properties":{"hex_id":"r1707c857"}},{"arcs":[[-3197,-3224,3226,3227]],"type":"Polygon","properties":{"hex_id":"r1707c858"}},{"arcs":[[-3201,3228,3229,3230]],"type":"Polygon","properties":{"hex_id":"r1707c871"}},{"arcs":[[3231]],"type":"Polygon","properties":{"hex_id":"r1707c875"}},{"arcs":[[3232,3233]],"type":"Polygon","properties":{"hex_id":"r1707c877"}},{"arcs":[[-3206,3234]],"type":"Polygon","properties":{"hex_id":"r1707c881"}},{"arcs":[[3235,3236,3237,3238]],"type":"Polygon","properties":{"hex_id":"r1707c884"}},{"arcs":[[3239,3240,-3236,3241,3242]],"type":"Polygon","properties":{"hex_id":"r1707c885"}},{"arcs":[[3243,-3209,3244,-3240,3245,3246]],"type":"Polygon","properties":{"hex_id":"r1707c886"}},{"arcs":[[3247,-3213,-3210,-3244,3248,3249]],"type":"Polygon","properties":{"hex_id":"r1707c887"}},{"arcs":[[3250,-3217,-3214,-3248,3251,3252]],"type":"Polygon","properties":{"hex_id":"r1707c888"}},{"arcs":[[3253,-3220,-3218,-3251,3254,3255]],"type":"Polygon","properties":{"hex_id":"r1707c889"}},{"arcs":[[3256,-3222,-3221,-3254,3257,3258]],"type":"Polygon","properties":{"hex_id":"r1707c890"}},{"arcs":[[3259]],"type":"Polygon","properties":{"hex_id":"r1708c842"}},{"arcs":[[-3227,-3226,3260]],"type":"Polygon","properties":{"hex_id":"r1708c858"}},{"arcs":[[3261,3262]],"type":"Polygon","properties":{"hex_id":"r1708c862"}},{"arcs":[[-3262,3263]],"type":"Polygon","properties":{"hex_id":"r1708c863"}},{"arcs":[[-3230,3264]],"type":"Polygon","properties":{"hex_id":"r1708c871"}},{"arcs":[[3265,3266,-3234,3267]],"type":"Polygon","properties":{"hex_id":"r1708c878"}},{"arcs":[[-3266,3268]],"type":"Polygon","properties":{"hex_id":"r1708c879"}},{"arcs":[[3269,-3238,3270]],"type":"Polygon","properties":{"hex_id":"r1708c884"}},{"arcs":[[3271,-3242,-3239,-3270,3272]],"type":"Polygon","properties":{"hex_id":"r1708c885"}},{"arcs":[[3273,-3246,-3243,-3272,3274]],"type":"Polygon","properties":{"hex_id":"r1708c886"}},{"arcs":[[3275,-3249,-3247,-3274,3276]],"type":"Polygon","properties":{"hex_id":"r1708c887"}},{"arcs":[[3277,-3252,-3250,-3276,3278]],"type":"Polygon","properties":{"hex_id":"r1708c888"}},{"arcs":[[3279,-3255,-3253,-3278,3280,3281]],"type":"Polygon","properties":{"hex_id":"r1708c889"}},{"arcs":[[3282,-3258,-3256,-3280,3283,3284]],"type":"Polygon","properties":{"hex_id":"r1708c890"}},{"arcs":[[-3259,-3283,3285,3286]],"type":"Polygon","properties":{"hex_id":"r1708c891"}},{"arcs":[[3287]],"type":"Polygon","properties":{"hex_id":"r1709c868"}},{"arcs":[[3288]],"type":"Polygon","properties":{"hex_id":"r1709c875"}},{"arcs":[[3289]],"type":"Polygon","properties":{"hex_id":"r1709c881"}},{"arcs":[[3290,-3284,-3282,3291,3292,3293]],"type":"Polygon","properties":{"hex_id":"r1709c889"}},{"arcs":[[-3286,-3285,-3291,3294,3295]],"type":"Polygon","properties":{"hex_id":"r1709c890"}},{"arcs":[[3296,3297]],"type":"Polygon","properties":{"hex_id":"r1710c859"}},{"arcs":[[3298,3299]],"type":"Polygon","properties":{"hex_id":"r1710c886"}},{"arcs":[[3300,-3293,3301,3302]],"type":"Polygon","properties":{"hex_id":"r1710c889"}},{"arcs":[[-3295,-3294,-3301,3303,3304]],"type":"Polygon","properties":{"hex_id":"r1710c890"}},{"arcs":[[-3297,3305]],"type":"Polygon","properties":{"hex_id":"r1711c858"}},{"arcs":[[3306,3307,3308]],"type":"Polygon","properties":{"hex_id":"r1711c879"}},{"arcs":[[3309,3310]],"type":"Polygon","properties":{"hex_id":"r1711c881"}},{"arcs":[[3311,3312,-3300,3313,3314,3315]],"type":"Polygon","properties":{"hex_id":"r1711c886"}},{"arcs":[[3316,-3312,3317,3318]],"type":"Polygon","properties":{"hex_id":"r1711c887"}},{"arcs":[[-3304,-3303,3319,3320,3321]],"type":"Polygon","properties":{"hex_id":"r1711c889"}},{"arcs":[[3322]],"type":"Polygon","properties":{"hex_id":"r1712c837"}},{"arcs":[[3323]],"type":"Polygon","properties":{"hex_id":"r1712c865"}},{"arcs":[[3324,-3308,3325,3326]],"type":"Polygon","properties":{"hex_id":"r1712c879"}},{"arcs":[[3327,3328,-3309,-3325,3329,3330]],"type":"Polygon","properties":{"hex_id":"r1712c880"}},{"arcs":[[-3310,3331,-3328,3332]],"type":"Polygon","properties":{"hex_id":"r1712c881"}},{"arcs":[[3333,3334,3335,3336]],"type":"Polygon","properties":{"hex_id":"r1712c883"}},{"arcs":[[3337,3338,-3334,3339,3340]],"type":"Polygon","properties":{"hex_id":"r1712c884"}},{"arcs":[[3341,3342,-3338,3343,3344]],"type":"Polygon","properties":{"hex_id":"r1712c885"}},{"arcs":[[3345,-3315,3346,-3342,3347,3348]],"type":"Polygon","properties":{"hex_id":"r1712c886"}},{"arcs":[[3349,-3318,-3316,-3346,3350,3351]],"type":"Polygon","properties":{"hex_id":"r1712c887"}},{"arcs":[[3352,3353,-3319,-3350,3354,3355]],"type":"Polygon","properties":{"hex_id":"r1712c888"}},{"arcs":[[3356,-3321,3357,-3353,3358,3359]],"type":"Polygon","properties":{"hex_id":"r1712c889"}},{"arcs":[[3360,-3330,-3327,3361,3362]],"type":"Polygon","properties":{"hex_id":"r1713c879"}},{"arcs":[[3363,-3336,3364,3365]],"type":"Polygon","properties":{"hex_id":"r1713c882"}},{"arcs":[[3366,-3344,-3341,3367,3368]],"type":"Polygon","properties":{"hex_id":"r1713c884"}},{"arcs":[[-3348,-3345,-3367,3369,3370]],"type":"Polygon","properties":{"hex_id":"r1713c885"}},{"arcs":[[3371,-3355,-3352,3372,3373,3374]],"type":"Polygon","properties":{"hex_id":"r1713c887"}},{"arcs":[[3375,-3359,-3356,-3372,3376,3377]],"type":"Polygon","properties":{"hex_id":"r1713c888"}},{"arcs":[[-3360,-3376,3378,3379]],"type":"Polygon","properties":{"hex_id":"r1713c889"}},{"arcs":[[3380]],"type":"Polygon","properties":{"hex_id":"r1714c858"}},{"arcs":[[-3363,3381]],"type":"Polygon","properties":{"hex_id":"r1714c880"}},{"arcs":[[-3366,3382]],"type":"Polygon","properties":{"hex_id":"r1714c883"}},{"arcs":[[3383,-3370,-3369,3384,3385,3386]],"type":"Polygon","properties":{"hex_id":"r1714c885"}},{"arcs":[[3387,-3374,3388,3389,3390]],"type":"Polygon","properties":{"hex_id":"r1714c887"}},{"arcs":[[3391,-3377,-3375,-3388,3392,3393]],"type":"Polygon","properties":{"hex_id":"r1714c888"}},{"arcs":[[-3379,-3378,-3392,3394,3395]],"type":"Polygon","properties":{"hex_id":"r1714c889"}},{"arcs":[[3396]],"type":"Polygon","properties":{"hex_id":"r1715c881"}},{"arcs":[[3397,-3386,3398]],"type":"Polygon","properties":{"hex_id":"r1715c884"}},{"arcs":[[3399,3400,-3387,-3398,3401,3402]],"type":"Polygon","properties":{"hex_id":"r1715c885"}},{"arcs":[[3403,-3390,3404,-3400,3405,3406]],"type":"Polygon","properties":{"hex_id":"r1715c886"}},{"arcs":[[3407,-3393,-3391,-3404,3408,3409]],"type":"Polygon","properties":{"hex_id":"r1715c887"}},{"arcs":[[-3395,-3394,-3408,3410,3411]],"type":"Polygon","properties":{"hex_id":"r1715c888"}},{"arcs":[[3412]],"type":"Polygon","properties":{"hex_id":"r1716c883"}},{"arcs":[[3413,-3406,-3403,3414,3415]],"type":"Polygon","properties":{"hex_id":"r1716c886"}},{"arcs":[[3416,-3409,-3407,-3414,3417,3418]],"type":"Polygon","properties":{"hex_id":"r1716c887"}},{"arcs":[[-3411,-3410,-3417,3419,3420]],"type":"Polygon","properties":{"hex_id":"r1716c888"}},{"arcs":[[3421,-3418,-3416,3422]],"type":"Polygon","properties":{"hex_id":"r1717c886"}},{"arcs":[[-3420,-3419,-3422,3423]],"type":"Polygon","properties":{"hex_id":"r1717c887"}}]}}}